StockCode,Description,Date,Units_Sold,Revenue,Unit_Price,Year,Month,Quarter,Week,Day,DayOfWeek,Demand_Lag_1,Demand_Lag_2,Rolling_Mean_2,Naive_Forecast
84997C,CHILDRENS CUTLERY POLKADOT BLUE,2011-09-04,12,53.94,5.1850000000000005,2011,9,3,35,4,6,52.0,12.0,44.0,27.0
22197,SMALL POPCORN HOLDER,2011-09-04,100,72.0,0.72,2011,9,3,35,4,6,856.0,0.0,420.5,493.0
23194,GYMKHANA TREASURE BOOK BOX,2011-09-04,11,31.740000000000002,3.8033333333333332,2011,9,3,35,4,6,0.0,4.0,55.0,10.0
23194,GYMKHANA TREASURE BOOK BOX,2011-09-11,12,27.0,2.25,2011,9,3,36,11,6,0.0,11.0,3.75,25.0
84997C,CHILDRENS CUTLERY POLKADOT BLUE,2011-09-11,10,41.5,4.15,2011,9,3,36,11,6,12.0,52.0,28.75,40.0
23194,GYMKHANNA TREASURE BOOK BOX,2011-09-11,8,18.0,2.25,2011,9,3,36,11,6,12.0,0.0,5.75,16.0
22197,POPCORN HOLDER,2011-09-11,516,446.92,1.0274603174603174,2011,9,3,36,11,6,100.0,856.0,445.5,1012.0
21928,JUMBO BAG SCANDINAVIAN BLUE PAISLEY,2011-09-11,126,311.28,2.3874999999999997,2011,9,3,36,11,6,185.0,345.0,270.5,226.0
84997C,CHILDRENS CUTLERY POLKADOT BLUE,2011-09-18,34,141.10000000000002,4.15,2011,9,3,37,18,6,10.0,12.0,21.5,40.0
84946,ANTIQUE SILVER T-LIGHT GLASS,2011-09-18,115,152.22,1.7037499999999999,2011,9,3,37,18,6,271.0,184.0,314.75,470.0
23194,GYMKHANA TREASURE BOOK BOX,2011-09-18,16,36.0,2.25,2011,9,3,37,18,6,8.0,12.0,7.75,55.0
22197,POPCORN HOLDER,2011-09-18,570,632.18,1.0473214285714285,2011,9,3,37,18,6,0.0,516.0,368.0,252.0
21928,JUMBO BAG SCANDINAVIAN BLUE PAISLEY,2011-09-18,202,456.76,2.45875,2011,9,3,37,18,6,126.0,185.0,236.0,373.0
21928,JUMBO BAG SCANDINAVIAN BLUE PAISLEY,2011-09-25,221,476.98,2.796111111111111,2011,9,3,38,25,6,202.0,126.0,214.5,133.0
84946,ANTIQUE SILVER T-LIGHT GLASS,2011-09-25,501,618.72,1.4918333333333333,2011,9,3,38,25,6,115.0,271.0,208.5,851.0
23194,GYMKHANA TREASURE BOOK BOX,2011-09-25,8,18.0,2.25,2011,9,3,38,25,6,16.0,8.0,9.0,24.0
84997C,CHILDRENS CUTLERY POLKADOT BLUE,2011-09-25,92,357.14,4.898000000000001,2011,9,3,38,25,6,34.0,10.0,27.0,76.0
23126,FELTCRAFT GIRL AMELIE KIT,2011-09-25,88,403.6,4.816666666666667,2011,9,3,38,25,6,14.0,21.0,19.25,8.0
22197,POPCORN HOLDER,2011-09-25,634,587.78,1.0619345238095237,2011,9,3,38,25,6,0.0,570.0,271.5,807.0
22197,SMALL POPCORN HOLDER,2011-09-25,48,40.8,0.85,2011,9,3,38,25,6,634.0,0.0,301.0,344.0
22383,LUNCH BAG SUKI DESIGN ,2011-09-25,274,494.97,2.403293650793651,2011,9,3,38,25,6,270.0,210.0,270.0,173.0
23194,GYMKHANA TREASURE BOOK BOX,2011-10-02,165,326.25,2.15,2011,10,4,39,2,6,8.0,16.0,11.0,24.0
22383,LUNCH BAG SUKI DESIGN ,2011-10-02,152,278.93,1.8863571428571426,2011,10,4,39,2,6,274.0,270.0,256.0,188.0
23126,FELTCRAFT GIRL AMELIE KIT,2011-10-02,7,34.650000000000006,4.95,2011,10,4,39,2,6,88.0,14.0,38.75,7.0
22197,POPCORN HOLDER,2011-10-02,1675,1308.54,1.0534027777777777,2011,10,4,39,2,6,48.0,634.0,313.0,261.0
21928,JUMBO BAG SCANDINAVIAN BLUE PAISLEY,2011-10-02,349,657.72,2.4223333333333334,2011,10,4,39,2,6,221.0,202.0,183.5,19.0
84946,ANTIQUE SILVER T-LIGHT GLASS,2011-10-02,378,546.78,1.4344,2011,10,4,39,2,6,501.0,115.0,267.75,646.0
84997C,CHILDRENS CUTLERY POLKADOT BLUE,2011-10-02,83,315.65,4.016666666666667,2011,10,4,39,2,6,92.0,34.0,37.0,0.0
84997C,CHILDRENS CUTLERY POLKADOT BLUE,2011-10-09,121,463.75000000000006,4.083333333333333,2011,10,4,40,9,6,83.0,92.0,54.75,25.0
22383,LUNCH BAG SUKI DESIGN ,2011-10-09,174,355.78,1.994722222222222,2011,10,4,40,9,6,152.0,274.0,226.5,146.0
23126,FELTCRAFT GIRL AMELIE KIT,2011-10-09,37,183.15,4.95,2011,10,4,40,9,6,7.0,88.0,32.5,8.0
84946,ANTIQUE SILVER T-LIGHT GLASS,2011-10-09,342,449.28,1.4634305555555553,2011,10,4,40,9,6,378.0,501.0,316.25,85.0
23194,GYMKHANA TREASURE BOOK BOX,2011-10-09,14,33.83,2.8325,2011,10,4,40,9,6,165.0,8.0,49.25,16.0
22197,POPCORN HOLDER,2011-10-09,835,727.5500000000001,1.0707685185185185,2011,10,4,40,9,6,1675.0,48.0,589.25,351.0
22965,3 TRADITIONAl BISCUIT CUTTERS  SET,2011-10-09,16,33.6,2.1,2011,10,4,40,9,6,27.0,22.0,24.25,12.0
21928,JUMBO BAG SCANDINAVIAN BLUE PAISLEY,2011-10-09,186,392.73,2.8122222222222226,2011,10,4,40,9,6,349.0,221.0,224.5,0.0
22985,WRAP BILLBOARD FONTS DESIGN,2011-10-09,25,10.5,0.42,2011,10,4,40,9,6,50.0,100.0,50.0,25.0
84997C,CHILDRENS CUTLERY POLKADOT BLUE,2011-10-16,74,307.1,4.15,2011,10,4,41,16,6,121.0,83.0,82.5,399.0
23126,FELTCRAFT GIRL AMELIE KIT,2011-10-16,99,442.05000000000007,4.71,2011,10,4,41,16,6,37.0,7.0,36.5,8.0
82486,3 DRAWER ANTIQUE WHITE WOOD CABINET,2011-10-16,33,301.11,9.408666666666665,2011,10,4,41,16,6,0.0,25.0,10.5,63.0
22965,3 TRADITIONAl BISCUIT CUTTERS  SET,2011-10-16,27,56.70000000000001,2.1,2011,10,4,41,16,6,16.0,27.0,18.25,14.0
82486,WOOD S/3 CABINET ANT WHITE FINISH,2011-10-16,2,17.9,8.95,2011,10,4,41,16,6,33.0,0.0,14.5,67.0
23256,CHILDRENS CUTLERY SPACEBOY ,2011-10-16,68,286.34000000000003,4.38,2011,10,4,41,16,6,46.0,8.0,21.75,8.0
22776,SWEETHEART CAKESTAND 3 TIER,2011-10-16,1,9.95,9.95,2011,10,4,41,16,6,16.0,0.0,7.5,11.0
21928,JUMBO BAG SCANDINAVIAN BLUE PAISLEY,2011-10-16,79,195.07,2.5925000000000002,2011,10,4,41,16,6,186.0,349.0,239.5,151.0
23254,CHILDRENS CUTLERY DOLLY GIRL ,2011-10-16,54,224.10000000000002,4.15,2011,10,4,41,16,6,37.0,8.0,21.25,4.0
84946,ANTIQUE SILVER T-LIGHT GLASS,2011-10-16,499,587.1800000000001,1.4275555555555555,2011,10,4,41,16,6,342.0,378.0,334.0,0.0
22383,LUNCH BAG SUKI DESIGN ,2011-10-16,182,360.7,2.1270111111111114,2011,10,4,41,16,6,174.0,152.0,217.5,110.0
23194,GYMKHANA TREASURE BOOK BOX,2011-10-16,20,45.0,2.25,2011,10,4,41,16,6,14.0,165.0,50.75,60.0
22197,POPCORN HOLDER,2011-10-16,884,807.13,1.0113392857142858,2011,10,4,41,16,6,835.0,1675.0,798.0,107.0
22776,SWEETHEART 3 TIER CAKE STAND ,2011-10-16,16,169.20999999999998,10.617333333333333,2011,10,4,41,16,6,0.0,14.0,9.0,2.0
23194,GYMKHANA TREASURE BOOK BOX,2011-10-23,19,42.75,2.25,2011,10,4,42,23,6,20.0,14.0,51.75,8.0
23256,CHILDRENS CUTLERY SPACEBOY ,2011-10-23,14,58.1,4.15,2011,10,4,42,23,6,68.0,46.0,38.75,22.0
22965,3 TRADITIONAl BISCUIT CUTTERS  SET,2011-10-23,18,37.800000000000004,2.1,2011,10,4,42,23,6,27.0,16.0,23.0,6.0
22383,LUNCH BAG SUKI DESIGN ,2011-10-23,99,202.24,2.2704999999999997,2011,10,4,42,23,6,182.0,174.0,195.5,0.0
22985,WRAP BILLBOARD FONTS DESIGN,2011-10-23,75,31.5,0.42,2011,10,4,42,23,6,0.0,25.0,43.75,0.0
22776,SWEETHEART 3 TIER CAKE STAND ,2011-10-23,13,129.35,9.95,2011,10,4,42,23,6,1.0,16.0,7.75,43.0
23126,FELTCRAFT GIRL AMELIE KIT,2011-10-23,13,64.35000000000001,4.95,2011,10,4,42,23,6,99.0,37.0,57.75,17.0
82486,3 DRAWER ANTIQUE WHITE WOOD CABINET,2011-10-23,54,464.1,8.899999999999999,2011,10,4,42,23,6,2.0,33.0,15.0,93.0
22466,FAIRY TALE COTTAGE NIGHT LIGHT,2011-10-23,92,186.7,1.9771999999999998,2011,10,4,42,23,6,39.0,12.0,22.5,528.0
84946,ANTIQUE SILVER T-LIGHT GLASS,2011-10-23,424,526.98,1.3122619047619046,2011,10,4,42,23,6,499.0,342.0,430.0,328.0
21928,JUMBO BAG SCANDINAVIAN BLUE PAISLEY,2011-10-23,173,375.94,2.5402857142857145,2011,10,4,42,23,6,79.0,186.0,208.75,59.0
22197,POPCORN HOLDER,2011-10-23,1164,941.93,1.033125,2011,10,4,42,23,6,884.0,835.0,860.5,239.0
84997C,CHILDRENS CUTLERY POLKADOT BLUE,2011-10-23,40,170.14000000000001,4.978,2011,10,4,42,23,6,74.0,121.0,92.5,170.0
23254,CHILDRENS CUTLERY DOLLY GIRL ,2011-10-23,14,62.239999999999995,4.495,2011,10,4,42,23,6,54.0,37.0,34.75,13.0
21928,JUMBO BAG SCANDINAVIAN BLUE PAISLEY,2011-10-30,125,286.65,2.7063888888888887,2011,10,4,43,30,6,173.0,79.0,196.75,314.0
84946,ANTIQUE SILVER T-LIGHT GLASS,2011-10-30,228,291.05,1.3508333333333333,2011,10,4,43,30,6,424.0,499.0,410.75,97.0
82486,3 DRAWER ANTIQUE WHITE WOOD CABINET,2011-10-30,39,349.04999999999995,8.95,2011,10,4,43,30,6,54.0,2.0,22.25,7.0
22965,3 TRADITIONAl BISCUIT CUTTERS  SET,2011-10-30,25,56.56,2.5229166666666667,2011,10,4,43,30,6,18.0,27.0,22.0,23.0
22383,LUNCH BAG SUKI DESIGN ,2011-10-30,210,396.15,1.8522777777777775,2011,10,4,43,30,6,99.0,182.0,151.75,140.0
84997C,CHILDRENS CUTLERY POLKADOT BLUE,2011-10-30,34,141.10000000000002,4.15,2011,10,4,43,30,6,40.0,74.0,79.5,86.0
22197,POPCORN HOLDER,2011-10-30,2771,2105.65,1.030330687830688,2011,10,4,43,30,6,1164.0,884.0,1139.5,1038.0
22985,WRAP BILLBOARD FONTS DESIGN,2011-10-30,75,31.5,0.42,2011,10,4,43,30,6,75.0,0.0,37.5,1.0
23126,FELTCRAFT GIRL AMELIE KIT,2011-10-30,27,133.65,4.95,2011,10,4,43,30,6,13.0,99.0,39.0,12.0
23256,CHILDRENS CUTLERY SPACEBOY ,2011-10-30,104,460.58000000000004,5.3,2011,10,4,43,30,6,14.0,68.0,34.0,4.0
22466,FAIRY TALE COTTAGE NIGHT LIGHT,2011-10-30,18,43.82,3.04,2011,10,4,43,30,6,92.0,39.0,45.5,44.0
23254,CHILDRENS CUTLERY DOLLY GIRL ,2011-10-30,21,87.15,4.15,2011,10,4,43,30,6,14.0,54.0,28.25,4.0
22776,SWEETHEART 3 TIER CAKE STAND ,2011-10-30,41,608.1500000000001,13.00861111111111,2011,10,4,43,30,6,13.0,1.0,7.5,24.0
23194,GYMKHANA TREASURE BOOK BOX,2011-10-30,22,49.5,2.25,2011,10,4,43,30,6,19.0,20.0,54.5,9.0
84997D,CHILDRENS CUTLERY POLKADOT PINK,2011-11-06,110,431.84000000000003,4.461666666666667,2011,11,4,44,6,6,87.0,133.0,111.25,46.0
22466,FAIRY TALE COTTAGE NIGHT LIGHT,2011-11-06,58,121.82,2.7493333333333334,2011,11,4,44,6,6,18.0,92.0,40.25,438.0
84997C,CHILDRENS CUTLERY POLKADOT BLUE,2011-11-06,169,647.8900000000001,4.319333333333334,2011,11,4,44,6,6,34.0,40.0,67.25,40.0
82486,3 DRAWER ANTIQUE WHITE WOOD CABINET,2011-11-06,67,570.85,8.864666666666666,2011,11,4,44,6,6,39.0,54.0,32.0,0.0
22383,LUNCH BAG SUKI DESIGN ,2011-11-06,228,430.65999999999997,2.3886190476190476,2011,11,4,44,6,6,210.0,99.0,166.25,289.0
23194,GYMKHANA TREASURE BOOK BOX,2011-11-06,180,369.32,2.904583333333333,2011,11,4,44,6,6,22.0,19.0,18.75,0.0
22900,SET 2 TEA TOWELS I LOVE LONDON ,2011-11-06,66,214.5,3.25,2011,11,4,44,6,6,56.0,117.0,62.25,74.0
84946,ANTIQUE SILVER T-LIGHT GLASS,2011-11-06,847,1020.6,1.3279537037037037,2011,11,4,44,6,6,228.0,424.0,373.25,231.0
23236,STORAGE TIN VINTAGE DOILY ,2011-11-06,44,132.96,3.47,2011,11,4,44,6,6,0.0,37.0,16.0,18.0
23254,CHILDRENS CUTLERY DOLLY GIRL ,2011-11-06,29,120.35000000000001,4.15,2011,11,4,44,6,6,21.0,14.0,31.5,22.0
23256,CHILDRENS CUTLERY SPACEBOY ,2011-11-06,103,411.07,4.932777777777778,2011,11,4,44,6,6,104.0,14.0,58.0,35.0
21928,JUMBO BAG SCANDINAVIAN BLUE PAISLEY,2011-11-06,207,419.51,2.845,2011,11,4,44,6,6,125.0,173.0,140.75,105.0
22965,3 TRADITIONAl BISCUIT CUTTERS  SET,2011-11-06,27,62.790000000000006,2.551111111111111,2011,11,4,44,6,6,25.0,18.0,21.5,0.0
23126,FELTCRAFT GIRL AMELIE KIT,2011-11-06,30,160.18,6.118,2011,11,4,44,6,6,27.0,13.0,44.0,0.0
22776,SWEETHEART 3 TIER CAKE STAND ,2011-11-06,11,109.44999999999999,9.95,2011,11,4,44,6,6,41.0,13.0,17.75,5.0
22197,POPCORN HOLDER,2011-11-06,1155,974.47,0.9552638888888888,2011,11,4,44,6,6,2771.0,1164.0,1413.5,1312.0
22985,WRAP BILLBOARD FONTS DESIGN,2011-11-06,50,21.0,0.42,2011,11,4,44,6,6,75.0,75.0,43.75,0.0
22383,LUNCH BAG SUKI DESIGN ,2011-11-13,219,405.2,2.0217261904761905,2011,11,4,45,13,6,228.0,210.0,179.75,100.0
82486,3 DRAWER ANTIQUE WHITE WOOD CABINET,2011-11-13,52,463.48,9.545555555555554,2011,11,4,45,13,6,67.0,39.0,40.5,51.0
23194,GYMKHANA TREASURE BOOK BOX,2011-11-13,317,634.9,3.0016666666666665,2011,11,4,45,13,6,180.0,22.0,60.25,23.0
22776,SWEETHEART 3 TIER CAKE STAND ,2011-11-13,23,251.49,14.834166666666667,2011,11,4,45,13,6,11.0,41.0,16.5,0.0
22900,SET 2 TEA TOWELS I LOVE LONDON ,2011-11-13,179,738.41,4.2652777777777775,2011,11,4,45,13,6,66.0,56.0,67.5,127.0
22985,WRAP BILLBOARD FONTS DESIGN,2011-11-13,25,10.5,0.42,2011,11,4,45,13,6,50.0,75.0,50.0,125.0
84997C,CHILDRENS CUTLERY POLKADOT BLUE,2011-11-13,16,74.68,6.22,2011,11,4,45,13,6,169.0,34.0,79.25,34.0
22466,FAIRY TALE COTTAGE NIGHT LIGHT,2011-11-13,30,69.39999999999999,2.6766666666666663,2011,11,4,45,13,6,58.0,18.0,51.75,27.0
84946,ANTIQUE SILVER T-LIGHT GLASS,2011-11-13,1079,1643.39,1.4704285714285714,2011,11,4,45,13,6,847.0,228.0,499.5,129.0
21232,STRAWBERRY CERAMIC TRINKET POT,2011-11-13,150,255.26,1.7178666666666664,2011,11,4,45,13,6,0.0,201.0,65.75,714.0
84997D,CHILDRENS CUTLERY POLKADOT PINK,2011-11-13,19,82.99000000000001,4.84,2011,11,4,45,13,6,110.0,87.0,92.25,48.0
84997B,CHILDRENS CUTLERY RETROSPOT RED ,2011-11-13,167,643.73,4.5440000000000005,2011,11,4,45,13,6,10.0,121.0,46.25,61.0
23236,DOILEY STORAGE TIN,2011-11-13,6,17.34,2.89,2011,11,4,45,13,6,44.0,0.0,20.25,39.0
23236,STORAGE TIN VINTAGE DOILY ,2011-11-13,47,147.43,3.586,2011,11,4,45,13,6,6.0,44.0,21.75,78.0
22986,WRAP GINGHAM ROSE ,2011-11-13,50,21.0,0.42,2011,11,4,45,13,6,275.0,100.0,125.0,25.0
23254,CHILDRENS CUTLERY DOLLY GIRL ,2011-11-13,181,693.55,4.07,2011,11,4,45,13,6,29.0,21.0,29.5,0.0
22939,ADULT APRON APPLE DELIGHT,2011-11-13,29,143.55,4.95,2011,11,4,45,13,6,12.0,21.0,10.0,2.0
23256,CHILDRENS CUTLERY SPACEBOY ,2011-11-13,114,448.44000000000005,4.255833333333334,2011,11,4,45,13,6,103.0,104.0,72.25,0.0
23126,FELTCRAFT GIRL AMELIE KIT,2011-11-13,17,84.15,4.95,2011,11,4,45,13,6,30.0,27.0,42.25,17.0
22965,3 TRADITIONAl BISCUIT CUTTERS  SET,2011-11-13,13,31.36,2.4383333333333335,2011,11,4,45,13,6,27.0,25.0,24.25,7.0
22197,POPCORN HOLDER,2011-11-13,3900,5394.5199999999995,1.0390694444444444,2011,11,4,45,13,6,1155.0,2771.0,1493.5,370.0
21928,JUMBO BAG SCANDINAVIAN BLUE PAISLEY,2011-11-13,313,631.99,2.5149166666666667,2011,11,4,45,13,6,207.0,125.0,146.0,182.0
22949,SET OF 36 DOLLY GIRL PAPER DOILIES,2011-11-13,7,10.15,1.45,2011,11,4,45,13,6,12.0,13.0,7.0,5.0
22986,WRAP GINGHAM ROSE ,2011-11-20,25,10.5,0.42,2011,11,4,46,20,6,50.0,275.0,118.75,25.0
22383,LUNCH BAG SUKI DESIGN ,2011-11-20,156,321.92999999999995,2.3541111111111106,2011,11,4,46,20,6,219.0,228.0,189.0,237.0
21232,STRAWBERRY CERAMIC TRINKET POT,2011-11-20,264,365.93,1.6495,2011,11,4,46,20,6,504.0,150.0,213.75,364.0
22939,ADULT APRON APPLE DELIGHT,2011-11-20,10,61.18,7.87,2011,11,4,46,20,6,29.0,12.0,15.75,3.0
22135,MINI LADLE LOVE HEART PINK,2011-11-20,32,21.229999999999997,0.707,2011,11,4,46,20,6,11.0,11.0,12.75,29.0
23194,GYMKHANA TREASURE BOOK BOX,2011-11-20,32,78.99,2.5412500000000002,2011,11,4,46,20,6,317.0,180.0,134.5,0.0
21232,STRAWBERRY CERAMIC TRINKET BOX,2011-11-20,504,534.24,1.06,2011,11,4,46,20,6,150.0,0.0,96.75,413.0
22949,SET OF 36 DOLLY GIRL PAPER DOILIES,2011-11-20,13,18.849999999999998,1.45,2011,11,4,46,20,6,12.0,7.0,11.0,146.0
22900,SET 2 TEA TOWELS I LOVE LONDON ,2011-11-20,66,234.04,3.903666666666666,2011,11,4,46,20,6,179.0,66.0,104.5,80.0
23236,STORAGE TIN VINTAGE DOILY ,2011-11-20,159,451.91,3.581666666666667,2011,11,4,46,20,6,47.0,6.0,24.25,334.0
22949,36 DOILIES DOLLY GIRL,2011-11-20,12,17.4,1.45,2011,11,4,46,20,6,7.0,12.0,8.0,1.0
84946,ANTIQUE SILVER T-LIGHT GLASS,2011-11-20,809,1292.8500000000001,1.5624768518518517,2011,11,4,46,20,6,1079.0,847.0,644.5,160.0
22197,POPCORN HOLDER,2011-11-20,3142,4108.4,1.0257222222222222,2011,11,4,46,20,6,3900.0,1155.0,2247.5,779.0
23256,CHILDRENS CUTLERY SPACEBOY ,2011-11-20,62,269.72,4.771,2011,11,4,46,20,6,114.0,103.0,83.75,9.0
23254,CHILDRENS CUTLERY DOLLY GIRL ,2011-11-20,36,149.4,4.15,2011,11,4,46,20,6,181.0,29.0,61.25,17.0
21928,JUMBO BAG SCANDINAVIAN BLUE PAISLEY,2011-11-20,99,230.52,2.5192857142857146,2011,11,4,46,20,6,313.0,207.0,204.5,89.0
84997A,CHILDRENS CUTLERY POLKADOT GREEN ,2011-11-20,48,211.62,5.392,2011,11,4,46,20,6,160.0,43.0,65.5,47.0
22804,PINK HANGING HEART T-LIGHT HOLDER,2011-11-20,61,196.99,3.107777777777778,2011,11,4,46,20,6,22.0,13.0,19.5,25.0
82486,3 DRAWER ANTIQUE WHITE WOOD CABINET,2011-11-20,62,535.7,8.883333333333333,2011,11,4,46,20,6,52.0,67.0,53.0,16.0
82001S,SILVER RECORD COVER FRAME,2011-11-20,42,167.41,5.9399999999999995,2011,11,4,46,20,6,0.0,173.0,43.25,33.0
21112,SWISS ROLL TOWEL PINK  SPOTS,2011-11-20,5,28.95,5.79,2011,11,4,46,20,6,3.0,4.0,64.25,3.0
84997D,CHILDRENS CUTLERY POLKADOT PINK,2011-11-20,85,363.85,5.470666666666666,2011,11,4,46,20,6,19.0,110.0,87.25,75.0
71459,HANGING JAM JAR T-LIGHT HOLDERS,2011-11-20,384,318.12,1.2666666666666666,2011,11,4,46,20,6,232.0,100.0,120.0,272.0
84997C,CHILDRENS CUTLERY POLKADOT BLUE,2011-11-20,125,498.23,4.524,2011,11,4,46,20,6,16.0,169.0,64.75,159.0
22466,FAIRY TALE COTTAGE NIGHT LIGHT,2011-11-20,269,499.6499999999999,2.7506666666666666,2011,11,4,46,20,6,30.0,58.0,49.5,0.0
23126,FELTCRAFT GIRL AMELIE KIT,2011-11-20,48,255.12,5.793555555555556,2011,11,4,46,20,6,17.0,30.0,21.75,4.0
23131,MISTLETOE HEART WREATH CREAM,2011-11-20,26,107.9,4.15,2011,11,4,46,20,6,19.0,22.0,25.0,1.0
22776,SWEETHEART 3 TIER CAKE STAND ,2011-11-20,26,308.75000000000006,11.618333333333334,2011,11,4,46,20,6,23.0,11.0,22.0,28.0
22965,3 TRADITIONAl BISCUIT CUTTERS  SET,2011-11-20,16,35.63,2.4383333333333335,2011,11,4,46,20,6,13.0,27.0,20.75,0.0
21899,GARAGE KEY FOB,2011-11-20,19,17.25,0.895,2011,11,4,46,20,6,48.0,7.0,28.0,70.0
84997B,CHILDRENS CUTLERY RETROSPOT RED ,2011-11-20,130,518.98,4.751,2011,11,4,46,20,6,167.0,10.0,79.5,64.0
22985,WRAP BILLBOARD FONTS DESIGN,2011-11-20,25,10.5,0.42,2011,11,4,46,20,6,25.0,50.0,56.25,100.0
22972,CHILDREN'S SPACEBOY MUG,2011-11-20,36,64.32,2.06,2011,11,4,46,20,6,33.0,16.0,23.5,49.0
71477,COLOURED GLASS STAR T-LIGHT HOLDER,2011-11-27,360,1274.8000000000002,4.4677999999999995,2011,11,4,47,27,6,168.0,20.0,113.25,291.0
22972,CHILDREN'S SPACEBOY MUG,2011-11-27,33,72.49,2.1420000000000003,2011,11,4,47,27,6,36.0,33.0,25.25,12.0
23254,CHILDRENS CUTLERY DOLLY GIRL ,2011-11-27,54,232.38,4.6675,2011,11,4,47,27,6,36.0,181.0,66.75,0.0
22939,ADULT APRON APPLE DELIGHT,2011-11-27,5,24.75,4.95,2011,11,4,47,27,6,10.0,29.0,18.0,14.0
21899,GARAGE KEY FOB,2011-11-27,47,35.45,1.1889999999999998,2011,11,4,47,27,6,19.0,48.0,27.5,38.0
23256,CHILDRENS CUTLERY SPACEBOY ,2011-11-27,47,199.19000000000003,4.288,2011,11,4,47,27,6,62.0,114.0,95.75,0.0
23126,FELTCRAFT GIRL AMELIE KIT,2011-11-27,101,506.75,5.911333333333334,2011,11,4,47,27,6,48.0,17.0,30.5,0.0
20914,SET/5 RED RETROSPOT LID GLASS BOWLS,2011-11-27,156,464.44000000000005,3.2691269841269843,2011,11,4,47,27,6,193.0,116.0,151.75,190.0
71477,COLOUR GLASS. STAR T-LIGHT HOLDER,2011-11-27,168,552.72,3.29,2011,11,4,47,27,6,20.0,112.0,95.25,354.0
22986,WRAP GINGHAM ROSE ,2011-11-27,50,21.0,0.42,2011,11,4,47,27,6,25.0,50.0,112.5,50.0
22965,3 TRADITIONAl BISCUIT CUTTERS  SET,2011-11-27,129,270.90000000000003,2.1,2011,11,4,47,27,6,16.0,13.0,20.25,18.0
21928,JUMBO BAG SCANDINAVIAN BLUE PAISLEY,2011-11-27,81,197.18,2.913666666666667,2011,11,4,47,27,6,99.0,313.0,186.0,337.0
21175,GIN AND TONIC DIET METAL SIGN,2011-11-27,7,20.259999999999998,3.755,2011,11,4,47,27,6,330.0,342.0,318.25,36.0
21112,SWISS ROLL TOWEL PINK  SPOTS,2011-11-27,55,140.64999999999998,2.75,2011,11,4,47,27,6,5.0,3.0,5.5,9.0
23236,STORAGE TIN VINTAGE DOILY ,2011-11-27,30,98.30000000000001,4.702500000000001,2011,11,4,47,27,6,159.0,47.0,64.0,6.0
22383,LUNCH BAG SUKI DESIGN ,2011-11-27,288,484.98,2.1381666666666668,2011,11,4,47,27,6,156.0,219.0,203.25,251.0
22937,BAKING MOULD CHOCOLATE CUPCAKES,2011-11-27,3,14.879999999999999,4.96,2011,11,4,47,27,6,1.0,0.0,4.25,12.0
71053,WHITE MOROCCAN METAL LANTERN,2011-11-27,31,143.71,5.989999999999999,2011,11,4,47,27,6,2.0,19.0,25.25,128.0
21232,STRAWBERRY CERAMIC TRINKET POT,2011-11-27,225,365.95,1.760888888888889,2011,11,4,47,27,6,0.0,264.0,229.5,0.0
22985,WRAP BILLBOARD FONTS DESIGN,2011-11-27,75,31.5,0.42,2011,11,4,47,27,6,25.0,25.0,43.75,0.0
82600,N0 SINGING METAL SIGN,2011-11-27,9,18.900000000000002,2.1,2011,11,4,47,27,6,0.0,0.0,0.0,42.0
23075,PARLOUR CERAMIC WALL HOOK,2011-11-27,9,37.35,4.15,2011,11,4,47,27,6,39.0,2.0,17.75,4.0
23194,GYMKHANA TREASURE BOOK BOX,2011-11-27,28,76.98,3.2596666666666665,2011,11,4,47,27,6,32.0,317.0,137.75,12.0
82001S,SILVER RECORD COVER FRAME,2011-11-27,2,14.92,7.46,2011,11,4,47,27,6,0.0,42.0,53.75,24.0
22953,BIRTHDAY PARTY CORDON BARRIER TAPE,2011-11-27,3,3.75,1.25,2011,11,4,47,27,6,8.0,1.0,6.0,39.0
23131,MISTLETOE HEART WREATH CREAM,2011-11-27,15,66.39,5.1850000000000005,2011,11,4,47,27,6,26.0,19.0,23.5,9.0
23130,MISTLETOE HEART WREATH GREEN,2011-11-27,35,165.95,5.806,2011,11,4,47,27,6,106.0,50.0,70.0,3.0
22949,SET OF 36 DOLLY GIRL PAPER DOILIES,2011-11-27,7,11.62,1.8175,2011,11,4,47,27,6,13.0,12.0,11.0,12.0
22466,FAIRY TALE COTTAGE NIGHT LIGHT,2011-11-27,34,72.83999999999999,3.04,2011,11,4,47,27,6,269.0,30.0,93.75,25.0
71459,HANGING JAM JAR T-LIGHT HOLDERS,2011-11-27,60,60.72,1.255,2011,11,4,47,27,6,384.0,232.0,203.0,340.0
82486,3 DRAWER ANTIQUE WHITE WOOD CABINET,2011-11-27,71,622.01,10.14111111111111,2011,11,4,47,27,6,62.0,52.0,55.0,49.0
22963,JAM JAR WITH GREEN LID,2011-11-27,21,28.769999999999996,1.396,2011,11,4,47,27,6,7.0,105.0,58.75,170.0
82001S,VINYL RECORD FRAME SILVER,2011-11-27,4,15.0,3.75,2011,11,4,47,27,6,2.0,0.0,11.0,0.0
22952,60 CAKE CASES VINTAGE CHRISTMAS,2011-11-27,612,488.70000000000005,0.7534126984126984,2011,11,4,47,27,6,1088.0,1295.0,1050.25,412.0
22584,PACK OF 6 PANETTONE GIFT BOXES,2011-11-27,8,20.4,2.55,2011,11,4,47,27,6,30.0,149.0,59.25,19.0
21109,LARGE CAKE TOWEL CHOCOLATE SPOTS,2011-11-27,37,225.75,6.590000000000001,2011,11,4,47,27,6,1.0,0.0,0.75,3.0
84828,JUNGLE POPSICLES ICE LOLLY MOULDS,2011-11-27,17,30.93,2.2583333333333333,2011,11,4,47,27,6,19.0,2.0,9.0,2.0
22135,MINI LADLE LOVE HEART PINK,2011-11-27,7,5.81,0.83,2011,11,4,47,27,6,32.0,11.0,17.5,8.0
21507,ELEPHANT BIRTHDAY CARD ,2011-11-27,111,47.85,0.4883333333333333,2011,11,4,47,27,6,89.0,136.0,120.5,85.0
22776,SWEETHEART 3 TIER CAKE STAND ,2011-11-27,20,229.02999999999997,12.869583333333333,2011,11,4,47,27,6,26.0,23.0,25.25,13.0
84946,ANTIQUE SILVER T-LIGHT GLASS,2011-11-27,577,727.4,1.5251746031746032,2011,11,4,47,27,6,809.0,1079.0,740.75,425.0
22285,HANGING HEN ON NEST DECORATION,2011-11-27,5,8.25,1.65,2011,11,4,47,27,6,0.0,0.0,1.25,12.0
22900,SET 2 TEA TOWELS I LOVE LONDON ,2011-11-27,37,153.59,4.3805555555555555,2011,11,4,47,27,6,66.0,179.0,91.75,25.0
22847,BREAD BIN DINER STYLE IVORY,2011-11-27,22,373.24,17.97833333333333,2011,11,4,47,27,6,21.0,28.0,21.0,9.0
22778,GLASS CLOCHE SMALL,2011-11-27,4,15.8,3.95,2011,11,4,47,27,6,8.0,43.0,27.0,4.0
22804,PINK HANGING HEART T-LIGHT HOLDER,2011-11-27,681,1020.3100000000001,3.3995833333333336,2011,11,4,47,27,6,61.0,22.0,29.5,106.0
84997C,CHILDRENS CUTLERY POLKADOT BLUE,2011-11-27,300,1133.9399999999998,4.938000000000001,2011,11,4,47,27,6,125.0,16.0,86.0,5.0
22785,SQUARECUSHION COVER PINK UNION JACK,2011-11-27,3,40.01,14.16,2011,11,4,47,27,6,1.0,2.0,2.25,12.0
84997B,CHILDRENS CUTLERY RETROSPOT RED ,2011-11-27,78,311.46,5.396666666666666,2011,11,4,47,27,6,130.0,167.0,107.0,46.0
22896,PEG BAG APPLES DESIGN,2011-11-27,2,10.75,5.375,2011,11,4,47,27,6,14.0,69.0,29.25,2.0
84997A,CHILDRENS CUTLERY POLKADOT GREEN ,2011-11-27,10,49.78,4.6675,2011,11,4,47,27,6,48.0,160.0,66.25,35.0
84997D,CHILDRENS CUTLERY POLKADOT PINK,2011-11-27,482,1835.78,4.537333333333334,2011,11,4,47,27,6,85.0,19.0,75.25,83.0
22197,POPCORN HOLDER,2011-11-27,2955,2575.75,1.0178615319865318,2011,11,4,47,27,6,3142.0,3900.0,2742.0,583.0
22632,HAND WARMER RED RETROSPOT,2011-11-27,202,432.32000000000005,2.2836666666666665,2011,11,4,47,27,6,393.0,322.0,340.25,120.0
20725,LUNCH BAG RED RETROSPOT,2011-11-27,276,731.75,2.4028055555555556,2011,11,4,47,27,6,649.0,556.0,460.5,218.0
22246,MAGIC GARDEN FELT GARLAND ,2011-11-27,12,23.4,1.95,2011,11,4,47,27,6,16.0,25.0,13.25,12.0
22813,PACK 3 BOXES BIRD PANETTONE ,2011-11-27,20,49.9,3.5486666666666666,2011,11,4,47,27,6,24.0,108.0,53.5,59.0
22199,FRYING PAN RED RETROSPOT,2011-11-27,5,25.29,5.596666666666667,2011,11,4,47,27,6,12.0,3.0,6.5,4.0
22676,FRENCH BLUE METAL DOOR SIGN 1,2011-12-04,45,58.67999999999999,1.8475,2011,12,4,48,4,6,72.0,4.0,34.0,11.0
22646,CERAMIC STRAWBERRY CAKE MONEY BANK,2011-12-04,241,267.09000000000003,1.9148,2011,12,4,48,4,6,29.0,438.0,140.25,198.0
22675,FRENCH KITCHEN SIGN BLUE METAL,2011-12-04,23,31.17,1.8549999999999998,2011,12,4,48,4,6,13.0,2.0,9.75,3.0
22649,STRAWBERRY FAIRY CAKE TEAPOT,2011-12-04,43,212.85000000000002,4.95,2011,12,4,48,4,6,2.0,13.0,7.25,4.0
22673,FRENCH GARDEN SIGN BLUE METAL,2011-12-04,19,23.75,1.25,2011,12,4,48,4,6,15.0,0.0,8.5,1.0
22674,FRENCH TOILET SIGN BLUE METAL,2011-12-04,4,7.42,2.0566666666666666,2011,12,4,48,4,6,41.0,7.0,15.75,4.0
22651,GENTLEMAN SHIRT REPAIR KIT ,2011-12-04,55,63.91,1.409,2011,12,4,48,4,6,22.0,15.0,33.5,21.0
22680,FRENCH BLUE METAL DOOR SIGN 5,2011-12-04,23,28.759999999999998,1.6333333333333335,2011,12,4,48,4,6,31.0,13.0,25.0,20.0
22653,BUTTON BOX ,2011-12-04,99,164.82999999999998,1.8606666666666665,2011,12,4,48,4,6,78.0,90.0,75.25,10.0
22654,DELUXE SEWING KIT ,2011-12-04,19,156.96,7.82,2011,12,4,48,4,6,69.0,75.0,43.25,76.0
22659,LUNCH BOX I LOVE LONDON,2011-12-04,272,507.68,2.675648148148148,2011,12,4,48,4,6,110.0,137.0,187.75,450.0
22678,FRENCH BLUE METAL DOOR SIGN 3,2011-12-04,31,37.55,1.2349999999999999,2011,12,4,48,4,6,14.0,3.0,14.25,5.0
22650,CERAMIC PIRATE CHEST MONEY BANK,2011-12-04,34,56.66,2.2933333333333334,2011,12,4,48,4,6,50.0,20.0,30.5,32.0
22667,RECIPE BOX RETROSPOT ,2011-12-04,108,299.40000000000003,2.8833333333333333,2011,12,4,48,4,6,62.0,97.0,69.75,62.0
22661,CHARLOTTE BAG DOLLY GIRL DESIGN,2011-12-04,80,80.48,1.24,2011,12,4,48,4,6,71.0,102.0,90.0,46.0
22662,LUNCH BAG DOLLY GIRL DESIGN,2011-12-04,66,123.78,2.511111111111111,2011,12,4,48,4,6,136.0,239.0,126.0,58.0
22539,MINI JIGSAW DOLLY GIRL,2011-12-04,56,25.98,0.6933333333333332,2011,12,4,48,4,6,5.0,8.0,79.25,55.0
22663,JUMBO BAG DOLLY GIRL DESIGN,2011-12-04,54,124.62,3.0025,2011,12,4,48,4,6,40.0,50.0,68.0,22.0
22671,FRENCH LAUNDRY SIGN BLUE METAL,2011-12-04,10,21.419999999999998,2.634,2011,12,4,48,4,6,18.0,5.0,9.0,1.0
22670,FRENCH WC SIGN BLUE METAL,2011-12-04,48,62.42,1.613,2011,12,4,48,4,6,48.0,10.0,30.5,17.0
22669,RED BABY BUNTING ,2011-12-04,32,100.08,4.015000000000001,2011,12,4,48,4,6,25.0,8.0,18.75,21.0
22684,FRENCH BLUE METAL DOOR SIGN 9,2011-12-04,11,14.36,1.825,2011,12,4,48,4,6,21.0,10.0,11.0,1.0
22664,TOY TIDY DOLLY GIRL DESIGN,2011-12-04,6,24.78,4.13,2011,12,4,48,4,6,27.0,13.0,15.5,10.0
22536,MAGIC DRAWING SLATE PURDEY,2011-12-04,10,4.2,0.42,2011,12,4,48,4,6,68.0,7.0,28.0,148.0
22668,PINK BABY BUNTING,2011-12-04,13,46.87,4.725,2011,12,4,48,4,6,21.0,24.0,19.5,2.0
22537,MAGIC DRAWING SLATE DINOSAUR,2011-12-04,90,37.800000000000004,0.42,2011,12,4,48,4,6,98.0,133.0,71.75,27.0
22666,RECIPE BOX PANTRY YELLOW DESIGN,2011-12-04,166,670.38,3.7369417989417992,2011,12,4,48,4,6,201.0,119.0,280.5,123.0
22672,FRENCH BATHROOM SIGN BLUE METAL,2011-12-04,34,57.739999999999995,1.9780000000000002,2011,12,4,48,4,6,18.0,8.0,16.25,15.0
22660,DOORMAT I LOVE LONDON,2011-12-04,5,56.33,11.0775,2011,12,4,48,4,6,7.0,51.0,16.25,3.0
22690,DOORMAT HOME SWEET HOME BLUE ,2011-12-04,12,99.0,8.25,2011,12,4,48,4,6,9.0,27.0,17.0,1.0
22686,FRENCH BLUE METAL DOOR SIGN No,2011-12-04,120,126.96000000000001,1.13,2011,12,4,48,4,6,15.0,5.0,13.25,2.0
22726,ALARM CLOCK BAKELIKE GREEN,2011-12-04,294,1362.61,4.652803571428572,2011,12,4,48,4,6,182.0,228.0,224.25,162.0
22727,ALARM CLOCK BAKELIKE RED ,2011-12-04,266,1201.08,4.694629578754578,2011,12,4,48,4,6,147.0,210.0,215.25,224.0
22728,ALARM CLOCK BAKELIKE PINK,2011-12-04,241,946.05,4.5738708513708515,2011,12,4,48,4,6,67.0,122.0,143.5,104.0
22530,MAGIC DRAWING SLATE DOLLY GIRL ,2011-12-04,101,39.540000000000006,0.4125,2011,12,4,48,4,6,292.0,139.0,160.75,171.0
22729,ALARM CLOCK BAKELIKE ORANGE,2011-12-04,8,66.32,8.29,2011,12,4,48,4,6,4.0,7.0,5.5,49.0
22730,ALARM CLOCK BAKELIKE IVORY,2011-12-04,140,591.84,4.57625,2011,12,4,48,4,6,50.0,108.0,120.5,77.0
22731,3D CHRISTMAS STAMPS STICKERS ,2011-12-04,27,36.93,1.81,2011,12,4,48,4,6,79.0,55.0,49.0,34.0
22732,3D VINTAGE CHRISTMAS STICKERS ,2011-12-04,45,65.78999999999999,1.662361111111111,2011,12,4,48,4,6,135.0,97.0,124.0,31.0
22725,ALARM CLOCK BAKELIKE CHOCOLATE,2011-12-04,86,386.45,5.152666666666666,2011,12,4,48,4,6,57.0,35.0,59.0,24.0
22733,3D TRADITIONAL CHRISTMAS STICKERS,2011-12-04,34,50.06999999999999,2.0140000000000002,2011,12,4,48,4,6,90.0,177.0,114.75,40.0
22735,RIBBON REEL SOCKS AND MITTENS,2011-12-04,13,49.58,4.182777777777777,2011,12,4,48,4,6,32.0,112.0,49.5,22.0
22736,RIBBON REEL MAKING SNOWMEN ,2011-12-04,40,112.25,3.4626388888888893,2011,12,4,48,4,6,64.0,104.0,82.5,43.0
22529,MAGIC DRAWING SLATE GO TO THE FAIR ,2011-12-04,3,1.26,0.42,2011,12,4,48,4,6,74.0,56.0,39.25,4.0
22737,RIBBON REEL CHRISTMAS PRESENT ,2011-12-04,47,133.67,2.645,2011,12,4,48,4,6,72.0,127.0,107.5,61.0
22738,RIBBON REEL SNOWY VILLAGE,2011-12-04,66,141.9,2.8579999999999997,2011,12,4,48,4,6,70.0,171.0,104.0,92.0
22739,RIBBON REEL CHRISTMAS SOCK BAUBLE,2011-12-04,74,155.74,2.471111111111111,2011,12,4,48,4,6,76.0,158.0,102.75,60.0
22741,FUNKY DIVA PEN,2011-12-04,112,107.67999999999999,1.396,2011,12,4,48,4,6,206.0,217.0,173.0,11.0
22742,MAKE YOUR OWN PLAYTIME CARD KIT,2011-12-04,37,31.39,1.87,2011,12,4,48,4,6,15.0,4.0,9.75,3.0
22734,SET OF 6 RIBBONS VINTAGE CHRISTMAS,2011-12-04,149,523.4100000000001,3.675416666666667,2011,12,4,48,4,6,168.0,405.0,289.0,18.0
22534,MAGIC DRAWING SLATE SPACEBOY ,2011-12-04,61,25.62,0.42,2011,12,4,48,4,6,71.0,214.0,114.25,202.0
22717,CARD DOG AND BALL ,2011-12-04,12,5.04,0.42,2011,12,4,48,4,6,13.0,1.0,19.0,25.0
22716,CARD CIRCUS PARADE,2011-12-04,29,14.23,0.7388888888888889,2011,12,4,48,4,6,38.0,29.0,26.5,49.0
22688,DOORMAT PEACE ON EARTH BLUE,2011-12-04,2,26.13,13.065,2011,12,4,48,4,6,2.0,2.0,3.0,6.0
22645,CERAMIC HEART FAIRY CAKE MONEY BANK,2011-12-04,96,137.28,2.552,2011,12,4,48,4,6,52.0,53.0,59.0,61.0
22692,DOORMAT WELCOME TO OUR HOME,2011-12-04,35,304.73,11.275,2011,12,4,48,4,6,12.0,8.0,13.75,2.0
22694,WICKER STAR ,2011-12-04,83,183.12000000000003,2.330027777777778,2011,12,4,48,4,6,80.0,82.0,133.5,81.0
22695,WICKER WREATH SMALL,2011-12-04,38,56.440000000000005,1.7766666666666666,2011,12,4,48,4,6,40.0,13.0,26.25,21.0
22696,WICKER WREATH LARGE,2011-12-04,12,32.12,2.822,2011,12,4,48,4,6,21.0,57.0,34.0,33.0
22533,MAGIC DRAWING SLATE BAKE A CAKE ,2011-12-04,3,1.26,0.42,2011,12,4,48,4,6,28.0,35.0,17.25,72.0
22697,GREEN REGENCY TEACUP AND SAUCER,2011-12-04,155,560.1700000000001,4.192777777777778,2011,12,4,48,4,6,101.0,101.0,113.25,146.0
22531,MAGIC DRAWING SLATE CIRCUS PARADE  ,2011-12-04,42,17.64,0.42,2011,12,4,48,4,6,147.0,39.0,105.25,92.0
22532,MAGIC DRAWING SLATE LEAP FROG ,2011-12-04,6,2.52,0.42,2011,12,4,48,4,6,51.0,10.0,15.75,5.0
22701,PINK DOG BOWL,2011-12-04,21,39.97,2.1816666666666666,2011,12,4,48,4,6,13.0,8.0,8.0,1.0
22702,BLACK AND WHITE CAT BOWL,2011-12-04,4,16.52,4.13,2011,12,4,48,4,6,2.0,0.0,1.25,1.0
22704,WRAP RED APPLES ,2011-12-04,75,31.5,0.42,2011,12,4,48,4,6,50.0,100.0,93.75,50.0
22705,WRAP GREEN PEARS ,2011-12-04,25,10.5,0.42,2011,12,4,48,4,6,0.0,50.0,25.0,50.0
22706,WRAP COWBOYS  ,2011-12-04,50,21.0,0.42,2011,12,4,48,4,6,25.0,0.0,6.25,25.0
22712,CARD DOLLY GIRL ,2011-12-04,44,21.759999999999998,0.707,2011,12,4,48,4,6,225.0,49.0,96.5,62.0
22713,CARD I LOVE LONDON ,2011-12-04,24,10.08,0.42,2011,12,4,48,4,6,39.0,27.0,30.5,52.0
22714,CARD BIRTHDAY COWBOY,2011-12-04,15,7.529999999999999,0.625,2011,12,4,48,4,6,48.0,43.0,162.25,24.0
22699,ROSES REGENCY TEACUP AND SAUCER ,2011-12-04,128,436.16,3.8281111111111112,2011,12,4,48,4,6,116.0,169.0,137.5,113.0
22644,CERAMIC CHERRY CAKE MONEY BANK,2011-12-04,110,123.18,2.0300000000000002,2011,12,4,48,4,6,22.0,56.0,37.5,35.0
22584,PACK OF 6 PANETTONE GIFT BOXES,2011-12-04,35,91.66,2.951666666666666,2011,12,4,48,4,6,8.0,30.0,56.5,32.0
22544,MINI JIGSAW SPACEBOY,2011-12-04,60,29.71,0.6591666666666667,2011,12,4,48,4,6,25.0,26.0,110.0,98.0
22599,CHRISTMAS MUSICAL ZINC STAR,2011-12-04,186,82.49999999999999,0.6066666666666666,2011,12,4,48,4,6,135.0,248.0,200.5,15.0
22600,CHRISTMAS RETROSPOT STAR WOOD,2011-12-04,86,84.02,1.006,2011,12,4,48,4,6,150.0,114.0,112.0,52.0
22601,CHRISTMAS RETROSPOT ANGEL WOOD,2011-12-04,126,115.67999999999999,0.9908333333333333,2011,12,4,48,4,6,133.0,95.0,136.5,75.0
22603,CHRISTMAS RETROSPOT TREE WOOD,2011-12-04,74,69.14,0.9019999999999999,2011,12,4,48,4,6,161.0,91.0,106.75,45.0
22604,SET OF 4 NAPKIN CHARMS CUTLERY,2011-12-04,26,85.58,3.3533333333333335,2011,12,4,48,4,6,7.0,47.0,20.25,10.0
22605,WOODEN CROQUET GARDEN SET,2011-12-04,17,266.58,16.58533333333333,2011,12,4,48,4,6,9.0,3.0,11.5,3.0
22607,WOODEN ROUNDERS GARDEN SET ,2011-12-04,37,371.67,11.935,2011,12,4,48,4,6,13.0,14.0,12.75,6.0
22609,PENS ASSORTED SPACEBALL,2011-12-04,180,34.2,0.19,2011,12,4,48,4,6,217.0,396.0,280.0,3.0
22610,PENS ASSORTED FUNNY FACE,2011-12-04,72,13.68,0.19,2011,12,4,48,4,6,254.0,576.0,414.5,36.0
22614,PACK OF 12 SPACEBOY TISSUES,2011-12-04,31,15.17,0.7749999999999999,2011,12,4,48,4,6,40.0,57.0,67.75,73.0
22571,ROCKING HORSE RED CHRISTMAS ,2011-12-04,142,128.49999999999997,1.0276666666666665,2011,12,4,48,4,6,124.0,124.0,162.5,166.0
22568,FELTCRAFT CUSHION OWL,2011-12-04,1,7.46,7.46,2011,12,4,48,4,6,103.0,133.0,117.25,83.0
22615,PACK OF 12 CIRCUS PARADE TISSUES ,2011-12-04,6,4.1,0.61,2011,12,4,48,4,6,2.0,55.0,19.25,72.0
22567,20 DOLLY PEGS RETROSPOT,2011-12-04,32,49.339999999999996,2.185,2011,12,4,48,4,6,55.0,14.0,24.0,50.0
22616,PACK OF 12 LONDON TISSUES ,2011-12-04,636,223.52,0.484,2011,12,4,48,4,6,100.0,1349.0,601.25,729.0
22566,FELTCRAFT HAIRBAND PINK AND PURPLE,2011-12-04,42,38.82,1.162,2011,12,4,48,4,6,30.0,119.0,51.0,21.0
22565,FELTCRAFT HAIRBANDS PINK AND WHITE ,2011-12-04,46,45.339999999999996,1.292,2011,12,4,48,4,6,9.0,60.0,35.0,19.0
22598,CHRISTMAS MUSICAL ZINC TREE,2011-12-04,64,36.49999999999999,0.6066666666666666,2011,12,4,48,4,6,35.0,167.0,96.5,4.0
22617,BAKING SET SPACEBOY DESIGN,2011-12-04,59,316.13,6.4191111111111105,2011,12,4,48,4,6,113.0,112.0,165.75,99.0
22597,MUSICAL ZINC HEART DECORATION ,2011-12-04,238,92.96000000000001,0.5785555555555556,2011,12,4,48,4,6,335.0,334.0,317.25,14.0
22594,CHRISTMAS GINGHAM TREE,2011-12-04,238,204.64,1.276111111111111,2011,12,4,48,4,6,165.0,120.0,154.75,113.0
22586,FELTCRAFT HAIRBAND PINK AND BLUE,2011-12-04,24,28.979999999999997,1.4739999999999998,2011,12,4,48,4,6,41.0,35.0,23.25,16.0
22587,FELTCRAFT HAIRBAND RED AND BLUE,2011-12-04,46,44.559999999999995,1.279,2011,12,4,48,4,6,44.0,88.0,58.0,19.0
22583,PACK OF 6 HANDBAG GIFT BOXES,2011-12-04,3,14.879999999999999,4.96,2011,12,4,48,4,6,6.0,9.0,7.0,10.0
22588,CARD HOLDER GINGHAM HEART,2011-12-04,11,46.29,5.306666666666667,2011,12,4,48,4,6,45.0,22.0,33.5,41.0
22589,CARDHOLDER GINGHAM STAR,2011-12-04,19,79.42,4.136666666666667,2011,12,4,48,4,6,16.0,27.0,28.25,22.0
22592,CARDHOLDER HOLLY WREATH METAL,2011-12-04,55,292.41,6.134733333333334,2011,12,4,48,4,6,67.0,46.0,58.25,9.0
22582,PACK OF 6 SWEETIE GIFT BOXES,2011-12-04,19,48.449999999999996,2.55,2011,12,4,48,4,6,9.0,5.0,8.0,15.0
22581,WOOD STOCKING CHRISTMAS SCANDISPOT,2011-12-04,287,119.88999999999999,0.5226587301587301,2011,12,4,48,4,6,111.0,90.0,93.75,34.0
22580,ADVENT CALENDAR GINGHAM SACK,2011-12-04,110,530.52,5.238285714285714,2011,12,4,48,4,6,131.0,172.0,133.25,6.0
22579,WOODEN TREE CHRISTMAS SCANDINAVIAN,2011-12-04,17,15.709999999999999,1.23,2011,12,4,48,4,6,352.0,813.0,628.5,115.0
22578,WOODEN STAR CHRISTMAS SCANDINAVIAN,2011-12-04,867,401.80999999999995,0.45344047619047617,2011,12,4,48,4,6,1405.0,1169.0,1224.75,73.0
22577,WOODEN HEART CHRISTMAS SCANDINAVIAN,2011-12-04,1049,459.63,0.4599152236652236,2011,12,4,48,4,6,1235.0,1106.0,1111.25,85.0
22576,SWALLOW WOODEN CHRISTMAS DECORATION,2011-12-04,175,158.89,1.058,2011,12,4,48,4,6,226.0,72.0,117.0,124.0
22574,HEART WOODEN CHRISTMAS DECORATION,2011-12-04,404,366.02,1.0168333333333333,2011,12,4,48,4,6,215.0,253.0,195.0,219.0
22573,STAR WOODEN CHRISTMAS DECORATION,2011-12-04,353,321.10999999999996,1.0892,2011,12,4,48,4,6,208.0,104.0,154.5,106.0
22572,ROCKING HORSE GREEN CHRISTMAS ,2011-12-04,6,5.1,0.85,2011,12,4,48,4,6,68.0,114.0,120.25,150.0
22593,CHRISTMAS GINGHAM STAR,2011-12-04,170,173.35999999999999,1.2833333333333334,2011,12,4,48,4,6,195.0,115.0,155.75,245.0
22595,GINGHAM HEART DECORATION,2011-12-04,135,127.22999999999999,1.1208333333333333,2011,12,4,48,4,6,176.0,232.0,224.5,284.0
22540,MINI JIGSAW CIRCUS PARADE ,2011-12-04,7,3.76,0.625,2011,12,4,48,4,6,28.0,44.0,30.5,75.0
22619,SET OF 6 SOLDIER SKITTLES,2011-12-04,93,422.95,5.058805555555556,2011,12,4,48,4,6,85.0,87.0,95.25,125.0
22621,TRADITIONAL KNITTING NANCY,2011-12-04,196,375.88,2.2241656565656567,2011,12,4,48,4,6,255.0,551.0,340.0,13.0
22636,CHILDS BREAKFAST SET CIRCUS PARADE,2011-12-04,17,168.89,10.5325,2011,12,4,48,4,6,22.0,21.0,20.25,27.0
22638,SET OF 4 NAPKIN CHARMS CROWNS ,2011-12-04,11,10.45,1.3766666666666667,2011,12,4,48,4,6,4.0,5.0,4.75,3.0
22639,SET OF 4 NAPKIN CHARMS HEARTS,2011-12-04,45,47.87,1.3766666666666667,2011,12,4,48,4,6,8.0,48.0,20.25,7.0
22640,SET OF 4 NAPKIN CHARMS 3 KEYS ,2011-12-04,39,30.810000000000002,0.79,2011,12,4,48,4,6,1.0,6.0,4.25,2.0
22641,SET OF 4 NAPKIN CHARMS INSTRUMENT,2011-12-04,2,5.1,2.55,2011,12,4,48,4,6,2.0,1.0,2.25,2.0
22556,PLASTERS IN TIN CIRCUS PARADE ,2011-12-04,130,224.33999999999995,1.8358666666666665,2011,12,4,48,4,6,304.0,142.0,169.5,70.0
22555,PLASTERS IN TIN STRONGMAN,2011-12-04,151,260.63,1.841333333333333,2011,12,4,48,4,6,174.0,124.0,144.25,216.0
22554,PLASTERS IN TIN WOODLAND ANIMALS,2011-12-04,124,229.2,2.0417777777777775,2011,12,4,48,4,6,394.0,203.0,285.75,133.0
22553,PLASTERS IN TIN SKULLS,2011-12-04,128,232.51999999999998,2.1016507936507938,2011,12,4,48,4,6,194.0,106.0,146.5,99.0
22642,SET OF 4 NAPKIN CHARMS STARS   ,2011-12-04,19,27.33,1.67,2011,12,4,48,4,6,4.0,15.0,7.5,4.0
22643,SET OF 4 NAPKIN CHARMS LEAVES   ,2011-12-04,6,4.74,0.79,2011,12,4,48,4,6,18.0,7.0,8.0,4.0
22551,PLASTERS IN TIN SPACEBOY,2011-12-04,164,290.28,1.9233333333333331,2011,12,4,48,4,6,274.0,269.0,284.25,142.0
22550,HOLIDAY FUN LUDO,2011-12-04,20,78.71000000000001,4.121,2011,12,4,48,4,6,21.0,19.0,17.75,12.0
22585,PACK OF 6 BIRDY GIFT TAGS,2011-12-04,105,160.29,1.5000666666666667,2011,12,4,48,4,6,396.0,134.0,186.0,420.0
22547,MINI JIGSAW DINOSAUR ,2011-12-04,19,12.16,0.6609999999999999,2011,12,4,48,4,6,15.0,19.0,11.25,25.0
22546,MINI JIGSAW PURDEY,2011-12-04,20,8.1,0.533,2011,12,4,48,4,6,9.0,32.0,79.5,1.0
22545,MINI JIGSAW BUNNIES,2011-12-04,8,3.4399999999999995,0.51,2011,12,4,48,4,6,5.0,35.0,11.25,2.0
22635,CHILDS BREAKFAST SET DOLLY GIRL ,2011-12-04,20,187.39999999999998,9.466666666666667,2011,12,4,48,4,6,22.0,22.0,20.25,20.0
22620,4 TRADITIONAL SPINNING TOPS,2011-12-04,154,253.59999999999997,1.8820555555555556,2011,12,4,48,4,6,148.0,177.0,154.0,74.0
22634,CHILDS BREAKFAST SET SPACEBOY ,2011-12-04,40,373.21,10.421666666666667,2011,12,4,48,4,6,13.0,28.0,21.25,26.0
22632,HAND WARMER RED RETROSPOT,2011-12-04,131,285.25,2.4947222222222223,2011,12,4,48,4,6,202.0,393.0,346.5,398.0
22622,BOX OF VINTAGE ALPHABET BLOCKS,2011-12-04,15,168.26,14.202499999999999,2011,12,4,48,4,6,37.0,20.0,48.0,21.0
22623,BOX OF VINTAGE JIGSAW BLOCKS ,2011-12-04,21,144.48000000000002,7.034999999999999,2011,12,4,48,4,6,22.0,33.0,28.25,21.0
22624,IVORY KITCHEN SCALES,2011-12-04,32,312.65,9.742083333333333,2011,12,4,48,4,6,20.0,36.0,35.5,56.0
22625,RED KITCHEN SCALES,2011-12-04,34,311.32,10.574583333333333,2011,12,4,48,4,6,28.0,61.0,32.25,37.0
22626,BLACK KITCHEN SCALES,2011-12-04,6,51.0,8.5,2011,12,4,48,4,6,6.0,7.0,6.25,12.0
22564,ALPHABET STENCIL CRAFT,2011-12-04,32,46.05,1.6029166666666668,2011,12,4,48,4,6,10.0,489.0,137.0,18.0
22563,HAPPY STENCIL CRAFT,2011-12-04,246,284.98,1.5228333333333333,2011,12,4,48,4,6,42.0,67.0,65.25,7.0
22562,MONSTERS STENCIL CRAFT,2011-12-04,70,88.71000000000001,1.40125,2011,12,4,48,4,6,32.0,64.0,51.75,7.0
22561,WOODEN SCHOOL COLOURING SET,2011-12-04,155,259.03,2.06,2011,12,4,48,4,6,229.0,219.0,214.25,67.0
22627,MINT KITCHEN SCALES,2011-12-04,20,178.13,9.1775,2011,12,4,48,4,6,21.0,27.0,23.5,15.0
22628,PICNIC BOXES SET OF 3 RETROSPOT ,2011-12-04,25,128.76000000000002,6.202500000000001,2011,12,4,48,4,6,8.0,19.0,9.0,1.0
22629,SPACEBOY LUNCH BOX ,2011-12-04,160,318.16999999999996,2.4739246031746034,2011,12,4,48,4,6,342.0,308.0,343.0,200.0
22630,DOLLY GIRL LUNCH BOX,2011-12-04,116,258.98,2.616,2011,12,4,48,4,6,303.0,284.0,208.0,115.0
22560,TRADITIONAL MODELLING CLAY,2011-12-04,406,467.30000000000007,1.7966666666666669,2011,12,4,48,4,6,181.0,141.0,235.75,57.0
22558,CLOTHES PEGS RETROSPOT PACK 24 ,2011-12-04,178,300.62,2.111666666666667,2011,12,4,48,4,6,150.0,38.0,128.5,209.0
22557,PLASTERS IN TIN VINTAGE PAISLEY ,2011-12-04,119,212.74999999999997,2.205777777777778,2011,12,4,48,4,6,241.0,82.0,141.5,120.0
22631,CIRCUS PARADE LUNCH BOX ,2011-12-04,26,81.47,4.288333333333333,2011,12,4,48,4,6,77.0,137.0,97.75,40.0
22633,HAND WARMER UNION JACK,2011-12-04,341,692.4300000000001,2.2200432900432903,2011,12,4,48,4,6,163.0,420.0,271.75,515.0
22549,PICTURE DOMINOES,2011-12-04,100,169.93,2.2549444444444444,2011,12,4,48,4,6,82.0,226.0,172.5,113.0
10120,DOGGY RUBBER,2011-12-04,10,2.1,0.21,2011,12,4,48,4,6,1.0,6.0,11.25,3.0
22515,CHILDS GARDEN SPADE PINK,2011-12-04,14,51.730000000000004,3.7916666666666665,2011,12,4,48,4,6,4.0,0.0,1.75,2.0
22284,HEN HOUSE DECORATION,2011-12-04,13,23.089999999999996,2.4699999999999998,2011,12,4,48,4,6,6.0,25.0,8.0,12.0
22283,6 EGG HOUSE PAINTED WOOD,2011-12-04,7,63.489999999999995,9.256666666666666,2011,12,4,48,4,6,3.0,1.0,3.75,3.0
22278,OVERNIGHT BAG VINTAGE ROSE PAISLEY,2011-12-04,31,223.53,7.902444444444444,2011,12,4,48,4,6,13.0,14.0,11.0,11.0
22277,COSMETIC BAG VINTAGE ROSE PAISLEY,2011-12-04,8,18.830000000000002,2.6075,2011,12,4,48,4,6,5.0,1.0,4.25,40.0
22274,FELTCRAFT DOLL EMILY,2011-12-04,96,297.40000000000003,3.305,2011,12,4,48,4,6,51.0,54.0,46.0,22.0
22273,FELTCRAFT DOLL MOLLY,2011-12-04,99,297.73,3.1472222222222226,2011,12,4,48,4,6,63.0,85.0,62.0,27.0
22265,EASTER DECORATION NATURAL CHICK,2011-12-04,4,2.6,0.65,2011,12,4,48,4,6,2.0,0.0,2.5,2.0
22262,FELT EGG COSY CHICKEN,2011-12-04,4,4.96,1.3699999999999999,2011,12,4,48,4,6,20.0,5.0,11.5,4.0
22261,FELT EGG COSY WHITE RABBIT ,2011-12-04,6,8.219999999999999,1.435,2011,12,4,48,4,6,14.0,1.0,5.5,3.0
22260,FELT EGG COSY BLUE RABBIT ,2011-12-04,19,20.049999999999997,1.3375,2011,12,4,48,4,6,12.0,2.0,5.75,7.0
22255,FELT TOADSTOOL  SMALL,2011-12-04,12,10.2,0.85,2011,12,4,48,4,6,2.0,38.0,25.0,6.0
22251,BIRDHOUSE DECORATION MAGIC GARDEN,2011-12-04,6,11.129999999999999,2.0566666666666666,2011,12,4,48,4,6,8.0,0.0,4.75,13.0
22243,5 HOOK HANGER RED MAGIC TOADSTOOL,2011-12-04,1,1.65,1.65,2011,12,4,48,4,6,0.0,0.0,6.5,34.0
22285,HANGING HEN ON NEST DECORATION,2011-12-04,12,19.799999999999997,1.65,2011,12,4,48,4,6,5.0,0.0,2.25,3.0
22231,JIGSAW TREE WITH BIRDHOUSE,2011-12-04,22,21.08,1.94,2011,12,4,48,4,6,4.0,9.0,13.5,13.0
22224,WHITE LOVEBIRD LANTERN,2011-12-04,20,64.68,4.37,2011,12,4,48,4,6,41.0,0.0,19.0,11.0
22222,CAKE PLATE LOVEBIRD WHITE,2011-12-04,9,59.580000000000005,7.24625,2011,12,4,48,4,6,6.0,8.0,8.75,9.0
22220,CAKE STAND LOVEBIRD 2 TIER WHITE,2011-12-04,14,55.300000000000004,6.449999999999999,2011,12,4,48,4,6,3.0,1.0,6.5,1.0
22219,LOVEBIRD HANGING DECORATION WHITE ,2011-12-04,68,82.75999999999999,1.253,2011,12,4,48,4,6,45.0,123.0,170.75,56.0
22217,T-LIGHT HOLDER HANGING LACE,2011-12-04,109,54.9,1.165,2011,12,4,48,4,6,20.0,4.0,24.0,12.0
22216,T-LIGHT HOLDER WHITE LACE,2011-12-04,4,6.52,1.63,2011,12,4,48,4,6,1.0,1.0,3.0,10.0
22215,CAKE STAND WHITE TWO TIER LACE,2011-12-04,8,34.7,5.7250000000000005,2011,12,4,48,4,6,2.0,3.0,3.0,6.0
22212,FOUR HOOK  WHITE LOVEBIRDS,2011-12-04,67,163.03,2.9136111111111114,2011,12,4,48,4,6,40.0,49.0,31.75,11.0
22210,WOOD STAMP SET BEST WISHES,2011-12-04,26,24.04,1.24,2011,12,4,48,4,6,54.0,27.0,40.5,13.0
22209,WOOD STAMP SET HAPPY BIRTHDAY,2011-12-04,6,4.98,0.83,2011,12,4,48,4,6,21.0,26.0,21.25,12.0
22208,WOOD STAMP SET THANK YOU,2011-12-04,65,56.41,0.994,2011,12,4,48,4,6,95.0,156.0,86.75,20.0
22207,FRYING PAN UNION FLAG,2011-12-04,10,74.82,6.494444444444444,2011,12,4,48,4,6,35.0,8.0,44.75,53.0
22203,MILK PAN RED RETROSPOT,2011-12-04,11,44.88,4.98,2011,12,4,48,4,6,7.0,2.0,6.75,1.0
22227,HANGING HEART MIRROR DECORATION ,2011-12-04,54,38.7,0.8375,2011,12,4,48,4,6,48.0,43.0,47.5,25.0
22200,FRYING PAN PINK POLKADOT,2011-12-04,14,51.66,5.183333333333333,2011,12,4,48,4,6,6.0,2.0,7.25,10.0
22294,HEART FILIGREE DOVE  SMALL,2011-12-04,99,124.96000000000001,1.6533333333333333,2011,12,4,48,4,6,115.0,137.0,107.0,154.0
22296,HEART IVORY TRELLIS LARGE,2011-12-04,57,95.68999999999998,1.9233333333333331,2011,12,4,48,4,6,125.0,13.0,47.25,71.0
22333,RETROSPOT PARTY BAG + STICKER SET,2011-12-04,3,4.949999999999999,1.65,2011,12,4,48,4,6,142.0,115.0,106.0,81.0
22331,WOODLAND PARTY BAG + STICKER SET,2011-12-04,5,8.25,1.65,2011,12,4,48,4,6,17.0,86.0,36.0,19.0
22328,ROUND SNACK BOXES SET OF 4 FRUITS ,2011-12-04,96,292.64,3.186,2011,12,4,48,4,6,244.0,69.0,120.25,106.0
22327,ROUND SNACK BOXES SET OF 4 SKULLS,2011-12-04,77,231.19,3.9333333333333336,2011,12,4,48,4,6,35.0,23.0,23.75,14.0
22326,ROUND SNACK BOXES SET OF4 WOODLAND ,2011-12-04,145,442.63,4.086285714285714,2011,12,4,48,4,6,258.0,318.0,215.25,109.0
22325,MOBILE VINTAGE HEARTS ,2011-12-04,3,14.850000000000001,4.95,2011,12,4,48,4,6,3.0,13.0,7.0,2.0
22324,BLUE POLKADOT KIDS BAG,2011-12-04,7,28.91,4.13,2011,12,4,48,4,6,1.0,2.0,1.5,2.0
22321,BIRD DECORATION RED RETROSPOT,2011-12-04,2,3.26,1.63,2011,12,4,48,4,6,37.0,36.0,20.0,37.0
22320,BIRDS MOBILE VINTAGE DESIGN,2011-12-04,4,23.8,5.95,2011,12,4,48,4,6,4.0,9.0,5.0,3.0
22318,FIVE HEART HANGING DECORATION,2011-12-04,4,14.64,3.4233333333333333,2011,12,4,48,4,6,1.0,6.0,2.25,26.0
22317,FIVE CATS HANGING DECORATION,2011-12-04,4,23.16,5.79,2011,12,4,48,4,6,0.0,7.0,2.0,2.0
22316,200 BENDY SKULL STRAWS,2011-12-04,3,3.75,1.25,2011,12,4,48,4,6,2.0,1.0,7.0,14.0
22315,200 RED + WHITE BENDY STRAWS,2011-12-04,1,2.46,2.46,2011,12,4,48,4,6,4.0,20.0,17.25,14.0
22295,HEART FILIGREE DOVE LARGE,2011-12-04,10,19.779999999999998,2.06,2011,12,4,48,4,6,273.0,19.0,86.0,40.0
22314,OFFICE MUG WARMER CHOC+BLUE,2011-12-04,19,39.07,3.8033333333333332,2011,12,4,48,4,6,3.0,16.0,10.0,16.0
22312,OFFICE MUG WARMER POLKADOT,2011-12-04,20,53.540000000000006,2.81875,2011,12,4,48,4,6,48.0,61.0,37.75,41.0
22311,OFFICE MUG WARMER BLACK+SILVER ,2011-12-04,15,61.290000000000006,4.654,2011,12,4,48,4,6,15.0,31.0,103.5,13.0
22310,IVORY KNITTED MUG COSY ,2011-12-04,14,36.22,3.016666666666667,2011,12,4,48,4,6,158.0,7.0,56.25,29.0
22309,TEA COSY RED  STRIPE,2011-12-04,4,15.02,4.3575,2011,12,4,48,4,6,8.0,14.0,15.0,3.0
22308,TEA COSY BLUE STRIPE,2011-12-04,5,22.39,4.6587499999999995,2011,12,4,48,4,6,10.0,7.0,13.75,5.0
22307,GOLD MUG BONE CHINA TREE OF LIFE,2011-12-04,55,65.53,2.265,2011,12,4,48,4,6,55.0,81.0,68.5,54.0
22306,SILVER MUG BONE CHINA TREE OF LIFE,2011-12-04,103,116.41000000000001,1.8633333333333333,2011,12,4,48,4,6,73.0,93.0,88.0,60.0
22305,COFFEE MUG PINK PAISLEY DESIGN,2011-12-04,2,9.92,4.96,2011,12,4,48,4,6,0.0,2.0,5.25,6.0
22304,COFFEE MUG BLUE PAISLEY DESIGN,2011-12-04,1,4.96,4.96,2011,12,4,48,4,6,6.0,9.0,116.25,15.0
22301,COFFEE MUG CAT + BIRD DESIGN,2011-12-04,33,86.56,2.8177777777777777,2011,12,4,48,4,6,35.0,9.0,130.0,42.0
22300,COFFEE MUG DOG + BALL DESIGN,2011-12-04,33,88.97,2.9516666666666667,2011,12,4,48,4,6,31.0,9.0,129.0,36.0
22299,PIG KEYRING WITH LIGHT & SOUND ,2011-12-04,194,203.64,1.0977777777777777,2011,12,4,48,4,6,32.0,29.0,40.5,26.0
22297,HEART IVORY TRELLIS SMALL,2011-12-04,74,99.75999999999999,1.653333333333333,2011,12,4,48,4,6,79.0,44.0,75.5,96.0
22313,OFFICE MUG WARMER PINK,2011-12-04,6,23.279999999999998,5.053333333333333,2011,12,4,48,4,6,16.0,5.0,9.75,7.0
22334,DINOSAUR PARTY BAG + STICKER SET,2011-12-04,1,3.29,3.29,2011,12,4,48,4,6,11.0,17.0,14.0,16.0
22199,FRYING PAN RED RETROSPOT,2011-12-04,10,41.58,5.52,2011,12,4,48,4,6,5.0,12.0,7.5,36.0
22196,SMALL HEART MEASURING SPOONS,2011-12-04,140,142.39999999999998,1.2167857142857141,2011,12,4,48,4,6,33.0,226.0,104.75,55.0
22151,PLACE SETTING WHITE HEART,2011-12-04,239,100.38,0.42000000000000004,2011,12,4,48,4,6,262.0,124.0,150.25,90.0
22150,3 STRIPEY MICE FELTCRAFT,2011-12-04,130,258.94,2.406277777777778,2011,12,4,48,4,6,91.0,129.0,94.0,43.0
22147,FELTCRAFT BUTTERFLY HEARTS,2011-12-04,33,47.85,1.45,2011,12,4,48,4,6,0.0,70.0,19.0,115.0
22144,CHRISTMAS CRAFT LITTLE FRIENDS,2011-12-04,239,594.4,2.7025757575757576,2011,12,4,48,4,6,303.0,379.0,359.5,80.0
22142,CHRISTMAS CRAFT WHITE FAIRY ,2011-12-04,116,184.76,2.017333333333333,2011,12,4,48,4,6,235.0,276.0,238.75,42.0
22141,CHRISTMAS CRAFT TREE TOP ANGEL,2011-12-04,149,359.68,2.684861111111111,2011,12,4,48,4,6,180.0,291.0,258.5,57.0
22139,RETROSPOT TEA SET CERAMIC 11 PC ,2011-12-04,162,890.9399999999999,6.375718253968254,2011,12,4,48,4,6,192.0,246.0,189.25,33.0
22135,MINI LADLE LOVE HEART PINK,2011-12-04,15,12.04,0.7958333333333333,2011,12,4,48,4,6,7.0,32.0,15.25,0.0
22134,MINI LADLE LOVE HEART RED ,2011-12-04,10,7.89,0.7844444444444445,2011,12,4,48,4,6,10.0,5.0,13.0,11.0
22133,PINK LOVE HEART SHAPE CUP,2011-12-04,5,8.149999999999999,1.63,2011,12,4,48,4,6,1.0,0.0,8.5,17.0
22132,RED LOVE HEART SHAPE CUP,2011-12-04,5,7.369999999999999,1.5,2011,12,4,48,4,6,4.0,113.0,37.75,4.0
22131,FOOD CONTAINER SET 3 LOVE HEART ,2011-12-04,9,26.27,3.0399999999999996,2011,12,4,48,4,6,11.0,164.0,53.0,29.0
22130,PARTY CONE CHRISTMAS DECORATION ,2011-12-04,66,56.099999999999994,0.85,2011,12,4,48,4,6,150.0,744.0,243.0,92.0
22152,PLACE SETTING WHITE STAR,2011-12-04,14,5.88,0.42,2011,12,4,48,4,6,653.0,67.0,239.25,36.0
22124,SET OF 2 TEA TOWELS PING MICROWAVE,2011-12-04,17,31.799999999999997,2.1816666666666666,2011,12,4,48,4,6,0.0,3.0,1.5,2.0
22121,NOEL WOODEN BLOCK LETTERS ,2011-12-04,8,53.28,6.8966666666666665,2011,12,4,48,4,6,25.0,8.0,20.5,33.0
22120,WELCOME  WOODEN BLOCK LETTERS,2011-12-04,8,79.6,9.95,2011,12,4,48,4,6,16.0,12.0,19.25,7.0
22119,PEACE WOODEN BLOCK LETTERS,2011-12-04,43,113.85,5.283333333333333,2011,12,4,48,4,6,4.0,5.0,7.5,7.0
22118,JOY WOODEN BLOCK LETTERS,2011-12-04,16,49.6,3.716666666666667,2011,12,4,48,4,6,5.0,4.0,6.0,5.0
22117,METAL SIGN HER DINNER IS SERVED ,2011-12-04,5,17.59,3.896666666666667,2011,12,4,48,4,6,1.0,0.0,2.25,3.0
22116,METAL SIGN HIS DINNER IS SERVED,2011-12-04,9,7.95,0.8600000000000001,2011,12,4,48,4,6,9.0,44.0,22.25,10.0
22115,METAL SIGN EMPIRE TEA,2011-12-04,28,32.120000000000005,1.6233333333333333,2011,12,4,48,4,6,49.0,74.0,48.75,14.0
22114,HOT WATER BOTTLE TEA AND SYMPATHY,2011-12-04,438,2460.96,5.10510101010101,2011,12,4,48,4,6,357.0,564.0,392.5,249.0
22113,GREY HEART HOT WATER BOTTLE,2011-12-04,110,511.02,4.835079365079365,2011,12,4,48,4,6,108.0,193.0,154.25,114.0
22112,CHOCOLATE HOT WATER BOTTLE,2011-12-04,449,2459.1400000000003,5.900839947089946,2011,12,4,48,4,6,222.0,549.0,360.0,213.0
22111,SCOTTIE DOG HOT WATER BOTTLE,2011-12-04,246,1271.5700000000002,5.9135317460317465,2011,12,4,48,4,6,160.0,295.0,214.75,176.0
22110,BIRD HOUSE HOT WATER BOTTLE,2011-12-04,124,392.39,4.210297619047619,2011,12,4,48,4,6,39.0,73.0,50.0,41.0
22109,FULL ENGLISH BREAKFAST PLATE,2011-12-04,92,412.21999999999997,5.065486111111111,2011,12,4,48,4,6,88.0,40.0,54.75,34.0
22123,PING MICROWAVE APRON,2011-12-04,23,31.53,3.295,2011,12,4,48,4,6,8.0,30.0,13.0,1.0
22197,POPCORN HOLDER,2011-12-04,3271,2864.9700000000003,0.9748371040723982,2011,12,4,48,4,6,2955.0,3142.0,2788.0,237.0
22153,ANGEL DECORATION STARS ON DRESS,2011-12-04,118,54.48,0.4883333333333333,2011,12,4,48,4,6,149.0,492.0,198.5,56.0
22155,STAR DECORATION RUSTIC,2011-12-04,35,23.72,0.7206666666666666,2011,12,4,48,4,6,101.0,418.0,208.5,134.0
22195,LARGE HEART MEASURING SPOONS,2011-12-04,42,107.02,2.634,2011,12,4,48,4,6,32.0,134.0,80.75,61.0
22193,RED DINER WALL CLOCK,2011-12-04,54,444.66,9.339166666666666,2011,12,4,48,4,6,22.0,30.0,24.0,12.0
22192,BLUE DINER WALL CLOCK,2011-12-04,17,160.76,9.584,2011,12,4,48,4,6,14.0,18.0,16.5,10.0
22191,IVORY DINER WALL CLOCK,2011-12-04,32,269.93,8.985333333333333,2011,12,4,48,4,6,15.0,38.0,20.5,15.0
22190,LOCAL CAFE MUG,2011-12-04,15,29.97,1.9739999999999998,2011,12,4,48,4,6,5.0,9.0,12.5,11.0
22189,CREAM HEART CARD HOLDER,2011-12-04,54,226.32000000000002,4.793888888888889,2011,12,4,48,4,6,33.0,42.0,123.5,95.0
22188,BLACK HEART CARD HOLDER,2011-12-04,11,47.790000000000006,5.396666666666667,2011,12,4,48,4,6,1.0,6.0,58.75,71.0
22187,GREEN CHRISTMAS TREE CARD HOLDER,2011-12-04,66,204.78,5.6483333333333325,2011,12,4,48,4,6,174.0,91.0,129.75,19.0
22186,RED STAR CARD HOLDER,2011-12-04,58,143.82,3.5116,2011,12,4,48,4,6,75.0,58.0,65.25,15.0
22185,SLATE TILE NATURAL HANGING,2011-12-04,24,39.599999999999994,1.65,2011,12,4,48,4,6,118.0,5.0,44.25,6.0
22182,CAKE STAND VICTORIAN FILIGREE SMALL,2011-12-04,27,44.85,3.716666666666667,2011,12,4,48,4,6,0.0,1.0,4.75,5.0
22181,SNOWSTORM PHOTO FRAME FRIDGE MAGNET,2011-12-04,20,17.0,0.85,2011,12,4,48,4,6,0.0,13.0,29.5,3.0
22179,SET 10 NIGHT OWL LIGHTS,2011-12-04,34,307.98,9.293333333333333,2011,12,4,48,4,6,48.0,50.0,31.75,41.0
22154,ANGEL DECORATION 3 BUTTONS ,2011-12-04,89,40.66,0.5111111111111111,2011,12,4,48,4,6,316.0,426.0,268.25,122.0
22178,VICTORIAN GLASS HANGING T-LIGHT,2011-12-04,749,1436.8799999999999,2.0406401515151518,2011,12,4,48,4,6,372.0,449.0,367.0,107.0
22174,PHOTO CUBE,2011-12-04,101,200.32999999999998,2.8823999999999996,2011,12,4,48,4,6,43.0,105.0,85.75,93.0
22173,METAL 4 HOOK HANGER FRENCH CHATEAU,2011-12-04,37,144.23000000000002,4.435833333333333,2011,12,4,48,4,6,30.0,134.0,79.75,47.0
22171,3 HOOK PHOTO SHELF ANTIQUE WHITE,2011-12-04,22,195.13,9.1775,2011,12,4,48,4,6,27.0,15.0,24.0,12.0
22170,PICTURE FRAME WOOD TRIPLE PORTRAIT,2011-12-04,8,54.0,6.75,2011,12,4,48,4,6,48.0,7.0,27.0,7.0
22169,FAMILY ALBUM WHITE PICTURE FRAME,2011-12-04,16,137.32999999999998,9.106666666666667,2011,12,4,48,4,6,67.0,9.0,29.0,24.0
22167, OVAL WALL MIRROR DIAMANTE ,2011-12-04,5,44.769999999999996,9.12,2011,12,4,48,4,6,5.0,8.0,4.5,1.0
22166,WALL MIRROR RECTANGLE DIAMANTE PINK,2011-12-04,2,31.58,15.79,2011,12,4,48,4,6,3.0,2.0,2.75,2.0
22165,"DIAMANTE HEART SHAPED WALL MIRROR, ",2011-12-04,7,134.17000000000002,16.166666666666668,2011,12,4,48,4,6,7.0,5.0,4.75,4.0
22164,STRING OF STARS CARD HOLDER,2011-12-04,24,70.80000000000001,2.95,2011,12,4,48,4,6,0.0,0.0,3.25,6.0
22163,HEART STRING MEMO HOLDER HANGING,2011-12-04,43,48.25,1.462,2011,12,4,48,4,6,64.0,114.0,98.0,2.0
22161,HEART DECORATION RUSTIC HANGING ,2011-12-04,81,18.27,0.9099999999999999,2011,12,4,48,4,6,131.0,75.0,160.75,43.0
22158,3 HEARTS HANGING DECORATION RUSTIC,2011-12-04,116,319.44,3.085555555555556,2011,12,4,48,4,6,270.0,580.0,306.25,56.0
22156,HEART DECORATION WITH PEARLS ,2011-12-04,51,51.92999999999999,1.2075,2011,12,4,48,4,6,115.0,25.0,60.0,15.0
22175,PINK OWL SOFT TOY,2011-12-04,31,94.29,3.1393333333333335,2011,12,4,48,4,6,33.0,29.0,67.75,2.0
22335,HEART DECORATION PAINTED ZINC ,2011-12-04,42,38.7,1.0,2011,12,4,48,4,6,21.0,55.0,37.25,43.0
22337,ANGEL DECORATION PAINTED ZINC ,2011-12-04,4,2.6,0.65,2011,12,4,48,4,6,40.0,85.0,69.5,28.0
22338,STAR DECORATION PAINTED ZINC ,2011-12-04,446,131.52,0.46222222222222226,2011,12,4,48,4,6,453.0,525.0,443.75,35.0
22466,FAIRY TALE COTTAGE NIGHT LIGHT,2011-12-04,96,193.73999999999998,2.495,2011,12,4,48,4,6,34.0,269.0,97.75,109.0
22465,HANGING METAL STAR LANTERN,2011-12-04,38,72.38,2.134,2011,12,4,48,4,6,141.0,84.0,73.5,60.0
22464,HANGING METAL HEART LANTERN,2011-12-04,85,144.54999999999998,2.27,2011,12,4,48,4,6,33.0,156.0,67.5,39.0
22460,EMBOSSED GLASS TEALIGHT HOLDER,2011-12-04,46,67.18,1.8886111111111112,2011,12,4,48,4,6,108.0,109.0,93.25,31.0
22457,NATURAL SLATE HEART CHALKBOARD ,2011-12-04,234,752.7800000000001,3.6340793650793652,2011,12,4,48,4,6,194.0,161.0,186.25,119.0
22456,NATURAL SLATE CHALKBOARD LARGE ,2011-12-04,24,163.89,6.787000000000001,2011,12,4,48,4,6,59.0,24.0,39.75,8.0
22743,MAKE YOUR OWN FLOWERPOWER CARD KIT,2011-12-04,10,35.18000000000001,4.2122222222222225,2011,12,4,48,4,6,13.0,15.0,13.0,16.0
22453,MEASURING TAPE BABUSHKA BLUE,2011-12-04,29,88.39000000000001,3.423333333333334,2011,12,4,48,4,6,7.0,6.0,6.75,49.0
22450,SILK PURSE BABUSHKA BLUE,2011-12-04,5,16.75,3.35,2011,12,4,48,4,6,4.0,5.0,3.75,11.0
22448,PIN CUSHION BABUSHKA RED,2011-12-04,12,15.0,1.25,2011,12,4,48,4,6,5.0,8.0,3.5,3.0
22446,PIN CUSHION BABUSHKA PINK,2011-12-04,39,90.93,2.6799999999999997,2011,12,4,48,4,6,11.0,23.0,18.5,6.0
22445,PENCIL CASE LIFE IS BEAUTIFUL,2011-12-04,9,40.75,4.725,2011,12,4,48,4,6,30.0,16.0,14.25,10.0
22442,GROW YOUR OWN FLOWERS SET OF 3,2011-12-04,17,33.15,1.95,2011,12,4,48,4,6,2.0,7.0,3.25,3.0
22467,GUMBALL COAT RACK,2011-12-04,252,585.0300000000001,2.7802777777777776,2011,12,4,48,4,6,224.0,175.0,231.75,161.0
22441,GROW YOUR OWN BASIL IN ENAMEL MUG,2011-12-04,27,60.76,2.5060000000000002,2011,12,4,48,4,6,28.0,48.0,38.5,17.0
22439,6 ROCKET BALLOONS ,2011-12-04,81,61.65,0.7625,2011,12,4,48,4,6,47.0,38.0,29.5,12.0
22438,BALLOON ART MAKE YOUR OWN FLOWERS,2011-12-04,72,47.42,1.715,2011,12,4,48,4,6,15.0,10.0,8.5,12.0
22437,SET OF 9 BLACK SKULL BALLOONS,2011-12-04,45,39.03,0.9475,2011,12,4,48,4,6,44.0,48.0,53.75,25.0
22436,12 COLOURED PARTY BALLOONS,2011-12-04,101,66.25,0.8,2011,12,4,48,4,6,48.0,94.0,57.5,26.0
22435,SET OF 9 HEART SHAPED BALLOONS,2011-12-04,48,60.0,1.25,2011,12,4,48,4,6,32.0,60.0,54.0,30.0
22434,BALLOON PUMP WITH 10 BALLOONS,2011-12-04,19,37.05,1.95,2011,12,4,48,4,6,20.0,6.0,11.25,28.0
22433,WATERING CAN GREEN DINOSAUR,2011-12-04,9,24.089999999999996,3.585,2011,12,4,48,4,6,0.0,10.0,26.5,22.0
22432,WATERING CAN PINK BUNNY,2011-12-04,1,4.13,4.13,2011,12,4,48,4,6,0.0,0.0,15.0,14.0
22431,WATERING CAN BLUE ELEPHANT,2011-12-04,6,22.39,3.5324999999999998,2011,12,4,48,4,6,5.0,21.0,31.25,30.0
22430,ENAMEL WATERING CAN CREAM,2011-12-04,1,4.95,4.95,2011,12,4,48,4,6,10.0,0.0,9.75,5.0
22429,ENAMEL MEASURING JUG CREAM,2011-12-04,25,126.44999999999999,5.246533333333334,2011,12,4,48,4,6,12.0,31.0,16.25,13.0
22428,ENAMEL FIRE BUCKET CREAM,2011-12-04,4,34.980000000000004,8.146666666666667,2011,12,4,48,4,6,9.0,2.0,4.25,17.0
22427,ENAMEL FLOWER JUG CREAM,2011-12-04,12,65.4,5.45,2011,12,4,48,4,6,0.0,0.0,0.0,13.0
22440,BALLOON WATER BOMB PACK OF 35,2011-12-04,133,55.86,0.42,2011,12,4,48,4,6,66.0,61.0,46.25,51.0
22426,ENAMEL WASH BOWL CREAM,2011-12-04,8,43.62,6.5874999999999995,2011,12,4,48,4,6,10.0,27.0,11.5,14.0
22468,BABUSHKA LIGHTS STRING OF 10,2011-12-04,18,147.66,11.11,2011,12,4,48,4,6,24.0,33.0,19.75,26.0
22470,HEART OF WICKER LARGE,2011-12-04,861,2732.79,3.0736000000000003,2011,12,4,48,4,6,155.0,103.0,232.25,171.0
22514,CHILDS GARDEN SPADE BLUE,2011-12-04,19,74.41,3.9608333333333334,2011,12,4,48,4,6,4.0,2.0,2.0,3.0
22511,RETROSPOT BABUSHKA DOORSTOP,2011-12-04,14,17.73,3.013333333333333,2011,12,4,48,4,6,4.0,4.0,5.5,4.0
22509,SEWING BOX RETROSPOT DESIGN ,2011-12-04,25,154.13,17.795,2011,12,4,48,4,6,0.0,3.0,2.5,1.0
22508,DOORSTOP RETROSPOT HEART,2011-12-04,25,116.01,4.863,2011,12,4,48,4,6,51.0,22.0,33.75,15.0
22507,MEMO BOARD RETROSPOT  DESIGN,2011-12-04,42,260.46000000000004,7.174761904761905,2011,12,4,48,4,6,37.0,51.0,44.5,19.0
22505,MEMO BOARD COTTAGE DESIGN,2011-12-04,16,90.88,5.923333333333334,2011,12,4,48,4,6,10.0,42.0,40.25,17.0
22500,SET OF 2 TINS JARDIN DE PROVENCE,2011-12-04,5,9.95,3.1,2011,12,4,48,4,6,3.0,3.0,2.5,4.0
22499,WOODEN UNION JACK BUNTING,2011-12-04,21,136.65,7.12,2011,12,4,48,4,6,14.0,13.0,10.25,7.0
22496,SET OF 2 ROUND TINS DUTCH CHEESE,2011-12-04,5,14.75,2.95,2011,12,4,48,4,6,2.0,6.0,5.0,1.0
22494,EMERGENCY FIRST AID TIN ,2011-12-04,15,28.43,1.9558333333333333,2011,12,4,48,4,6,16.0,49.0,21.5,33.0
22493,PAINT YOUR OWN CANVAS SET,2011-12-04,64,107.24,1.832222222222222,2011,12,4,48,4,6,61.0,51.0,41.25,50.0
22492,MINI PAINT SET VINTAGE ,2011-12-04,301,208.39000000000001,0.8949999999999999,2011,12,4,48,4,6,402.0,679.0,757.75,470.0
22491,PACK OF 12 COLOURED PENCILS,2011-12-04,24,22.74,0.99625,2011,12,4,48,4,6,60.0,213.0,115.25,101.0
22469,HEART OF WICKER SMALL,2011-12-04,809,1534.01,1.9189365079365077,2011,12,4,48,4,6,213.0,361.0,480.25,322.0
22489,PACK OF 12 TRADITIONAL CRAYONS,2011-12-04,251,119.77,0.5817222222222221,2011,12,4,48,4,6,215.0,557.0,225.75,64.0
22487,WHITE WOOD GARDEN PLANT LADDER,2011-12-04,6,89.73,14.955,2011,12,4,48,4,6,8.0,26.0,15.0,5.0
22485,SET OF 2 WOODEN MARKET CRATES,2011-12-04,12,214.05,18.34625,2011,12,4,48,4,6,7.0,20.0,12.0,4.0
22483,RED GINGHAM TEDDY BEAR ,2011-12-04,16,52.88,4.086,2011,12,4,48,4,6,26.0,18.0,25.5,7.0
22481,BLACK TEA TOWEL CLASSIC DESIGN,2011-12-04,30,17.21,0.97125,2011,12,4,48,4,6,18.0,11.0,12.25,5.0
22479,DAISY GARDEN MARKER,2011-12-04,4,6.21,1.855,2011,12,4,48,4,6,3.0,11.0,4.75,4.0
POST,POSTAGE,2011-12-04,109,2212.0,21.338822751322752,2011,12,4,48,4,6,94.0,154.0,101.5,44.0
22477,WATERING CAN GARDEN MARKER,2011-12-04,64,84.84,2.0566666666666666,2011,12,4,48,4,6,7.0,20.0,11.75,17.0
22476,EMPIRE UNION JACK TV DINNER TRAY,2011-12-04,15,67.61,5.883333333333333,2011,12,4,48,4,6,30.0,4.0,10.0,11.0
22475,SKULL DESIGN TV DINNER TRAY,2011-12-04,24,106.48,4.139333333333333,2011,12,4,48,4,6,36.0,14.0,15.25,2.0
22474,SPACEBOY TV DINNER TRAY,2011-12-04,19,137.60999999999999,7.269999999999999,2011,12,4,48,4,6,5.0,9.0,8.5,5.0
22473,TV DINNER TRAY VINTAGE PAISLEY,2011-12-04,15,44.09,4.91,2011,12,4,48,4,6,19.0,5.0,8.0,10.0
22472,TV DINNER TRAY DOLLY GIRL,2011-12-04,12,56.24,4.93,2011,12,4,48,4,6,3.0,4.0,7.0,6.0
22471,TV DINNER TRAY AIR HOSTESS ,2011-12-04,10,55.18,8.343333333333332,2011,12,4,48,4,6,8.0,7.0,6.75,8.0
22488,NATURAL SLATE RECTANGLE CHALKBOARD,2011-12-04,3,4.949999999999999,1.65,2011,12,4,48,4,6,154.0,91.0,88.0,13.0
22425,ENAMEL COLANDER CREAM,2011-12-04,4,29.82,8.290000000000001,2011,12,4,48,4,6,23.0,7.0,10.25,4.0
22424,ENAMEL BREAD BIN CREAM,2011-12-04,19,278.88,16.6165,2011,12,4,48,4,6,11.0,21.0,16.5,19.0
22423,REGENCY CAKESTAND 3 TIER,2011-12-04,236,3254.04,16.292833333333334,2011,12,4,48,4,6,260.0,234.0,235.5,622.0
22376,AIRLINE BAG VINTAGE JET SET WHITE,2011-12-04,8,34.0,4.25,2011,12,4,48,4,6,8.0,4.0,6.0,10.0
22375,AIRLINE BAG VINTAGE JET SET BROWN,2011-12-04,6,41.66,7.279999999999999,2011,12,4,48,4,6,17.0,9.0,10.25,5.0
22374,AIRLINE BAG VINTAGE JET SET RED,2011-12-04,17,80.33,5.26,2011,12,4,48,4,6,20.0,7.0,17.75,7.0
22372,AIRLINE BAG VINTAGE WORLD CHAMPION ,2011-12-04,12,63.12,6.6739999999999995,2011,12,4,48,4,6,13.0,7.0,11.0,5.0
22371,AIRLINE BAG VINTAGE TOKYO 78,2011-12-04,40,222.04,6.068777777777778,2011,12,4,48,4,6,63.0,38.0,40.5,18.0
22367,CHILDRENS APRON SPACEBOY DESIGN,2011-12-04,70,150.41,2.469027777777778,2011,12,4,48,4,6,187.0,151.0,162.25,44.0
22366,DOORMAT AIRMAIL ,2011-12-04,12,87.3,7.665,2011,12,4,48,4,6,12.0,16.0,18.0,13.0
22365,DOORMAT RESPECTABLE HOUSE,2011-12-04,10,112.66,12.962499999999999,2011,12,4,48,4,6,52.0,54.0,33.5,19.0
22364,GLASS JAR DIGESTIVE BISCUITS,2011-12-04,3,14.530000000000001,5.08,2011,12,4,48,4,6,11.0,18.0,10.25,4.0
22363,GLASS JAR MARMALADE ,2011-12-04,2,11.58,5.79,2011,12,4,48,4,6,2.0,5.0,2.5,1.0
22362,GLASS JAR PEACOCK BATH SALTS,2011-12-04,7,20.650000000000002,2.95,2011,12,4,48,4,6,4.0,8.0,6.5,17.0
22361,GLASS JAR DAISY FRESH COTTON WOOL,2011-12-04,27,113.73000000000002,4.616133333333333,2011,12,4,48,4,6,10.0,15.0,12.5,4.0
22360,GLASS JAR ENGLISH CONFECTIONERY,2011-12-04,11,55.17,5.1273333333333335,2011,12,4,48,4,6,13.0,25.0,11.5,6.0
22378,WALL TIDY RETROSPOT ,2011-12-04,20,59.9,3.65125,2011,12,4,48,4,6,14.0,31.0,18.0,7.0
22359,GLASS JAR KINGS CHOICE,2011-12-04,5,20.43,3.66,2011,12,4,48,4,6,0.0,3.0,2.75,3.0
22357,KINGS CHOICE BISCUIT TIN,2011-12-04,28,121.72,4.447333333333333,2011,12,4,48,4,6,20.0,21.0,18.0,15.0
22356,CHARLOTTE BAG PINK POLKADOT,2011-12-04,209,382.15,1.5506666666666666,2011,12,4,48,4,6,490.0,227.0,327.75,110.0
22355,CHARLOTTE BAG SUKI DESIGN,2011-12-04,712,1569.87,1.737861111111111,2011,12,4,48,4,6,671.0,440.0,463.75,307.0
22352,LUNCH BOX WITH CUTLERY RETROSPOT ,2011-12-04,22,68.82,3.2136666666666667,2011,12,4,48,4,6,36.0,29.0,41.75,40.0
22350,ILLUSTRATED CAT BOWL ,2011-12-04,21,58.37,2.85125,2011,12,4,48,4,6,0.0,13.0,6.25,3.0
22349,DOG BOWL CHASING BALL DESIGN,2011-12-04,24,90.0,3.75,2011,12,4,48,4,6,4.0,9.0,5.25,13.0
22348,TEA BAG PLATE RED RETROSPOT,2011-12-04,98,95.0,1.24,2011,12,4,48,4,6,120.0,104.0,96.0,33.0
22346,PARTY PIZZA DISH GREEN POLKADOT,2011-12-04,9,1.7100000000000002,0.19,2011,12,4,48,4,6,18.0,3.0,5.25,12.0
22345,PARTY PIZZA DISH BLUE POLKADOT,2011-12-04,9,1.7100000000000002,0.19,2011,12,4,48,4,6,6.0,1.0,4.5,13.0
22344,PARTY PIZZA DISH PINK POLKADOT,2011-12-04,3,0.5700000000000001,0.19,2011,12,4,48,4,6,18.0,1.0,4.75,12.0
22343,PARTY PIZZA DISH RED RETROSPOT,2011-12-04,4,2.2,0.9099999999999999,2011,12,4,48,4,6,18.0,37.0,13.75,6.0
22342,HOME GARLAND PAINTED ZINC ,2011-12-04,25,21.29,2.02,2011,12,4,48,4,6,1.0,3.0,9.25,1.0
22341,LOVE GARLAND PAINTED ZINC ,2011-12-04,1,3.29,3.29,2011,12,4,48,4,6,1.0,6.0,2.75,12.0
22358,KINGS CHOICE TEA CADDY ,2011-12-04,19,70.25,4.133333333333334,2011,12,4,48,4,6,10.0,12.0,13.75,20.0
22379,RECYCLING BAG RETROSPOT ,2011-12-04,147,356.08000000000004,3.236777777777778,2011,12,4,48,4,6,116.0,90.0,91.25,90.0
22380,TOY TIDY SPACEBOY  ,2011-12-04,17,51.94,3.6225,2011,12,4,48,4,6,27.0,36.0,25.5,11.0
22381,TOY TIDY PINK POLKADOT,2011-12-04,55,131.82999999999998,3.391666666666667,2011,12,4,48,4,6,34.0,77.0,45.5,55.0
22422,TOOTHPASTE TUBE PEN,2011-12-04,116,59.34,0.9783333333333334,2011,12,4,48,4,6,73.0,50.0,44.5,20.0
22421,LIPSTICK PEN FUSCHIA,2011-12-04,29,19.97,0.7343333333333333,2011,12,4,48,4,6,32.0,302.0,130.25,18.0
22420,LIPSTICK PEN BABY PINK,2011-12-04,27,15.44,0.5566666666666666,2011,12,4,48,4,6,73.0,141.0,77.75,3.0
22419,LIPSTICK PEN RED,2011-12-04,275,142.29999999999998,0.63275,2011,12,4,48,4,6,133.0,72.0,118.75,54.0
22418,10 COLOUR SPACEBOY PEN,2011-12-04,97,83.22999999999999,0.915,2011,12,4,48,4,6,111.0,272.0,189.75,241.0
22417,PACK OF 60 SPACEBOY CAKE CASES,2011-12-04,107,60.95,0.7833333333333334,2011,12,4,48,4,6,252.0,87.0,167.5,159.0
22416,SET OF 36 SPACEBOY PAPER DOILIES,2011-12-04,18,26.099999999999998,1.45,2011,12,4,48,4,6,1.0,0.0,7.5,2.0
22414,DOORMAT NEIGHBOURHOOD WITCH ,2011-12-04,1,15.79,15.79,2011,12,4,48,4,6,3.0,8.0,4.0,2.0
22413,METAL SIGN TAKE IT OR LEAVE IT ,2011-12-04,27,82.49000000000001,3.2340000000000004,2011,12,4,48,4,6,1.0,30.0,28.75,25.0
22411,JUMBO SHOPPER VINTAGE RED PAISLEY,2011-12-04,340,716.65,2.5190836940836943,2011,12,4,48,4,6,355.0,280.0,338.25,168.0
22409,MONEY BOX BISCUITS DESIGN,2011-12-04,1,1.25,1.25,2011,12,4,48,4,6,1.0,3.0,1.0,25.0
22408,MONEY BOX CONFECTIONERY DESIGN,2011-12-04,13,17.46,1.855,2011,12,4,48,4,6,0.0,13.0,3.25,12.0
22406,MONEY BOX KINGS CHOICE DESIGN,2011-12-04,20,27.259999999999998,1.48875,2011,12,4,48,4,6,3.0,7.0,6.75,20.0
22405,MONEY BOX POCKET MONEY DESIGN,2011-12-04,3,6.17,1.855,2011,12,4,48,4,6,8.0,13.0,5.75,20.0
22403,MAGNETS PACK OF 4 VINTAGE LABELS ,2011-12-04,25,9.75,0.39,2011,12,4,48,4,6,37.0,27.0,26.25,12.0
22402,MAGNETS PACK OF 4 VINTAGE COLLAGE,2011-12-04,78,41.46,0.43599999999999994,2011,12,4,48,4,6,18.0,57.0,54.5,13.0
22400,MAGNETS PACK OF 4 HOME SWEET HOME,2011-12-04,53,24.810000000000002,1.08,2011,12,4,48,4,6,16.0,71.0,55.5,12.0
22399,MAGNETS PACK OF 4 CHILDHOOD MEMORY,2011-12-04,24,30.0,1.25,2011,12,4,48,4,6,1.0,2.0,1.5,24.0
22398,MAGNETS PACK OF 4 SWALLOWS,2011-12-04,89,34.71,0.39,2011,12,4,48,4,6,37.0,81.0,81.5,13.0
22396,MAGNETS PACK OF 4 RETRO PHOTO,2011-12-04,62,24.18,0.39,2011,12,4,48,4,6,4.0,46.0,28.0,3.0
22395,PAPERWEIGHT VINTAGE PAISLEY,2011-12-04,7,20.259999999999998,3.755,2011,12,4,48,4,6,2.0,1.0,1.25,1.0
22394,PAPERWEIGHT KINGS CHOICE ,2011-12-04,10,30.32,3.1525,2011,12,4,48,4,6,0.0,0.0,0.25,1.0
22393,PAPERWEIGHT VINTAGE COLLAGE,2011-12-04,22,39.82,2.6333333333333333,2011,12,4,48,4,6,1.0,14.0,5.5,1.0
22390,PAPERWEIGHT CHILDHOOD MEMORIES,2011-12-04,1,4.96,4.96,2011,12,4,48,4,6,1.0,15.0,6.0,6.0
22386,JUMBO BAG PINK POLKADOT,2011-12-04,436,862.9300000000001,2.7081111111111107,2011,12,4,48,4,6,253.0,521.0,400.5,107.0
22385,JUMBO BAG SPACEBOY DESIGN,2011-12-04,333,649.34,2.7074166666666666,2011,12,4,48,4,6,113.0,147.0,184.75,9.0
22384,LUNCH BAG PINK POLKADOT,2011-12-04,149,276.46,2.247440476190476,2011,12,4,48,4,6,140.0,256.0,202.5,123.0
22383,LUNCH BAG SUKI DESIGN ,2011-12-04,136,257.48,2.189861111111111,2011,12,4,48,4,6,288.0,156.0,222.75,61.0
22382,LUNCH BAG SPACEBOY DESIGN ,2011-12-04,125,223.60999999999999,2.4766666666666666,2011,12,4,48,4,6,427.0,410.0,368.25,59.0
22517,CHILDS GARDEN RAKE PINK,2011-12-04,9,35.14,3.7916666666666665,2011,12,4,48,4,6,4.0,2.0,2.0,1.0
22744,MAKE YOUR OWN MONSOON CARD KIT,2011-12-04,39,61.050000000000004,2.41,2011,12,4,48,4,6,15.0,13.0,16.25,21.0
22834,HAND WARMER BABUSHKA DESIGN,2011-12-04,62,135.09,2.451111111111111,2011,12,4,48,4,6,19.0,23.0,57.75,160.0
22746,POPPY'S PLAYHOUSE LIVINGROOM ,2011-12-04,15,43.19,3.185,2011,12,4,48,4,6,30.0,66.0,36.0,38.0
84832,ZINC WILLIE WINKIE  CANDLE STICK,2011-12-04,143,125.44999999999999,1.0125,2011,12,4,48,4,6,90.0,184.0,141.5,42.0
84828,JUNGLE POPSICLES ICE LOLLY MOULDS,2011-12-04,28,39.84,2.0566666666666666,2011,12,4,48,4,6,17.0,19.0,10.0,11.0
84819,DANISH ROSE ROUND SEWING BOX,2011-12-04,38,50.78,2.52,2011,12,4,48,4,6,0.0,0.0,2.0,3.0
84792,ENCHANTED BIRD COATHANGER 5 HOOK,2011-12-04,20,93.0,4.65,2011,12,4,48,4,6,22.0,29.0,25.75,16.0
84755,COLOUR GLASS T-LIGHT HOLDER HANGING,2011-12-04,40,40.16,1.1416666666666666,2011,12,4,48,4,6,348.0,144.0,231.0,140.0
84692,BOX OF 24 COCKTAIL PARASOLS,2011-12-04,86,41.86,0.5794444444444444,2011,12,4,48,4,6,138.0,144.0,188.5,184.0
84674,FLYING PIG WATERING CAN,2011-12-04,2,8.74,4.37,2011,12,4,48,4,6,1.0,3.0,1.25,6.0
84673B,BLUE FLY SWAT,2011-12-04,6,9.78,1.63,2011,12,4,48,4,6,4.0,6.0,3.75,1.0
84661B,BLACK SQUARE TABLE CLOCK,2011-12-04,33,87.21000000000001,2.2725,2011,12,4,48,4,6,0.0,2.0,0.75,1.0
84625A,PINK NEW BAROQUECANDLESTICK CANDLE,2011-12-04,1,0.85,0.85,2011,12,4,48,4,6,0.0,0.0,0.0,13.0
84609,TALL ROCOCO CANDLE HOLDER,2011-12-04,4,34.0,8.5,2011,12,4,48,4,6,20.0,0.0,7.0,1.0
84598,BOYS ALPHABET IRON ON PATCHES,2011-12-04,41,17.22,0.42,2011,12,4,48,4,6,21.0,314.0,97.75,3.0
84596G,SMALL CHOCOLATES PINK BOWL,2011-12-04,16,6.72,0.42,2011,12,4,48,4,6,45.0,43.0,38.75,2.0
84596F,SMALL MARSHMALLOWS PINK BOWL,2011-12-04,154,81.49,0.5680555555555555,2011,12,4,48,4,6,90.0,92.0,87.25,1.0
84581,DOG TOY WITH PINK CROCHET SKIRT,2011-12-04,6,23.259999999999998,3.94,2011,12,4,48,4,6,2.0,5.0,8.5,3.0
84580,MOUSE TOY WITH PINK T-SHIRT,2011-12-04,27,102.00999999999999,3.9019999999999997,2011,12,4,48,4,6,15.0,20.0,16.25,5.0
84559A,3D SHEET OF DOG STICKERS,2011-12-04,5,8.149999999999999,1.63,2011,12,4,48,4,6,3.0,4.0,17.25,15.0
84536B,FAIRY CAKES NOTEBOOK A7 SIZE,2011-12-04,7,4.58,0.6933333333333334,2011,12,4,48,4,6,23.0,53.0,39.5,9.0
84536A,ENGLISH ROSE NOTEBOOK A7 SIZE,2011-12-04,128,56.22,0.5908333333333333,2011,12,4,48,4,6,129.0,114.0,113.75,22.0
84535B,FAIRY CAKES NOTEBOOK A6 SIZE,2011-12-04,52,33.800000000000004,0.65,2011,12,4,48,4,6,43.0,22.0,28.75,2.0
84519B,CARROT CHARLIE+LOLA COASTER SET,2011-12-04,13,16.25,1.25,2011,12,4,48,4,6,8.0,24.0,20.0,2.0
84519A,TOMATO CHARLIE+LOLA COASTER SET,2011-12-04,15,23.29,2.158,2011,12,4,48,4,6,7.0,45.0,24.5,6.0
84510A,SET OF 4 ENGLISH ROSE COASTERS,2011-12-04,46,62.34,1.7541666666666667,2011,12,4,48,4,6,14.0,36.0,26.5,26.0
84509G,SET OF 4 FAIRY CAKE PLACEMATS ,2011-12-04,5,6.25,1.25,2011,12,4,48,4,6,16.0,2.0,4.5,4.0
84509A,SET OF 4 ENGLISH ROSE PLACEMATS,2011-12-04,15,74.8,6.965333333333334,2011,12,4,48,4,6,22.0,17.0,17.25,9.0
84836,ZINC METAL HEART DECORATION,2011-12-04,62,79.92,1.4113333333333333,2011,12,4,48,4,6,97.0,201.0,196.0,103.0
84406B,CREAM CUPID HEARTS COAT HANGER,2011-12-04,25,107.89000000000001,4.564,2011,12,4,48,4,6,4.0,27.0,17.5,158.0
84849D,HOT BATHS SOAP HOLDER,2011-12-04,2,3.38,1.69,2011,12,4,48,4,6,3.0,75.0,23.0,13.0
84880,WHITE WIRE EGG HOLDER,2011-12-04,4,30.0,7.5,2011,12,4,48,4,6,0.0,2.0,2.75,58.0
84988,SET OF 72 PINK HEART PAPER DOILIES,2011-12-04,35,62.7,2.3415,2011,12,4,48,4,6,359.0,65.0,132.0,44.0
84987,SET OF 36 TEATIME PAPER DOILIES,2011-12-04,54,78.3,1.45,2011,12,4,48,4,6,55.0,42.0,84.25,4.0
84978,HANGING HEART JAR T-LIGHT HOLDER,2011-12-04,267,364.47,1.4094444444444445,2011,12,4,48,4,6,86.0,420.0,256.0,12.0
84976,RECTANGULAR SHAPED MIRROR,2011-12-04,1,3.29,3.29,2011,12,4,48,4,6,0.0,0.0,3.0,1.0
84971S,SMALL HEART FLOWERS HOOK ,2011-12-04,9,10.309999999999999,0.9566666666666667,2011,12,4,48,4,6,30.0,1.0,23.5,45.0
84970s,HANGING HEART ZINC T-LIGHT HOLDER,2011-12-04,1,2.08,2.08,2011,12,4,48,4,6,5.0,2.0,10.5,6.0
84970l,SINGLE HEART ZINC T-LIGHT HOLDER,2011-12-04,5,10.4,2.08,2011,12,4,48,4,6,12.0,1.0,10.0,8.0
84970S,HANGING HEART ZINC T-LIGHT HOLDER,2011-12-04,264,232.73999999999998,1.3040277777777778,2011,12,4,48,4,6,198.0,82.0,98.0,196.0
84970L,SINGLE HEART ZINC T-LIGHT HOLDER,2011-12-04,180,264.84000000000003,1.503611111111111,2011,12,4,48,4,6,43.0,24.0,67.0,99.0
84969,BOX OF 6 ASSORTED COLOUR TEASPOONS,2011-12-04,28,131.12,6.0175,2011,12,4,48,4,6,6.0,3.0,5.75,12.0
84968A,SET OF 16 VINTAGE ROSE CUTLERY,2011-12-04,1,12.75,12.75,2011,12,4,48,4,6,2.0,2.0,2.0,1.0
84950,ASSORTED COLOUR T-LIGHT HOLDER,2011-12-04,78,55.08,0.7716666666666666,2011,12,4,48,4,6,66.0,48.0,45.0,1854.0
84949,SILVER HANGING T-LIGHT HOLDER,2011-12-04,231,357.27,2.177222222222222,2011,12,4,48,4,6,62.0,372.0,160.75,174.0
84947,ANTIQUE SILVER TEA GLASS ENGRAVED,2011-12-04,377,423.79,1.4147222222222222,2011,12,4,48,4,6,69.0,527.0,304.5,94.0
84946,ANTIQUE SILVER T-LIGHT GLASS,2011-12-04,489,680.22,1.4691924603174602,2011,12,4,48,4,6,577.0,809.0,828.0,224.0
84945,MULTI COLOUR SILVER T-LIGHT HOLDER,2011-12-04,552,444.23999999999995,0.8456666666666667,2011,12,4,48,4,6,559.0,276.0,415.75,126.0
84927F,PSYCHEDELIC TILE HOOK,2011-12-04,6,2.34,0.39,2011,12,4,48,4,6,42.0,4.0,25.0,1.0
84926A,WAKE UP COCKEREL TILE COASTER,2011-12-04,48,13.919999999999998,0.29,2011,12,4,48,4,6,24.0,24.0,18.0,5.0
84924A,WAKE UP COCKEREL CALENDAR SIGN ,2011-12-04,2,7.5,3.75,2011,12,4,48,4,6,14.0,1.0,4.25,1.0
84923,PINK BUTTERFLY HANDBAG W BOBBLES,2011-12-04,10,41.3,4.13,2011,12,4,48,4,6,1.0,7.0,5.5,3.0
84920,PINK FLOWER FABRIC PONY,2011-12-04,1,3.75,3.75,2011,12,4,48,4,6,0.0,0.0,0.75,5.0
84915,HAND TOWEL PINK FLOWER AND DAISY,2011-12-04,2,8.26,4.13,2011,12,4,48,4,6,0.0,1.0,0.25,2.0
84913B,MINT GREEN ROSE TOWEL,2011-12-04,12,55.800000000000004,4.65,2011,12,4,48,4,6,0.0,0.0,0.5,5.0
84912B,GREEN ROSE WASHBAG,2011-12-04,21,72.31,3.382,2011,12,4,48,4,6,9.0,12.0,7.75,3.0
84884A,ANT WHITE WIRE HEART SPIRAL,2011-12-04,1,8.29,8.29,2011,12,4,48,4,6,2.0,5.0,3.0,10.0
84879,ASSORTED COLOUR BIRD ORNAMENT,2011-12-04,953,1568.09,1.762361111111111,2011,12,4,48,4,6,1026.0,1310.0,1261.0,904.0
84991,60 TEATIME FAIRY CAKE CASES,2011-12-04,136,76.9,0.6666666666666667,2011,12,4,48,4,6,357.0,547.0,340.75,284.0
84380,SET OF 3 BUTTERFLY COOKIE CUTTERS,2011-12-04,86,144.72,1.832472222222222,2011,12,4,48,4,6,207.0,81.0,119.25,42.0
84375,SET OF 20 KIDS COOKIE CUTTERS,2011-12-04,121,278.46000000000004,2.9458333333333333,2011,12,4,48,4,6,183.0,119.0,136.0,159.0
82494L,WOODEN FRAME ANTIQUE WHITE ,2011-12-04,268,815.34,3.1053439153439157,2011,12,4,48,4,6,285.0,244.0,231.75,162.0
82486,3 DRAWER ANTIQUE WHITE WOOD CABINET,2011-12-04,101,855.95,8.75,2011,12,4,48,4,6,71.0,62.0,63.0,41.0
82484,WOOD BLACK BOARD ANT WHITE FINISH,2011-12-04,104,772.16,8.533333333333333,2011,12,4,48,4,6,83.0,48.0,84.5,58.0
82483,WOOD 2 DRAWER CABINET WHITE FINISH,2011-12-04,106,719.0600000000001,7.527111111111111,2011,12,4,48,4,6,92.0,45.0,75.0,84.0
82482,WOODEN PICTURE FRAME WHITE FINISH,2011-12-04,216,640.71,3.4102777777777784,2011,12,4,48,4,6,136.0,181.0,253.25,130.0
82001S,SILVER RECORD COVER FRAME,2011-12-04,55,200.1,5.485,2011,12,4,48,4,6,4.0,2.0,12.0,62.0
79321,CHILLI LIGHTS,2011-12-04,314,1717.92,7.875800000000001,2011,12,4,48,4,6,959.0,389.0,499.0,604.0
79302M,"ART LIGHTS,FUNK MONKEY",2011-12-04,7,23.490000000000002,4.37,2011,12,4,48,4,6,35.0,7.0,15.5,28.0
79191C,RETRO PLASTIC ELEPHANT TRAY,2011-12-04,38,32.3,0.85,2011,12,4,48,4,6,1.0,157.0,46.0,2.0
79190D,RETRO PLASTIC DAISY TRAY,2011-12-04,15,6.3,0.42,2011,12,4,48,4,6,5.0,0.0,6.75,1.0
79190A,RETRO PLASTIC 70'S TRAY,2011-12-04,18,8.79,0.6933333333333334,2011,12,4,48,4,6,2.0,18.0,23.0,1.0
79151B,"SILICON CUBE 25W, BLUE",2011-12-04,10,4.2,0.42,2011,12,4,48,4,6,0.0,0.0,0.0,1.0
79149B,SILICON STAR BULB  BLUE,2011-12-04,10,4.2,0.42,2011,12,4,48,4,6,1.0,1.0,0.5,1.0
79144B,PAINTED LIGHTBULB STAR+ MOON,2011-12-04,8,4.18,0.625,2011,12,4,48,4,6,1.0,2.0,2.0,2.0
79066K,RETRO MOD TRAY,2011-12-04,41,36.41,1.045,2011,12,4,48,4,6,55.0,24.0,45.75,17.0
75049L,LARGE CIRCULAR MIRROR MOBILE,2011-12-04,210,188.11999999999998,1.385,2011,12,4,48,4,6,412.0,12.0,167.75,1.0
72802A,ROSE SCENT CANDLE IN JEWELLED BOX,2011-12-04,18,68.58,3.81,2011,12,4,48,4,6,0.0,36.0,9.0,8.0
72800E,4 IVORY DINNER CANDLES SILVER FLOCK,2011-12-04,12,30.319999999999997,2.6075,2011,12,4,48,4,6,22.0,22.0,17.0,20.0
72800D,4 BLUE DINNER CANDLES SILVER FLOCK,2011-12-04,1,2.55,2.55,2011,12,4,48,4,6,0.0,3.0,2.0,12.0
72800B, 4 PURPLE FLOCK DINNER CANDLES,2011-12-04,12,30.599999999999998,2.55,2011,12,4,48,4,6,20.0,7.0,8.5,14.0
72799E,IVORY PILLAR CANDLE SILVER FLOCK,2011-12-04,5,16.11,3.176666666666667,2011,12,4,48,4,6,19.0,3.0,11.25,5.0
72760B,VINTAGE CREAM 3 BASKET CAKE STAND,2011-12-04,6,59.699999999999996,9.95,2011,12,4,48,4,6,4.0,7.0,7.0,6.0
72741,GRAND CHOCOLATECANDLE,2011-12-04,237,318.78,1.4879166666666668,2011,12,4,48,4,6,276.0,233.0,181.25,278.0
72598,SET/12 TAPER CANDLES,2011-12-04,4,3.4,0.85,2011,12,4,48,4,6,114.0,54.0,61.75,17.0
72586,SET OF 6 HALLOWEEN GHOST T-LIGHTS,2011-12-04,1,0.83,0.83,2011,12,4,48,4,6,2.0,0.0,1.0,2.0
82494l,WOODEN FRAME ANTIQUE WHITE ,2011-12-04,13,107.76999999999998,8.29,2011,12,4,48,4,6,19.0,2.0,8.5,16.0
84378,SET OF 3 HEART COOKIE CUTTERS,2011-12-04,912,1193.8600000000001,1.747472222222222,2011,12,4,48,4,6,243.0,122.0,139.5,35.0
82551,LAUNDRY 15C METAL SIGN,2011-12-04,39,61.599999999999994,1.891875,2011,12,4,48,4,6,248.0,126.0,120.0,38.0
82567,"AIRLINE LOUNGE,METAL SIGN",2011-12-04,33,64.60000000000001,1.9120000000000001,2011,12,4,48,4,6,19.0,20.0,20.75,14.0
84347,ROTATING SILVER ANGELS T-LIGHT HLDR,2011-12-04,728,2403.31,3.3172420634920634,2011,12,4,48,4,6,1170.0,735.0,704.5,695.0
84279P,CHERRY BLOSSOM  DECORATIVE FLASK,2011-12-04,19,80.33,4.3175,2011,12,4,48,4,6,15.0,12.0,8.75,7.0
84212,"ASSORTED FLOWER COLOUR ""LEIS""",2011-12-04,480,201.6,0.42,2011,12,4,48,4,6,30.0,2.0,21.25,1.0
84086C,PINK/PURPLE RETRO RADIO,2011-12-04,24,70.80000000000001,2.95,2011,12,4,48,4,6,0.0,4.0,10.5,2.0
84077,WORLD WAR 2 GLIDERS ASSTD DESIGNS,2011-12-04,689,203.54999999999998,0.34099999999999997,2011,12,4,48,4,6,915.0,1170.0,1056.5,3409.0
84051,ASS COLOUR GLOWING TIARAS,2011-12-04,1,0.85,0.85,2011,12,4,48,4,6,4.0,11.0,6.25,4.0
84032B,CHARLIE + LOLA RED HOT WATER BOTTLE,2011-12-04,74,143.02,2.5941666666666667,2011,12,4,48,4,6,25.0,52.0,33.5,112.0
84032A,CHARLIE+LOLA PINK HOT WATER BOTTLE,2011-12-04,78,176.18,3.246666666666667,2011,12,4,48,4,6,26.0,52.0,34.75,77.0
84031B,CHARLIE LOLA BLUE HOT WATER BOTTLE ,2011-12-04,9,36.370000000000005,3.6050000000000004,2011,12,4,48,4,6,10.0,6.0,10.0,11.0
84031A,CHARLIE+LOLA RED HOT WATER BOTTLE ,2011-12-04,58,103.38,3.4966666666666666,2011,12,4,48,4,6,15.0,8.0,11.75,24.0
84030e,ENGLISH ROSE HOT WATER BOTTLE,2011-12-04,10,91.30000000000001,9.13,2011,12,4,48,4,6,6.0,3.0,3.0,4.0
84030E,ENGLISH ROSE HOT WATER BOTTLE,2011-12-04,107,426.83,5.016333333333334,2011,12,4,48,4,6,53.0,50.0,78.25,59.0
84029G,KNITTED UNION FLAG HOT WATER BOTTLE,2011-12-04,123,712.04,5.501833333333333,2011,12,4,48,4,6,86.0,150.0,163.75,269.0
84029E,RED WOOLLY HOTTIE WHITE HEART.,2011-12-04,327,1529.5900000000001,5.753694444444445,2011,12,4,48,4,6,118.0,673.0,308.0,829.0
84006,MAGIC TREE -PAPER FLOWERS,2011-12-04,99,84.14999999999999,0.85,2011,12,4,48,4,6,85.0,66.0,67.0,40.0
82616C,MIDNIGHT GLAMOUR SCARF KNITTING KIT,2011-12-04,17,32.14,1.9558333333333333,2011,12,4,48,4,6,10.0,34.0,20.25,4.0
82616B,FRAPPUCINO SCARF KNITTING KIT,2011-12-04,23,38.43,2.218,2011,12,4,48,4,6,8.0,14.0,17.75,2.0
82613C,"METAL SIGN,CUPCAKE SINGLE HOOK",2011-12-04,1,2.46,2.46,2011,12,4,48,4,6,0.0,17.0,4.75,2.0
82613B,"METAL SIGN,CUPCAKE SINGLE HOOK",2011-12-04,1,2.46,2.46,2011,12,4,48,4,6,0.0,2.0,2.25,3.0
82600,N0 SINGING METAL SIGN,2011-12-04,1022,2200.5800000000004,2.52515873015873,2011,12,4,48,4,6,9.0,0.0,2.25,188.0
82583,HOT BATHS METAL SIGN,2011-12-04,318,821.1500000000001,2.8571666666666666,2011,12,4,48,4,6,349.0,111.0,221.0,34.0
82582,AREA PATROLLED METAL SIGN,2011-12-04,189,413.14000000000004,2.86125,2011,12,4,48,4,6,39.0,43.0,112.0,11.0
82581,TOILET METAL SIGN,2011-12-04,114,64.10000000000001,0.6277777777777778,2011,12,4,48,4,6,59.0,118.0,60.25,30.0
82580,BATHROOM METAL SIGN,2011-12-04,190,133.24,0.845,2011,12,4,48,4,6,97.0,134.0,90.75,67.0
82578,KITCHEN METAL SIGN,2011-12-04,278,122.5,0.7885,2011,12,4,48,4,6,37.0,22.0,18.75,32.0
82552,WASHROOM METAL SIGN,2011-12-04,65,100.30999999999999,2.0391666666666666,2011,12,4,48,4,6,75.0,111.0,114.5,60.0
84992,72 SWEETHEART FAIRY CAKE CASES,2011-12-04,209,102.15,0.7141666666666667,2011,12,4,48,4,6,104.0,472.0,200.25,168.0
84997A,CHILDRENS CUTLERY POLKADOT GREEN ,2011-12-04,150,564.9,3.95,2011,12,4,48,4,6,10.0,48.0,65.25,47.0
84997B,CHILDRENS CUTLERY RETROSPOT RED ,2011-12-04,86,328.09999999999997,4.07,2011,12,4,48,4,6,78.0,130.0,96.25,82.0
90071,RUBY GLASS CLUSTER EARRINGS,2011-12-04,1,1.23,1.23,2011,12,4,48,4,6,2.0,2.0,1.25,1.0
90019B,GOLD M.O.P ORBIT BRACELET,2011-12-04,1,5.4,5.4,2011,12,4,48,4,6,1.0,2.0,1.25,1.0
90018B,GOLD M.O.P ORBIT DROP EARRINGS,2011-12-04,1,4.15,4.15,2011,12,4,48,4,6,2.0,1.0,1.25,1.0
90018A,SILVER M.O.P ORBIT DROP EARRINGS,2011-12-04,2,8.3,4.15,2011,12,4,48,4,6,4.0,0.0,2.0,1.0
90013B,BLACK VINTAGE EARRINGS,2011-12-04,4,16.6,4.15,2011,12,4,48,4,6,4.0,1.0,1.5,1.0
90010A,MIDNIGHT BLUE GLASS/SILVER BRACELET,2011-12-04,1,9.57,9.57,2011,12,4,48,4,6,1.0,2.0,0.75,1.0
90003E,GREEN PAIR HEART HAIR SLIDES,2011-12-04,3,11.19,3.73,2011,12,4,48,4,6,0.0,2.0,0.5,1.0
90003C,MIDNIGHT BLUE PAIR HEART HAIR SLIDE,2011-12-04,3,11.19,3.73,2011,12,4,48,4,6,0.0,1.0,0.5,1.0
85232D,SET/3 DECOUPAGE STACKING TINS,2011-12-04,5,24.75,4.95,2011,12,4,48,4,6,1.0,17.0,12.5,1.0
85231B,CINAMMON SET OF 9 T-LIGHTS,2011-12-04,41,41.09,1.3483333333333334,2011,12,4,48,4,6,42.0,4.0,24.25,57.0
85230B,CINNAMON SCENTED VOTIVE CANDLE,2011-12-04,24,6.959999999999999,0.29,2011,12,4,48,4,6,24.0,168.0,72.0,24.0
85227,SET OF 6 3D KIT CARDS FOR KIDS,2011-12-04,56,56.96,1.0883333333333334,2011,12,4,48,4,6,78.0,71.0,54.25,52.0
85212,MINI PAINTED GARDEN DECORATION ,2011-12-04,24,6.959999999999999,0.29,2011,12,4,48,4,6,12.0,12.0,12.0,4.0
85208,SET/12 FUNKY FELT FLOWER PEG IN BAG,2011-12-04,1,2.1,2.1,2011,12,4,48,4,6,0.0,0.0,0.25,1.0
85203,HANGING WOOD AND FELT BUTTERFLY ,2011-12-04,8,3.36,0.42,2011,12,4,48,4,6,21.0,12.0,11.0,1.0
85199S,SMALL HANGING IVORY/RED WOOD BIRD,2011-12-04,180,94.46000000000001,0.5963,2011,12,4,48,4,6,152.0,113.0,201.5,104.0
85199L,LARGE HANGING IVORY & RED WOOD BIRD,2011-12-04,3,1.9500000000000002,0.65,2011,12,4,48,4,6,28.0,6.0,38.75,47.0
85183B,CHARLIE & LOLA WASTEPAPER BIN FLORA,2011-12-04,37,46.25,1.25,2011,12,4,48,4,6,10.0,42.0,26.5,48.0
85179A,GREEN BITTY LIGHT CHAIN,2011-12-04,32,48.47,2.0566666666666666,2011,12,4,48,4,6,5.0,47.0,20.0,3.0
85178,VICTORIAN SEWING KIT,2011-12-04,36,54.68,1.4516666666666669,2011,12,4,48,4,6,318.0,44.0,95.5,119.0
85177,BASKET OF FLOWERS SEWING KIT,2011-12-04,6,5.88,0.98,2011,12,4,48,4,6,12.0,1.0,7.0,13.0
85176,SEWING SUSAN 21 NEEDLE SET,2011-12-04,25,31.39,1.4739999999999998,2011,12,4,48,4,6,3.0,26.0,19.25,8.0
85175,CACTI T-LIGHT CANDLES,2011-12-04,16,6.72,0.42,2011,12,4,48,4,6,128.0,208.0,140.0,160.0
85174,S/4 CACTI CANDLES,2011-12-04,3,32.37,10.79,2011,12,4,48,4,6,43.0,25.0,32.5,21.0
85172,HYACINTH BULB T-LIGHT CANDLES,2011-12-04,32,13.44,0.42,2011,12,4,48,4,6,256.0,0.0,100.0,48.0
90086,CRYSTAL FROG PHONE CHARM,2011-12-04,15,15.09,1.3699999999999999,2011,12,4,48,4,6,2.0,1.0,1.25,1.0
85170D,SET/6 PINK BIRD T-LIGHT CANDLES,2011-12-04,2,8.26,4.13,2011,12,4,48,4,6,1.0,6.0,4.0,2.0
90094,NECKLACE+BRACELET SET FRUIT SALAD ,2011-12-04,1,2.55,2.55,2011,12,4,48,4,6,1.0,0.0,1.0,1.0
90116,FRUIT SALAD BAG CHARM,2011-12-04,12,20.28,1.69,2011,12,4,48,4,6,4.0,0.0,1.5,1.0
M,Manual,2011-12-04,10,11.89,3.145,2011,12,4,48,4,6,1713.0,72.0,972.5,61.0
DOT,DOTCOM POSTAGE,2011-12-04,13,11478.08,896.5105,2011,12,4,48,4,6,11.0,10.0,10.75,6.0
C2,CARRIAGE,2011-12-04,6,300.0,50.0,2011,12,4,48,4,6,7.0,8.0,5.25,1.0
BANK CHARGES,Bank Charges,2011-12-04,1,15.0,15.0,2011,12,4,48,4,6,0.0,0.0,0.5,1.0
90214N,"LETTER ""N"" BLING KEY RING",2011-12-04,2,2.5,1.25,2011,12,4,48,4,6,0.0,0.0,0.0,2.0
90214C,"LETTER ""C"" BLING KEY RING",2011-12-04,1,0.83,0.83,2011,12,4,48,4,6,0.0,6.0,1.5,3.0
90214A,"LETTER ""A"" BLING KEY RING",2011-12-04,1,1.25,1.25,2011,12,4,48,4,6,0.0,14.0,3.75,3.0
90206C,CRYSTAL DIAMANTE STAR BROOCH,2011-12-04,3,14.91,4.97,2011,12,4,48,4,6,2.0,0.0,1.0,1.0
90204,PAIR OF ENAMEL BUTTERFLY HAIRCLIP,2011-12-04,2,6.64,3.32,2011,12,4,48,4,6,2.0,3.0,1.75,1.0
90200E,GREEN SWEETHEART BRACELET,2011-12-04,4,16.6,4.15,2011,12,4,48,4,6,1.0,1.0,1.5,2.0
90200D,PINK SWEETHEART BRACELET,2011-12-04,2,8.3,4.15,2011,12,4,48,4,6,6.0,4.0,3.0,4.0
90200B,BLACK SWEETHEART BRACELET,2011-12-04,1,4.15,4.15,2011,12,4,48,4,6,1.0,0.0,1.5,2.0
90200A,PURPLE SWEETHEART BRACELET,2011-12-04,5,20.75,4.15,2011,12,4,48,4,6,0.0,1.0,1.0,3.0
90199C,5 STRAND GLASS NECKLACE CRYSTAL,2011-12-04,1,6.23,6.23,2011,12,4,48,4,6,0.0,0.0,1.25,6.0
90199B,5 STRAND GLASS NECKLACE AMETHYST,2011-12-04,2,12.46,6.23,2011,12,4,48,4,6,0.0,0.0,0.75,1.0
90198B,VINTAGE ROSE BEAD BRACELET BLACK,2011-12-04,2,8.5,4.25,2011,12,4,48,4,6,0.0,10.0,3.0,1.0
90196A,PURPLE GEMSTONE NECKLACE 45CM,2011-12-04,1,12.75,12.75,2011,12,4,48,4,6,0.0,0.0,0.25,1.0
90190C,SILVER/AMETHYST DROP EARRINGS LEAF,2011-12-04,1,2.95,2.95,2011,12,4,48,4,6,2.0,1.0,1.5,2.0
90186A,AMETHYST HOOP EARRING FLORAL LEAF,2011-12-04,1,2.9,2.9,2011,12,4,48,4,6,0.0,0.0,0.0,1.0
90180A,BLACK+WHITE NECKLACE W TASSEL,2011-12-04,1,9.98,9.98,2011,12,4,48,4,6,0.0,1.0,0.25,1.0
90161B,ANT COPPER TURQ BOUDICCA BRACELET,2011-12-04,2,9.96,4.98,2011,12,4,48,4,6,1.0,9.0,3.0,2.0
90145,SILVER HOOP EARRINGS WITH FLOWER,2011-12-04,1,5.95,5.95,2011,12,4,48,4,6,1.0,0.0,0.25,1.0
90143,SILVER BRACELET W PASTEL FLOWER,2011-12-04,1,7.9,7.9,2011,12,4,48,4,6,0.0,0.0,0.0,1.0
90141A,GREEN PENDANT TRIPLE SHELL NECKLACE,2011-12-04,1,5.4,5.4,2011,12,4,48,4,6,1.0,0.0,0.25,1.0
90134,OLD ROSE COMBO BEAD NECKLACE,2011-12-04,2,5.8,2.9,2011,12,4,48,4,6,2.0,2.0,2.0,1.0
90099,NECKLACE+BRACELET SET BLUE HIBISCUS,2011-12-04,2,5.1,2.55,2011,12,4,48,4,6,2.0,2.0,2.5,5.0
85169D,PINK LOVE BIRD CANDLE,2011-12-04,12,15.0,1.25,2011,12,4,48,4,6,1.0,0.0,4.0,1.0
85169C,EAU DE NIL LOVE BIRD CANDLE,2011-12-04,1,1.25,1.25,2011,12,4,48,4,6,0.0,0.0,0.25,1.0
85169B,BLACK LOVE BIRD CANDLE,2011-12-04,2,2.5,1.25,2011,12,4,48,4,6,3.0,5.0,2.25,37.0
85054,FRENCH ENAMEL POT W LID,2011-12-04,1,5.79,5.79,2011,12,4,48,4,6,4.0,4.0,14.75,3.0
85053,FRENCH ENAMEL CANDLEHOLDER,2011-12-04,119,251.93,2.167666666666667,2011,12,4,48,4,6,55.0,18.0,48.0,1.0
85049e,SCANDINAVIAN REDS RIBBONS,2011-12-04,4,13.16,3.29,2011,12,4,48,4,6,12.0,8.0,7.0,22.0
85049a,TRADITIONAL CHRISTMAS RIBBONS,2011-12-04,11,36.19,3.29,2011,12,4,48,4,6,12.0,9.0,8.25,10.0
85049H,URBAN BLACK RIBBONS ,2011-12-04,28,23.66,0.8720000000000001,2011,12,4,48,4,6,18.0,40.0,29.75,9.0
85049G,CHOCOLATE BOX RIBBONS ,2011-12-04,74,94.92,1.5525,2011,12,4,48,4,6,38.0,5.0,16.75,48.0
85049E,SCANDINAVIAN REDS RIBBONS,2011-12-04,67,101.9,1.6936666666666664,2011,12,4,48,4,6,80.0,124.0,98.75,108.0
85049C,ROMANTIC PINKS RIBBONS ,2011-12-04,41,53.67,1.371,2011,12,4,48,4,6,38.0,2.0,16.75,21.0
85049A,TRADITIONAL CHRISTMAS RIBBONS,2011-12-04,255,344.16,1.510486111111111,2011,12,4,48,4,6,99.0,170.0,176.0,81.0
85048,15CM CHRISTMAS GLASS BALL 20 LIGHTS,2011-12-04,171,1400.3700000000001,10.0275,2011,12,4,48,4,6,119.0,55.0,123.25,14.0
85039a,SET/4 RED MINI ROSE CANDLE IN BOWL,2011-12-04,1,3.29,3.29,2011,12,4,48,4,6,1.0,1.0,0.75,2.0
85039A,SET/4 RED MINI ROSE CANDLE IN BOWL,2011-12-04,13,21.23,1.6349999999999998,2011,12,4,48,4,6,5.0,18.0,13.0,4.0
85038,6 CHOCOLATE LOVE HEART T-LIGHTS,2011-12-04,53,104.33000000000001,2.545,2011,12,4,48,4,6,33.0,211.0,84.25,93.0
85034C,3 ROSE MORRIS BOXED CANDLES,2011-12-04,76,148.07999999999998,1.8846666666666667,2011,12,4,48,4,6,198.0,140.0,134.25,4.0
85034B,3 WHITE CHOC MORRIS BOXED CANDLES,2011-12-04,30,51.58,4.183333333333333,2011,12,4,48,4,6,108.0,198.0,108.0,4.0
85015,SET OF 12  VINTAGE POSTCARD SET,2011-12-04,81,52.650000000000006,0.65,2011,12,4,48,4,6,97.0,106.0,73.5,9.0
85014b,RED RETROSPOT UMBRELLA,2011-12-04,1,12.46,12.46,2011,12,4,48,4,6,1.0,0.0,0.25,1.0
85014a,BLACK/BLUE POLKADOT UMBRELLA,2011-12-04,1,12.46,12.46,2011,12,4,48,4,6,0.0,2.0,0.5,2.0
85014B,RED RETROSPOT UMBRELLA,2011-12-04,54,279.81,7.327500000000001,2011,12,4,48,4,6,35.0,22.0,39.0,22.0
85014A,BLACK/BLUE POLKADOT UMBRELLA,2011-12-04,59,316.07,7.452500000000001,2011,12,4,48,4,6,10.0,16.0,28.0,17.0
84997d,CHILDRENS CUTLERY POLKADOT PINK,2011-12-04,10,82.89999999999999,8.29,2011,12,4,48,4,6,28.0,17.0,17.0,10.0
84997c,CHILDRENS CUTLERY POLKADOT BLUE,2011-12-04,7,62.87,9.096666666666666,2011,12,4,48,4,6,13.0,7.0,9.5,3.0
84997b,CHILDRENS CUTLERY RETROSPOT RED ,2011-12-04,6,49.739999999999995,8.29,2011,12,4,48,4,6,23.0,21.0,14.75,10.0
84997D,CHILDRENS CUTLERY POLKADOT PINK,2011-12-04,106,411.1,4.130000000000001,2011,12,4,48,4,6,482.0,85.0,174.0,0.0
84997C,CHILDRENS CUTLERY POLKADOT BLUE,2011-12-04,91,348.85,4.1000000000000005,2011,12,4,48,4,6,300.0,125.0,152.5,8.0
85061W,WHITE JEWELLED HEART DECORATION,2011-12-04,37,32.23,1.006,2011,12,4,48,4,6,57.0,30.0,47.0,72.0
85062,PEARL CRYSTAL PUMPKIN T-LIGHT HLDR,2011-12-04,28,47.01,2.0549999999999997,2011,12,4,48,4,6,12.0,44.0,24.25,24.0
85066,CREAM SWEETHEART MINI CHEST,2011-12-04,55,661.65,12.450000000000001,2011,12,4,48,4,6,32.0,32.0,65.75,6.0
85071A,BLUE CHARLIE+LOLA PERSONAL DOORSIGN,2011-12-04,21,9.43,0.545,2011,12,4,48,4,6,0.0,83.0,34.75,6.0
85169A,IVORY LOVE BIRD CANDLE,2011-12-04,19,31.009999999999998,1.855,2011,12,4,48,4,6,2.0,0.0,4.25,1.0
85159A,"BLACK TEA,COFFEE,SUGAR JARS",2011-12-04,14,27.299999999999997,1.95,2011,12,4,48,4,6,0.0,5.0,4.25,2.0
85152,HAND OVER THE CHOCOLATE   SIGN ,2011-12-04,486,883.5400000000001,2.1586805555555557,2011,12,4,48,4,6,27.0,1.0,70.5,91.0
85150,LADIES & GENTLEMEN METAL SIGN,2011-12-04,68,180.63,2.7909999999999995,2011,12,4,48,4,6,101.0,52.0,88.0,33.0
85136C,RED SHARK HELICOPTER,2011-12-04,6,47.7,7.95,2011,12,4,48,4,6,9.0,3.0,3.5,5.0
85136A,YELLOW SHARK HELICOPTER,2011-12-04,5,39.75,7.95,2011,12,4,48,4,6,5.0,1.0,3.25,7.0
85135C,RED DRAGONFLY HELICOPTER,2011-12-04,4,31.8,7.95,2011,12,4,48,4,6,0.0,0.0,0.75,5.0
85131D,BEADED CRYSTAL HEART PINK ON STICK,2011-12-04,1,0.83,0.83,2011,12,4,48,4,6,3.0,13.0,10.75,4.0
85131B,BEADED CRYSTAL HEART GREEN ON STICK,2011-12-04,14,11.62,0.83,2011,12,4,48,4,6,6.0,68.0,24.25,6.0
85130D,BEADED CRYSTAL HEART PINK LARGE,2011-12-04,3,2.37,0.79,2011,12,4,48,4,6,0.0,0.0,0.75,5.0
85129D,BEADED CRYSTAL HEART PINK SMALL,2011-12-04,2,4.92,2.46,2011,12,4,48,4,6,2.0,2.0,2.75,2.0
85127,SMALL SQUARE CUT GLASS CANDLESTICK,2011-12-04,2,19.92,9.96,2011,12,4,48,4,6,5.0,6.0,5.75,4.0
72351A,SET/6 TURQUOISE BUTTERFLY T-LIGHTS,2011-12-04,14,29.400000000000002,2.1,2011,12,4,48,4,6,9.0,8.0,9.75,3.0
85123a,WHITE HANGING HEART T-LIGHT HOLDER,2011-12-04,5,33.15,6.63,2011,12,4,48,4,6,6.0,4.0,8.0,35.0
85114C,RED ENCHANTED FOREST PLACEMAT,2011-12-04,18,29.699999999999996,1.65,2011,12,4,48,4,6,55.0,16.0,23.5,13.0
85114B,IVORY ENCHANTED FOREST PLACEMAT,2011-12-04,14,23.099999999999998,1.65,2011,12,4,48,4,6,3.0,7.0,6.75,41.0
85114A,BLACK ENCHANTED FOREST PLACEMAT,2011-12-04,14,23.099999999999998,1.65,2011,12,4,48,4,6,6.0,0.0,2.75,130.0
85111,SILVER GLITTER FLOWER VOTIVE HOLDER,2011-12-04,13,8.11,1.0133333333333334,2011,12,4,48,4,6,42.0,8.0,19.0,12.0
85106,CUT GLASS HEXAGON T-LIGHT HOLDER,2011-12-04,2,5.1,2.55,2011,12,4,48,4,6,4.0,0.0,1.0,12.0
85099F,JUMBO BAG STRAWBERRY,2011-12-04,436,823.13,2.271527777777778,2011,12,4,48,4,6,42.0,196.0,188.0,67.0
85099C,JUMBO  BAG BAROQUE BLACK WHITE,2011-12-04,414,825.17,2.449652777777778,2011,12,4,48,4,6,203.0,620.0,316.5,204.0
85099B,JUMBO BAG RED RETROSPOT,2011-12-04,1050,2126.85,2.456780626780627,2011,12,4,48,4,6,753.0,1602.0,1404.25,692.0
85095,THREE CANVAS LUGGAGE TAGS,2011-12-04,1,4.13,4.13,2011,12,4,48,4,6,1.0,0.0,4.0,1.0
85071D,CHARLIE+LOLA MY ROOM DOOR SIGN,2011-12-04,9,3.5100000000000002,0.39,2011,12,4,48,4,6,1.0,26.0,17.25,6.0
85071C,"CHARLIE+LOLA""EXTREMELY BUSY"" SIGN",2011-12-04,12,10.49,1.11625,2011,12,4,48,4,6,5.0,73.0,22.25,6.0
85071B,RED CHARLIE+LOLA PERSONAL DOORSIGN,2011-12-04,14,5.46,0.39,2011,12,4,48,4,6,9.0,78.0,45.0,96.0
85123A,WHITE HANGING HEART T-LIGHT HOLDER,2011-12-04,725,1952.3899999999999,3.202599456099456,2011,12,4,48,4,6,897.0,1322.0,1124.0,986.0
72349b,SET/6 PURPLE BUTTERFLY T-LIGHTS,2011-12-04,8,33.04,4.13,2011,12,4,48,4,6,10.0,3.0,4.5,3.0
72349B,SET/6 PURPLE BUTTERFLY T-LIGHTS,2011-12-04,20,48.09,2.709,2011,12,4,48,4,6,35.0,9.0,23.75,1.0
72232,FENG SHUI PILLAR CANDLE,2011-12-04,156,29.64,0.19,2011,12,4,48,4,6,0.0,84.0,55.0,72.0
22884,NUMBER TILE VINTAGE FONT 5,2011-12-04,3,8.03,3.04,2011,12,4,48,4,6,2.0,0.0,0.5,1.0
22882,NUMBER TILE VINTAGE FONT 3,2011-12-04,1,1.95,1.95,2011,12,4,48,4,6,0.0,2.0,1.0,1.0
22870,NUMBER TILE COTTAGE GARDEN 2,2011-12-04,1,4.13,4.13,2011,12,4,48,4,6,0.0,0.0,0.5,1.0
22867,HAND WARMER BIRD DESIGN,2011-12-04,258,575.2,2.5340000000000003,2011,12,4,48,4,6,259.0,386.0,399.25,657.0
22866,HAND WARMER SCOTTY DOG DESIGN,2011-12-04,440,928.7800000000001,2.4361767676767676,2011,12,4,48,4,6,217.0,444.0,507.25,651.0
22865,HAND WARMER OWL DESIGN,2011-12-04,593,1248.01,2.4990856569900686,2011,12,4,48,4,6,344.0,530.0,565.25,648.0
22863,SOAP DISH BROCANTE,2011-12-04,9,26.55,2.95,2011,12,4,48,4,6,1.0,25.0,10.5,31.0
22853,CAT BOWL VINTAGE CREAM,2011-12-04,8,26.0,3.25,2011,12,4,48,4,6,28.0,3.0,9.75,1.0
22851,SET 20 NAPKINS FAIRY CAKES DESIGN ,2011-12-04,32,28.759999999999998,1.045,2011,12,4,48,4,6,113.0,37.0,50.25,6.0
22847,BREAD BIN DINER STYLE IVORY,2011-12-04,25,440.42999999999995,18.265555555555554,2011,12,4,48,4,6,22.0,21.0,20.75,4.0
22846,BREAD BIN DINER STYLE RED ,2011-12-04,28,491.62,20.19222222222222,2011,12,4,48,4,6,18.0,8.0,12.75,17.0
22845,VINTAGE CREAM CAT FOOD CONTAINER,2011-12-04,9,75.48,8.64125,2011,12,4,48,4,6,36.0,9.0,15.75,9.0
22844,VINTAGE CREAM DOG FOOD CONTAINER,2011-12-04,16,192.91,11.54875,2011,12,4,48,4,6,40.0,16.0,23.25,13.0
22843,BISCUIT TIN VINTAGE GREEN,2011-12-04,3,26.79,10.02,2011,12,4,48,4,6,1.0,4.0,3.5,2.0
22842,BISCUIT TIN VINTAGE RED,2011-12-04,3,20.25,6.75,2011,12,4,48,4,6,5.0,15.0,10.5,8.0
22841,ROUND CAKE TIN VINTAGE GREEN,2011-12-04,3,23.85,7.95,2011,12,4,48,4,6,11.0,1.0,9.5,8.0
22840,ROUND CAKE TIN VINTAGE RED,2011-12-04,14,119.14,9.518,2011,12,4,48,4,6,9.0,14.0,17.0,10.0
22839,3 TIER CAKE TIN GREEN AND CREAM,2011-12-04,4,88.24000000000001,19.69,2011,12,4,48,4,6,16.0,16.0,9.5,8.0
22838,3 TIER CAKE TIN RED AND CREAM,2011-12-04,7,161.53,22.850000000000005,2011,12,4,48,4,6,4.0,61.0,22.5,6.0
22835,HOT WATER BOTTLE I AM SO POORLY,2011-12-04,253,1337.96,5.982686507936509,2011,12,4,48,4,6,251.0,259.0,221.0,79.0
22107,PIZZA PLATE IN BOX,2011-12-04,51,155.53,3.142916666666667,2011,12,4,48,4,6,39.0,43.0,37.0,19.0
22832,BROCANTE SHELF WITH HOOKS,2011-12-04,1,10.75,10.75,2011,12,4,48,4,6,14.0,4.0,5.25,6.0
22831,WHITE BROCANTE SOAP DISH,2011-12-04,25,79.43,3.423333333333334,2011,12,4,48,4,6,8.0,2.0,4.0,3.0
22822,CREAM WALL PLANTER HEART SHAPED,2011-12-04,3,30.87,10.290000000000001,2011,12,4,48,4,6,1.0,4.0,2.0,6.0
22821,GIFT BAG PSYCHEDELIC APPLES,2011-12-04,37,26.389999999999997,0.776,2011,12,4,48,4,6,12.0,61.0,23.0,12.0
22890,NOVELTY BISCUITS CAKE STAND 3 TIER,2011-12-04,3,39.86,14.955,2011,12,4,48,4,6,23.0,4.0,14.75,9.0
22819,"BIRTHDAY CARD, RETRO SPOT",2011-12-04,41,17.22,0.42,2011,12,4,48,4,6,163.0,37.0,79.0,24.0
22891,TEA FOR ONE POLKADOT,2011-12-04,12,79.28,6.7749999999999995,2011,12,4,48,4,6,15.0,14.0,10.75,4.0
22894,TABLECLOTH RED APPLES DESIGN ,2011-12-04,8,79.6,9.95,2011,12,4,48,4,6,0.0,0.0,0.75,1.0
22922,FRIDGE MAGNETS US DINER ASSORTED,2011-12-04,132,96.6,0.7849999999999999,2011,12,4,48,4,6,12.0,22.0,19.0,12.0
22921,HERB MARKER CHIVES ,2011-12-04,55,35.75000000000001,0.65,2011,12,4,48,4,6,3.0,1.0,8.0,10.0
22920,HERB MARKER BASIL,2011-12-04,44,29.580000000000002,0.7725,2011,12,4,48,4,6,12.0,15.0,13.0,22.0
22919,HERB MARKER MINT,2011-12-04,57,38.03,0.7725,2011,12,4,48,4,6,4.0,1.0,7.75,10.0
22918,HERB MARKER PARSLEY,2011-12-04,54,35.10000000000001,0.65,2011,12,4,48,4,6,7.0,14.0,12.25,22.0
22917,HERB MARKER ROSEMARY,2011-12-04,56,38.36000000000001,0.944,2011,12,4,48,4,6,6.0,15.0,12.5,20.0
22916,HERB MARKER THYME,2011-12-04,44,30.560000000000002,0.944,2011,12,4,48,4,6,5.0,13.0,11.5,21.0
22915,ASSORTED BOTTLE TOP  MAGNETS ,2011-12-04,114,52.5,0.5883333333333333,2011,12,4,48,4,6,54.0,72.0,62.25,56.0
22914,BLUE COAT RACK PARIS FASHION,2011-12-04,5,24.75,4.95,2011,12,4,48,4,6,5.0,2.0,3.25,17.0
22913,RED COAT RACK PARIS FASHION,2011-12-04,3,14.850000000000001,4.95,2011,12,4,48,4,6,4.0,2.0,2.75,8.0
22912,YELLOW COAT RACK PARIS FASHION,2011-12-04,2,9.9,4.95,2011,12,4,48,4,6,4.0,6.0,3.5,5.0
22911,PAPER CHAIN KIT LONDON,2011-12-04,4,14.64,4.37,2011,12,4,48,4,6,9.0,93.0,27.75,3.0
22910,PAPER CHAIN KIT VINTAGE CHRISTMAS,2011-12-04,597,2046.69,3.481491274928775,2011,12,4,48,4,6,1039.0,1216.0,873.5,526.0
22909,SET OF 20 VINTAGE CHRISTMAS NAPKINS,2011-12-04,345,316.65,0.9474999999999999,2011,12,4,48,4,6,265.0,714.0,576.5,315.0
22908,PACK OF 20 NAPKINS RED APPLES,2011-12-04,37,34.56999999999999,1.123,2011,12,4,48,4,6,25.0,40.0,36.0,1.0
22907,PACK OF 20 NAPKINS PANTRY DESIGN,2011-12-04,91,81.25,0.967,2011,12,4,48,4,6,84.0,23.0,63.25,11.0
22906,12 MESSAGE CARDS WITH ENVELOPES,2011-12-04,17,29.689999999999998,1.9233333333333331,2011,12,4,48,4,6,23.0,64.0,56.75,18.0
22905,CALENDAR IN SEASON DESIGN,2011-12-04,72,169.86,2.1574999999999998,2011,12,4,48,4,6,26.0,31.0,24.0,7.0
22902,TOTE BAG I LOVE LONDON,2011-12-04,15,33.53,2.776666666666667,2011,12,4,48,4,6,11.0,84.0,28.75,15.0
22900,SET 2 TEA TOWELS I LOVE LONDON ,2011-12-04,69,251.43,4.834333333333333,2011,12,4,48,4,6,37.0,66.0,87.0,0.0
22899,CHILDREN'S APRON DOLLY GIRL ,2011-12-04,40,90.09,2.692083333333333,2011,12,4,48,4,6,153.0,32.0,76.5,22.0
22898,CHILDRENS APRON APPLES DESIGN,2011-12-04,74,222.25,3.114861111111111,2011,12,4,48,4,6,83.0,110.0,102.25,55.0
22897,OVEN MITT APPLES DESIGN,2011-12-04,16,31.09,2.2755555555555556,2011,12,4,48,4,6,26.0,34.0,43.75,4.0
22896,PEG BAG APPLES DESIGN,2011-12-04,10,28.74,3.1979999999999995,2011,12,4,48,4,6,2.0,14.0,25.25,59.0
22895,SET OF 2 TEA TOWELS APPLE AND PEARS,2011-12-04,26,108.16,4.846111111111111,2011,12,4,48,4,6,39.0,32.0,36.25,23.0
22893,MINI CAKE STAND T-LIGHT HOLDER,2011-12-04,19,15.77,0.83,2011,12,4,48,4,6,7.0,4.0,13.25,24.0
22818,CARD CHRISTMAS VILLAGE,2011-12-04,378,158.76,0.42,2011,12,4,48,4,6,313.0,325.0,277.25,187.0
22817,CARD SUKI BIRTHDAY,2011-12-04,55,23.1,0.42,2011,12,4,48,4,6,82.0,38.0,92.25,12.0
22816,CARD MOTORBIKE SANTA,2011-12-04,184,77.28,0.42,2011,12,4,48,4,6,339.0,359.0,369.25,174.0
22775,PURPLE DRAWERKNOB ACRYLIC EDWARDIAN,2011-12-04,124,157.42000000000002,1.6533333333333333,2011,12,4,48,4,6,84.0,70.0,74.75,76.0
22774,RED DRAWER KNOB ACRYLIC EDWARDIAN,2011-12-04,43,57.38,1.7541666666666667,2011,12,4,48,4,6,13.0,54.0,37.25,108.0
22773,GREEN DRAWER KNOB ACRYLIC EDWARDIAN,2011-12-04,42,54.92,1.492,2011,12,4,48,4,6,0.0,38.0,24.5,36.0
22772,PINK DRAWER KNOB ACRYLIC EDWARDIAN,2011-12-04,93,143.77,1.91125,2011,12,4,48,4,6,51.0,49.0,51.5,88.0
22771,CLEAR DRAWER KNOB ACRYLIC EDWARDIAN,2011-12-04,102,144.58,1.7225000000000001,2011,12,4,48,4,6,106.0,62.0,134.0,130.0
22770,MIRROR CORNICE,2011-12-04,4,59.8,14.95,2011,12,4,48,4,6,2.0,0.0,1.25,1.0
22768,FAMILY PHOTO FRAME CORNICE,2011-12-04,8,79.6,9.95,2011,12,4,48,4,6,36.0,13.0,23.75,25.0
22767,TRIPLE PHOTO FRAME CORNICE ,2011-12-04,10,99.5,9.95,2011,12,4,48,4,6,12.0,5.0,17.75,11.0
22766,PHOTO FRAME CORNICE,2011-12-04,29,88.39000000000001,3.518,2011,12,4,48,4,6,62.0,32.0,68.0,28.0
22763,KEY CABINET MA CAMPAGNE,2011-12-04,6,59.699999999999996,9.95,2011,12,4,48,4,6,10.0,3.0,5.0,2.0
22762,CUPBOARD 3 DRAWER MA CAMPAGNE,2011-12-04,3,44.849999999999994,14.95,2011,12,4,48,4,6,8.0,0.0,3.0,1.0
22761,CHEST 7 DRAWER MA CAMPAGNE,2011-12-04,1,24.95,24.95,2011,12,4,48,4,6,2.0,1.0,0.75,1.0
22759,SET OF 3 NOTEBOOKS IN PARCEL,2011-12-04,147,213.74999999999997,1.5833333333333333,2011,12,4,48,4,6,40.0,246.0,195.5,80.0
22758,LARGE PURPLE BABUSHKA NOTEBOOK  ,2011-12-04,35,34.83,1.5391666666666666,2011,12,4,48,4,6,12.0,7.0,24.75,8.0
22757,LARGE RED BABUSHKA NOTEBOOK ,2011-12-04,29,48.35,1.8549999999999998,2011,12,4,48,4,6,34.0,7.0,16.5,6.0
22756,LARGE YELLOW BABUSHKA NOTEBOOK ,2011-12-04,17,27.299999999999997,2.1574999999999998,2011,12,4,48,4,6,32.0,3.0,15.25,2.0
22755,SMALL PURPLE BABUSHKA NOTEBOOK ,2011-12-04,41,27.09,0.9105555555555555,2011,12,4,48,4,6,37.0,33.0,46.0,18.0
22754,SMALL RED BABUSHKA NOTEBOOK ,2011-12-04,82,58.8,1.1766666666666665,2011,12,4,48,4,6,55.0,57.0,43.5,23.0
22753,SMALL YELLOW BABUSHKA NOTEBOOK ,2011-12-04,101,49.370000000000005,0.6366666666666666,2011,12,4,48,4,6,47.0,37.0,36.25,20.0
22752,SET 7 BABUSHKA NESTING BOXES,2011-12-04,67,579.55,10.800416666666667,2011,12,4,48,4,6,72.0,80.0,50.0,257.0
22751,FELTCRAFT PRINCESS OLIVIA DOLL,2011-12-04,50,194.92000000000002,4.079777777777778,2011,12,4,48,4,6,21.0,46.0,35.5,45.0
22750,FELTCRAFT PRINCESS LOLA DOLL,2011-12-04,72,273.71000000000004,3.9045833333333335,2011,12,4,48,4,6,75.0,87.0,63.5,67.0
22749,FELTCRAFT PRINCESS CHARLOTTE DOLL,2011-12-04,92,352.42,4.456666666666667,2011,12,4,48,4,6,67.0,149.0,78.25,65.0
22748,POPPY'S PLAYHOUSE KITCHEN,2011-12-04,35,90.09,3.045,2011,12,4,48,4,6,51.0,168.0,67.75,68.0
22747,POPPY'S PLAYHOUSE BATHROOM,2011-12-04,11,32.76,3.101,2011,12,4,48,4,6,23.0,27.0,16.25,25.0
22776,SWEETHEART 3 TIER CAKE STAND ,2011-12-04,14,209.37,16.4565,2011,12,4,48,4,6,20.0,26.0,20.0,29.0
22779,WOODEN OWLS LIGHT GARLAND ,2011-12-04,24,102.0,4.25,2011,12,4,48,4,6,36.0,10.0,20.0,209.0
22780,LIGHT GARLAND BUTTERFILES PINK,2011-12-04,21,89.25,4.25,2011,12,4,48,4,6,36.0,16.0,17.0,209.0
22781,GUMBALL MAGAZINE RACK,2011-12-04,11,120.7,12.767,2011,12,4,48,4,6,19.0,18.0,15.5,11.0
22815,CARD PSYCHEDELIC APPLES,2011-12-04,29,12.18,0.42000000000000004,2011,12,4,48,4,6,54.0,40.0,73.25,48.0
22814,CARD PARTY GAMES ,2011-12-04,30,12.6,0.42000000000000004,2011,12,4,48,4,6,67.0,33.0,47.25,29.0
22813,PACK 3 BOXES BIRD PANNETONE ,2011-12-04,12,23.4,1.95,2011,12,4,48,4,6,35.0,0.0,19.75,33.0
22813,PACK 3 BOXES BIRD PANETTONE ,2011-12-04,35,92.22999999999999,3.04,2011,12,4,48,4,6,0.0,20.0,38.0,114.0
22812,PACK 3 BOXES CHRISTMAS PANETTONE,2011-12-04,19,69.75,3.887777777777778,2011,12,4,48,4,6,21.0,32.0,29.25,100.0
22811,SET OF 6 T-LIGHTS CACTI ,2011-12-04,103,254.69,3.8125,2011,12,4,48,4,6,163.0,6.0,49.0,1.0
22810,SET OF 6 T-LIGHTS SNOWMEN,2011-12-04,43,123.81,3.2900000000000005,2011,12,4,48,4,6,100.0,57.0,82.75,45.0
22809,SET OF 6 T-LIGHTS SANTA,2011-12-04,138,413.02000000000004,3.5520000000000005,2011,12,4,48,4,6,65.0,104.0,86.75,39.0
22807,SET OF 6 T-LIGHTS TOADSTOOLS,2011-12-04,29,98.05000000000001,4.172,2011,12,4,48,4,6,21.0,6.0,16.0,26.0
22806,SET OF 6 T-LIGHTS WEDDING CAKE ,2011-12-04,6,17.700000000000003,2.95,2011,12,4,48,4,6,18.0,0.0,4.75,6.0
22805,BLUE DRAWER KNOB ACRYLIC EDWARDIAN,2011-12-04,55,74.8,1.855,2011,12,4,48,4,6,28.0,1.0,27.75,37.0
22804,PINK HANGING HEART T-LIGHT HOLDER,2011-12-04,16,50.040000000000006,3.518,2011,12,4,48,4,6,681.0,61.0,194.25,40.0
22923,FRIDGE MAGNETS LES ENFANTS ASSORTED,2011-12-04,132,96.6,0.7849999999999999,2011,12,4,48,4,6,1.0,20.0,18.75,30.0
22802,FAUX FUR CHOCOLATE THROW,2011-12-04,6,59.7,13.95,2011,12,4,48,4,6,5.0,0.0,2.75,9.0
22800,ANTIQUE TALL SWIRLGLASS TRINKET POT,2011-12-04,38,168.47,4.986666666666667,2011,12,4,48,4,6,12.0,29.0,16.75,40.0
22799,SWEETHEART WIRE FRUIT BOWL,2011-12-04,18,77.88,7.7575,2011,12,4,48,4,6,5.0,1.0,2.25,1.0
22798,ANTIQUE GLASS DRESSING TABLE POT,2011-12-04,90,276.86,3.4233333333333333,2011,12,4,48,4,6,69.0,43.0,36.5,37.0
22797,CHEST OF DRAWERS GINGHAM HEART ,2011-12-04,3,50.849999999999994,16.95,2011,12,4,48,4,6,10.0,0.0,3.25,5.0
22796,PHOTO FRAME 3 CLASSIC HANGING,2011-12-04,11,109.44999999999999,9.95,2011,12,4,48,4,6,26.0,13.0,15.25,3.0
22795,SWEETHEART RECIPE BOOK STAND,2011-12-04,38,289.48,7.985200000000001,2011,12,4,48,4,6,43.0,30.0,34.75,18.0
22794,SWEETHEART WIRE MAGAZINE RACK,2011-12-04,5,39.75,7.95,2011,12,4,48,4,6,1.0,4.0,4.5,6.0
22792,FLUTED ANTIQUE CANDLE HOLDER,2011-12-04,270,263.82,1.1533333333333333,2011,12,4,48,4,6,168.0,363.0,186.0,31.0
22791,T-LIGHT GLASS FLUTED ANTIQUE,2011-12-04,387,448.76,1.2990000000000002,2011,12,4,48,4,6,271.0,281.0,308.0,202.0
22786,CUSHION COVER PINK UNION JACK,2011-12-04,4,23.8,5.95,2011,12,4,48,4,6,1.0,2.0,1.25,4.0
22785,SQUARECUSHION COVER PINK UNION JACK,2011-12-04,1,6.75,6.75,2011,12,4,48,4,6,3.0,1.0,2.5,6.0
22784,LANTERN CREAM GAZEBO ,2011-12-04,24,159.68,7.480666666666666,2011,12,4,48,4,6,54.0,55.0,29.75,17.0
22801,ANTIQUE GLASS PEDESTAL BOWL,2011-12-04,42,160.82,5.162000000000001,2011,12,4,48,4,6,51.0,38.0,31.75,29.0
22745,POPPY'S PLAYHOUSE BEDROOM ,2011-12-04,29,76.65,3.0975,2011,12,4,48,4,6,52.0,137.0,59.0,64.0
22924,FRIDGE MAGNETS LA VIE EN ROSE,2011-12-04,138,107.39999999999999,1.1233333333333333,2011,12,4,48,4,6,18.0,18.0,19.5,36.0
22938,CUPCAKE LACE PAPER SET 6,2011-12-04,1,1.95,1.95,2011,12,4,48,4,6,246.0,40.0,99.75,33.0
47590A,BLUE HAPPY BIRTHDAY BUNTING,2011-12-04,7,38.150000000000006,5.45,2011,12,4,48,4,6,9.0,59.0,31.0,63.0
47580,TEA TIME DES TEA COSY,2011-12-04,3,7.6499999999999995,2.55,2011,12,4,48,4,6,7.0,3.0,4.25,10.0
47567B,TEA TIME KITCHEN APRON,2011-12-04,19,113.05000000000001,5.95,2011,12,4,48,4,6,28.0,3.0,12.25,11.0
47566B,TEA TIME PARTY BUNTING,2011-12-04,2,9.9,4.95,2011,12,4,48,4,6,0.0,3.0,4.5,19.0
47566,PARTY BUNTING,2011-12-04,105,735.8299999999999,6.653333333333332,2011,12,4,48,4,6,455.0,218.0,227.5,19.0
47563A,RETRO LONGBOARD IRONING BOARD COVER,2011-12-04,14,31.78,2.066,2011,12,4,48,4,6,4.0,6.0,6.75,2.0
47559B,TEA TIME OVEN GLOVE,2011-12-04,166,193.08,1.4528333333333332,2011,12,4,48,4,6,27.0,74.0,51.25,26.0
47504H,ENGLISH ROSE SPIRIT LEVEL ,2011-12-04,47,44.63,1.7899999999999998,2011,12,4,48,4,6,36.0,33.0,22.5,2.0
47471,RAINBOW PEGS PHOTO CLIP STRING,2011-12-04,4,2.6,0.65,2011,12,4,48,4,6,1.0,2.0,7.25,1.0
47422,ASSORTED MONKEY SUCTION CUP HOOK,2011-12-04,4,1.68,0.42,2011,12,4,48,4,6,2.0,14.0,11.25,1.0
47421,ASSORTED COLOUR LIZARD SUCTION HOOK,2011-12-04,30,12.6,0.42,2011,12,4,48,4,6,10.0,6.0,40.5,24.0
47369B,BLUE GREEN EMBROIDERY COSMETIC BAG,2011-12-04,4,23.16,5.79,2011,12,4,48,4,6,0.0,2.0,0.75,1.0
47369A,PINK GREEN EMBROIDERY COSMETIC BAG,2011-12-04,3,17.37,5.79,2011,12,4,48,4,6,0.0,1.0,0.25,1.0
46776B,WOVEN BERRIES CUSHION COVER ,2011-12-04,7,28.91,4.13,2011,12,4,48,4,6,9.0,6.0,7.25,2.0
46775D,SUNSET COLOUR CHUNKY KNITTED THROW,2011-12-04,1,16.95,16.95,2011,12,4,48,4,6,0.0,2.0,1.0,1.0
46000S,POLYESTER FILLER PAD 40x40cm,2011-12-04,39,56.55,1.45,2011,12,4,48,4,6,19.0,98.0,52.75,3.0
46000R,POLYESTER FILLER PAD 45x30cm,2011-12-04,2,2.9,1.45,2011,12,4,48,4,6,0.0,2.0,5.0,3.0
46000M,POLYESTER FILLER PAD 45x45cm,2011-12-04,31,48.050000000000004,1.55,2011,12,4,48,4,6,19.0,38.0,34.5,10.0
44234,ASSORTED CIRCULAR MOBILE,2011-12-04,5,1.05,0.21,2011,12,4,48,4,6,0.0,9.0,8.25,2.0
37450,CERAMIC CAKE BOWL + HANGING CAKES,2011-12-04,7,20.650000000000002,2.95,2011,12,4,48,4,6,7.0,13.0,12.0,7.0
37449,CERAMIC CAKE STAND + HANGING CAKES,2011-12-04,9,89.54999999999998,9.95,2011,12,4,48,4,6,5.0,8.0,8.75,21.0
37448,CERAMIC CAKE DESIGN SPOTTED MUG,2011-12-04,43,71.27,2.2775,2011,12,4,48,4,6,24.0,7.0,28.0,36.0
37446,MINI CAKE STAND WITH HANGING CAKES,2011-12-04,26,37.699999999999996,1.45,2011,12,4,48,4,6,11.0,8.0,15.5,67.0
35971,ROSE FOLKART HEART DECORATIONS,2011-12-04,5,9.879999999999999,2.2583333333333333,2011,12,4,48,4,6,3.0,28.0,28.75,8.0
35970,ZINC FOLKART SLEIGH BELLS,2011-12-04,319,633.82,2.4474973544973544,2011,12,4,48,4,6,393.0,420.0,449.25,13.0
47590B,PINK HAPPY BIRTHDAY BUNTING,2011-12-04,16,92.54,6.518000000000001,2011,12,4,48,4,6,8.0,59.0,30.75,19.0
35967,FOLK ART METAL STAR T-LIGHT HOLDER,2011-12-04,24,12.72,0.6799999999999999,2011,12,4,48,4,6,28.0,23.0,24.25,27.0
47591D,PINK FAIRY CAKE CHILDRENS APRON,2011-12-04,101,190.67000000000002,2.2179444444444445,2011,12,4,48,4,6,177.0,194.0,157.75,81.0
47593B,SCOTTIE DOGS BABY BIB,2011-12-04,26,21.58,0.8299999999999998,2011,12,4,48,4,6,38.0,17.0,52.0,8.0
72133,COLUMBIAN CANDLE RECTANGLE,2011-12-04,6,7.5,1.25,2011,12,4,48,4,6,6.0,0.0,1.5,6.0
72130,COLUMBIAN CANDLE ROUND,2011-12-04,1,1.63,1.63,2011,12,4,48,4,6,4.0,19.0,7.25,1.0
71477,COLOURED GLASS STAR T-LIGHT HOLDER,2011-12-04,309,1075.83,4.452333333333334,2011,12,4,48,4,6,4.0,360.0,138.0,1.0
71477,COLOUR GLASS. STAR T-LIGHT HOLDER,2011-12-04,4,15.8,3.95,2011,12,4,48,4,6,360.0,168.0,165.0,19.0
71459,HANGING JAM JAR T-LIGHT HOLDERS,2011-12-04,124,96.16000000000001,1.0983333333333334,2011,12,4,48,4,6,60.0,384.0,194.0,32.0
71406C,BLACK ORANGE SQUEEZER,2011-12-04,6,2.52,0.42,2011,12,4,48,4,6,1.0,12.0,5.0,13.0
71270,PHOTO CLIP LINE,2011-12-04,1,1.25,1.25,2011,12,4,48,4,6,7.0,3.0,7.75,4.0
71053,WHITE MOROCCAN METAL LANTERN,2011-12-04,23,145.26999999999998,6.2091666666666665,2011,12,4,48,4,6,31.0,2.0,25.75,79.0
70007,HI TEC ALPINE HAND WARMER,2011-12-04,23,42.86999999999999,2.6522222222222225,2011,12,4,48,4,6,20.0,45.0,26.5,20.0
70006,LOVE HEART POCKET WARMER,2011-12-04,32,27.78,2.04,2011,12,4,48,4,6,16.0,31.0,17.25,11.0
62018,SOMBRERO ,2011-12-04,204,257.8,1.6,2011,12,4,48,4,6,3.0,6.0,7.0,2.0
51014L,"FEATHER PEN,LIGHT PINK",2011-12-04,98,44.38,0.5660000000000001,2011,12,4,48,4,6,197.0,56.0,98.25,12.0
51014C,"FEATHER PEN,COAL BLACK",2011-12-04,49,24.83,0.5660000000000001,2011,12,4,48,4,6,172.0,277.0,218.0,97.0
51014A,"FEATHER PEN,HOT PINK",2011-12-04,96,53.28,0.5366666666666666,2011,12,4,48,4,6,302.0,300.0,248.75,25.0
48194,DOORMAT HEARTS,2011-12-04,16,173.92000000000002,10.934000000000001,2011,12,4,48,4,6,112.0,33.0,49.25,80.0
48188,DOORMAT WELCOME PUPPIES,2011-12-04,1,8.25,8.25,2011,12,4,48,4,6,3.0,10.0,13.0,2.0
48187,DOORMAT NEW ENGLAND,2011-12-04,81,586.35,8.00625,2011,12,4,48,4,6,96.0,21.0,43.75,46.0
48185,DOORMAT FAIRY CAKE,2011-12-04,33,263.92999999999995,9.723333333333333,2011,12,4,48,4,6,57.0,22.0,27.5,16.0
48184,DOORMAT ENGLISH ROSE ,2011-12-04,24,193.84,8.77,2011,12,4,48,4,6,84.0,13.0,36.75,45.0
48173C,DOORMAT BLACK FLOCK ,2011-12-04,14,103.8,7.859999999999999,2011,12,4,48,4,6,76.0,4.0,25.75,3.0
48138,DOORMAT UNION FLAG,2011-12-04,35,327.40999999999997,10.389166666666666,2011,12,4,48,4,6,91.0,45.0,50.25,37.0
48129,DOORMAT TOPIARY,2011-12-04,7,65.28999999999999,10.763333333333334,2011,12,4,48,4,6,14.0,8.0,11.0,14.0
48111,DOORMAT 3 SMILEY CATS,2011-12-04,11,113.37,11.705833333333333,2011,12,4,48,4,6,13.0,11.0,15.0,27.0
47599B,BLUE PARTY BAGS ,2011-12-04,12,25.200000000000003,2.1,2011,12,4,48,4,6,22.0,6.0,46.5,63.0
47599A,PINK PARTY BAGS,2011-12-04,12,25.200000000000003,2.1,2011,12,4,48,4,6,3.0,6.0,6.5,64.0
47591d,PINK FAIRY CAKE CHILDRENS APRON,2011-12-04,1,4.96,4.96,2011,12,4,48,4,6,0.0,1.0,0.5,12.0
35964,FOLKART CLIP ON STARS,2011-12-04,99,44.67,0.6791666666666667,2011,12,4,48,4,6,129.0,29.0,57.25,1.0
35961,FOLKART ZINC HEART CHRISTMAS DEC,2011-12-04,61,54.96999999999999,1.24,2011,12,4,48,4,6,90.0,47.0,62.0,43.0
35953,FOLKART STAR CHRISTMAS DECORATIONS,2011-12-04,282,127.58,0.5061111111111111,2011,12,4,48,4,6,413.0,637.0,445.75,24.0
22968,ROSE COTTAGE KEEPSAKE BOX ,2011-12-04,1,19.96,19.96,2011,12,4,48,4,6,6.0,24.0,9.75,51.0
22966,GINGERBREAD MAN COOKIE CUTTER,2011-12-04,207,275.69,1.5717063492063492,2011,12,4,48,4,6,334.0,134.0,250.5,100.0
22965,3 TRADITIONAl BISCUIT CUTTERS  SET,2011-12-04,14,39.55,3.521,2011,12,4,48,4,6,129.0,16.0,46.25,0.0
22964,3 PIECE SPACEBOY COOKIE CUTTER SET,2011-12-04,28,68.95,2.9796666666666667,2011,12,4,48,4,6,21.0,69.0,66.0,69.0
22963,JAM JAR WITH GREEN LID,2011-12-04,17,18.349999999999998,1.435,2011,12,4,48,4,6,21.0,7.0,44.5,113.0
22962,JAM JAR WITH PINK LID,2011-12-04,31,31.81,1.24,2011,12,4,48,4,6,17.0,22.0,75.25,170.0
22961,JAM MAKING SET PRINTED,2011-12-04,269,561.17,2.071851851851852,2011,12,4,48,4,6,515.0,355.0,379.75,414.0
22960,JAM MAKING SET WITH JARS,2011-12-04,350,1640.22,5.62897619047619,2011,12,4,48,4,6,186.0,163.0,199.25,139.0
22959,WRAP CHRISTMAS VILLAGE,2011-12-04,651,273.42,0.42000000000000004,2011,12,4,48,4,6,425.0,175.0,368.75,13.0
22956,36 FOIL HEART CAKE CASES,2011-12-04,54,49.34,2.46,2011,12,4,48,4,6,4.0,57.0,17.75,29.0
22955,36 FOIL STAR CAKE CASES ,2011-12-04,19,41.93000000000001,2.776666666666667,2011,12,4,48,4,6,11.0,65.0,63.5,24.0
22953,BIRTHDAY PARTY CORDON BARRIER TAPE,2011-12-04,13,16.25,1.25,2011,12,4,48,4,6,3.0,8.0,6.5,43.0
22952,60 CAKE CASES VINTAGE CHRISTMAS,2011-12-04,1031,629.34,0.8185912698412698,2011,12,4,48,4,6,612.0,1088.0,890.75,381.0
22951,60 CAKE CASES DOLLY GIRL DESIGN,2011-12-04,84,51.800000000000004,0.8805555555555555,2011,12,4,48,4,6,209.0,23.0,182.25,22.0
22949,SET OF 36 DOLLY GIRL PAPER DOILIES,2011-12-04,1,1.45,1.45,2011,12,4,48,4,6,7.0,13.0,9.75,0.0
22948,METAL DECORATION NAUGHTY CHILDREN ,2011-12-04,89,101.57,1.444,2011,12,4,48,4,6,49.0,53.0,43.5,29.0
22947,WOODEN ADVENT CALENDAR RED,2011-12-04,27,405.60999999999996,14.459999999999999,2011,12,4,48,4,6,120.0,185.0,123.0,10.0
22946,WOODEN ADVENT CALENDAR CREAM,2011-12-04,7,100.75,15.16,2011,12,4,48,4,6,5.0,33.0,27.5,7.0
22945,CHRISTMAS METAL TAGS ASSORTED ,2011-12-04,88,80.5,0.96875,2011,12,4,48,4,6,198.0,132.0,192.0,106.0
22944,CHRISTMAS METAL POSTCARD WITH BELLS,2011-12-04,144,101.28,0.9099999999999999,2011,12,4,48,4,6,234.0,390.0,346.5,25.0
22943,CHRISTMAS LIGHTS 10 VINTAGE BAUBLES,2011-12-04,7,58.01,8.843333333333332,2011,12,4,48,4,6,4.0,12.0,40.75,182.0
22942,CHRISTMAS LIGHTS 10 SANTAS ,2011-12-04,32,229.36,7.9686111111111115,2011,12,4,48,4,6,21.0,32.0,32.25,21.0
22941,CHRISTMAS LIGHTS 10 REINDEER,2011-12-04,117,1022.51,9.445416666666667,2011,12,4,48,4,6,61.0,160.0,98.25,63.0
22940,FELTCRAFT CHRISTMAS FAIRY,2011-12-04,92,393.12,4.425833333333333,2011,12,4,48,4,6,50.0,82.0,91.0,114.0
22939,ADULT APRON APPLE DELIGHT,2011-12-04,9,56.230000000000004,5.923333333333333,2011,12,4,48,4,6,5.0,10.0,14.0,1.0
22969,HOMEMADE JAM SCENTED CANDLES,2011-12-04,142,246.38,2.0633333333333335,2011,12,4,48,4,6,93.0,168.0,140.0,382.0
22972,CHILDREN'S SPACEBOY MUG,2011-12-04,17,29.689999999999998,2.1966666666666668,2011,12,4,48,4,6,33.0,36.0,29.5,57.0
22973,CHILDREN'S CIRCUS PARADE MUG,2011-12-04,10,21.419999999999998,2.4699999999999998,2011,12,4,48,4,6,2.0,9.0,32.0,29.0
22974,CHILDRENS DOLLY GIRL MUG,2011-12-04,35,65.94999999999999,2.287777777777778,2011,12,4,48,4,6,19.0,28.0,28.25,46.0
35818P,"ACRYLIC JEWEL ICICLE, PINK",2011-12-04,12,4.5600000000000005,0.38,2011,12,4,48,4,6,64.0,7.0,28.25,1.0
35810B,ENAMEL BLUE RIM COFFEE CONTAINER,2011-12-04,1,0.83,0.83,2011,12,4,48,4,6,4.0,0.0,1.0,1.0
35599D,PINK AND WHITE CHRISTMAS TREE 120CM,2011-12-04,53,144.35,2.45,2011,12,4,48,4,6,1.0,25.0,17.0,2.0
35599B,BLACK CHRISTMAS TREE 120CM,2011-12-04,90,175.5,1.95,2011,12,4,48,4,6,7.0,19.0,15.5,2.0
35598D,PINK/WHITE CHRISTMAS TREE 60CM,2011-12-04,49,31.85,0.65,2011,12,4,48,4,6,0.0,27.0,19.0,27.0
35598B,BLACK CHRISTMAS TREE 60CM,2011-12-04,48,31.200000000000003,0.65,2011,12,4,48,4,6,25.0,2.0,21.75,27.0
35471D,SET OF 3 BIRD LIGHT PINK FEATHER ,2011-12-04,141,67.03,0.5811111111111111,2011,12,4,48,4,6,307.0,60.0,159.0,7.0
35095B,RED VICTORIAN FABRIC OVAL BOX,2011-12-04,28,13.4,0.6933333333333334,2011,12,4,48,4,6,18.0,5.0,15.75,1.0
35095A,BLUE VICTORIAN FABRIC OVAL BOX,2011-12-04,55,25.97,0.7275,2011,12,4,48,4,6,40.0,34.0,44.0,3.0
35004B,SET OF 3 BLACK FLYING DUCKS,2011-12-04,3,16.35,5.45,2011,12,4,48,4,6,12.0,5.0,4.75,13.0
35001G,HAND OPEN SHAPE GOLD,2011-12-04,15,18.75,1.25,2011,12,4,48,4,6,1.0,11.0,7.5,43.0
23256,CHILDRENS CUTLERY SPACEBOY ,2011-12-04,32,132.8,4.15,2011,12,4,48,4,6,47.0,62.0,81.5,53.0
22928,YELLOW GIANT GARDEN THERMOMETER,2011-12-04,7,80.71000000000001,11.375,2011,12,4,48,4,6,11.0,20.0,12.25,5.0
23254,CHILDRENS CUTLERY DOLLY GIRL ,2011-12-04,30,128.64000000000001,4.564,2011,12,4,48,4,6,54.0,36.0,75.0,46.0
23194,GYMKHANA TREASURE BOOK BOX,2011-12-04,20,56.65,3.415,2011,12,4,48,4,6,28.0,32.0,139.25,8.0
23131,MISTLETOE HEART WREATH CREAM,2011-12-04,31,128.65,4.15,2011,12,4,48,4,6,15.0,26.0,20.5,48.0
23130,MISTLETOE HEART WREATH GREEN,2011-12-04,53,219.29000000000002,4.938,2011,12,4,48,4,6,35.0,106.0,63.75,4.0
23126,FELTCRAFT GIRL AMELIE KIT,2011-12-04,37,200.67000000000002,5.242,2011,12,4,48,4,6,101.0,48.0,49.0,7.0
23075,PARLOUR CERAMIC WALL HOOK,2011-12-04,6,24.900000000000002,4.15,2011,12,4,48,4,6,9.0,39.0,16.5,16.0
22988,SOLDIERS EGG CUP ,2011-12-04,255,308.33000000000004,1.7043333333333333,2011,12,4,48,4,6,132.0,283.0,175.25,152.0
22985,WRAP BILLBOARD FONTS DESIGN,2011-12-04,25,10.5,0.42,2011,12,4,48,4,6,75.0,25.0,43.75,50.0
22984,CARD GINGHAM ROSE ,2011-12-04,36,15.120000000000001,0.42,2011,12,4,48,4,6,50.0,14.0,25.5,12.0
22983,CARD BILLBOARD FONT,2011-12-04,64,28.52,0.5429999999999999,2011,12,4,48,4,6,71.0,134.0,95.75,96.0
22977,DOLLY GIRL CHILDRENS EGG CUP,2011-12-04,15,21.17,1.855,2011,12,4,48,4,6,10.0,8.0,6.75,5.0
22976,CIRCUS PARADE CHILDRENS EGG CUP ,2011-12-04,5,11.09,1.855,2011,12,4,48,4,6,29.0,20.0,21.0,56.0
22975,SPACEBOY CHILDRENS EGG CUP,2011-12-04,26,33.71,1.3844444444444444,2011,12,4,48,4,6,26.0,9.0,18.25,44.0
23236,STORAGE TIN VINTAGE DOILY ,2011-12-04,17,57.83,3.9775,2011,12,4,48,4,6,30.0,159.0,60.5,66.0
22105,MIRROR MOSAIC GOBLET CANDLE HOLDER,2011-12-04,4,16.52,4.13,2011,12,4,48,4,6,0.0,0.0,0.0,1.0
22478,BIRDHOUSE GARDEN MARKER ,2011-12-04,33,44.879999999999995,1.855,2011,12,4,48,4,6,6.0,36.0,12.25,4.0
21430,SET/3 RED GINGHAM ROSE STORAGE BOX,2011-12-04,23,115.93,5.060866666666667,2011,12,4,48,4,6,60.0,62.0,42.75,80.0
21742,LARGE ROUND WICKER PLATTER ,2011-12-04,24,142.8,5.95,2011,12,4,48,4,6,19.0,18.0,12.75,2.0
21739,COSY SLIPPER SHOES SMALL GREEN,2011-12-04,12,30.01,2.509,2011,12,4,48,4,6,22.0,14.0,18.5,9.0
20914,SET/5 RED RETROSPOT LID GLASS BOWLS,2011-12-04,234,653.3000000000001,3.0614814814814815,2011,12,4,48,4,6,156.0,193.0,150.75,130.0
21733,RED HANGING HEART T-LIGHT HOLDER,2011-12-04,289,792.79,3.236285714285714,2011,12,4,48,4,6,318.0,164.0,332.75,228.0
20931,BLUE POT PLANT CANDLE ,2011-12-04,5,23.77,5.205,2011,12,4,48,4,6,53.0,13.0,26.75,2.0
21731,RED TOADSTOOL LED NIGHT LIGHT,2011-12-04,359,707.5099999999999,2.2718650793650794,2011,12,4,48,4,6,285.0,833.0,441.25,592.0
21730,GLASS STAR FROSTED T-LIGHT HOLDER,2011-12-04,12,59.400000000000006,4.95,2011,12,4,48,4,6,15.0,34.0,19.25,109.0
21724,PANDA AND BUNNIES STICKER SHEET,2011-12-04,20,17.0,0.85,2011,12,4,48,4,6,0.0,4.0,18.5,36.0
20936,FORKED CACTUS CANDLE,2011-12-04,3,14.530000000000001,5.08,2011,12,4,48,4,6,6.0,6.0,4.75,6.0
21723,ALPHABET HEARTS STICKER SHEET,2011-12-04,3,3.33,1.24,2011,12,4,48,4,6,1.0,2.0,4.5,1.0
20956,PORCELAIN T-LIGHT HOLDERS ASSORTED,2011-12-04,16,20.0,1.25,2011,12,4,48,4,6,50.0,59.0,59.5,29.0
21722,SWEET PUDDING STICKER SHEET,2011-12-04,3,4.109999999999999,1.435,2011,12,4,48,4,6,0.0,2.0,1.5,13.0
21721,CANDY SHOP  STICKER SHEET,2011-12-04,1,1.63,1.63,2011,12,4,48,4,6,0.0,0.0,0.0,25.0
20961,STRAWBERRY BATH SPONGE ,2011-12-04,137,177.3,1.7743333333333333,2011,12,4,48,4,6,48.0,57.0,42.25,119.0
21719,LOVELY BONBON STICKER SHEET,2011-12-04,2,2.48,1.24,2011,12,4,48,4,6,0.0,13.0,6.75,16.0
20963,APPLE BATH SPONGE,2011-12-04,116,153.47,1.855,2011,12,4,48,4,6,43.0,52.0,42.25,150.0
21718,RED METAL BEACH SPADE ,2011-12-04,6,12.34,2.1574999999999998,2011,12,4,48,4,6,6.0,12.0,11.75,13.0
21716,BOYS VINTAGE TIN SEASIDE BUCKET,2011-12-04,7,29.9,4.478,2011,12,4,48,4,6,10.0,8.0,25.25,14.0
20969,RED FLORAL FELTCRAFT SHOULDER BAG,2011-12-04,34,134.92000000000002,4.8629999999999995,2011,12,4,48,4,6,45.0,83.0,52.5,20.0
20894,HANGING BAUBLE T-LIGHT HOLDER LARGE,2011-12-04,1,2.95,2.95,2011,12,4,48,4,6,0.0,7.0,3.25,4.0
21715,GIRLS VINTAGE TIN SEASIDE BUCKET,2011-12-04,4,19.84,4.96,2011,12,4,48,4,6,3.0,5.0,13.5,10.0
21745,GAOLERS KEYS DECORATIVE GARDEN ,2011-12-04,48,168.48000000000002,3.69,2011,12,4,48,4,6,29.0,24.0,23.75,30.0
21754,HOME BUILDING BLOCK WORD,2011-12-04,52,315.98,6.565,2011,12,4,48,4,6,58.0,70.0,55.5,79.0
20829,GLITTER HANGING BUTTERFLY STRING,2011-12-04,21,44.1,2.1,2011,12,4,48,4,6,33.0,43.0,36.75,15.0
21791,VINTAGE HEADS AND TAILS CARD GAME ,2011-12-04,197,276.5,1.530892857142857,2011,12,4,48,4,6,245.0,586.0,371.5,421.0
21790,VINTAGE SNAP CARDS,2011-12-04,667,581.7699999999999,0.9614761904761905,2011,12,4,48,4,6,432.0,758.0,631.25,313.0
20832,RED FLOCK LOVE HEART PHOTO FRAME,2011-12-04,4,1.56,0.39,2011,12,4,48,4,6,11.0,36.0,24.75,4.0
21789,KIDS RAIN MAC PINK,2011-12-04,27,25.29,1.435,2011,12,4,48,4,6,4.0,31.0,10.5,3.0
20839,FRENCH PAISLEY CUSHION COVER ,2011-12-04,8,16.560000000000002,2.4766666666666666,2011,12,4,48,4,6,16.0,14.0,22.5,1.0
21788,KIDS RAIN MAC BLUE,2011-12-04,24,20.4,0.85,2011,12,4,48,4,6,3.0,34.0,11.25,24.0
20840,FRENCH FLORAL CUSHION COVER ,2011-12-04,24,20.4,0.85,2011,12,4,48,4,6,15.0,3.0,8.0,1.0
21786,POLKADOT RAIN HAT ,2011-12-04,48,27.590000000000003,0.6844444444444444,2011,12,4,48,4,6,29.0,50.0,36.0,235.0
20846,ZINC HEART LATTICE T-LIGHT HOLDER,2011-12-04,32,40.0,1.25,2011,12,4,48,4,6,30.0,5.0,17.75,11.0
21775,DECORATIVE FLORE BATHROOM BOTTLE,2011-12-04,5,8.67,1.855,2011,12,4,48,4,6,8.0,16.0,10.75,3.0
21774,DECORATIVE CATS BATHROOM BOTTLE,2011-12-04,7,16.009999999999998,2.3255555555555554,2011,12,4,48,4,6,10.0,13.0,14.5,22.0
21773,DECORATIVE ROSE BATHROOM BOTTLE,2011-12-04,8,18.47,2.0566666666666666,2011,12,4,48,4,6,1.0,7.0,34.75,5.0
20866,BLUE ROSE FABRIC MIRROR,2011-12-04,3,7.38,2.46,2011,12,4,48,4,6,13.0,1.0,11.25,1.0
21761,WOOD AND GLASS MEDICINE CABINET,2011-12-04,1,29.95,29.95,2011,12,4,48,4,6,0.0,0.0,0.25,2.0
21758,VINTAGE SHELLS PRINT,2011-12-04,2,24.92,12.46,2011,12,4,48,4,6,0.0,9.0,3.25,1.0
20867,PINK ROSE FABRIC MIRROR,2011-12-04,13,17.46,1.855,2011,12,4,48,4,6,10.0,0.0,3.0,37.0
21756,BATH BUILDING BLOCK WORD,2011-12-04,4,30.380000000000003,7.146666666666667,2011,12,4,48,4,6,11.0,6.0,15.25,29.0
21755,LOVE BUILDING BLOCK WORD,2011-12-04,34,212.5,6.25,2011,12,4,48,4,6,31.0,33.0,42.75,37.0
20893,HANGING BAUBLE T-LIGHT HOLDER SMALL,2011-12-04,59,123.9,2.1,2011,12,4,48,4,6,6.0,1.0,2.0,108.0
21804,WHITE CHRISTMAS GARLAND STARS TREES,2011-12-04,19,64.95,3.4544444444444444,2011,12,4,48,4,6,21.0,33.0,31.75,8.0
20970,PINK FLORAL FELTCRAFT SHOULDER BAG,2011-12-04,42,164.92000000000002,4.6775,2011,12,4,48,4,6,40.0,85.0,57.75,28.0
20971,PINK BLUE FELT CRAFT TRINKET BOX,2011-12-04,256,330.52000000000004,1.4766388888888888,2011,12,4,48,4,6,94.0,666.0,329.0,230.0
20996,JAZZ HEARTS ADDRESS BOOK,2011-12-04,145,28.190000000000005,0.254,2011,12,4,48,4,6,82.0,183.0,97.25,1.0
21679,SKULLS  STICKERS,2011-12-04,18,15.299999999999999,0.85,2011,12,4,48,4,6,47.0,15.0,35.75,47.0
21000,ROSE DU SUD COSMETICS BAG,2011-12-04,3,9.870000000000001,3.29,2011,12,4,48,4,6,3.0,4.0,3.25,1.0
21677,HEARTS  STICKERS,2011-12-04,32,28.759999999999998,0.98,2011,12,4,48,4,6,26.0,9.0,23.25,19.0
21012,ANTIQUE ALL GLASS CANDLESTICK,2011-12-04,80,173.04000000000002,2.1420000000000003,2011,12,4,48,4,6,25.0,29.0,23.5,23.0
21676,FLOWERS  STICKERS,2011-12-04,15,15.09,1.435,2011,12,4,48,4,6,2.0,8.0,3.75,6.0
21015,DARK BIRD HOUSE TREE DECORATION,2011-12-04,80,33.459999999999994,0.5599999999999999,2011,12,4,48,4,6,216.0,139.0,160.5,4.0
21675,BUTTERFLIES STICKERS,2011-12-04,30,30.179999999999996,1.3375,2011,12,4,48,4,6,32.0,2.0,17.5,1.0
21025,SPACE FROG,2011-12-04,7,17.22,2.46,2011,12,4,48,4,6,7.0,7.0,3.5,13.0
21673,WHITE SPOT BLUE CERAMIC DRAWER KNOB,2011-12-04,66,110.41999999999999,2.14,2011,12,4,48,4,6,51.0,24.0,57.75,148.0
21026,SPACE OWL,2011-12-04,17,29.72,2.218,2011,12,4,48,4,6,26.0,16.0,11.0,2.0
21672,WHITE SPOT RED CERAMIC DRAWER KNOB,2011-12-04,50,88.27999999999999,2.765,2011,12,4,48,4,6,29.0,19.0,48.75,49.0
21671,RED SPOT CERAMIC DRAWER KNOB,2011-12-04,47,81.02999999999999,2.6153333333333335,2011,12,4,48,4,6,52.0,134.0,92.25,42.0
21032,SPACE CADET WHITE,2011-12-04,11,13.75,1.25,2011,12,4,48,4,6,0.0,1.0,1.75,2.0
21670,BLUE SPOT CERAMIC DRAWER KNOB,2011-12-04,45,83.65,1.91,2011,12,4,48,4,6,48.0,37.0,123.25,42.0
21034,REX CASH+CARRY JUMBO SHOPPER,2011-12-04,71,67.45,0.9499999999999998,2011,12,4,48,4,6,97.0,79.0,79.0,37.0
21669,BLUE STRIPE CERAMIC DRAWER KNOB,2011-12-04,68,102.28,1.91,2011,12,4,48,4,6,75.0,53.0,104.75,49.0
21035,SET/2 RED RETROSPOT TEA TOWELS ,2011-12-04,32,123.14,4.882333333333333,2011,12,4,48,4,6,28.0,41.0,75.75,47.0
21668,RED STRIPE CERAMIC DRAWER KNOB,2011-12-04,50,101.94,2.83,2011,12,4,48,4,6,34.0,47.0,103.5,33.0
20992,JAZZ HEARTS PURSE NOTEBOOK,2011-12-04,350,137.73999999999998,0.49333333333333335,2011,12,4,48,4,6,160.0,286.0,233.25,25.0
21714,CITRONELLA CANDLE GARDEN POT,2011-12-04,5,9.879999999999999,2.0566666666666666,2011,12,4,48,4,6,21.0,16.0,13.0,1.0
21682,LARGE MEDINA STAMPED METAL BOWL ,2011-12-04,3,14.850000000000001,4.95,2011,12,4,48,4,6,8.0,6.0,3.5,4.0
21684,SMALL MEDINA STAMPED METAL BOWL ,2011-12-04,4,6.62,2.0575,2011,12,4,48,4,6,29.0,5.0,11.75,1.0
21709,FOLDING UMBRELLA CHOCOLATE POLKADOT,2011-12-04,1,4.95,4.95,2011,12,4,48,4,6,2.0,2.0,3.25,1.0
21708,FOLDING UMBRELLA CREAM POLKADOT,2011-12-04,1,4.95,4.95,2011,12,4,48,4,6,4.0,2.0,2.75,1.0
20972,PINK CREAM FELT CRAFT TRINKET BOX ,2011-12-04,159,226.58,1.6163611111111111,2011,12,4,48,4,6,151.0,321.0,237.0,98.0
20973,12 PENCIL SMALL TUBE WOODLAND,2011-12-04,299,209.35000000000002,0.7716666666666666,2011,12,4,48,4,6,619.0,357.0,376.0,121.0
21706,FOLDING UMBRELLA RED/WHITE POLKADOT,2011-12-04,4,19.8,4.95,2011,12,4,48,4,6,9.0,5.0,4.75,4.0
21705,BAG 500g SWIRLY MARBLES,2011-12-04,79,81.35,2.382,2011,12,4,48,4,6,24.0,50.0,32.5,21.0
20975,12 PENCILS SMALL TUBE RED RETROSPOT,2011-12-04,183,118.95,0.65,2011,12,4,48,4,6,248.0,257.0,224.0,320.0
21704,BAG 250g SWIRLY MARBLES,2011-12-04,76,78.64,1.1533333333333333,2011,12,4,48,4,6,53.0,221.0,175.75,16.0
20978,36 PENCILS TUBE SKULLS,2011-12-04,56,79.5,1.6601388888888888,2011,12,4,48,4,6,140.0,25.0,71.5,12.0
21703,BAG 125g SWIRLY MARBLES,2011-12-04,97,44.84,0.5566666666666666,2011,12,4,48,4,6,418.0,117.0,423.5,207.0
20979,36 PENCILS TUBE RED RETROSPOT,2011-12-04,77,109.56,1.8146666666666669,2011,12,4,48,4,6,133.0,106.0,108.0,22.0
21698,MOCK LOBSTER FRIDGE MAGNET,2011-12-04,2,3.26,1.63,2011,12,4,48,4,6,13.0,2.0,14.25,2.0
20981,12 PENCILS TALL TUBE WOODLAND,2011-12-04,38,32.3,0.85,2011,12,4,48,4,6,140.0,78.0,92.0,26.0
21695,SMALL SILVER FLOWER CANDLE POT,2011-12-04,6,17.700000000000003,2.95,2011,12,4,48,4,6,1.0,12.0,10.75,12.0
20982,12 PENCILS TALL TUBE SKULLS,2011-12-04,56,49.94,0.9799999999999999,2011,12,4,48,4,6,211.0,181.0,156.75,44.0
21693,SMALL HAMMERED SILVER CANDLEPOT ,2011-12-04,16,58.56,3.66,2011,12,4,48,4,6,18.0,6.0,7.5,6.0
20983,12 PENCILS TALL TUBE RED RETROSPOT,2011-12-04,67,63.19,0.9279999999999999,2011,12,4,48,4,6,223.0,142.0,131.0,30.0
21688,SILVER PLATE CANDLE BOWL SMALL,2011-12-04,6,17.700000000000003,2.95,2011,12,4,48,4,6,0.0,6.0,6.25,24.0
20985,HEART CALCULATOR,2011-12-04,16,24.84,1.855,2011,12,4,48,4,6,10.0,27.0,18.75,1.0
20986,BLUE CALCULATOR RULER,2011-12-04,45,62.3,1.4516666666666667,2011,12,4,48,4,6,27.0,25.0,36.25,6.0
21809,CHRISTMAS HANGING TREE WITH BELL,2011-12-04,3,7.38,2.46,2011,12,4,48,4,6,1.0,13.0,43.25,9.0
20828,GLITTER BUTTERFLY CLIPS,2011-12-04,34,91.52,3.2729999999999997,2011,12,4,48,4,6,26.0,23.0,27.25,11.0
21810,CHRISTMAS HANGING STAR WITH BELL,2011-12-04,406,278.23,0.6749166666666667,2011,12,4,48,4,6,1114.0,576.0,762.0,27.0
20707,CRAZY DAISY HEART DECORATION,2011-12-04,1,2.46,2.46,2011,12,4,48,4,6,1.0,1.0,4.0,1.0
21889,WOODEN BOX OF DOMINOES,2011-12-04,251,332.73,1.5189642857142858,2011,12,4,48,4,6,217.0,544.0,346.5,113.0
20711,JUMBO BAG TOYS ,2011-12-04,18,53.839999999999996,3.6174999999999997,2011,12,4,48,4,6,142.0,66.0,97.25,40.0
20712,JUMBO BAG WOODLAND ANIMALS,2011-12-04,133,331.99,2.95531746031746,2011,12,4,48,4,6,220.0,84.0,182.25,77.0
21888,BINGO SET,2011-12-04,39,179.64,5.179895833333333,2011,12,4,48,4,6,56.0,48.0,68.75,21.0
21884,CAKES AND BOWS GIFT  TAPE,2011-12-04,13,9.43,1.14,2011,12,4,48,4,6,2.0,1.0,7.25,3.0
20713,JUMBO BAG OWLS,2011-12-04,427,848.6600000000001,2.7219,2011,12,4,48,4,6,50.0,144.0,141.25,69.0
20717,STRAWBERRY SHOPPER BAG,2011-12-04,29,43.51,1.8549999999999998,2011,12,4,48,4,6,30.0,40.0,52.0,5.0
21883,STARS GIFT TAPE ,2011-12-04,13,9.43,1.14,2011,12,4,48,4,6,27.0,14.0,24.25,63.0
21882,SKULLS TAPE,2011-12-04,12,7.800000000000001,0.65,2011,12,4,48,4,6,12.0,1.0,9.5,2.0
20718,RED RETROSPOT SHOPPER BAG,2011-12-04,111,175.71,1.8641666666666667,2011,12,4,48,4,6,68.0,103.0,115.25,42.0
21881,CUTE CATS TAPE,2011-12-04,13,9.43,1.14,2011,12,4,48,4,6,1.0,3.0,8.0,13.0
20719,WOODLAND CHARLOTTE BAG,2011-12-04,327,635.5,1.4637222222222224,2011,12,4,48,4,6,241.0,299.0,224.5,254.0
21880,RED RETROSPOT TAPE,2011-12-04,23,12.420000000000002,0.466,2011,12,4,48,4,6,33.0,26.0,32.0,22.0
20723,STRAWBERRY CHARLOTTE BAG,2011-12-04,270,550.52,1.6350555555555555,2011,12,4,48,4,6,343.0,169.0,208.5,24.0
21879,HEARTS GIFT TAPE,2011-12-04,13,9.43,1.14,2011,12,4,48,4,6,0.0,0.0,1.5,2.0
20724,RED RETROSPOT CHARLOTTE BAG,2011-12-04,550,1044.99,1.2290714285714286,2011,12,4,48,4,6,735.0,455.0,500.5,91.0
21878,PACK OF 6 SANDCASTLE FLAGS ASSORTED,2011-12-04,5,7.369999999999999,1.5325,2011,12,4,48,4,6,6.0,2.0,9.25,4.0
20725,LUNCH BAG RED RETROSPOT,2011-12-04,331,794.61,2.492079365079365,2011,12,4,48,4,6,276.0,649.0,451.0,282.0
21890,S/6 WOODEN SKITTLES IN COTTON BAG,2011-12-04,7,27.83,4.096666666666667,2011,12,4,48,4,6,22.0,41.0,39.0,25.0
21877,HOME SWEET HOME MUG,2011-12-04,24,41.239999999999995,1.9780000000000002,2011,12,4,48,4,6,50.0,96.0,93.25,39.0
20686,DOLLY MIXTURE CHILDREN'S UMBRELLA,2011-12-04,2,9.879999999999999,4.9399999999999995,2011,12,4,48,4,6,3.0,52.0,15.5,9.0
20685,DOORMAT RED RETROSPOT,2011-12-04,97,714.19,8.1928,2011,12,4,48,4,6,102.0,46.0,70.5,100.0
20668,DISCO BALL CHRISTMAS DECORATION,2011-12-04,1656,182.88,0.18866666666666665,2011,12,4,48,4,6,950.0,718.0,854.5,483.0
21908,CHOCOLATE THIS WAY METAL SIGN,2011-12-04,200,418.3300000000001,2.6923333333333335,2011,12,4,48,4,6,48.0,51.0,48.5,40.0
21907,I'M ON HOLIDAY METAL SIGN,2011-12-04,44,92.4,2.1,2011,12,4,48,4,6,23.0,21.0,22.5,16.0
20669,RED HEART LUGGAGE TAG,2011-12-04,3,7.38,2.46,2011,12,4,48,4,6,9.0,3.0,7.0,14.0
21906,PHARMACIE FIRST AID TIN,2011-12-04,4,40.08,11.11,2011,12,4,48,4,6,4.0,9.0,4.75,12.0
21905,MORE BUTTER METAL SIGN ,2011-12-04,17,13.43,0.79,2011,12,4,48,4,6,27.0,32.0,23.25,6.0
21903,MAN FLU METAL SIGN,2011-12-04,39,92.05000000000001,2.4383333333333335,2011,12,4,48,4,6,25.0,5.0,18.75,3.0
20674,GREEN POLKADOT BOWL,2011-12-04,7,8.75,1.25,2011,12,4,48,4,6,24.0,21.0,26.75,22.0
21902,"KEY FOB , FRONT  DOOR ",2011-12-04,4,5.54,1.3033333333333332,2011,12,4,48,4,6,32.0,28.0,38.25,58.0
20675,BLUE POLKADOT BOWL,2011-12-04,14,18.71,1.3844444444444444,2011,12,4,48,4,6,22.0,90.0,42.0,9.0
21901,"KEY FOB , BACK DOOR ",2011-12-04,28,25.060000000000002,1.1726666666666667,2011,12,4,48,4,6,21.0,25.0,30.25,59.0
21900,"KEY FOB , SHED",2011-12-04,46,40.68,1.3033333333333332,2011,12,4,48,4,6,49.0,34.0,42.0,76.0
20676,RED RETROSPOT BOWL,2011-12-04,68,97.10000000000001,1.6735,2011,12,4,48,4,6,71.0,133.0,111.5,95.0
21899,GARAGE KEY FOB,2011-12-04,38,31.56,1.1726666666666667,2011,12,4,48,4,6,47.0,19.0,30.25,4.0
20677,PINK POLKADOT BOWL,2011-12-04,35,44.96,1.40125,2011,12,4,48,4,6,51.0,90.0,52.0,33.0
21894,POTTING SHED SEED ENVELOPES,2011-12-04,17,27.299999999999997,2.2583333333333333,2011,12,4,48,4,6,8.0,19.0,14.25,6.0
20679,EDWARDIAN PARASOL RED,2011-12-04,9,60.06,8.12,2011,12,4,48,4,6,9.0,63.0,56.0,89.0
20682,RED RETROSPOT CHILDRENS UMBRELLA,2011-12-04,29,104.39,4.264,2011,12,4,48,4,6,26.0,73.0,29.0,34.0
21892,TRADITIONAL WOODEN CATCH CUP GAME ,2011-12-04,211,300.05,1.7810555555555556,2011,12,4,48,4,6,104.0,288.0,154.5,75.0
21891,TRADITIONAL WOODEN SKIPPING ROPE,2011-12-04,512,706.01,1.7965972222222222,2011,12,4,48,4,6,81.0,340.0,340.5,55.0
20726,LUNCH BAG WOODLAND,2011-12-04,77,149.37,2.3664444444444444,2011,12,4,48,4,6,109.0,209.0,164.5,98.0
21876,POTTERING MUG,2011-12-04,85,184.53,2.6294444444444447,2011,12,4,48,4,6,41.0,54.0,47.75,9.0
21875,KINGS CHOICE MUG,2011-12-04,54,64.74000000000001,1.5093333333333334,2011,12,4,48,4,6,14.0,15.0,26.5,13.0
21844,RED RETROSPOT MUG,2011-12-04,1,5.79,5.79,2011,12,4,48,4,6,36.0,14.0,31.0,32.0
21843,RED RETROSPOT CAKE STAND,2011-12-04,43,598.77,13.491999999999999,2011,12,4,48,4,6,182.0,139.0,106.0,33.0
20764,ABSTRACT CIRCLES SKETCHBOOK ,2011-12-04,4,18.71,5.605,2011,12,4,48,4,6,12.0,8.0,6.75,2.0
21833,CAMOUFLAGE LED TORCH,2011-12-04,57,109.13,2.4366666666666665,2011,12,4,48,4,6,102.0,172.0,86.5,244.0
20766,GARDEN PATH SKETCHBOOK,2011-12-04,4,22.42,5.605,2011,12,4,48,4,6,7.0,0.0,3.25,1.0
21832,CHOCOLATE CALCULATOR,2011-12-04,38,72.53999999999999,2.1966666666666663,2011,12,4,48,4,6,49.0,44.0,35.25,51.0
20767,BLUE PAISLEY JOURNAL ,2011-12-04,10,32.73,3.755,2011,12,4,48,4,6,4.0,2.0,3.5,2.0
21828,EIGHT PIECE SNAKE  SET,2011-12-04,18,22.5,1.25,2011,12,4,48,4,6,28.0,21.0,20.25,2.0
20768,GREEN FERN JOURNAL ,2011-12-04,38,80.7,2.325,2011,12,4,48,4,6,3.0,0.0,1.0,3.0
21822,GLITTER CHRISTMAS TREE WITH BELLS,2011-12-04,114,102.98000000000002,1.1666666666666667,2011,12,4,48,4,6,146.0,116.0,96.0,7.0
20771,CHRYSANTHEMUM  JOURNAL,2011-12-04,11,28.049999999999997,2.55,2011,12,4,48,4,6,2.0,3.0,2.75,2.0
21821,GLITTER STAR GARLAND WITH BELLS ,2011-12-04,7,27.8,5.425,2011,12,4,48,4,6,38.0,24.0,29.75,3.0
21820,GLITTER HEART GARLAND WITH BELLS ,2011-12-04,22,80.34,3.705,2011,12,4,48,4,6,35.0,9.0,36.0,12.0
20772,GARDEN PATH JOURNAL,2011-12-04,30,76.5,2.55,2011,12,4,48,4,6,13.0,3.0,18.75,2.0
21819,GLITTER CHRISTMAS STAR ,2011-12-04,206,84.94,0.4666666666666666,2011,12,4,48,4,6,565.0,422.0,324.5,6.0
20777,CHRYSANTHEMUM NOTEBOOK,2011-12-04,16,26.299999999999997,1.6366666666666667,2011,12,4,48,4,6,16.0,17.0,13.25,2.0
21814,HEART T-LIGHT HOLDER ,2011-12-04,1,2.92,2.92,2011,12,4,48,4,6,19.0,0.0,8.0,10.0
20780,BLACK EAR MUFF HEADPHONES,2011-12-04,1,10.79,10.79,2011,12,4,48,4,6,4.0,1.0,2.5,2.0
21813,GARLAND WITH STARS AND BELLS,2011-12-04,41,140.65,3.354,2011,12,4,48,4,6,47.0,44.0,48.0,10.0
20761,BLUE PAISLEY SKETCHBOOK,2011-12-04,3,18.67,5.605,2011,12,4,48,4,6,4.0,6.0,3.0,1.0
21845,DAIRY MAID STRIPE MUG,2011-12-04,36,28.44,0.79,2011,12,4,48,4,6,0.0,36.0,18.0,6.0
21846,PINK DIAMANTE PEN IN GIFT BOX,2011-12-04,6,43.059999999999995,6.62,2011,12,4,48,4,6,6.0,16.0,6.25,5.0
20755,BLUE PAISLEY POCKET BOOK,2011-12-04,12,13.32,1.37,2011,12,4,48,4,6,38.0,26.0,18.75,7.0
20727,LUNCH BAG  BLACK SKULL.,2011-12-04,281,588.09,2.342040404040404,2011,12,4,48,4,6,348.0,384.0,276.5,257.0
21874,GIN AND TONIC MUG,2011-12-04,76,136.24,2.5113333333333334,2011,12,4,48,4,6,55.0,34.0,152.75,35.0
20728,LUNCH BAG CARS BLUE,2011-12-04,146,302.93,2.302388888888889,2011,12,4,48,4,6,386.0,190.0,209.75,175.0
21873,IF YOU CAN'T STAND THE HEAT MUG,2011-12-04,14,21.58,1.93,2011,12,4,48,4,6,19.0,2.0,6.75,24.0
20733,GOLD MINI TAPE MEASURE ,2011-12-04,12,11.559999999999999,0.99,2011,12,4,48,4,6,12.0,35.0,14.75,17.0
21872,GLAMOROUS  MUG,2011-12-04,27,35.79,1.505,2011,12,4,48,4,6,18.0,20.0,119.75,14.0
20735,BLACK MINI TAPE MEASURE ,2011-12-04,4,3.4,0.85,2011,12,4,48,4,6,0.0,6.0,1.5,10.0
21871,SAVE THE PLANET MUG,2011-12-04,107,170.35,2.136,2011,12,4,48,4,6,65.0,85.0,171.0,104.0
21868,POTTING SHED TEA MUG,2011-12-04,52,97.27999999999999,2.6886666666666668,2011,12,4,48,4,6,52.0,30.0,22.25,23.0
21039,RED RETROSPOT SHOPPING BAG,2011-12-04,12,43.56,3.09,2011,12,4,48,4,6,3.0,7.0,7.25,1.0
20748,KENSINGTON COFFEE SET,2011-12-04,1,12.75,12.75,2011,12,4,48,4,6,0.0,3.0,3.25,1.0
21866,UNION JACK FLAG LUGGAGE TAG,2011-12-04,42,57.34,1.9558333333333333,2011,12,4,48,4,6,14.0,6.0,9.75,10.0
21865,PINK UNION JACK  PASSPORT COVER ,2011-12-04,5,20.65,4.13,2011,12,4,48,4,6,9.0,6.0,5.25,2.0
21864,UNION JACK FLAG PASSPORT COVER ,2011-12-04,52,95.61,3.0124999999999997,2011,12,4,48,4,6,4.0,10.0,6.0,88.0
20749,ASSORTED COLOUR MINI CASES,2011-12-04,45,319.34999999999997,7.709999999999999,2011,12,4,48,4,6,87.0,24.0,64.25,52.0
21851,LILAC DIAMANTE PEN IN GIFT BOX,2011-12-04,1,8.29,8.29,2011,12,4,48,4,6,0.0,3.0,1.0,5.0
20750,RED RETROSPOT MINI CASES,2011-12-04,32,243.88,8.29888888888889,2011,12,4,48,4,6,38.0,77.0,51.25,48.0
21850,BLUE  DIAMANTE PEN IN GIFT BOX,2011-12-04,5,31.429999999999996,6.063333333333333,2011,12,4,48,4,6,1.0,1.0,1.75,5.0
21849,SILVER DIAMANTE PEN IN GIFT BOX,2011-12-04,6,33.04,6.063333333333333,2011,12,4,48,4,6,3.0,1.0,3.25,6.0
20751,FUNKY WASHING UP GLOVES ASSORTED,2011-12-04,1,2.1,2.1,2011,12,4,48,4,6,7.0,17.0,12.75,7.0
21867,PINK UNION JACK  LUGGAGE TAG,2011-12-04,5,12.3,2.46,2011,12,4,48,4,6,6.0,2.0,8.0,3.0
21650,ASSORTED TUTTI FRUTTI BRACELET,2011-12-04,41,18.669999999999998,0.766,2011,12,4,48,4,6,50.0,105.0,91.5,6.0
21648,ASSORTED TUTTI FRUTTI SMALL PURSE,2011-12-04,4,9.84,2.46,2011,12,4,48,4,6,1.0,78.0,23.25,3.0
21042,RED RETROSPOT APRON ,2011-12-04,4,36.82,9.205,2011,12,4,48,4,6,10.0,2.0,4.25,10.0
21428,SET3 BOOK BOX GREEN GINGHAM FLOWER ,2011-12-04,8,42.08,6.27,2011,12,4,48,4,6,34.0,69.0,42.0,26.0
21205,MULTICOLOUR 3D BALLS GARLAND,2011-12-04,1,2.55,2.55,2011,12,4,48,4,6,1.0,12.0,4.0,2.0
21207,SKULL AND CROSSBONES  GARLAND ,2011-12-04,12,19.799999999999997,1.65,2011,12,4,48,4,6,5.0,7.0,16.0,16.0
21427,SKULLS STORAGE BOX SMALL,2011-12-04,6,12.600000000000001,2.1,2011,12,4,48,4,6,2.0,5.0,3.25,9.0
21208,PASTEL COLOUR HONEYCOMB FAN,2011-12-04,37,14.43,0.38999999999999996,2011,12,4,48,4,6,12.0,41.0,28.25,1.0
21426,WOODLAND STORAGE BOX SMALL,2011-12-04,7,17.560000000000002,3.5300000000000002,2011,12,4,48,4,6,20.0,7.0,7.25,1.0
21210,SET OF 72 RETROSPOT PAPER  DOILIES,2011-12-04,174,244.22,2.254833333333333,2011,12,4,48,4,6,307.0,142.0,173.75,83.0
21422,PORCELAIN ROSE SMALL,2011-12-04,3,4.89,1.63,2011,12,4,48,4,6,0.0,17.0,5.25,43.0
21211,SET OF 72 SKULL PAPER  DOILIES,2011-12-04,12,17.4,1.45,2011,12,4,48,4,6,3.0,7.0,8.0,13.0
21212,PACK OF 72 RETROSPOT CAKE CASES,2011-12-04,546,458.38,1.1828055555555557,2011,12,4,48,4,6,341.0,588.0,583.0,975.0
21213,PACK OF 72 SKULL CAKE CASES,2011-12-04,210,103.4,0.6558333333333334,2011,12,4,48,4,6,64.0,163.0,142.75,133.0
21215,IVORY PAPER CUP CAKE CASES ,2011-12-04,1,1.25,1.25,2011,12,4,48,4,6,1.0,29.0,7.75,124.0
21411,GINGHAM HEART  DOORSTOP RED,2011-12-04,47,113.52999999999999,4.133333333333333,2011,12,4,48,4,6,29.0,11.0,17.25,12.0
21216,"SET 3 RETROSPOT TEA,COFFEE,SUGAR",2011-12-04,54,291.38,5.748166666666666,2011,12,4,48,4,6,44.0,41.0,32.0,37.0
21217,RED RETROSPOT ROUND CAKE TINS,2011-12-04,13,151.02999999999997,11.756666666666666,2011,12,4,48,4,6,19.0,27.0,28.25,22.0
21408,SPOTTY PINK DUCK DOORSTOP,2011-12-04,26,89.3,4.4985,2011,12,4,48,4,6,12.0,7.0,6.0,6.0
21218,RED SPOTTY BISCUIT TIN,2011-12-04,37,206.85,6.7766666666666655,2011,12,4,48,4,6,88.0,81.0,64.25,22.0
21219,SET/4 BADGES BALLOON GIRL,2011-12-04,13,19.880000000000003,2.1574999999999998,2011,12,4,48,4,6,1.0,22.0,12.0,2.0
21220,SET/4 BADGES DOGS,2011-12-04,13,19.88,1.855,2011,12,4,48,4,6,3.0,17.0,9.5,2.0
21201,TROPICAL  HONEYCOMB PAPER GARLAND ,2011-12-04,27,76.08,3.755,2011,12,4,48,4,6,3.0,12.0,66.75,1.0
21401,BLUE PUDDING SPOON,2011-12-04,6,1.02,0.27,2011,12,4,48,4,6,57.0,9.0,17.5,6.0
21429,RED GINGHAM ROSE JEWELLERY BOX,2011-12-04,87,166.15,2.715533333333333,2011,12,4,48,4,6,87.0,80.0,73.5,160.0
21191,LARGE WHITE HONEYCOMB PAPER BELL  ,2011-12-04,16,47.81,3.1149999999999998,2011,12,4,48,4,6,31.0,60.0,27.5,18.0
21466,RED FLOWER CROCHET FOOD COVER,2011-12-04,8,33.71,4.986666666666667,2011,12,4,48,4,6,5.0,2.0,6.0,2.0
21465,PINK FLOWER CROCHET FOOD COVER,2011-12-04,6,22.5,3.75,2011,12,4,48,4,6,1.0,1.0,3.0,2.0
21464,DISCO BALL ROTATOR BATTERY OPERATED,2011-12-04,18,76.5,4.25,2011,12,4,48,4,6,7.0,10.0,7.0,3.0
21165,BEWARE OF THE CAT METAL SIGN ,2011-12-04,188,319.08,2.4833333333333334,2011,12,4,48,4,6,56.0,147.0,86.25,28.0
21463,MIRRORED DISCO BALL ,2011-12-04,89,449.55000000000007,5.55,2011,12,4,48,4,6,14.0,14.0,9.5,3.0
21166,COOK WITH WINE METAL SIGN ,2011-12-04,1115,2417.11,2.3513888888888888,2011,12,4,48,4,6,12.0,192.0,170.5,46.0
21167,WHITE SAGE INCENSE,2011-12-04,72,15.12,0.21,2011,12,4,48,4,6,36.0,0.0,34.75,50.0
21462,"NURSERY A,B,C PAINTED LETTERS",2011-12-04,11,26.25,4.35,2011,12,4,48,4,6,0.0,1.0,1.0,4.0
21169,YOU'RE CONFUSING ME METAL SIGN ,2011-12-04,209,342.37,1.9783333333333333,2011,12,4,48,4,6,86.0,106.0,115.25,36.0
21172,PARTY METAL SIGN ,2011-12-04,90,138.54,2.0083333333333333,2011,12,4,48,4,6,208.0,57.0,106.5,36.0
21452,TOADSTOOL MONEY BOX,2011-12-04,22,72.59,3.730666666666667,2011,12,4,48,4,6,17.0,13.0,18.25,15.0
21174,POTTERING IN THE SHED METAL SIGN,2011-12-04,510,1194.79,2.743809523809524,2011,12,4,48,4,6,17.0,101.0,61.25,24.0
21446,12 RED ROSE PEG PLACE SETTINGS,2011-12-04,8,10.0,1.25,2011,12,4,48,4,6,33.0,3.0,11.25,6.0
21175,GIN + TONIC DIET METAL SIGN,2011-12-04,72,161.04,2.4325,2011,12,4,48,4,6,7.0,330.0,236.25,212.0
21175,GIN AND TONIC DIET METAL SIGN,2011-12-04,318,764.91,2.9422916666666663,2011,12,4,48,4,6,72.0,7.0,187.75,70.0
21441,BLUE BIRDHOUSE DECORATION,2011-12-04,2,3.26,1.63,2011,12,4,48,4,6,0.0,14.0,4.25,12.0
21181,PLEASE ONE PERSON METAL SIGN,2011-12-04,936,2009.6000000000001,2.25036531986532,2011,12,4,48,4,6,41.0,201.0,75.25,74.0
21439,BASKET OF TOADSTOOLS,2011-12-04,2,4.92,2.46,2011,12,4,48,4,6,5.0,140.0,46.5,15.0
21189,WHITE HONEYCOMB PAPER GARLAND ,2011-12-04,38,116.82000000000001,2.9483333333333333,2011,12,4,48,4,6,17.0,8.0,22.0,4.0
21197,MULTICOLOUR  CONFETTI IN TUBE,2011-12-04,12,19.799999999999997,1.65,2011,12,4,48,4,6,12.0,48.0,15.75,1.0
21221,SET/4 BADGES CUTE CREATURES,2011-12-04,10,24.6,2.46,2011,12,4,48,4,6,0.0,0.0,0.5,7.0
21390,FILIGRIS HEART WITH BUTTERFLY,2011-12-04,21,27.46,1.40125,2011,12,4,48,4,6,21.0,60.0,42.5,24.0
21385,IVORY HANGING DECORATION  HEART,2011-12-04,57,49.23,0.9475,2011,12,4,48,4,6,12.0,29.0,17.0,75.0
21257,VICTORIAN SEWING BOX MEDIUM,2011-12-04,42,467.18,10.258444444444445,2011,12,4,48,4,6,38.0,16.0,23.5,18.0
21351,CINAMMON & ORANGE WREATH,2011-12-04,9,58.83,6.27,2011,12,4,48,4,6,7.0,4.0,5.0,26.0
21258,VICTORIAN SEWING BOX LARGE,2011-12-04,22,300.54,19.369,2011,12,4,48,4,6,39.0,15.0,19.25,88.0
21259,VICTORIAN SEWING BOX SMALL ,2011-12-04,32,203.42000000000002,6.3839999999999995,2011,12,4,48,4,6,62.0,10.0,24.25,32.0
21260,FIRST AID TIN,2011-12-04,15,62.269999999999996,4.94,2011,12,4,48,4,6,8.0,9.0,12.5,24.0
21340,CLASSIC METAL BIRDCAGE PLANT HOLDER,2011-12-04,15,203.46,15.192000000000002,2011,12,4,48,4,6,6.0,33.0,20.75,8.0
21262,WHITE GOOSE FEATHER CHRISTMAS TREE ,2011-12-04,8,23.6,2.95,2011,12,4,48,4,6,19.0,15.0,20.75,10.0
21329,DINOSAURS  WRITING SET ,2011-12-04,48,89.03999999999999,2.1146666666666665,2011,12,4,48,4,6,90.0,58.0,48.25,19.0
21328,BALLOONS  WRITING SET ,2011-12-04,44,82.44,1.9780000000000002,2011,12,4,48,4,6,48.0,65.0,46.5,41.0
21263,GREEN GOOSE FEATHER TREE 60CM,2011-12-04,14,27.299999999999997,1.95,2011,12,4,48,4,6,9.0,14.0,9.0,1.0
21327,SKULLS WRITING SET ,2011-12-04,43,75.85,2.166333333333333,2011,12,4,48,4,6,63.0,17.0,34.75,16.0
21326,AGED GLASS SILVER T-LIGHT HOLDER,2011-12-04,332,217.76,0.758888888888889,2011,12,4,48,4,6,339.0,280.0,254.75,294.0
21279,VINTAGE KITCHEN PRINT FRUITS,2011-12-04,1,2.55,2.55,2011,12,4,48,4,6,0.0,0.0,0.0,1.0
21314,SMALL GLASS HEART TRINKET POT,2011-12-04,98,220.19000000000003,2.963,2011,12,4,48,4,6,88.0,131.0,94.25,119.0
21313,GLASS HEART T-LIGHT HOLDER ,2011-12-04,65,73.97,1.1966666666666665,2011,12,4,48,4,6,109.0,38.0,64.5,36.0
21311,SET/4 BIRD MIRROR MAGNETS ,2011-12-04,5,1.4499999999999997,0.29,2011,12,4,48,4,6,3.0,38.0,10.5,1.0
21286,RETROSPOT CANDLE  LARGE,2011-12-04,27,21.81,1.5699999999999998,2011,12,4,48,4,6,1.0,2.0,0.75,2.0
21306,SET/4 DAISY MIRROR MAGNETS,2011-12-04,5,1.4499999999999997,0.29,2011,12,4,48,4,6,48.0,30.0,26.25,1.0
21287,SCENTED VELVET LOUNGE CANDLE ,2011-12-04,36,13.680000000000001,0.38,2011,12,4,48,4,6,96.0,200.0,132.0,12.0
21354,TOAST ITS - BEST MUM,2011-12-04,24,25.200000000000003,1.05,2011,12,4,48,4,6,5.0,60.0,24.0,29.0
21250,SET OF SKULL WALL STICKERS,2011-12-04,1,5.79,5.79,2011,12,4,48,4,6,0.0,14.0,3.75,2.0
21356,TOAST ITS - FAIRY FLOWER,2011-12-04,41,34.449999999999996,0.8719999999999999,2011,12,4,48,4,6,48.0,33.0,36.75,15.0
21249,WOODLAND  HEIGHT CHART STICKERS ,2011-12-04,1,5.79,5.79,2011,12,4,48,4,6,20.0,9.0,20.0,15.0
21224,SET/4 SKULL BADGES,2011-12-04,20,22.060000000000002,0.9525,2011,12,4,48,4,6,6.0,24.0,22.5,12.0
21383,PACK OF 12 STICKY BUNNIES,2011-12-04,3,3.15,0.95,2011,12,4,48,4,6,40.0,4.0,13.25,12.0
21381,MINI WOODEN HAPPY BIRTHDAY GARLAND,2011-12-04,20,49.12,3.51,2011,12,4,48,4,6,3.0,5.0,18.25,26.0
21380,WOODEN HAPPY BIRTHDAY GARLAND,2011-12-04,17,50.150000000000006,2.9500000000000006,2011,12,4,48,4,6,23.0,9.0,21.25,8.0
21231,SWEETHEART CERAMIC TRINKET BOX,2011-12-04,189,247.98000000000002,1.6296,2011,12,4,48,4,6,239.0,98.0,148.75,94.0
21379,CAMPHOR WOOD PORTOBELLO MUSHROOM,2011-12-04,6,2.34,0.39,2011,12,4,48,4,6,1.0,1.0,2.75,6.0
21232,STRAWBERRY CERAMIC TRINKET BOX,2011-12-04,224,237.44,1.06,2011,12,4,48,4,6,225.0,0.0,248.25,140.0
21232,STRAWBERRY CERAMIC TRINKET POT,2011-12-04,239,390.71,1.7733730158730159,2011,12,4,48,4,6,224.0,225.0,178.25,40.0
21238,RED RETROSPOT CUP,2011-12-04,44,40.519999999999996,1.253,2011,12,4,48,4,6,54.0,77.0,71.5,28.0
21164,HOME SWEET HOME METAL SIGN ,2011-12-04,30,99.86000000000001,3.6126666666666667,2011,12,4,48,4,6,7.0,25.0,19.25,41.0
21377,SMALL CAMPHOR WOOD FIELD  MUSHROOM,2011-12-04,12,12.239999999999998,1.02,2011,12,4,48,4,6,0.0,0.0,1.75,6.0
21374,MIRRORED WALL ART SKULLS,2011-12-04,36,45.0,1.25,2011,12,4,48,4,6,21.0,2.0,6.75,4.0
21372,MIRRORED WALL ART TABLE LAMP,2011-12-04,1,5.79,5.79,2011,12,4,48,4,6,3.0,0.0,2.5,2.0
21240,BLUE POLKADOT CUP,2011-12-04,23,24.229999999999997,1.175,2011,12,4,48,4,6,16.0,17.0,45.5,15.0
21370,MIRRORED WALL ART FOXY,2011-12-04,6,53.14,7.055000000000001,2011,12,4,48,4,6,2.0,1.0,0.75,2.0
21242,RED RETROSPOT PLATE ,2011-12-04,20,38.6,2.09,2011,12,4,48,4,6,139.0,17.0,47.25,3.0
21367,MIRRORED WALL ART GENTS,2011-12-04,2,5.71,2.855,2011,12,4,48,4,6,2.0,5.0,3.0,1.0
21365,MIRRORED WALL ART STARS,2011-12-04,24,18.0,0.75,2011,12,4,48,4,6,2.0,11.0,5.0,7.0
21245,GREEN POLKADOT PLATE ,2011-12-04,6,11.74,2.09,2011,12,4,48,4,6,2.0,1.0,9.25,10.0
21358,TOAST ITS - HAPPY BIRTHDAY,2011-12-04,4,3.32,0.83,2011,12,4,48,4,6,10.0,7.0,16.25,4.0
21239,PINK  POLKADOT CUP,2011-12-04,32,29.54,0.993,2011,12,4,48,4,6,27.0,27.0,25.75,43.0
21912,VINTAGE SNAKES & LADDERS,2011-12-04,240,879.72,5.2661388888888885,2011,12,4,48,4,6,53.0,32.0,40.0,31.0
21468,BUTTERFLY CROCHET FOOD COVER,2011-12-04,1,3.75,3.75,2011,12,4,48,4,6,0.0,1.0,0.5,1.0
21159,MOODY BOY  DOOR HANGER ,2011-12-04,37,17.33,0.6316666666666667,2011,12,4,48,4,6,12.0,70.0,32.0,12.0
21619,4 VANILLA BOTANICAL CANDLES,2011-12-04,91,144.60999999999999,2.3494444444444444,2011,12,4,48,4,6,59.0,197.0,115.5,1.0
21080,SET/20 RED RETROSPOT PAPER NAPKINS ,2011-12-04,118,108.89999999999999,1.1116666666666666,2011,12,4,48,4,6,294.0,204.0,221.75,415.0
21616,4 PEAR BOTANICAL DINNER CANDLES,2011-12-04,113,168.49,2.1958333333333333,2011,12,4,48,4,6,129.0,102.0,104.0,4.0
21086,SET/6 RED SPOTTY PAPER CUPS,2011-12-04,39,33.19,1.0175,2011,12,4,48,4,6,127.0,39.0,133.0,162.0
21592,RETROSPOT CIGAR BOX MATCHES ,2011-12-04,94,81.38,0.82,2011,12,4,48,4,6,302.0,34.0,101.75,58.0
21090,SET/6 COLLAGE PAPER PLATES,2011-12-04,18,7.8999999999999995,0.5549999999999999,2011,12,4,48,4,6,5.0,16.0,22.75,2.0
21094,SET/6 RED SPOTTY PAPER PLATES,2011-12-04,56,47.12,0.84,2011,12,4,48,4,6,103.0,32.0,80.0,460.0
21588,RETROSPOT GIANT TUBE MATCHES,2011-12-04,50,127.5,2.55,2011,12,4,48,4,6,49.0,53.0,133.75,20.0
21584,RETROSPOT SMALL TUBE MATCHES,2011-12-04,29,47.85,1.65,2011,12,4,48,4,6,38.0,63.0,39.0,54.0
21098,CHRISTMAS TOILET ROLL,2011-12-04,128,190.25,1.5491388888888888,2011,12,4,48,4,6,100.0,105.0,69.75,158.0
21580,RABBIT  DESIGN  COTTON TOTE BAG,2011-12-04,12,27.0,2.25,2011,12,4,48,4,6,3.0,2.0,1.5,7.0
21106,CREAM SLICE FLANNEL CHOCOLATE SPOT ,2011-12-04,25,66.99,4.17,2011,12,4,48,4,6,26.0,14.0,16.25,9.0
21107,CREAM SLICE FLANNEL PINK SPOT ,2011-12-04,264,673.2,2.55,2011,12,4,48,4,6,28.0,79.0,35.0,129.0
21577,SAVE THE PLANET COTTON TOTE BAG,2011-12-04,13,31.96,2.9275,2011,12,4,48,4,6,17.0,17.0,12.25,20.0
21108,FAIRY CAKE FLANNEL ASSORTED COLOUR,2011-12-04,227,262.46000000000004,2.1136666666666666,2011,12,4,48,4,6,389.0,673.0,550.0,53.0
21109,LARGE CAKE TOWEL CHOCOLATE SPOTS,2011-12-04,54,212.64,5.785,2011,12,4,48,4,6,37.0,1.0,9.5,6.0
21564,PINK  HEART SHAPE LOVE BUCKET ,2011-12-04,7,20.650000000000002,2.95,2011,12,4,48,4,6,7.0,7.0,4.75,5.0
21111,"SWISS ROLL TOWEL, CHOCOLATE  SPOTS",2011-12-04,8,11.7,2.1,2011,12,4,48,4,6,37.0,2.0,16.5,23.0
21563,RED HEART SHAPE LOVE BUCKET ,2011-12-04,20,35.92,3.12,2011,12,4,48,4,6,11.0,6.0,31.25,12.0
21070,VINTAGE BILLBOARD MUG ,2011-12-04,28,37.42,1.855,2011,12,4,48,4,6,2.0,40.0,131.25,14.0
21561,DINOSAUR LUNCH BOX WITH CUTLERY,2011-12-04,10,32.73,4.05625,2011,12,4,48,4,6,15.0,14.0,9.5,6.0
21620,SET OF 4 ROSE BOTANICAL CANDLES,2011-12-04,150,199.54,1.728888888888889,2011,12,4,48,4,6,62.0,57.0,61.75,1.0
21066,VINTAGE RED MUG,2011-12-04,5,7.46,1.6533333333333333,2011,12,4,48,4,6,2.0,0.0,120.75,1.0
21642,ASSORTED TUTTI FRUTTI PEN,2011-12-04,35,10.149999999999999,0.29,2011,12,4,48,4,6,145.0,133.0,110.0,2.0
21640,ASSORTED TUTTI FRUTTI  FOB NOTEBOOK,2011-12-04,49,42.42999999999999,1.11,2011,12,4,48,4,6,24.0,11.0,24.75,2.0
21055,TOOL BOX SOFT TOY ,2011-12-04,5,44.75,8.95,2011,12,4,48,4,6,5.0,14.0,9.75,14.0
21638,ASSORTED TUTTI FRUTTI NOTEBOOK,2011-12-04,1,2.1,2.1,2011,12,4,48,4,6,35.0,10.0,14.5,2.0
21056,DOCTOR'S BAG SOFT TOY,2011-12-04,7,78.00999999999999,10.229999999999999,2011,12,4,48,4,6,12.0,8.0,5.75,13.0
21058,PARTY INVITES WOODLAND,2011-12-04,16,13.599999999999998,0.85,2011,12,4,48,4,6,1.0,13.0,5.25,12.0
21629,SQUARE FLOOR CUSHION VINTAGE RED,2011-12-04,4,31.8,7.95,2011,12,4,48,4,6,5.0,3.0,4.75,1.0
21059,PARTY INVITES DINOSAURS,2011-12-04,16,13.599999999999998,0.85,2011,12,4,48,4,6,0.0,4.0,7.25,12.0
21060,PARTY INVITES BALLOON GIRL,2011-12-04,14,11.899999999999999,0.85,2011,12,4,48,4,6,0.0,0.0,8.75,12.0
21625,VINTAGE UNION JACK APRON,2011-12-04,5,41.93000000000001,9.343333333333334,2011,12,4,48,4,6,10.0,5.0,11.0,17.0
21624,VINTAGE UNION JACK DOORSTOP,2011-12-04,10,65.18,6.896666666666667,2011,12,4,48,4,6,8.0,0.0,7.25,2.0
21061,PARTY INVITES FOOTBALL,2011-12-04,33,28.049999999999997,0.85,2011,12,4,48,4,6,0.0,3.0,7.0,24.0
21062,PARTY INVITES SPACEMAN,2011-12-04,12,10.2,0.85,2011,12,4,48,4,6,4.0,14.0,10.75,24.0
21623,VINTAGE UNION JACK MEMOBOARD,2011-12-04,7,79.66,12.4525,2011,12,4,48,4,6,10.0,5.0,42.75,16.0
21063,PARTY INVITES JAZZ HEARTS,2011-12-04,27,23.729999999999997,0.98,2011,12,4,48,4,6,1.0,2.0,5.0,24.0
21064,BOOM BOX SPEAKER BOYS,2011-12-04,12,50.31999999999999,4.256666666666667,2011,12,4,48,4,6,11.0,19.0,17.25,7.0
21622,VINTAGE UNION JACK CUSHION COVER,2011-12-04,3,14.850000000000001,4.95,2011,12,4,48,4,6,0.0,1.0,1.75,18.0
21065,BOOM BOX SPEAKER GIRLS,2011-12-04,5,20.65,4.13,2011,12,4,48,4,6,7.0,18.0,10.75,1.0
21621,VINTAGE UNION JACK BUNTING,2011-12-04,33,280.5,8.5,2011,12,4,48,4,6,25.0,20.0,26.5,8.0
21068,VINTAGE BILLBOARD LOVE/HATE MUG,2011-12-04,49,64.88,1.5404,2011,12,4,48,4,6,9.0,53.0,152.0,110.0
21114,LAVENDER SCENTED FABRIC HEART,2011-12-04,15,18.75,1.25,2011,12,4,48,4,6,15.0,2.0,23.25,36.0
21115,ROSE CARAVAN DOORSTOP,2011-12-04,24,156.06,9.48,2011,12,4,48,4,6,10.0,10.0,8.25,6.0
21559,STRAWBERRY LUNCH BOX WITH CUTLERY,2011-12-04,27,95.36,3.9615714285714283,2011,12,4,48,4,6,57.0,93.0,60.5,32.0
21135,VICTORIAN  METAL POSTCARD SPRING,2011-12-04,25,42.25,1.69,2011,12,4,48,4,6,608.0,32.0,328.25,37.0
21500,PINK POLKADOT WRAP ,2011-12-04,275,109.5,0.414,2011,12,4,48,4,6,100.0,150.0,125.0,125.0
21499,BLUE POLKADOT WRAP,2011-12-04,100,42.0,0.42,2011,12,4,48,4,6,125.0,300.0,193.75,300.0
21136,PAINTED METAL PEARS ASSORTED,2011-12-04,126,212.94,1.69,2011,12,4,48,4,6,92.0,130.0,124.75,32.0
21498,RED RETROSPOT WRAP ,2011-12-04,275,112.5,0.41600000000000004,2011,12,4,48,4,6,275.0,275.0,275.0,300.0
21497,FANCY FONTS BIRTHDAY WRAP,2011-12-04,175,73.5,0.42,2011,12,4,48,4,6,100.0,100.0,231.25,50.0
21137,BLACK RECORD COVER FRAME,2011-12-04,183,735.8,5.082266666666667,2011,12,4,48,4,6,580.0,259.0,532.25,637.0
21495,SKULLS AND CROSSBONES WRAP,2011-12-04,100,42.0,0.42,2011,12,4,48,4,6,250.0,250.0,250.0,25.0
21147,JINGLE BELLS TREE DECORATION,2011-12-04,22,41.67,1.8375,2011,12,4,48,4,6,19.0,12.0,17.25,6.0
21494,ROTATING LEAVES T-LIGHT HOLDER,2011-12-04,81,182.64,2.4015277777777775,2011,12,4,48,4,6,131.0,112.0,90.5,38.0
21154,RED RETROSPOT OVEN GLOVE ,2011-12-04,136,286.97,2.288,2011,12,4,48,4,6,103.0,98.0,89.5,239.0
21485,RETROSPOT HEART HOT WATER BOTTLE,2011-12-04,106,530.5400000000001,5.112222222222222,2011,12,4,48,4,6,151.0,252.0,184.0,116.0
21484,CHICK GREY HOT WATER BOTTLE,2011-12-04,64,362.2,6.95425925925926,2011,12,4,48,4,6,90.0,172.0,110.75,116.0
21155,RED RETROSPOT PEG BAG,2011-12-04,53,185.76,3.353333333333333,2011,12,4,48,4,6,44.0,48.0,53.75,24.0
21481,FAWN BLUE HOT WATER BOTTLE,2011-12-04,141,557.87,4.55156746031746,2011,12,4,48,4,6,150.0,139.0,120.5,118.0
21479,WHITE SKULL HOT WATER BOTTLE ,2011-12-04,178,1112.3000000000002,5.08,2011,12,4,48,4,6,128.0,490.0,209.5,244.0
21156,RETROSPOT CHILDRENS APRON,2011-12-04,82,192.6,2.858333333333333,2011,12,4,48,4,6,105.0,297.0,131.75,191.0
21158,MOODY GIRL DOOR HANGER ,2011-12-04,50,22.4,0.57125,2011,12,4,48,4,6,22.0,74.0,44.5,17.0
21471,STRAWBERRY RAFFIA FOOD COVER,2011-12-04,12,39.48,3.29,2011,12,4,48,4,6,3.0,9.0,5.75,1.0
21504,SKULLS GREETING CARD,2011-12-04,1,0.83,0.83,2011,12,4,48,4,6,49.0,26.0,31.5,60.0
21506,"FANCY FONT BIRTHDAY CARD, ",2011-12-04,77,34.39,0.5293333333333333,2011,12,4,48,4,6,72.0,111.0,94.5,228.0
21507,ELEPHANT BIRTHDAY CARD ,2011-12-04,16,8.36,0.7616666666666667,2011,12,4,48,4,6,111.0,89.0,118.25,88.0
21508,VINTAGE KID DOLLY CARD ,2011-12-04,27,12.57,0.7388888888888889,2011,12,4,48,4,6,17.0,37.0,50.5,36.0
21558,SKULL LUNCH BOX WITH CUTLERY ,2011-12-04,24,73.25,3.45375,2011,12,4,48,4,6,35.0,59.0,50.75,7.0
21116,OWL DOORSTOP,2011-12-04,22,145.64,7.176666666666666,2011,12,4,48,4,6,78.0,29.0,44.5,10.0
21557,SET OF 6 FUNKY BEAKERS,2011-12-04,1,5.79,5.79,2011,12,4,48,4,6,8.0,17.0,10.0,4.0
21121,SET/10 RED POLKADOT PARTY CANDLES,2011-12-04,37,46.25,1.25,2011,12,4,48,4,6,114.0,156.0,98.25,371.0
21555,CERAMIC STRAWBERRY TRINKET TRAY,2011-12-04,4,9.84,2.46,2011,12,4,48,4,6,4.0,1.0,3.5,6.0
21544,SKULLS  WATER TRANSFER TATTOOS ,2011-12-04,64,56.739999999999995,1.0775000000000001,2011,12,4,48,4,6,34.0,68.0,43.75,25.0
21122,SET/10 PINK POLKADOT PARTY CANDLES,2011-12-04,24,30.0,1.25,2011,12,4,48,4,6,116.0,59.0,69.75,294.0
21537,RED RETROSPOT PUDDING BOWL,2011-12-04,13,55.25,4.25,2011,12,4,48,4,6,17.0,4.0,10.25,6.0
21123,SET/10 IVORY POLKADOT PARTY CANDLES,2011-12-04,9,8.73,0.8825000000000001,2011,12,4,48,4,6,12.0,38.0,25.0,1.0
21470,FLOWER VINE RAFFIA FOOD COVER,2011-12-04,12,45.0,3.75,2011,12,4,48,4,6,4.0,5.0,5.25,2.0
21124,SET/10 BLUE POLKADOT PARTY CANDLES,2011-12-04,28,35.0,1.25,2011,12,4,48,4,6,62.0,5.0,53.0,4.0
21531,RED RETROSPOT SUGAR JAM BOWL,2011-12-04,20,51.0,2.55,2011,12,4,48,4,6,52.0,17.0,22.0,17.0
21530,DAIRY MAID TOASTRACK,2011-12-04,3,4.87,2.04,2011,12,4,48,4,6,41.0,3.0,19.75,2.0
21125,SET 6 FOOTBALL CELEBRATION CANDLES,2011-12-04,4,5.0,1.25,2011,12,4,48,4,6,7.0,12.0,14.5,37.0
21528,DAIRY MAID TRADITIONAL TEAPOT ,2011-12-04,2,13.9,6.95,2011,12,4,48,4,6,3.0,2.0,2.0,2.0
21524,DOORMAT SPOTTY HOME SWEET HOME,2011-12-04,24,193.84,8.5685,2011,12,4,48,4,6,77.0,21.0,33.5,31.0
21126,SET OF 6 GIRLS CELEBRATION CANDLES,2011-12-04,19,23.75,1.25,2011,12,4,48,4,6,9.0,17.0,13.75,13.0
21523,DOORMAT FANCY FONT HOME SWEET HOME,2011-12-04,19,203.66999999999996,11.757733333333332,2011,12,4,48,4,6,104.0,46.0,54.25,67.0
21520,BOOZE & WOMEN GREETING CARD ,2011-12-04,1,0.83,0.83,2011,12,4,48,4,6,1.0,0.0,9.25,25.0
21509,COWBOYS AND INDIANS BIRTHDAY CARD ,2011-12-04,18,10.02,0.7274999999999999,2011,12,4,48,4,6,15.0,56.0,75.0,96.0
21533,RETROSPOT LARGE MILK JUG,2011-12-04,29,143.55,4.95,2011,12,4,48,4,6,11.0,11.0,14.0,29.0
21913,VINTAGE SEASIDE JIGSAW PUZZLES,2011-12-04,1,7.46,7.46,2011,12,4,48,4,6,9.0,3.0,6.0,21.0
21787,RAIN PONCHO RETROSPOT,2011-12-04,1215,795.87,1.19,2011,12,4,48,4,6,349.0,869.0,410.25,28.0
21914,BLUE HARMONICA IN BOX ,2011-12-04,358,517.6800000000001,1.474074074074074,2011,12,4,48,4,6,483.0,588.0,358.25,189.0
16238,PARTY TIME PENCIL ERASERS,2011-12-04,51,12.6,0.308,2011,12,4,48,4,6,17.0,93.0,44.0,63.0
21984,PACK OF 12 PINK PAISLEY TISSUES ,2011-12-04,14,9.42,0.7749999999999999,2011,12,4,48,4,6,55.0,12.0,35.5,76.0
16237,SLEEPING CAT ERASERS,2011-12-04,270,49.800000000000004,0.29916666666666664,2011,12,4,48,4,6,135.0,160.0,180.25,463.0
21985,PACK OF 12 HEARTS DESIGN TISSUES ,2011-12-04,105,47.989999999999995,0.5183333333333333,2011,12,4,48,4,6,112.0,152.0,107.0,59.0
16236,KITTY PENCIL ERASERS,2011-12-04,45,10.29,0.2916666666666667,2011,12,4,48,4,6,19.0,67.0,64.25,2.0
21986,PACK OF 12 PINK POLKADOT TISSUES,2011-12-04,9,5.67,0.7533333333333333,2011,12,4,48,4,6,81.0,18.0,71.0,40.0
21987,PACK OF 6 SKULL PAPER CUPS,2011-12-04,12,7.800000000000001,0.65,2011,12,4,48,4,6,19.0,71.0,92.25,17.0
16235,RECYCLED PENCIL WITH RABBIT ERASER,2011-12-04,41,10.71,0.315,2011,12,4,48,4,6,109.0,31.0,48.5,59.0
21988,PACK OF 6 SKULL PAPER PLATES,2011-12-04,12,10.2,0.85,2011,12,4,48,4,6,23.0,56.0,82.0,25.0
16225,RATTLE SNAKE EGGS,2011-12-04,19,22.35,1.545,2011,12,4,48,4,6,39.0,11.0,26.5,1.0
21989,PACK OF 20 SKULL PAPER NAPKINS,2011-12-04,36,36.839999999999996,1.1425,2011,12,4,48,4,6,26.0,68.0,41.0,14.0
21983,PACK OF 12 BLUE PAISLEY TISSUES ,2011-12-04,29,13.51,0.61,2011,12,4,48,4,6,81.0,6.0,40.5,60.0
16218,CARTOON  PENCIL SHARPENERS,2011-12-04,95,5.699999999999999,0.06,2011,12,4,48,4,6,50.0,0.0,118.75,1.0
16168M,FUNKY MONKEY GIFT BAG MEDIUM,2011-12-04,4,3.32,0.83,2011,12,4,48,4,6,0.0,7.0,9.25,2.0
21991,BOHEMIAN COLLAGE STATIONERY SET,2011-12-04,39,56.010000000000005,1.3911666666666667,2011,12,4,48,4,6,13.0,39.0,26.75,7.0
16161U,WRAP SUKI AND FRIENDS,2011-12-04,75,31.5,0.42,2011,12,4,48,4,6,125.0,50.0,68.75,25.0
21993,FLORAL FOLK STATIONERY SET,2011-12-04,103,162.63,1.7709722222222222,2011,12,4,48,4,6,87.0,156.0,100.5,21.0
16161P,WRAP ENGLISH ROSE ,2011-12-04,25,10.5,0.42,2011,12,4,48,4,6,100.0,75.0,125.0,25.0
22023,EMPIRE BIRTHDAY CARD,2011-12-04,14,6.7,0.625,2011,12,4,48,4,6,27.0,2.0,28.75,37.0
16156S,WRAP PINK FAIRY CAKES ,2011-12-04,125,52.5,0.42,2011,12,4,48,4,6,100.0,50.0,100.0,50.0
22024,RAINY LADIES BIRTHDAY CARD,2011-12-04,2,1.66,0.83,2011,12,4,48,4,6,133.0,14.0,63.5,61.0
16046,TEATIME PEN CASE & PENS,2011-12-04,1,0.85,0.85,2011,12,4,48,4,6,0.0,0.0,0.0,1.0
22025,RING OF ROSES BIRTHDAY CARD,2011-12-04,1,0.83,0.83,2011,12,4,48,4,6,17.0,16.0,40.25,12.0
16016,LARGE CHINESE STYLE SCISSOR,2011-12-04,50,42.5,0.85,2011,12,4,48,4,6,10.0,60.0,27.5,20.0
21990,MODERN FLORAL STATIONERY SET,2011-12-04,61,113.76,1.9222222222222223,2011,12,4,48,4,6,65.0,105.0,76.75,14.0
22027,TEA PARTY BIRTHDAY CARD,2011-12-04,26,11.74,0.625,2011,12,4,48,4,6,21.0,170.0,129.0,48.0
21982,PACK OF 12 SUKI TISSUES ,2011-12-04,27,21.97,0.7859999999999999,2011,12,4,48,4,6,96.0,166.0,236.5,157.0
21981,PACK OF 12 WOODLAND TISSUES ,2011-12-04,13,10.35,0.7859999999999999,2011,12,4,48,4,6,53.0,82.0,69.25,150.0
21936,RED RETROSPOT PICNIC BAG,2011-12-04,17,50.15,2.95,2011,12,4,48,4,6,10.0,9.0,10.5,3.0
20615,BLUE POLKADOT PASSPORT COVER,2011-12-04,5,20.65,4.13,2011,12,4,48,4,6,21.0,1.0,17.75,5.0
21937,STRAWBERRY   PICNIC BAG,2011-12-04,4,11.8,2.95,2011,12,4,48,4,6,1.0,0.0,0.25,1.0
21942,SKULLS DESIGN FLANNEL,2011-12-04,33,33.51,1.4024999999999999,2011,12,4,48,4,6,15.0,7.0,14.25,6.0
21944,KITTENS DESIGN FLANNEL,2011-12-04,26,23.659999999999997,1.3699999999999999,2011,12,4,48,4,6,6.0,4.0,12.0,3.0
17091J,VANILLA INCENSE IN TIN,2011-12-04,54,20.52,0.38,2011,12,4,48,4,6,15.0,27.0,32.0,73.0
21945,STRAWBERRIES  DESIGN FLANNEL ,2011-12-04,26,23.659999999999997,1.435,2011,12,4,48,4,6,10.0,9.0,14.25,17.0
21947,SET OF 6 HEART CHOPSTICKS,2011-12-04,7,13.59,1.8549999999999998,2011,12,4,48,4,6,12.0,12.0,14.5,12.0
17084N,FAIRY DREAMS INCENSE ,2011-12-04,27,6.09,0.315,2011,12,4,48,4,6,19.0,1.0,33.75,2.0
21948,SET OF 6 CAKE CHOPSTICKS,2011-12-04,6,14.76,2.46,2011,12,4,48,4,6,3.0,34.0,11.25,5.0
21949,SET OF 6 STRAWBERRY CHOPSTICKS,2011-12-04,5,11.09,2.1574999999999998,2011,12,4,48,4,6,13.0,20.0,12.5,20.0
16258A,SWIRLY CIRCULAR RUBBERS IN BAG,2011-12-04,17,5.79,0.51,2011,12,4,48,4,6,1.0,21.0,9.0,2.0
21955,DOORMAT UNION JACK GUNS AND ROSES,2011-12-04,2,16.5,8.25,2011,12,4,48,4,6,17.0,2.0,7.0,14.0
17012F,ORIGAMI SANDLEWOOD INCENSE/CAND SET,2011-12-04,37,36.28,1.3866666666666667,2011,12,4,48,4,6,34.0,31.0,41.75,2.0
21974,SET OF 36 PAISLEY FLOWER DOILIES,2011-12-04,54,85.19999999999999,2.3444444444444446,2011,12,4,48,4,6,61.0,55.0,57.0,9.0
17012D,ORIGAMI ROSE INCENSE/CANDLE SET ,2011-12-04,59,56.589999999999996,1.494,2011,12,4,48,4,6,38.0,29.0,28.75,2.0
21975,PACK OF 60 DINOSAUR CAKE CASES,2011-12-04,100,64.10000000000001,0.8611111111111112,2011,12,4,48,4,6,237.0,173.0,174.25,135.0
21976,PACK OF 60 MUSHROOM CAKE CASES,2011-12-04,20,14.629999999999999,0.7516666666666668,2011,12,4,48,4,6,20.0,45.0,78.0,108.0
17012C,ORIGAMI LAVENDER INCENSE/CANDL SET ,2011-12-04,10,10.11,1.2525,2011,12,4,48,4,6,26.0,29.0,25.75,2.0
17012B,ORIGAMI JASMINE INCENSE/CANDLE SET,2011-12-04,1,0.85,0.85,2011,12,4,48,4,6,0.0,1.0,2.25,3.0
21977,PACK OF 60 PINK PAISLEY CAKE CASES,2011-12-04,239,140.55,0.7622222222222222,2011,12,4,48,4,6,392.0,415.0,316.5,409.0
17012A,ORIGAMI VANILLA INCENSE/CANDLE SET ,2011-12-04,5,4.25,0.85,2011,12,4,48,4,6,0.0,0.0,3.5,4.0
21980,PACK OF 12 RED RETROSPOT TISSUES ,2011-12-04,30,13.459999999999999,0.665,2011,12,4,48,4,6,91.0,74.0,86.75,145.0
17003,BROCADE RING PURSE ,2011-12-04,130,52.46000000000001,0.5660000000000001,2011,12,4,48,4,6,474.0,315.0,249.5,798.0
21967,PACK OF 12 SKULL TISSUES,2011-12-04,20,10.44,0.665,2011,12,4,48,4,6,50.0,87.0,65.75,102.0
20616,CHERRY BLOSSOM PASSPORT COVER,2011-12-04,3,9.01,2.44,2011,12,4,48,4,6,21.0,1.0,6.0,3.0
22028,PENNY FARTHING BIRTHDAY CARD,2011-12-04,75,32.730000000000004,0.47124999999999995,2011,12,4,48,4,6,53.0,82.0,87.5,37.0
22030,SWALLOWS GREETING CARD,2011-12-04,676,249.56,0.6199999999999999,2011,12,4,48,4,6,109.0,168.0,87.25,84.0
15056N,EDWARDIAN PARASOL NATURAL,2011-12-04,33,203.88000000000002,7.477500000000001,2011,12,4,48,4,6,8.0,98.0,37.0,65.0
22081,RIBBON REEL FLORA + FAUNA ,2011-12-04,2,6.58,3.29,2011,12,4,48,4,6,29.0,6.0,17.25,7.0
15056BL,EDWARDIAN PARASOL BLACK,2011-12-04,10,66.01,7.035,2011,12,4,48,4,6,20.0,73.0,57.25,75.0
22082,RIBBON REEL STRIPES DESIGN ,2011-12-04,88,171.44,2.333333333333333,2011,12,4,48,4,6,108.0,68.0,89.75,43.0
22083,PAPER CHAIN KIT RETROSPOT,2011-12-04,101,343.91,3.8579999999999997,2011,12,4,48,4,6,153.0,223.0,152.5,81.0
15039,SANDALWOOD FAN,2011-12-04,2,3.26,1.63,2011,12,4,48,4,6,95.0,12.0,55.5,15.0
22086,PAPER CHAIN KIT 50'S CHRISTMAS ,2011-12-04,1562,4606.900000000001,3.1110102339181283,2011,12,4,48,4,6,1691.0,2153.0,1756.25,679.0
15036,ASSORTED COLOURS SILK FAN,2011-12-04,143,127.49,1.3633333333333333,2011,12,4,48,4,6,237.0,104.0,132.75,75.0
22089,PAPER BUNTING VINTAGE PAISLEY,2011-12-04,12,35.400000000000006,2.95,2011,12,4,48,4,6,24.0,18.0,24.75,7.0
22090,PAPER BUNTING RETROSPOT,2011-12-04,59,187.09000000000003,4.273333333333333,2011,12,4,48,4,6,68.0,83.0,81.5,84.0
22091,EMPIRE TISSUE BOX,2011-12-04,18,19.439999999999998,1.356,2011,12,4,48,4,6,26.0,154.0,81.25,3.0
22080,RIBBON REEL POLKADOTS ,2011-12-04,37,61.05,1.65,2011,12,4,48,4,6,51.0,48.0,52.5,23.0
15034,PAPER POCKET TRAVELING FAN ,2011-12-04,16,5.0,0.6,2011,12,4,48,4,6,112.0,20.0,139.25,2.0
22093,MOTORING TISSUE BOX,2011-12-04,26,12.21,0.6200000000000001,2011,12,4,48,4,6,65.0,45.0,69.0,1.0
22094,RED RETROSPOT TISSUE BOX,2011-12-04,93,40.410000000000004,0.5625,2011,12,4,48,4,6,113.0,96.0,120.0,21.0
22095,LADS ONLY TISSUE BOX,2011-12-04,113,143.19,1.79125,2011,12,4,48,4,6,94.0,250.0,101.25,341.0
22096,PINK PAISLEY SQUARE TISSUE BOX ,2011-12-04,2,0.78,0.39,2011,12,4,48,4,6,45.0,44.0,41.5,2.0
11001,ASSTD DESIGN RACING CAR PEN,2011-12-04,20,38.6,2.223333333333333,2011,12,4,48,4,6,51.0,24.0,32.0,19.0
22097,SWALLOW SQUARE TISSUE BOX,2011-12-04,7,2.73,0.38999999999999996,2011,12,4,48,4,6,21.0,64.0,36.5,2.0
22098,BOUDOIR SQUARE TISSUE BOX,2011-12-04,139,64.56,1.0799999999999998,2011,12,4,48,4,6,13.0,63.0,36.25,3.0
22099,CARAVAN SQUARE TISSUE BOX,2011-12-04,15,12.059999999999999,1.011,2011,12,4,48,4,6,13.0,44.0,29.5,16.0
10135,COLOURING PENCILS BROWN TUBE,2011-12-04,61,89.56,1.5525,2011,12,4,48,4,6,37.0,35.0,38.75,23.0
22100,SKULLS SQUARE TISSUE BOX,2011-12-04,2,2.85,1.425,2011,12,4,48,4,6,2.0,38.0,48.5,7.0
10125,MINI FUNKY DESIGN TAPES,2011-12-04,6,5.1,0.85,2011,12,4,48,4,6,0.0,60.0,15.5,2.0
22092,BLUE PAISLEY TISSUE BOX,2011-12-04,8,3.12,0.39,2011,12,4,48,4,6,14.0,42.0,37.75,13.0
22029,SPACEBOY BIRTHDAY CARD,2011-12-04,90,40.260000000000005,0.6113333333333333,2011,12,4,48,4,6,147.0,125.0,159.75,108.0
22079,RIBBON REEL HEARTS DESIGN ,2011-12-04,46,77.53999999999999,1.8549999999999998,2011,12,4,48,4,6,49.0,38.0,40.5,11.0
22078,RIBBON REEL LACE DESIGN ,2011-12-04,22,50.26,3.115,2011,12,4,48,4,6,30.0,20.0,51.0,19.0
22031,BOTANICAL LAVENDER BIRTHDAY CARD,2011-12-04,2,1.66,0.83,2011,12,4,48,4,6,13.0,7.0,12.25,12.0
16014,SMALL CHINESE STYLE SCISSOR,2011-12-04,71,29.82,0.42,2011,12,4,48,4,6,514.0,0.0,886.25,14.0
22037,ROBOT BIRTHDAY CARD,2011-12-04,70,33.5,0.6363888888888889,2011,12,4,48,4,6,84.0,136.0,70.0,37.0
22041,"RECORD FRAME 7"" SINGLE SIZE ",2011-12-04,122,325.31,3.6575,2011,12,4,48,4,6,42.0,230.0,134.25,247.0
22042,CHRISTMAS CARD SINGING ANGEL,2011-12-04,24,10.08,0.42,2011,12,4,48,4,6,48.0,1.0,15.25,13.0
16012,FOOD/DRINK SPONGE STICKERS,2011-12-04,1,0.21,0.21,2011,12,4,48,4,6,0.0,24.0,42.0,24.0
22043,CHRISTMAS CARD SCREEN PRINT ,2011-12-04,98,24.6,0.305,2011,12,4,48,4,6,111.0,99.0,102.5,13.0
22045,SPACEBOY GIFT WRAP,2011-12-04,50,21.0,0.42,2011,12,4,48,4,6,100.0,500.0,218.75,50.0
22059,CERAMIC STRAWBERRY DESIGN MUG,2011-12-04,58,55.62,1.1233333333333333,2011,12,4,48,4,6,25.0,5.0,26.25,49.0
22061,LARGE CAKE STAND  HANGING STRAWBERY,2011-12-04,59,195.05,5.283333333333333,2011,12,4,48,4,6,16.0,2.0,10.5,6.0
22064,PINK DOUGHNUT TRINKET POT ,2011-12-04,37,64.97,2.4913333333333334,2011,12,4,48,4,6,56.0,78.0,51.5,28.0
15056P,EDWARDIAN PARASOL PINK,2011-12-04,10,59.5,5.95,2011,12,4,48,4,6,4.0,60.0,20.75,53.0
22065,CHRISTMAS PUDDING TRINKET POT ,2011-12-04,186,107.25999999999999,0.9411111111111111,2011,12,4,48,4,6,439.0,501.0,450.5,68.0
22067,CHOC TRUFFLE GOLD TRINKET POT ,2011-12-04,13,7.97,1.84,2011,12,4,48,4,6,12.0,26.0,13.0,26.0
22068,BLACK PIRATE TREASURE CHEST,2011-12-04,1,3.29,3.29,2011,12,4,48,4,6,8.0,8.0,15.5,3.0
22069,BROWN  PIRATE TREASURE CHEST ,2011-12-04,6,23.1,3.7566666666666664,2011,12,4,48,4,6,19.0,30.0,19.5,6.0
22070,SMALL RED RETROSPOT MUG IN BOX ,2011-12-04,4,22.42,5.605,2011,12,4,48,4,6,98.0,269.0,134.75,7.0
15056bl,EDWARDIAN PARASOL BLACK,2011-12-04,2,24.92,12.46,2011,12,4,48,4,6,1.0,1.0,2.0,3.0
22071,SMALL WHITE RETROSPOT MUG IN BOX ,2011-12-04,4,15.0,3.75,2011,12,4,48,4,6,95.0,251.0,130.0,8.0
22072,RED RETROSPOT TEA CUP AND SAUCER ,2011-12-04,70,127.5,2.0833333333333335,2011,12,4,48,4,6,5.0,3.0,10.0,19.0
22074,6 RIBBONS SHIMMERING PINKS ,2011-12-04,52,49.559999999999995,1.244,2011,12,4,48,4,6,15.0,17.0,18.75,4.0
22075,6 RIBBONS ELEGANT CHRISTMAS ,2011-12-04,148,213.7,1.3397222222222223,2011,12,4,48,4,6,76.0,82.0,76.25,107.0
22076,6 RIBBONS EMPIRE  ,2011-12-04,127,126.24999999999999,1.1716666666666666,2011,12,4,48,4,6,31.0,28.0,34.0,8.0
22077,6 RIBBONS RUSTIC CHARM,2011-12-04,182,384.73999999999995,2.735972222222222,2011,12,4,48,4,6,193.0,242.0,294.25,177.0
16011,ANIMAL STICKERS,2011-12-04,24,5.04,0.21,2011,12,4,48,4,6,24.0,216.0,83.75,5.0
21935,SUKI  SHOULDER BAG,2011-12-04,163,309.15,2.0557777777777777,2011,12,4,48,4,6,114.0,146.0,121.25,18.0
21288,STRIPEY CHOCOLATE NESTING BOXES,2011-12-04,6,19.400000000000002,3.176666666666667,2011,12,4,48,4,6,7.0,5.0,5.25,7.0
21928,JUMBO BAG SCANDINAVIAN BLUE PAISLEY,2011-12-04,216,432.93,2.3605555555555555,2011,12,4,48,4,6,81.0,99.0,175.0,66.0
21931,JUMBO STORAGE BAG SUKI,2011-12-04,258,520.29,2.525138888888889,2011,12,4,48,4,6,212.0,189.0,288.25,120.0
20661,BLUE POLKADOT PURSE ,2011-12-04,3,17.37,5.79,2011,12,4,48,4,6,1.0,1.0,1.0,1.0
20617,FIRST CLASS PASSPORT COVER ,2011-12-04,2,4.2,2.1,2011,12,4,48,4,6,0.0,1.0,2.5,1.0
20652,BLUE POLKADOT LUGGAGE TAG ,2011-12-04,3,7.38,2.46,2011,12,4,48,4,6,13.0,3.0,12.0,2.0
21934,SKULL SHOULDER BAG,2011-12-04,95,158.51,1.9759999999999998,2011,12,4,48,4,6,88.0,99.0,113.0,16.0
20659,ECONOMY LUGGAGE TAG,2011-12-04,2,3.71,1.855,2011,12,4,48,4,6,5.0,6.0,5.0,1.0
21917,SET 12 KIDS  WHITE CHALK STICKS,2011-12-04,5,2.1,0.42,2011,12,4,48,4,6,56.0,106.0,53.75,5.0
21922,UNION STRIPE WITH FRINGE  HAMMOCK,2011-12-04,5,65.78999999999999,15.183333333333332,2011,12,4,48,4,6,0.0,0.0,1.25,5.0
21929,JUMBO BAG PINK VINTAGE PAISLEY,2011-12-04,108,235.24,2.6090079365079366,2011,12,4,48,4,6,53.0,101.0,162.5,146.0
21915,RED  HARMONICA IN BOX ,2011-12-04,1120,1187.2,1.06,2011,12,4,48,4,6,22.0,351.0,921.5,1660.0
21932,SCANDINAVIAN PAISLEY PICNIC BAG,2011-12-04,39,70.83,2.19,2011,12,4,48,4,6,13.0,32.0,40.25,3.0
21927,BLUE/CREAM STRIPE CUSHION COVER ,2011-12-04,13,16.25,1.25,2011,12,4,48,4,6,4.0,25.0,9.5,24.0
20622,VIP PASSPORT COVER ,2011-12-04,2,6.23,3.115,2011,12,4,48,4,6,13.0,1.0,4.0,1.0
20653,CHERRY BLOSSOM LUGGAGE TAG,2011-12-04,1,2.46,2.46,2011,12,4,48,4,6,13.0,0.0,3.25,1.0
21918,SET 12 KIDS COLOUR  CHALK STICKS,2011-12-04,58,27.64,0.5908333333333333,2011,12,4,48,4,6,127.0,89.0,96.75,50.0
21933,PINK VINTAGE PAISLEY PICNIC BAG,2011-12-04,33,64.97999999999999,2.325,2011,12,4,48,4,6,27.0,34.0,29.75,3.0
21916,SET 12 RETRO WHITE CHALK STICKS,2011-12-04,27,15.24,0.6240277777777777,2011,12,4,48,4,6,64.0,76.0,55.5,38.0
20655,QUEEN OF SKIES LUGGAGE TAG,2011-12-04,5,9.879999999999999,1.6533333333333333,2011,12,4,48,4,6,3.0,0.0,1.75,2.0
20619,TROPICAL PASSPORT COVER ,2011-12-04,4,16.52,4.13,2011,12,4,48,4,6,1.0,2.0,1.75,1.0
20665,RED RETROSPOT PURSE ,2011-12-04,4,23.16,5.79,2011,12,4,48,4,6,2.0,1.0,1.0,22.0
21930,JUMBO STORAGE BAG SKULLS,2011-12-04,179,383.27,2.3875952380952383,2011,12,4,48,4,6,81.0,100.0,139.0,143.0
37489D,PINK/GREEN FLOWER DESIGN BIG MUG,2011-12-11,2,0.78,0.39,2011,12,4,49,11,6,0.0,4.0,1.75,0.0
21131,GOLD STANDING GNOME,2011-12-11,30,37.5,1.25,2011,12,4,49,11,6,0.0,0.0,0.5,30.0
90141B,IVORY PENDANT TRIPLE SHELL NECKLACE,2011-12-11,1,4.98,4.98,2011,12,4,49,11,6,0.0,0.0,0.0,1.0
37500,TEA TIME TEAPOT IN GIFT BOX,2011-12-11,11,81.16999999999999,6.619999999999999,2011,12,4,49,11,6,8.0,51.0,21.25,6.0
37495,FAIRY CAKE BIRTHDAY CANDLE SET,2011-12-11,4,15.0,3.75,2011,12,4,49,11,6,0.0,4.0,2.0,13.0
37450,CERAMIC CAKE BOWL + HANGING CAKES,2011-12-11,3,11.690000000000001,4.37,2011,12,4,49,11,6,7.0,7.0,7.5,54.0
15056p,EDWARDIAN PARASOL PINK,2011-12-11,1,12.46,12.46,2011,12,4,49,11,6,0.0,0.0,0.25,2.0
37462E,"PET MUG, GOLDFISH",2011-12-11,1,0.83,0.83,2011,12,4,49,11,6,12.0,0.0,3.25,3.0
15056bl,EDWARDIAN PARASOL BLACK,2011-12-11,5,62.300000000000004,12.46,2011,12,4,49,11,6,2.0,1.0,1.75,7.0
85049E,SCANDINAVIAN REDS RIBBONS,2011-12-11,47,76.9,1.8549999999999998,2011,12,4,49,11,6,67.0,80.0,91.75,98.0
44234,ASSORTED CIRCULAR MOBILE,2011-12-11,3,0.63,0.21,2011,12,4,49,11,6,5.0,0.0,3.5,5.0
85095,THREE CANVAS LUGGAGE TAGS,2011-12-11,1,4.13,4.13,2011,12,4,49,11,6,1.0,1.0,4.25,0.0
16008,SMALL FOLDING SCISSOR(POINTED EDGE),2011-12-11,312,37.44,0.12,2011,12,4,49,11,6,312.0,24.0,142.25,2.0
46776D,WOVEN SUNSET CUSHION COVER ,2011-12-11,17,70.21,4.13,2011,12,4,49,11,6,7.0,6.0,4.25,1.0
46776C,WOVEN FROST CUSHION COVER,2011-12-11,9,37.17,4.13,2011,12,4,49,11,6,8.0,10.0,7.75,3.0
84997D,CHILDRENS CUTLERY POLKADOT PINK,2011-12-11,43,195.01000000000002,4.8952,2011,12,4,49,11,6,106.0,482.0,173.0,143.0
46776B,WOVEN BERRIES CUSHION COVER ,2011-12-11,14,59.459999999999994,4.2325,2011,12,4,49,11,6,7.0,9.0,8.75,3.0
90130C,GREEN STONE/CRYSTAL EARRINGS,2011-12-11,1,2.9,2.9,2011,12,4,49,11,6,0.0,1.0,0.75,3.0
46776A,WOVEN BUBBLE GUM CUSHION COVER,2011-12-11,20,82.6,4.13,2011,12,4,49,11,6,5.0,9.0,7.75,3.0
20677,PINK POLKADOT BOWL,2011-12-11,120,143.58,1.7066666666666666,2011,12,4,49,11,6,35.0,51.0,52.25,92.0
46775D,SUNSET COLOUR CHUNKY KNITTED THROW,2011-12-11,1,16.95,16.95,2011,12,4,49,11,6,1.0,0.0,1.25,0.0
21128,GOLD FISHING GNOME,2011-12-11,8,15.6,1.95,2011,12,4,49,11,6,0.0,0.0,1.0,3.0
21125,SET 6 FOOTBALL CELEBRATION CANDLES,2011-12-11,9,14.879999999999999,1.4516666666666669,2011,12,4,49,11,6,4.0,7.0,9.0,1.0
46118,FUNKY MONKEY CUSHION COVER,2011-12-11,7,15.79,3.5833333333333335,2011,12,4,49,11,6,1.0,4.0,9.0,1.0
46000S,POLYESTER FILLER PAD 40x40cm,2011-12-11,5,7.25,1.45,2011,12,4,49,11,6,39.0,19.0,55.5,12.0
84997b,CHILDRENS CUTLERY RETROSPOT RED ,2011-12-11,10,82.89999999999999,8.29,2011,12,4,49,11,6,6.0,23.0,14.0,29.0
90138,WHITE/PINK MINI CRYSTALS NECKLACE,2011-12-11,1,5.4,5.4,2011,12,4,49,11,6,0.0,0.0,0.0,0.0
46000R,POLYESTER FILLER PAD 45x30cm,2011-12-11,2,2.9,1.45,2011,12,4,49,11,6,2.0,0.0,1.5,3.0
90145,SILVER HOOP EARRINGS WITH FLOWER,2011-12-11,2,12.46,6.23,2011,12,4,49,11,6,1.0,1.0,0.5,0.0
21126,SET OF 6 GIRLS CELEBRATION CANDLES,2011-12-11,10,12.5,1.25,2011,12,4,49,11,6,19.0,9.0,15.0,3.0
46000M,POLYESTER FILLER PAD 45x45cm,2011-12-11,11,17.05,1.55,2011,12,4,49,11,6,31.0,19.0,31.25,10.0
90134,OLD ROSE COMBO BEAD NECKLACE,2011-12-11,2,5.8,2.9,2011,12,4,49,11,6,2.0,2.0,2.0,0.0
21132,SILVER STANDING GNOME   ,2011-12-11,2,2.5,1.25,2011,12,4,49,11,6,0.0,0.0,1.0,4.0
37447,CERAMIC CAKE DESIGN SPOTTED PLATE,2011-12-11,1,3.29,3.29,2011,12,4,49,11,6,24.0,13.0,14.0,114.0
84997c,CHILDRENS CUTLERY POLKADOT BLUE,2011-12-11,14,116.06,8.29,2011,12,4,49,11,6,7.0,13.0,8.75,0.0
90161D,ANT COPPER PINK BOUDICCA BRACELET,2011-12-11,9,44.67,4.96875,2011,12,4,49,11,6,3.0,0.0,2.0,3.0
85049C,ROMANTIC PINKS RIBBONS ,2011-12-11,7,11.17,1.855,2011,12,4,49,11,6,41.0,38.0,23.0,21.0
35924,HANGING FAIRY CAKE DECORATION,2011-12-11,1,4.13,4.13,2011,12,4,49,11,6,0.0,4.0,3.25,267.0
35818P,"ACRYLIC JEWEL ICICLE, PINK",2011-12-11,2,0.76,0.38,2011,12,4,49,11,6,12.0,64.0,22.25,0.0
21154,RED RETROSPOT OVEN GLOVE ,2011-12-11,65,101.82,1.809625,2011,12,4,49,11,6,136.0,103.0,106.25,80.0
90166,PINK & WHITE ROSEBUD RING,2011-12-11,1,4.15,4.15,2011,12,4,49,11,6,0.0,1.0,0.5,0.0
90168,2 DAISIES HAIR COMB,2011-12-11,3,8.7,2.9,2011,12,4,49,11,6,1.0,1.0,0.75,1.0
35648,VINTAGE BEAD PINK PURSE ,2011-12-11,12,17.16,1.4633333333333334,2011,12,4,49,11,6,8.0,43.0,36.75,15.0
35953,FOLKART STAR CHRISTMAS DECORATIONS,2011-12-11,300,146.04,0.5183333333333333,2011,12,4,49,11,6,282.0,413.0,423.25,25.0
35646,VINTAGE BEAD PINK EVENING BAG,2011-12-11,13,31.98,2.46,2011,12,4,49,11,6,8.0,62.0,29.75,5.0
21155,RED RETROSPOT PEG BAG,2011-12-11,36,149.64000000000001,4.457916666666667,2011,12,4,49,11,6,53.0,44.0,58.25,101.0
90170,DAISY HAIR BAND,2011-12-11,5,8.25,1.6499999999999997,2011,12,4,49,11,6,7.0,2.0,3.5,2.0
21156,RETROSPOT CHILDRENS APRON,2011-12-11,91,174.70999999999998,3.4299999999999997,2011,12,4,49,11,6,82.0,105.0,141.25,68.0
90174,BUTTERFLY HAIR BAND,2011-12-11,4,9.92,2.48,2011,12,4,49,11,6,2.0,1.0,2.0,1.0
90175A,WHITE GLASS CHUNKY CHARM BRACELET,2011-12-11,5,45.75,9.15,2011,12,4,49,11,6,0.0,0.0,0.5,1.0
35471D,SET OF 3 BIRD LIGHT PINK FEATHER ,2011-12-11,46,21.38,0.49750000000000005,2011,12,4,49,11,6,141.0,307.0,167.5,6.0
21158,MOODY GIRL DOOR HANGER ,2011-12-11,32,24.08,1.84,2011,12,4,49,11,6,50.0,22.0,44.75,2.0
35095B,RED VICTORIAN FABRIC OVAL BOX,2011-12-11,17,12.059999999999999,0.6933333333333334,2011,12,4,49,11,6,28.0,18.0,22.25,6.0
90169,DAISY HAIR COMB,2011-12-11,1,2.48,2.48,2011,12,4,49,11,6,0.0,0.0,0.0,3.0
37449,CERAMIC CAKE STAND + HANGING CAKES,2011-12-11,1,9.95,9.95,2011,12,4,49,11,6,9.0,5.0,6.5,30.0
21147,JINGLE BELLS TREE DECORATION,2011-12-11,3,5.72,2.045,2011,12,4,49,11,6,22.0,19.0,16.25,6.0
35961,FOLKART ZINC HEART CHRISTMAS DEC,2011-12-11,17,19.91,1.1229999999999998,2011,12,4,49,11,6,61.0,90.0,61.75,75.0
90158,ST TROPEZ NECKLACE,2011-12-11,2,9.96,4.98,2011,12,4,49,11,6,1.0,0.0,2.25,2.0
37448,CERAMIC CAKE DESIGN SPOTTED MUG,2011-12-11,23,43.269999999999996,1.715,2011,12,4,49,11,6,43.0,24.0,23.75,46.0
21135,VICTORIAN  METAL POSTCARD SPRING,2011-12-11,26,43.94,1.69,2011,12,4,49,11,6,25.0,608.0,328.25,24.0
46776E,WOVEN CANDY CUSHION COVER ,2011-12-11,5,20.65,4.13,2011,12,4,49,11,6,6.0,4.0,3.5,2.0
90160A,PURPLE BOUDICCA LARGE BRACELET,2011-12-11,1,7.07,7.07,2011,12,4,49,11,6,0.0,0.0,0.0,3.0
37446,MINI CAKE STAND WITH HANGING CAKES,2011-12-11,6,8.7,1.45,2011,12,4,49,11,6,26.0,11.0,13.0,106.0
90160C,TURQ+RED BOUDICCA LARGE BRACELET,2011-12-11,1,7.07,7.07,2011,12,4,49,11,6,1.0,1.0,3.0,4.0
37340,MULTICOLOUR SPRING FLOWER MUG,2011-12-11,40,45.3,1.1325,2011,12,4,49,11,6,24.0,78.0,73.5,9.0
90161C,ANT COPPER LIME BOUDICCA BRACELET,2011-12-11,4,19.86,4.97,2011,12,4,49,11,6,5.0,1.0,5.25,2.0
35971,ROSE FOLKART HEART DECORATIONS,2011-12-11,3,7.38,2.46,2011,12,4,49,11,6,5.0,3.0,28.25,33.0
35970,ZINC FOLKART SLEIGH BELLS,2011-12-11,204,481.40000000000003,2.8925714285714283,2011,12,4,49,11,6,319.0,393.0,426.5,25.0
90161A,ANT COPPER RED BOUDICCA BRACELET,2011-12-11,3,14.88,4.965,2011,12,4,49,11,6,0.0,0.0,0.5,1.0
20676,RED RETROSPOT BOWL,2011-12-11,49,68.51,1.6533333333333333,2011,12,4,49,11,6,68.0,71.0,102.0,56.0
35967,FOLK ART METAL STAR T-LIGHT HOLDER,2011-12-11,44,31.48,0.7844444444444444,2011,12,4,49,11,6,24.0,28.0,25.25,7.0
21137,BLACK RECORD COVER FRAME,2011-12-11,1506,5337.29,4.708316666666667,2011,12,4,49,11,6,183.0,580.0,469.75,577.0
90161B,ANT COPPER TURQ BOUDICCA BRACELET,2011-12-11,8,39.690000000000005,4.96,2011,12,4,49,11,6,2.0,1.0,3.0,4.0
35964,FOLKART CLIP ON STARS,2011-12-11,38,25.38,0.72,2011,12,4,49,11,6,99.0,129.0,70.5,4.0
84997d,CHILDRENS CUTLERY POLKADOT PINK,2011-12-11,8,66.32,8.29,2011,12,4,49,11,6,10.0,28.0,16.75,10.0
21136,PAINTED METAL PEARS ASSORTED,2011-12-11,17,40.17,2.1666666666666665,2011,12,4,49,11,6,126.0,92.0,121.25,103.0
90130B,TURQ STONE/CRYSTAL EARRINGS,2011-12-11,2,5.8,2.9,2011,12,4,49,11,6,4.0,3.0,2.0,3.0
47421,ASSORTED COLOUR LIZARD SUCTION HOOK,2011-12-11,26,10.92,0.42,2011,12,4,49,11,6,30.0,10.0,41.5,48.0
90129F,RED GLASS TASSLE BAG CHARM,2011-12-11,1,2.95,2.95,2011,12,4,49,11,6,0.0,0.0,2.25,4.0
48188,DOORMAT WELCOME PUPPIES,2011-12-11,1,8.25,8.25,2011,12,4,49,11,6,1.0,3.0,6.5,17.0
90082A,DIAMANTE BOW BROOCH GREEN COLOUR,2011-12-11,4,26.0,6.5,2011,12,4,49,11,6,0.0,1.0,0.5,4.0
90082B,DIAMANTE BOW BROOCH RED COLOUR,2011-12-11,1,6.35,6.35,2011,12,4,49,11,6,0.0,1.0,0.25,8.0
48187,DOORMAT NEW ENGLAND,2011-12-11,40,306.6,8.1525,2011,12,4,49,11,6,81.0,96.0,55.5,69.0
21094,SET/6 RED SPOTTY PAPER PLATES,2011-12-11,51,42.809999999999995,0.84,2011,12,4,49,11,6,56.0,103.0,73.75,73.0
48185,DOORMAT FAIRY CAKE,2011-12-11,12,99.0,8.25,2011,12,4,49,11,6,33.0,57.0,33.5,27.0
20685,DOORMAT RED RETROSPOT,2011-12-11,63,489.71,9.12675,2011,12,4,49,11,6,97.0,102.0,70.75,173.0
84997C,CHILDRENS CUTLERY POLKADOT BLUE,2011-12-11,26,112.04,4.84,2011,12,4,49,11,6,91.0,300.0,133.0,12.0
21090,SET/6 COLLAGE PAPER PLATES,2011-12-11,14,9.42,0.6833333333333332,2011,12,4,49,11,6,18.0,5.0,14.0,0.0
48184,DOORMAT ENGLISH ROSE ,2011-12-11,36,261.9,7.859999999999999,2011,12,4,49,11,6,24.0,84.0,33.5,44.0
48173C,DOORMAT BLACK FLOCK ,2011-12-11,3,32.29,12.02,2011,12,4,49,11,6,14.0,76.0,24.5,22.0
90086,CRYSTAL FROG PHONE CHARM,2011-12-11,49,10.75,0.9099999999999999,2011,12,4,49,11,6,15.0,2.0,4.75,2.0
90087,CRYSTAL SEA HORSE PHONE CHARM,2011-12-11,72,13.680000000000001,0.19,2011,12,4,49,11,6,1.0,3.0,1.25,2.0
48138,DOORMAT UNION FLAG,2011-12-11,55,455.65,10.890666666666666,2011,12,4,49,11,6,35.0,91.0,51.0,109.0
90089,PINK CRYSTAL SKULL PHONE CHARM,2011-12-11,13,2.47,0.19,2011,12,4,49,11,6,1.0,0.0,0.5,1.0
48129,DOORMAT TOPIARY,2011-12-11,17,136.09,8.697777777777778,2011,12,4,49,11,6,7.0,14.0,8.0,15.0
21107,CREAM SLICE FLANNEL PINK SPOT ,2011-12-11,1,5.79,5.79,2011,12,4,49,11,6,264.0,28.0,94.0,23.0
48116,DOORMAT MULTICOLOUR STRIPE,2011-12-11,18,213.18,11.190000000000001,2011,12,4,49,11,6,4.0,5.0,5.5,103.0
21098,CHRISTMAS TOILET ROLL,2011-12-11,115,195.78,1.797380952380952,2011,12,4,49,11,6,128.0,100.0,101.5,412.0
48194,DOORMAT HEARTS,2011-12-11,24,223.18,9.054166666666667,2011,12,4,49,11,6,16.0,112.0,46.5,35.0
85049a,TRADITIONAL CHRISTMAS RIBBONS,2011-12-11,36,118.44,3.29,2011,12,4,49,11,6,11.0,12.0,10.25,120.0
51014A,"FEATHER PEN,HOT PINK",2011-12-11,122,64.3,0.6393333333333333,2011,12,4,49,11,6,96.0,302.0,196.75,5.0
20686,DOLLY MIXTURE CHILDREN'S UMBRELLA,2011-12-11,1,3.25,3.25,2011,12,4,49,11,6,2.0,3.0,15.75,4.0
71270,PHOTO CLIP LINE,2011-12-11,2,4.92,2.46,2011,12,4,49,11,6,1.0,7.0,4.75,1.0
90059D,DIAMANTE HAIR GRIP PACK/2 PERIDOT,2011-12-11,2,3.3,1.65,2011,12,4,49,11,6,0.0,1.0,0.25,1.0
90059E,DIAMANTE HAIR GRIP PACK/2 RUBY,2011-12-11,3,4.949999999999999,1.65,2011,12,4,49,11,6,0.0,0.0,1.25,3.0
71053,WHITE MOROCCAN METAL LANTERN,2011-12-11,13,75.99,6.87125,2011,12,4,49,11,6,23.0,31.0,18.75,11.0
21068,VINTAGE BILLBOARD LOVE/HATE MUG,2011-12-11,5,8.67,2.1574999999999998,2011,12,4,49,11,6,49.0,9.0,52.0,220.0
16014,SMALL CHINESE STYLE SCISSOR,2011-12-11,60,25.2,0.42,2011,12,4,49,11,6,71.0,514.0,148.75,1001.0
90071,RUBY GLASS CLUSTER EARRINGS,2011-12-11,1,1.23,1.23,2011,12,4,49,11,6,1.0,2.0,1.5,4.0
70007,HI TEC ALPINE HAND WARMER,2011-12-11,40,34.1,1.2066666666666666,2011,12,4,49,11,6,23.0,20.0,25.75,58.0
21070,VINTAGE BILLBOARD MUG ,2011-12-11,5,12.3,2.46,2011,12,4,49,11,6,28.0,2.0,26.5,2.0
70006,LOVE HEART POCKET WARMER,2011-12-11,56,64.56,1.3716666666666668,2011,12,4,49,11,6,32.0,16.0,19.75,76.0
62018,SOMBRERO ,2011-12-11,6,11.7,1.95,2011,12,4,49,11,6,204.0,3.0,54.75,3.0
90073,VINTAGE ENAMEL & CRYSTAL EARRINGS,2011-12-11,2,9.9,4.95,2011,12,4,49,11,6,0.0,1.0,0.5,2.0
21080,SET/20 RED RETROSPOT PAPER NAPKINS ,2011-12-11,157,122.53,0.9637499999999999,2011,12,4,49,11,6,118.0,294.0,217.75,334.0
51014L,"FEATHER PEN,LIGHT PINK",2011-12-11,10,8.299999999999999,0.83,2011,12,4,49,11,6,98.0,197.0,102.0,0.0
90081A,LILY BROOCH AMETHYST COLOUR,2011-12-11,2,9.9,4.95,2011,12,4,49,11,6,0.0,2.0,0.5,3.0
51014C,"FEATHER PEN,COAL BLACK",2011-12-11,40,22.639999999999997,0.665,2011,12,4,49,11,6,49.0,172.0,194.25,2.0
21086,SET/6 RED SPOTTY PAPER CUPS,2011-12-11,24,15.600000000000001,0.65,2011,12,4,49,11,6,39.0,127.0,127.0,67.0
90081C,LILY BROOCH OLIVE COLOUR,2011-12-11,1,4.95,4.95,2011,12,4,49,11,6,1.0,2.0,0.75,4.0
48111,DOORMAT 3 SMILEY CATS,2011-12-11,12,102.38,12.886666666666665,2011,12,4,49,11,6,11.0,13.0,14.0,32.0
46776F,WOVEN ROSE GARDEN CUSHION COVER ,2011-12-11,13,53.69,4.13,2011,12,4,49,11,6,17.0,8.0,10.5,1.0
90093,CLEAR CRYSTAL STAR PHONE CHARM,2011-12-11,32,6.08,0.19,2011,12,4,49,11,6,0.0,1.0,0.25,1.0
21108,FAIRY CAKE FLANNEL ASSORTED COLOUR,2011-12-11,153,133.38,1.8325,2011,12,4,49,11,6,227.0,389.0,557.25,79.0
90116,FRUIT SALAD BAG CHARM,2011-12-11,2,4.92,2.46,2011,12,4,49,11,6,12.0,4.0,4.25,1.0
47563A,RETRO LONGBOARD IRONING BOARD COVER,2011-12-11,16,42.440000000000005,2.865,2011,12,4,49,11,6,14.0,4.0,7.75,2.0
20679,EDWARDIAN PARASOL RED,2011-12-11,43,307.93,8.120000000000001,2011,12,4,49,11,6,9.0,9.0,34.5,27.0
47559b,TEA TIME OVEN GLOVE,2011-12-11,3,9.870000000000001,3.29,2011,12,4,49,11,6,0.0,0.0,0.0,23.0
90120B,BLUE MURANO TWIST BRACELET,2011-12-11,2,8.3,4.15,2011,12,4,49,11,6,0.0,0.0,3.0,0.0
47559B,TEA TIME OVEN GLOVE,2011-12-11,52,74.68,1.7037499999999999,2011,12,4,49,11,6,166.0,27.0,78.75,185.0
21121,SET/10 RED POLKADOT PARTY CANDLES,2011-12-11,102,127.5,1.25,2011,12,4,49,11,6,37.0,114.0,91.75,128.0
47504H,ENGLISH ROSE SPIRIT LEVEL ,2011-12-11,93,95.97,1.6233333333333335,2011,12,4,49,11,6,47.0,36.0,33.5,1.0
21116,OWL DOORSTOP,2011-12-11,2,16.58,8.29,2011,12,4,49,11,6,22.0,78.0,38.0,22.0
90120C,GREEN MURANO TWIST BRACELET,2011-12-11,3,12.450000000000001,4.15,2011,12,4,49,11,6,0.0,0.0,2.5,2.0
47480,HANGING PHOTO CLIP ROPE LADDER,2011-12-11,112,191.84,2.83,2011,12,4,49,11,6,4.0,16.0,9.25,97.0
90129B,TURQUOISE GLASS TASSLE BAG CHARM ,2011-12-11,1,2.95,2.95,2011,12,4,49,11,6,0.0,1.0,2.25,5.0
47471,RAINBOW PEGS PHOTO CLIP STRING,2011-12-11,6,7.14,1.055,2011,12,4,49,11,6,4.0,1.0,2.25,5.0
21122,SET/10 PINK POLKADOT PARTY CANDLES,2011-12-11,108,137.42000000000002,1.40125,2011,12,4,49,11,6,24.0,116.0,68.75,123.0
85014A,BLACK/BLUE POLKADOT UMBRELLA,2011-12-11,2,18.41,9.205,2011,12,4,49,11,6,59.0,10.0,25.75,29.0
21123,SET/10 IVORY POLKADOT PARTY CANDLES,2011-12-11,44,48.699999999999996,0.9560000000000001,2011,12,4,49,11,6,9.0,12.0,25.5,33.0
90129C,GREEN GLASS TASSLE BAG CHARM,2011-12-11,1,2.95,2.95,2011,12,4,49,11,6,0.0,0.0,0.25,4.0
21124,SET/10 BLUE POLKADOT PARTY CANDLES,2011-12-11,34,42.5,1.25,2011,12,4,49,11,6,28.0,62.0,53.75,51.0
47503H,ASS FLORAL PRINT SPIRIT LEVEL ,2011-12-11,1,0.79,0.79,2011,12,4,49,11,6,0.0,3.0,5.75,2.0
47566,PARTY BUNTING,2011-12-11,69,470.03,7.4417333333333335,2011,12,4,49,11,6,105.0,455.0,228.25,165.0
16011,ANIMAL STICKERS,2011-12-11,25,5.25,0.21,2011,12,4,49,11,6,24.0,24.0,89.75,41.0
90114,SUMMER DAISIES BAG CHARM,2011-12-11,5,12.48,2.505,2011,12,4,49,11,6,0.0,45.0,13.25,2.0
16012,FOOD/DRINK SPONGE STICKERS,2011-12-11,24,5.04,0.21,2011,12,4,49,11,6,1.0,0.0,30.25,0.0
47593B,SCOTTIE DOGS BABY BIB,2011-12-11,205,85.66999999999999,0.61,2011,12,4,49,11,6,26.0,38.0,39.0,18.0
21109,LARGE CAKE TOWEL CHOCOLATE SPOTS,2011-12-11,214,439.97999999999996,2.9706,2011,12,4,49,11,6,54.0,37.0,23.0,102.0
90094,NECKLACE+BRACELET SET FRUIT SALAD ,2011-12-11,1,2.55,2.55,2011,12,4,49,11,6,1.0,1.0,1.25,2.0
85049H,URBAN BLACK RIBBONS ,2011-12-11,30,24.9,0.83,2011,12,4,49,11,6,28.0,18.0,31.75,0.0
47591D,PINK FAIRY CAKE CHILDRENS APRON,2011-12-11,71,132.17000000000002,2.8688888888888893,2011,12,4,49,11,6,101.0,177.0,164.75,57.0
21111,"SWISS ROLL TOWEL, CHOCOLATE  SPOTS",2011-12-11,192,240.0,1.25,2011,12,4,49,11,6,8.0,37.0,12.25,6.0
20682,RED RETROSPOT CHILDRENS UMBRELLA,2011-12-11,74,217.26,4.8149999999999995,2011,12,4,49,11,6,29.0,26.0,35.5,49.0
47590B,PINK HAPPY BIRTHDAY BUNTING,2011-12-11,5,32.59,7.2299999999999995,2011,12,4,49,11,6,16.0,8.0,28.5,11.0
21112,SWISS ROLL TOWEL PINK  SPOTS,2011-12-11,1,5.79,5.79,2011,12,4,49,11,6,0.0,55.0,15.75,149.0
47590A,BLUE HAPPY BIRTHDAY BUNTING,2011-12-11,2,21.58,10.79,2011,12,4,49,11,6,7.0,9.0,26.0,11.0
20654,FIRST CLASS LUGGAGE TAG ,2011-12-11,2,4.92,2.46,2011,12,4,49,11,6,2.0,3.0,6.0,3.0
85049G,CHOCOLATE BOX RIBBONS ,2011-12-11,5,7.46,1.6533333333333333,2011,12,4,49,11,6,74.0,38.0,34.5,15.0
47580,TEA TIME DES TEA COSY,2011-12-11,1,2.55,2.55,2011,12,4,49,11,6,3.0,7.0,3.5,21.0
90099,NECKLACE+BRACELET SET BLUE HIBISCUS,2011-12-11,1,2.55,2.55,2011,12,4,49,11,6,2.0,2.0,3.0,2.0
90101,WHITE FRANGIPANI NECKLACE,2011-12-11,1,2.48,2.48,2011,12,4,49,11,6,0.0,1.0,1.0,1.0
47578A,ENGLISH ROSE SMALL SCENTED FLOWER,2011-12-11,1,1.63,1.63,2011,12,4,49,11,6,26.0,1.0,16.25,8.0
47567B,TEA TIME KITCHEN APRON,2011-12-11,4,49.84,12.46,2011,12,4,49,11,6,19.0,28.0,14.75,24.0
21115,ROSE CARAVAN DOORSTOP,2011-12-11,146,321.24,3.5160000000000005,2011,12,4,49,11,6,24.0,10.0,12.25,8.0
20653,CHERRY BLOSSOM LUGGAGE TAG,2011-12-11,1,2.46,2.46,2011,12,4,49,11,6,1.0,13.0,3.5,1.0
90175D,TIGRIS EYE CHUNKY CHARM BRACELET,2011-12-11,2,18.3,9.15,2011,12,4,49,11,6,4.0,0.0,1.75,2.0
35004B,SET OF 3 BLACK FLYING DUCKS,2011-12-11,7,38.150000000000006,5.45,2011,12,4,49,11,6,3.0,12.0,5.0,14.0
21159,MOODY BOY  DOOR HANGER ,2011-12-11,28,13.82,0.8733333333333334,2011,12,4,49,11,6,37.0,12.0,30.5,3.0
21242,RED RETROSPOT PLATE ,2011-12-11,124,192.92,2.282,2011,12,4,49,11,6,20.0,139.0,51.25,41.0
90214J,"LETTER ""J"" BLING KEY RING",2011-12-11,13,4.31,0.5599999999999999,2011,12,4,49,11,6,0.0,0.0,1.75,2.0
22976,CIRCUS PARADE CHILDRENS EGG CUP ,2011-12-11,26,33.71,1.4516666666666669,2011,12,4,49,11,6,5.0,29.0,20.25,79.0
21243,PINK POLKADOT PLATE ,2011-12-11,32,66.88000000000001,2.49,2011,12,4,49,11,6,4.0,128.0,47.0,18.0
22975,SPACEBOY CHILDRENS EGG CUP,2011-12-11,17,32.14,2.1574999999999998,2011,12,4,49,11,6,26.0,26.0,23.0,34.0
21244,BLUE POLKADOT PLATE ,2011-12-11,2,6.58,3.29,2011,12,4,49,11,6,0.0,1.0,1.0,112.0
22974,CHILDRENS DOLLY GIRL MUG,2011-12-11,6,16.46,2.743333333333333,2011,12,4,49,11,6,35.0,19.0,31.75,77.0
90214K,"LETTER ""K"" BLING KEY RING",2011-12-11,26,8.079999999999998,0.47,2011,12,4,49,11,6,0.0,0.0,1.5,5.0
22977,DOLLY GIRL CHILDRENS EGG CUP,2011-12-11,4,8.629999999999999,2.2583333333333333,2011,12,4,49,11,6,15.0,10.0,8.75,68.0
22973,CHILDREN'S CIRCUS PARADE MUG,2011-12-11,64,102.56,2.0966666666666667,2011,12,4,49,11,6,10.0,2.0,32.5,76.0
90214L,"LETTER ""L"" BLING KEY RING",2011-12-11,36,10.439999999999998,0.29,2011,12,4,49,11,6,0.0,0.0,0.0,2.0
22972,CHILDREN'S SPACEBOY MUG,2011-12-11,31,54.42999999999999,1.9688888888888887,2011,12,4,49,11,6,17.0,33.0,29.75,12.0
21248,DOOR HANGER  MUM + DADS ROOM,2011-12-11,14,20.299999999999997,1.45,2011,12,4,49,11,6,15.0,9.0,9.0,1.0
90214M,"LETTER ""M"" BLING KEY RING",2011-12-11,12,3.4799999999999995,0.29,2011,12,4,49,11,6,0.0,0.0,1.5,6.0
85034C,3 ROSE MORRIS BOXED CANDLES,2011-12-11,31,66.91,2.032222222222222,2011,12,4,49,11,6,76.0,198.0,127.5,4.0
21249,WOODLAND  HEIGHT CHART STICKERS ,2011-12-11,9,35.07,5.08,2011,12,4,49,11,6,1.0,20.0,7.75,5.0
22969,HOMEMADE JAM SCENTED CANDLES,2011-12-11,154,285.86,2.5277142857142856,2011,12,4,49,11,6,142.0,93.0,127.25,308.0
85039a,SET/4 RED MINI ROSE CANDLE IN BOWL,2011-12-11,1,3.29,3.29,2011,12,4,49,11,6,1.0,1.0,1.0,1.0
21245,GREEN POLKADOT PLATE ,2011-12-11,113,169.52999999999997,1.9700000000000002,2011,12,4,49,11,6,6.0,2.0,7.75,8.0
90214I,"LETTER ""I"" BLING KEY RING",2011-12-11,13,3.7699999999999996,0.29,2011,12,4,49,11,6,0.0,0.0,0.0,1.0
22983,CARD BILLBOARD FONT,2011-12-11,78,35.22,0.6577999999999999,2011,12,4,49,11,6,64.0,71.0,79.75,103.0
90214H,"LETTER ""H"" BLING KEY RING",2011-12-11,13,3.7699999999999996,0.29,2011,12,4,49,11,6,0.0,0.0,2.0,2.0
85032C,CURIOUS IMAGES GIFT WRAP SET,2011-12-11,40,39.72,1.3359999999999999,2011,12,4,49,11,6,8.0,9.0,16.0,54.0
90214A,"LETTER ""A"" BLING KEY RING",2011-12-11,25,7.789999999999999,0.47,2011,12,4,49,11,6,1.0,0.0,4.0,3.0
90214B,"LETTER ""B"" BLING KEY RING",2011-12-11,12,3.4799999999999995,0.29,2011,12,4,49,11,6,0.0,0.0,0.0,2.0
21231,SWEETHEART CERAMIC TRINKET BOX,2011-12-11,119,167.74,1.7304166666666667,2011,12,4,49,11,6,189.0,239.0,157.25,328.0
20669,RED HEART LUGGAGE TAG,2011-12-11,7,17.22,2.46,2011,12,4,49,11,6,3.0,9.0,7.0,16.0
22985,WRAP BILLBOARD FONTS DESIGN,2011-12-11,25,10.5,0.42,2011,12,4,49,11,6,25.0,75.0,37.5,825.0
11001,ASSTD DESIGN RACING CAR PEN,2011-12-11,5,16.45,3.29,2011,12,4,49,11,6,20.0,51.0,32.25,35.0
90214C,"LETTER ""C"" BLING KEY RING",2011-12-11,26,7.539999999999999,0.29,2011,12,4,49,11,6,1.0,0.0,1.75,9.0
21232,STRAWBERRY CERAMIC TRINKET POT,2011-12-11,264,442.16,2.0995999999999997,2011,12,4,49,11,6,239.0,224.0,172.0,160.0
90214D,"LETTER ""D"" BLING KEY RING",2011-12-11,24,6.959999999999999,0.29,2011,12,4,49,11,6,0.0,0.0,1.5,3.0
21238,RED RETROSPOT CUP,2011-12-11,32,38.9,1.3375,2011,12,4,49,11,6,44.0,54.0,54.5,73.0
85040A,S/4 PINK FLOWER CANDLES IN BOWL,2011-12-11,9,24.69,2.675,2011,12,4,49,11,6,14.0,7.0,17.0,4.0
90214E,"LETTER ""E"" BLING KEY RING",2011-12-11,25,7.249999999999999,0.29,2011,12,4,49,11,6,0.0,0.0,1.5,3.0
90214F,"LETTER ""F"" BLING KEY RING",2011-12-11,13,3.7699999999999996,0.29,2011,12,4,49,11,6,0.0,0.0,0.0,1.0
21239,PINK  POLKADOT CUP,2011-12-11,29,28.549999999999997,1.3375,2011,12,4,49,11,6,32.0,27.0,32.25,39.0
90214G,"LETTER ""G"" BLING KEY RING",2011-12-11,25,7.249999999999999,0.29,2011,12,4,49,11,6,0.0,0.0,1.5,2.0
85034B,3 WHITE CHOC MORRIS BOXED CANDLES,2011-12-11,74,141.78,3.3619999999999997,2011,12,4,49,11,6,30.0,108.0,104.75,4.0
22984,CARD GINGHAM ROSE ,2011-12-11,13,5.87,0.625,2011,12,4,49,11,6,36.0,50.0,28.25,13.0
21240,BLUE POLKADOT CUP,2011-12-11,25,22.03,1.11,2011,12,4,49,11,6,23.0,16.0,50.25,48.0
90214N,"LETTER ""N"" BLING KEY RING",2011-12-11,15,5.43,0.5599999999999999,2011,12,4,49,11,6,2.0,0.0,0.5,1.0
21224,SET/4 SKULL BADGES,2011-12-11,16,14.959999999999999,0.9466666666666667,2011,12,4,49,11,6,20.0,6.0,22.75,24.0
22968,ROSE COTTAGE KEEPSAKE BOX ,2011-12-11,2,39.92,19.96,2011,12,4,49,11,6,1.0,6.0,9.75,34.0
22966,GINGERBREAD MAN COOKIE CUTTER,2011-12-11,209,290.29,1.7205555555555556,2011,12,4,49,11,6,207.0,334.0,220.75,209.0
22961,JAM MAKING SET PRINTED,2011-12-11,931,1549.4299999999998,2.405238095238095,2011,12,4,49,11,6,269.0,515.0,357.0,521.0
BANK CHARGES,Bank Charges,2011-12-11,1,15.0,15.0,2011,12,4,49,11,6,1.0,0.0,0.25,0.0
21265,PINK GOOSE FEATHER TREE 60CM,2011-12-11,12,23.4,1.95,2011,12,4,49,11,6,6.0,0.0,2.5,2.0
22960,JAM MAKING SET WITH JARS,2011-12-11,218,1069.54,6.361690476190476,2011,12,4,49,11,6,350.0,186.0,211.75,170.0
22959,WRAP CHRISTMAS VILLAGE,2011-12-11,125,52.5,0.42,2011,12,4,49,11,6,651.0,425.0,450.25,0.0
21284,RETROSPOT CANDLE  SMALL,2011-12-11,124,59.959999999999994,0.9337500000000001,2011,12,4,49,11,6,49.0,3.0,13.25,13.0
85039C,S/4 BLACK MINI ROSE CANDLE IN BOWL,2011-12-11,1,1.63,1.63,2011,12,4,49,11,6,2.0,1.0,3.5,10.0
22956,36 FOIL HEART CAKE CASES,2011-12-11,53,41.87,0.79,2011,12,4,49,11,6,54.0,4.0,29.5,85.0
21264,WHITE GOOSE FEATHER TREE 60CM ,2011-12-11,6,11.7,1.95,2011,12,4,49,11,6,11.0,24.0,21.0,3.0
21285,RETROSPOT CANDLE  MEDIUM,2011-12-11,229,89.31,0.39,2011,12,4,49,11,6,4.0,3.0,8.5,6.0
22955,36 FOIL STAR CAKE CASES ,2011-12-11,59,56.629999999999995,1.625,2011,12,4,49,11,6,19.0,11.0,25.25,7.0
10125,MINI FUNKY DESIGN TAPES,2011-12-11,20,17.0,0.85,2011,12,4,49,11,6,6.0,0.0,16.5,43.0
DOT,DOTCOM POSTAGE,2011-12-11,13,17667.54,1326.1474,2011,12,4,49,11,6,13.0,11.0,11.25,17.0
85039A,SET/4 RED MINI ROSE CANDLE IN BOWL,2011-12-11,22,35.919999999999995,1.634,2011,12,4,49,11,6,13.0,5.0,13.0,14.0
22953,BIRTHDAY PARTY CORDON BARRIER TAPE,2011-12-11,1,1.25,1.25,2011,12,4,49,11,6,13.0,3.0,6.25,17.0
21286,RETROSPOT CANDLE  LARGE,2011-12-11,134,79.06,0.59,2011,12,4,49,11,6,27.0,1.0,7.5,2.0
M,Manual,2011-12-11,810,427.46000000000004,25.00111111111111,2011,12,4,49,11,6,10.0,1713.0,758.75,58.0
22952,60 CAKE CASES VINTAGE CHRISTMAS,2011-12-11,553,365.75,0.8062424242424242,2011,12,4,49,11,6,1031.0,612.0,1006.5,24.0
C2,CARRIAGE,2011-12-11,1,50.0,50.0,2011,12,4,49,11,6,6.0,7.0,6.5,4.0
22962,JAM JAR WITH PINK LID,2011-12-11,35,37.55,1.48375,2011,12,4,49,11,6,31.0,17.0,52.25,96.0
10135,COLOURING PENCILS BROWN TUBE,2011-12-11,39,59.64,1.8549999999999998,2011,12,4,49,11,6,61.0,37.0,42.25,28.0
21263,GREEN GOOSE FEATHER TREE 60CM,2011-12-11,9,17.549999999999997,1.95,2011,12,4,49,11,6,14.0,9.0,10.0,2.0
90214O,"LETTER ""O"" BLING KEY RING",2011-12-11,13,4.31,0.5599999999999999,2011,12,4,49,11,6,0.0,0.0,0.0,1.0
20668,DISCO BALL CHRISTMAS DECORATION,2011-12-11,832,98.52000000000001,0.22800000000000004,2011,12,4,49,11,6,1656.0,950.0,1186.5,602.0
22965,3 TRADITIONAl BISCUIT CUTTERS  SET,2011-12-11,16,41.72,3.318,2011,12,4,49,11,6,14.0,129.0,43.0,0.0
21257,VICTORIAN SEWING BOX MEDIUM,2011-12-11,31,426.77,13.176666666666666,2011,12,4,49,11,6,42.0,38.0,28.75,23.0
90214P,"LETTER ""P"" BLING KEY RING",2011-12-11,25,7.249999999999999,0.29,2011,12,4,49,11,6,0.0,0.0,0.0,3.0
21258,VICTORIAN SEWING BOX LARGE,2011-12-11,33,526.26,18.148,2011,12,4,49,11,6,22.0,39.0,21.5,104.0
90214R,"LETTER ""R"" BLING KEY RING",2011-12-11,13,3.7699999999999996,0.29,2011,12,4,49,11,6,0.0,0.0,0.0,3.0
21259,VICTORIAN SEWING BOX SMALL ,2011-12-11,28,205.66000000000003,9.205,2011,12,4,49,11,6,32.0,62.0,27.75,111.0
90214S,"LETTER ""S"" BLING KEY RING",2011-12-11,25,7.249999999999999,0.29,2011,12,4,49,11,6,0.0,0.0,3.0,5.0
21260,FIRST AID TIN,2011-12-11,7,22.75,3.25,2011,12,4,49,11,6,15.0,8.0,11.75,41.0
21261,GREEN GOOSE FEATHER CHRISTMAS TREE ,2011-12-11,1,2.95,2.95,2011,12,4,49,11,6,0.0,5.0,2.5,11.0
85038,6 CHOCOLATE LOVE HEART T-LIGHTS,2011-12-11,91,180.25000000000003,3.3375,2011,12,4,49,11,6,53.0,33.0,77.0,30.0
90214V,"LETTER ""V"" BLING KEY RING",2011-12-11,12,3.4799999999999995,0.29,2011,12,4,49,11,6,0.0,0.0,0.0,1.0
22964,3 PIECE SPACEBOY COOKIE CUTTER SET,2011-12-11,86,196.84,3.2954444444444446,2011,12,4,49,11,6,28.0,21.0,54.5,39.0
90214Y,"LETTER ""Y"" BLING KEY RING",2011-12-11,60,17.4,0.29,2011,12,4,49,11,6,0.0,0.0,0.0,0.0
21262,WHITE GOOSE FEATHER CHRISTMAS TREE ,2011-12-11,3,8.850000000000001,2.95,2011,12,4,49,11,6,8.0,19.0,17.25,24.0
90214Z,"LETTER ""Z"" BLING KEY RING",2011-12-11,12,3.4799999999999995,0.29,2011,12,4,49,11,6,0.0,0.0,0.0,2.0
22963,JAM JAR WITH GREEN LID,2011-12-11,24,29.759999999999998,1.5325,2011,12,4,49,11,6,17.0,21.0,37.5,24.0
20665,RED RETROSPOT PURSE ,2011-12-11,4,23.16,5.79,2011,12,4,49,11,6,4.0,2.0,1.75,15.0
21253,SET OF PICTURE FRAME  STICKERS,2011-12-11,2,6.58,3.29,2011,12,4,49,11,6,1.0,0.0,3.0,10.0
85032B,BLOSSOM IMAGES GIFT WRAP SET,2011-12-11,43,32.85,1.14,2011,12,4,49,11,6,16.0,9.0,22.5,48.0
22986,WRAP GINGHAM ROSE ,2011-12-11,100,42.0,0.42,2011,12,4,49,11,6,0.0,50.0,31.25,0.0
90211A,DIAMOND LAS VEGAS NECKLACE 45CM,2011-12-11,1,5.82,5.82,2011,12,4,49,11,6,0.0,3.0,0.75,2.0
90187B,GREEN DROP EARRINGS W BEAD CLUSTER,2011-12-11,3,9.959999999999999,3.32,2011,12,4,49,11,6,0.0,0.0,0.25,1.0
21172,PARTY METAL SIGN ,2011-12-11,38,60.459999999999994,2.522,2011,12,4,49,11,6,90.0,208.0,105.0,41.0
20674,GREEN POLKADOT BOWL,2011-12-11,35,49.8,1.7877777777777777,2011,12,4,49,11,6,7.0,24.0,24.25,11.0
90188,DROP EARRINGS W FLOWER & LEAF,2011-12-11,3,7.4399999999999995,2.48,2011,12,4,49,11,6,0.0,0.0,0.25,1.0
21174,POTTERING IN THE SHED METAL SIGN,2011-12-11,146,344.68,3.0025,2011,12,4,49,11,6,510.0,17.0,158.75,91.0
15056N,EDWARDIAN PARASOL NATURAL,2011-12-11,66,405.72,7.035,2011,12,4,49,11,6,33.0,8.0,43.75,22.0
90192,JADE DROP EARRINGS W FILIGREE,2011-12-11,3,14.88,4.965,2011,12,4,49,11,6,0.0,6.0,1.5,3.0
21175,GIN AND TONIC DIET METAL SIGN,2011-12-11,173,452.33,3.226,2011,12,4,49,11,6,318.0,72.0,181.75,46.0
85049A,TRADITIONAL CHRISTMAS RIBBONS,2011-12-11,38,75.33000000000001,1.8549999999999998,2011,12,4,49,11,6,255.0,99.0,200.5,110.0
23236,STORAGE TIN VINTAGE DOILY ,2011-12-11,21,75.19,4.279583333333333,2011,12,4,49,11,6,17.0,30.0,63.25,0.0
21181,PLEASE ONE PERSON METAL SIGN,2011-12-11,510,1101.99,2.4276388888888887,2011,12,4,49,11,6,936.0,41.0,297.5,417.0
85014b,RED RETROSPOT UMBRELLA,2011-12-11,1,12.46,12.46,2011,12,4,49,11,6,1.0,1.0,0.5,5.0
90198A,VINTAGE ROSE BEAD BRACELET RASPBERR,2011-12-11,9,37.35,4.15,2011,12,4,49,11,6,4.0,3.0,5.25,3.0
21189,WHITE HONEYCOMB PAPER GARLAND ,2011-12-11,48,112.0,2.47,2011,12,4,49,11,6,38.0,17.0,23.5,16.0
21191,LARGE WHITE HONEYCOMB PAPER BELL  ,2011-12-11,42,104.44000000000001,3.453333333333333,2011,12,4,49,11,6,16.0,31.0,30.75,80.0
23194,GYMKHANA TREASURE BOOK BOX,2011-12-11,19,61.39,3.6480000000000006,2011,12,4,49,11,6,20.0,28.0,99.25,1.0
15056BL,EDWARDIAN PARASOL BLACK,2011-12-11,70,436.03000000000003,8.554,2011,12,4,49,11,6,10.0,20.0,37.0,31.0
21200,MULTICOLOUR HONEYCOMB PAPER GARLAND,2011-12-11,6,19.740000000000002,3.29,2011,12,4,49,11,6,0.0,2.0,5.0,0.0
90195A,PURPLE GEMSTONE BRACELET,2011-12-11,6,17.700000000000003,2.95,2011,12,4,49,11,6,0.0,0.0,0.5,6.0
21169,YOU'RE CONFUSING ME METAL SIGN ,2011-12-11,128,226.76,2.65,2011,12,4,49,11,6,209.0,86.0,142.25,60.0
23254,CHILDRENS CUTLERY DOLLY GIRL ,2011-12-11,29,124.49000000000001,4.978,2011,12,4,49,11,6,30.0,54.0,75.25,8.0
20659,ECONOMY LUGGAGE TAG,2011-12-11,14,33.23,2.0566666666666666,2011,12,4,49,11,6,2.0,5.0,5.0,3.0
35004G,SET OF 3 GOLD FLYING DUCKS,2011-12-11,25,48.75,1.95,2011,12,4,49,11,6,0.0,12.0,3.75,0.0
90177C,DROP DIAMANTE EARRINGS CRYSTAL,2011-12-11,1,2.9,2.9,2011,12,4,49,11,6,0.0,2.0,0.5,1.0
90059C,DIAMANTE HAIR GRIP PACK/2 MONTANA,2011-12-11,1,1.65,1.65,2011,12,4,49,11,6,0.0,1.0,0.75,0.0
21162,TOXIC AREA  DOOR HANGER ,2011-12-11,59,31.71,1.1633333333333336,2011,12,4,49,11,6,44.0,25.0,49.25,4.0
35001G,HAND OPEN SHAPE GOLD,2011-12-11,12,15.0,1.25,2011,12,4,49,11,6,15.0,1.0,9.75,0.0
15056P,EDWARDIAN PARASOL PINK,2011-12-11,13,77.35000000000001,5.95,2011,12,4,49,11,6,10.0,4.0,21.25,1.0
20675,BLUE POLKADOT BOWL,2011-12-11,37,54.72,1.9894444444444446,2011,12,4,49,11,6,14.0,22.0,40.25,99.0
90181B,AMETHYST GLASS/SHELL/PEARL NECKLACE,2011-12-11,2,18.3,9.15,2011,12,4,49,11,6,0.0,0.0,0.5,1.0
23256,CHILDRENS CUTLERY SPACEBOY ,2011-12-11,112,469.12,5.0132,2011,12,4,49,11,6,32.0,47.0,63.75,8.0
90183A,AMBER DROP EARRINGS W LONG BEADS,2011-12-11,4,11.65,2.9166666666666665,2011,12,4,49,11,6,2.0,1.0,0.75,2.0
21164,HOME SWEET HOME METAL SIGN ,2011-12-11,51,153.29000000000002,3.186666666666667,2011,12,4,49,11,6,30.0,7.0,21.25,37.0
90183B,AMETHYST DROP EARRINGS W LONG BEADS,2011-12-11,1,2.9,2.9,2011,12,4,49,11,6,1.0,2.0,1.25,1.0
21165,BEWARE OF THE CAT METAL SIGN ,2011-12-11,33,75.29,3.5606666666666666,2011,12,4,49,11,6,188.0,56.0,117.0,129.0
85014B,RED RETROSPOT UMBRELLA,2011-12-11,18,146.16000000000003,10.01875,2011,12,4,49,11,6,54.0,35.0,36.0,22.0
90184B,AMETHYST CHUNKY BEAD BRACELET W STR,2011-12-11,2,18.3,9.15,2011,12,4,49,11,6,4.0,1.0,1.75,5.0
21166,COOK WITH WINE METAL SIGN ,2011-12-11,441,864.6,2.882190476190476,2011,12,4,49,11,6,1115.0,12.0,347.25,241.0
90184C,BLACK CHUNKY BEAD BRACELET W STRAP,2011-12-11,1,9.15,9.15,2011,12,4,49,11,6,0.0,1.0,1.0,1.0
90185B,AMETHYST DIAMANTE EXPANDABLE RING,2011-12-11,1,4.15,4.15,2011,12,4,49,11,6,0.0,1.0,0.25,1.0
21167,WHITE SAGE INCENSE,2011-12-11,241,55.230000000000004,0.315,2011,12,4,49,11,6,72.0,36.0,39.75,5.0
85015,SET OF 12  VINTAGE POSTCARD SET,2011-12-11,2,1.3,0.65,2011,12,4,49,11,6,81.0,97.0,86.5,6.0
15044D,RED PAPER PARASOL,2011-12-11,2,5.9,2.95,2011,12,4,49,11,6,7.0,5.0,6.0,1.0
21201,TROPICAL  HONEYCOMB PAPER GARLAND ,2011-12-11,19,65.32,4.3575,2011,12,4,49,11,6,27.0,3.0,10.5,28.0
21204,DAISIES  HONEYCOMB GARLAND ,2011-12-11,14,23.099999999999998,1.65,2011,12,4,49,11,6,13.0,0.0,3.75,1.0
90201C,RED ENAMEL FLOWER RING,2011-12-11,2,5.8,2.9,2011,12,4,49,11,6,0.0,0.0,0.25,1.0
90201D,GREEN ENAMEL FLOWER RING,2011-12-11,1,2.9,2.9,2011,12,4,49,11,6,1.0,1.0,1.0,2.0
21216,"SET 3 RETROSPOT TEA,COFFEE,SUGAR",2011-12-11,35,209.01,8.968,2011,12,4,49,11,6,54.0,44.0,41.5,22.0
90202C,GREEN ENAMEL FLOWER HAIR TIE,2011-12-11,2,5.8,2.9,2011,12,4,49,11,6,2.0,0.0,0.5,2.0
21217,RED RETROSPOT ROUND CAKE TINS,2011-12-11,40,493.23999999999995,15.245,2011,12,4,49,11,6,13.0,19.0,27.25,31.0
15034,PAPER POCKET TRAVELING FAN ,2011-12-11,2,1.66,0.83,2011,12,4,49,11,6,16.0,112.0,44.0,27.0
21218,RED SPOTTY BISCUIT TIN,2011-12-11,33,232.70999999999998,6.776666666666666,2011,12,4,49,11,6,37.0,88.0,67.5,48.0
90206C,CRYSTAL DIAMANTE STAR BROOCH,2011-12-11,6,29.880000000000003,4.98,2011,12,4,49,11,6,3.0,2.0,1.75,1.0
21219,SET/4 BADGES BALLOON GIRL,2011-12-11,5,11.09,2.0566666666666666,2011,12,4,49,11,6,13.0,1.0,14.25,23.0
85026B,EAU DE NILE JEWELLED T-LIGHT HOLDER,2011-12-11,2,1.7,0.85,2011,12,4,49,11,6,0.0,10.0,2.5,10.0
90208,PAIR OF PINK FLOWER CLUSTER SLIDE,2011-12-11,8,19.84,2.48,2011,12,4,49,11,6,2.0,2.0,2.5,2.0
21220,SET/4 BADGES DOGS,2011-12-11,12,25.89,1.9054166666666665,2011,12,4,49,11,6,13.0,3.0,9.5,5.0
85032A,ROMANTIC IMAGES GIFT WRAP SET,2011-12-11,5,4.23,0.9766666666666666,2011,12,4,49,11,6,16.0,19.0,27.5,54.0
90210B,CLEAR ACRYLIC FACETED BANGLE,2011-12-11,10,10.0,1.0,2011,12,4,49,11,6,0.0,0.0,0.0,1.0
23075,PARLOUR CERAMIC WALL HOOK,2011-12-11,18,74.70000000000002,4.15,2011,12,4,49,11,6,6.0,9.0,14.0,0.0
21221,SET/4 BADGES CUTE CREATURES,2011-12-11,2,3.71,1.855,2011,12,4,49,11,6,10.0,0.0,2.5,5.0
21222,SET/4 BADGES BEETLES,2011-12-11,7,16.009999999999998,2.0566666666666666,2011,12,4,49,11,6,3.0,3.0,3.25,2.0
90210C,RED   ACRYLIC FACETED BANGLE,2011-12-11,22,25.8,1.95,2011,12,4,49,11,6,0.0,0.0,0.0,1.0
22988,SOLDIERS EGG CUP ,2011-12-11,402,469.56000000000006,1.7276666666666667,2011,12,4,49,11,6,255.0,132.0,183.0,356.0
23126,FELTCRAFT GIRL AMELIE KIT,2011-12-11,32,175.09,5.979166666666666,2011,12,4,49,11,6,37.0,101.0,50.75,4.0
35095A,BLUE VICTORIAN FABRIC OVAL BOX,2011-12-11,24,17.869999999999997,0.7445833333333334,2011,12,4,49,11,6,55.0,40.0,44.25,3.0
23127,FELTCRAFT GIRL NICOLE KIT,2011-12-11,29,149.39000000000001,5.68,2011,12,4,49,11,6,16.0,51.0,31.5,8.0
21215,IVORY PAPER CUP CAKE CASES ,2011-12-11,2,1.8,0.9,2011,12,4,49,11,6,1.0,1.0,7.75,27.0
85048,15CM CHRISTMAS GLASS BALL 20 LIGHTS,2011-12-11,43,480.73,12.4636,2011,12,4,49,11,6,171.0,119.0,137.25,69.0
15044C,PURPLE PAPER PARASOL,2011-12-11,2,5.9,2.95,2011,12,4,49,11,6,0.0,4.0,4.0,4.0
90200A,PURPLE SWEETHEART BRACELET,2011-12-11,20,84.5,4.180000000000001,2011,12,4,49,11,6,5.0,0.0,1.75,3.0
15039,SANDALWOOD FAN,2011-12-11,46,73.41999999999999,1.3375,2011,12,4,49,11,6,2.0,95.0,52.25,1.0
21207,SKULL AND CROSSBONES  GARLAND ,2011-12-11,2,3.26,1.63,2011,12,4,49,11,6,12.0,5.0,12.25,0.0
85019A,ROMANTIC IMAGES NOTEBOOK SET,2011-12-11,26,32.5,1.25,2011,12,4,49,11,6,0.0,2.0,13.0,0.0
21208,PASTEL COLOUR HONEYCOMB FAN,2011-12-11,13,5.069999999999999,0.39,2011,12,4,49,11,6,37.0,12.0,34.5,0.0
21209,MULTICOLOUR HONEYCOMB FAN,2011-12-11,41,15.989999999999998,0.39,2011,12,4,49,11,6,0.0,6.0,25.5,0.0
90200B,BLACK SWEETHEART BRACELET,2011-12-11,10,42.4,4.216666666666667,2011,12,4,49,11,6,1.0,1.0,0.75,6.0
85020,ROUND PINK HEART MIRROR,2011-12-11,12,25.200000000000003,2.1,2011,12,4,49,11,6,0.0,6.0,1.75,11.0
90200D,PINK SWEETHEART BRACELET,2011-12-11,21,88.65,4.183333333333334,2011,12,4,49,11,6,2.0,6.0,3.25,18.0
21210,SET OF 72 RETROSPOT PAPER  DOILIES,2011-12-11,57,96.9,2.511041666666667,2011,12,4,49,11,6,174.0,307.0,203.5,126.0
15036,ASSORTED COLOURS SILK FAN,2011-12-11,14,22.819999999999997,1.63,2011,12,4,49,11,6,143.0,237.0,147.75,21.0
90200E,GREEN SWEETHEART BRACELET,2011-12-11,11,46.55,4.216666666666667,2011,12,4,49,11,6,4.0,1.0,2.0,11.0
23131,MISTLETOE HEART WREATH CREAM,2011-12-11,3,12.450000000000001,4.15,2011,12,4,49,11,6,31.0,15.0,22.75,21.0
21212,PACK OF 72 RETROSPOT CAKE CASES,2011-12-11,266,294.15,1.1840333333333333,2011,12,4,49,11,6,546.0,341.0,459.25,1104.0
90201B,BLACK ENAMEL FLOWER RING,2011-12-11,1,2.9,2.9,2011,12,4,49,11,6,6.0,0.0,1.75,3.0
21213,PACK OF 72 SKULL CAKE CASES,2011-12-11,106,61.800000000000004,0.8300000000000001,2011,12,4,49,11,6,210.0,64.0,138.5,238.0
85025B,EAU DE NILE HEART SHAPE PHOTO FRAME,2011-12-11,4,9.879999999999999,2.7433333333333336,2011,12,4,49,11,6,0.0,17.0,7.75,0.0
23128,FELTCRAFT BOY JEAN-PAUL KIT,2011-12-11,14,80.98,6.8966666666666665,2011,12,4,49,11,6,12.0,22.0,13.75,4.0
21065,BOOM BOX SPEAKER GIRLS,2011-12-11,21,69.45,3.23,2011,12,4,49,11,6,5.0,7.0,9.75,1.0
90056,CHUNKY CRACKED GLAZE NECKLACE IVORY,2011-12-11,2,21.64,10.82,2011,12,4,49,11,6,0.0,0.0,0.0,1.0
21064,BOOM BOX SPEAKER BOYS,2011-12-11,96,229.44,2.5172,2011,12,4,49,11,6,12.0,11.0,14.25,13.0
84598,BOYS ALPHABET IRON ON PATCHES,2011-12-11,16,6.720000000000001,0.42,2011,12,4,49,11,6,41.0,21.0,100.0,21.0
84978,HANGING HEART JAR T-LIGHT HOLDER,2011-12-11,177,224.09,1.5634761904761905,2011,12,4,49,11,6,267.0,86.0,295.5,137.0
84596G,SMALL CHOCOLATES PINK BOWL,2011-12-11,19,11.669999999999998,0.6933333333333334,2011,12,4,49,11,6,16.0,45.0,28.5,75.0
85131D,BEADED CRYSTAL HEART PINK ON STICK,2011-12-11,17,19.15,0.9,2011,12,4,49,11,6,1.0,3.0,7.25,25.0
20839,FRENCH PAISLEY CUSHION COVER ,2011-12-11,29,51.489999999999995,2.375,2011,12,4,49,11,6,8.0,16.0,13.25,8.0
84596F,SMALL MARSHMALLOWS PINK BOWL,2011-12-11,118,58.17,0.5553,2011,12,4,49,11,6,154.0,90.0,98.5,78.0
20726,LUNCH BAG WOODLAND,2011-12-11,164,327.64,2.5357142857142856,2011,12,4,49,11,6,77.0,109.0,136.0,104.0
21287,SCENTED VELVET LOUNGE CANDLE ,2011-12-11,15,5.700000000000001,0.38,2011,12,4,49,11,6,36.0,96.0,116.0,15.0
20832,RED FLOCK LOVE HEART PHOTO FRAME,2011-12-11,72,51.839999999999996,0.72,2011,12,4,49,11,6,4.0,11.0,19.75,31.0
84596B,SMALL DOLLY MIX DESIGN ORANGE BOWL,2011-12-11,115,56.91,0.5361666666666667,2011,12,4,49,11,6,145.0,102.0,129.0,96.0
84580,MOUSE TOY WITH PINK T-SHIRT,2011-12-11,5,20.65,4.13,2011,12,4,49,11,6,27.0,15.0,18.5,24.0
17012D,ORIGAMI ROSE INCENSE/CANDLE SET ,2011-12-11,41,50.949999999999996,2.0575,2011,12,4,49,11,6,59.0,38.0,43.5,6.0
85135C,RED DRAGONFLY HELICOPTER,2011-12-11,8,63.60000000000001,7.95,2011,12,4,49,11,6,4.0,0.0,1.25,13.0
84569D,PACK 6 HEART/ICE-CREAM PATCHES,2011-12-11,1,2.46,2.46,2011,12,4,49,11,6,0.0,2.0,5.75,14.0
84569A,PACK 3 IRON ON DOG PATCHES,2011-12-11,2,4.92,2.46,2011,12,4,49,11,6,0.0,3.0,3.0,14.0
84987,SET OF 36 TEATIME PAPER DOILIES,2011-12-11,1,1.45,1.45,2011,12,4,49,11,6,54.0,55.0,89.75,23.0
84568,GIRLS ALPHABET IRON ON PATCHES ,2011-12-11,125,52.5,0.42,2011,12,4,49,11,6,354.0,362.0,269.5,68.0
84559A,3D SHEET OF DOG STICKERS,2011-12-11,8,13.04,1.63,2011,12,4,49,11,6,5.0,3.0,14.25,25.0
20840,FRENCH FLORAL CUSHION COVER ,2011-12-11,17,21.77,1.9344444444444442,2011,12,4,49,11,6,24.0,15.0,13.5,0.0
84609,TALL ROCOCO CANDLE HOLDER,2011-12-11,4,34.0,8.5,2011,12,4,49,11,6,4.0,20.0,7.0,5.0
85131B,BEADED CRYSTAL HEART GREEN ON STICK,2011-12-11,14,11.62,0.83,2011,12,4,49,11,6,14.0,6.0,23.5,28.0
20617,FIRST CLASS PASSPORT COVER ,2011-12-11,1,4.13,4.13,2011,12,4,49,11,6,2.0,0.0,2.75,0.0
20794,BLUE  TILE HOOK,2011-12-11,2,7.51,3.755,2011,12,4,49,11,6,4.0,2.0,2.25,1.0
84755,COLOUR GLASS T-LIGHT HOLDER HANGING,2011-12-11,144,117.2,0.9745000000000001,2011,12,4,49,11,6,40.0,348.0,214.0,144.0
85129D,BEADED CRYSTAL HEART PINK SMALL,2011-12-11,21,51.66,2.46,2011,12,4,49,11,6,2.0,2.0,1.5,1.0
85130B,BEADED CRYSTAL HEART GREEN LARGE,2011-12-11,1,0.79,0.79,2011,12,4,49,11,6,0.0,0.0,8.75,1.0
84707B,PINK JEWELLED MIRROR TRINKET TRAY,2011-12-11,15,29.249999999999996,1.95,2011,12,4,49,11,6,0.0,0.0,0.0,1.0
84707A,SILVER JEWELLED MIRROR TRINKET TRAY,2011-12-11,30,58.5,1.95,2011,12,4,49,11,6,6.0,2.0,3.0,4.0
84692,BOX OF 24 COCKTAIL PARASOLS,2011-12-11,176,88.27,0.63525,2011,12,4,49,11,6,86.0,138.0,156.75,244.0
85071C,"CHARLIE+LOLA""EXTREMELY BUSY"" SIGN",2011-12-11,5,6.52,1.5325,2011,12,4,49,11,6,12.0,5.0,23.25,0.0
20828,GLITTER BUTTERFLY CLIPS,2011-12-11,16,57.67,4.290555555555556,2011,12,4,49,11,6,34.0,26.0,27.0,44.0
84674,FLYING PIG WATERING CAN,2011-12-11,1,2.95,2.95,2011,12,4,49,11,6,2.0,1.0,1.5,1.0
17021,NAMASTE SWAGAT INCENSE,2011-12-11,36,10.799999999999999,0.3,2011,12,4,49,11,6,0.0,0.0,27.0,2.0
84673B,BLUE FLY SWAT,2011-12-11,1,1.63,1.63,2011,12,4,49,11,6,6.0,4.0,4.5,5.0
20829,GLITTER HANGING BUTTERFLY STRING,2011-12-11,5,14.56,3.453333333333333,2011,12,4,49,11,6,21.0,33.0,33.0,7.0
85130D,BEADED CRYSTAL HEART PINK LARGE,2011-12-11,5,3.95,0.79,2011,12,4,49,11,6,3.0,0.0,1.0,0.0
84661B,BLACK SQUARE TABLE CLOCK,2011-12-11,16,20.98,2.35375,2011,12,4,49,11,6,33.0,0.0,9.0,0.0
20831,GOLD PHOTO FRAME,2011-12-11,48,37.92,0.79,2011,12,4,49,11,6,0.0,0.0,1.5,6.0
84658,WHITE STITCHED CUSHION COVER,2011-12-11,6,44.379999999999995,7.619999999999999,2011,12,4,49,11,6,0.0,0.0,0.0,2.0
17012F,ORIGAMI SANDLEWOOD INCENSE/CAND SET,2011-12-11,12,15.03,1.2525,2011,12,4,49,11,6,37.0,34.0,43.25,15.0
84625A,PINK NEW BAROQUECANDLESTICK CANDLE,2011-12-11,24,20.4,0.85,2011,12,4,49,11,6,1.0,0.0,0.25,10.0
20846,ZINC HEART LATTICE T-LIGHT HOLDER,2011-12-11,44,59.84,1.4516666666666667,2011,12,4,49,11,6,32.0,30.0,21.0,6.0
84792,ENCHANTED BIRD COATHANGER 5 HOOK,2011-12-11,9,50.81,6.890000000000001,2011,12,4,49,11,6,20.0,22.0,27.75,12.0
84558a,3D DOG PICTURE PLAYING CARDS,2011-12-11,1,5.79,5.79,2011,12,4,49,11,6,0.0,0.0,0.0,2.0
84536B,FAIRY CAKES NOTEBOOK A7 SIZE,2011-12-11,6,4.16,0.7275,2011,12,4,49,11,6,7.0,23.0,38.25,28.0
17003,BROCADE RING PURSE ,2011-12-11,277,110.03,0.4833333333333333,2011,12,4,49,11,6,130.0,474.0,257.0,263.0
84509E,SET OF 4 CAROUSEL PLACEMATS ,2011-12-11,12,9.48,0.79,2011,12,4,49,11,6,2.0,0.0,0.5,1.0
85071A,BLUE CHARLIE+LOLA PERSONAL DOORSIGN,2011-12-11,2,0.78,0.39,2011,12,4,49,11,6,21.0,0.0,30.5,3.0
84509C,SET OF 4 POLKADOT PLACEMATS ,2011-12-11,2,14.92,7.46,2011,12,4,49,11,6,0.0,7.0,2.25,2.0
84509B,SET OF 4 FAIRY CAKE PLACEMATS,2011-12-11,9,33.75,3.75,2011,12,4,49,11,6,0.0,12.0,5.5,4.0
85169A,IVORY LOVE BIRD CANDLE,2011-12-11,5,11.09,2.1574999999999998,2011,12,4,49,11,6,19.0,2.0,9.0,28.0
84509A,SET OF 4 ENGLISH ROSE PLACEMATS,2011-12-11,5,22.46,5.605,2011,12,4,49,11,6,15.0,22.0,18.75,8.0
84992,72 SWEETHEART FAIRY CAKE CASES,2011-12-11,174,102.70000000000002,0.7283333333333334,2011,12,4,49,11,6,209.0,104.0,230.0,147.0
84509G,SET OF 4 FAIRY CAKE PLACEMATS ,2011-12-11,17,21.25,1.25,2011,12,4,49,11,6,5.0,16.0,5.75,0.0
84429A,MEDIUM PINK BUDDHA HEAD ,2011-12-11,2,5.9,2.95,2011,12,4,49,11,6,12.0,0.0,3.25,2.0
85169B,BLACK LOVE BIRD CANDLE,2011-12-11,2,4.92,2.46,2011,12,4,49,11,6,2.0,3.0,2.5,18.0
20914,SET/5 RED RETROSPOT LID GLASS BOWLS,2011-12-11,83,304.49,3.9203333333333332,2011,12,4,49,11,6,234.0,156.0,174.75,155.0
84380,SET OF 3 BUTTERFLY COOKIE CUTTERS,2011-12-11,123,209.65999999999997,1.6904761904761905,2011,12,4,49,11,6,86.0,207.0,120.0,256.0
16258A,SWIRLY CIRCULAR RUBBERS IN BAG,2011-12-11,148,30.68,0.3322222222222222,2011,12,4,49,11,6,17.0,1.0,10.75,5.0
84378,SET OF 3 HEART COOKIE CUTTERS,2011-12-11,108,188.92,1.9203714285714284,2011,12,4,49,11,6,912.0,243.0,347.75,96.0
20931,BLUE POT PLANT CANDLE ,2011-12-11,17,39.88,4.3549999999999995,2011,12,4,49,11,6,5.0,53.0,21.0,3.0
85169C,EAU DE NIL LOVE BIRD CANDLE,2011-12-11,4,6.21,1.855,2011,12,4,49,11,6,1.0,0.0,0.5,0.0
84375,SET OF 20 KIDS COOKIE CUTTERS,2011-12-11,104,273.21000000000004,3.1319166666666667,2011,12,4,49,11,6,121.0,183.0,131.5,175.0
84406B,CREAM CUPID HEARTS COAT HANGER,2011-12-11,17,70.55000000000001,4.15,2011,12,4,49,11,6,25.0,4.0,17.5,101.0
84991,60 TEATIME FAIRY CAKE CASES,2011-12-11,88,58.2,0.9466666666666667,2011,12,4,49,11,6,136.0,357.0,309.0,266.0
84509c,SET OF 4 POLKADOT PLACEMATS ,2011-12-11,4,29.84,7.46,2011,12,4,49,11,6,0.0,1.0,1.0,4.0
85152,HAND OVER THE CHOCOLATE   SIGN ,2011-12-11,730,1458.12,2.9186666666666667,2011,12,4,49,11,6,486.0,27.0,145.5,171.0
85136A,YELLOW SHARK HELICOPTER,2011-12-11,2,15.9,7.95,2011,12,4,49,11,6,5.0,5.0,3.0,12.0
17012C,ORIGAMI LAVENDER INCENSE/CANDL SET ,2011-12-11,10,14.94,1.1183333333333334,2011,12,4,49,11,6,10.0,26.0,19.25,3.0
85136C,RED SHARK HELICOPTER,2011-12-11,1,7.95,7.95,2011,12,4,49,11,6,6.0,9.0,5.0,8.0
84536A,ENGLISH ROSE NOTEBOOK A7 SIZE,2011-12-11,86,39.809999999999995,0.5703333333333334,2011,12,4,49,11,6,128.0,129.0,120.25,112.0
85071B,RED CHARLIE+LOLA PERSONAL DOORSIGN,2011-12-11,31,12.09,0.38999999999999996,2011,12,4,49,11,6,14.0,9.0,29.5,1.0
20866,BLUE ROSE FABRIC MIRROR,2011-12-11,10,22.18,1.9558333333333333,2011,12,4,49,11,6,3.0,13.0,7.75,3.0
84535B,FAIRY CAKES NOTEBOOK A6 SIZE,2011-12-11,7,6.98,1.055,2011,12,4,49,11,6,52.0,43.0,41.25,28.0
84988,SET OF 72 PINK HEART PAPER DOILIES,2011-12-11,20,41.78,2.9165,2011,12,4,49,11,6,35.0,359.0,132.5,140.0
84519B,CARROT CHARLIE+LOLA COASTER SET,2011-12-11,6,12.04,1.8175,2011,12,4,49,11,6,13.0,8.0,15.0,0.0
85150,LADIES & GENTLEMEN METAL SIGN,2011-12-11,58,172.0,3.7894285714285716,2011,12,4,49,11,6,68.0,101.0,68.5,160.0
20867,PINK ROSE FABRIC MIRROR,2011-12-11,2,2.5,1.25,2011,12,4,49,11,6,13.0,10.0,6.25,6.0
84519A,TOMATO CHARLIE+LOLA COASTER SET,2011-12-11,4,5.0,1.25,2011,12,4,49,11,6,15.0,7.0,19.0,1.0
20868,SILVER FABRIC MIRROR,2011-12-11,7,2.73,0.39,2011,12,4,49,11,6,70.0,21.0,54.75,2.0
20725,LUNCH BAG RED RETROSPOT,2011-12-11,264,465.63,2.2337777777777776,2011,12,4,49,11,6,331.0,276.0,453.0,187.0
84510c,SET OF 4 POLKADOT COASTERS,2011-12-11,3,7.38,2.46,2011,12,4,49,11,6,0.0,1.0,2.0,3.0
84510E,SET OF 4 GREEN CAROUSEL COASTERS,2011-12-11,3,0.63,0.21,2011,12,4,49,11,6,2.0,0.0,3.0,1.0
84510C,SET OF 4 POLKADOT COASTERS,2011-12-11,2,4.92,2.46,2011,12,4,49,11,6,1.0,2.0,1.5,1.0
20618,QUEEN OF THE SKIES PASSPORT COVER ,2011-12-11,1,2.1,2.1,2011,12,4,49,11,6,2.0,1.0,2.5,3.0
84510A,SET OF 4 ENGLISH ROSE COASTERS,2011-12-11,40,52.42,1.7037499999999999,2011,12,4,49,11,6,46.0,14.0,34.0,9.0
84558A,3D DOG PICTURE PLAYING CARDS,2011-12-11,1,2.95,2.95,2011,12,4,49,11,6,0.0,10.0,12.0,53.0
20932,PINK POT PLANT CANDLE,2011-12-11,38,53.71,2.285,2011,12,4,49,11,6,1.0,51.0,13.0,1.0
84813,SET OF 4 DIAMOND NAPKIN RINGS,2011-12-11,29,85.55000000000001,2.95,2011,12,4,49,11,6,0.0,0.0,4.0,4.0
84976,RECTANGULAR SHAPED MIRROR,2011-12-11,16,15.14,1.6233333333333333,2011,12,4,49,11,6,1.0,0.0,1.75,0.0
84946,ANTIQUE SILVER T-LIGHT GLASS,2011-12-11,470,683.5600000000001,1.5728666666666666,2011,12,4,49,11,6,489.0,577.0,738.5,160.0
85104,SILVER GLASS T-LIGHT SET,2011-12-11,14,17.5,1.25,2011,12,4,49,11,6,0.0,3.0,1.0,0.0
20750,RED RETROSPOT MINI CASES,2011-12-11,24,208.16,9.5775,2011,12,4,49,11,6,32.0,38.0,48.25,42.0
18097C,WHITE TALL PORCELAIN T-LIGHT HOLDER,2011-12-11,2,9.92,4.96,2011,12,4,49,11,6,0.0,1.0,6.0,48.0
85107,CUT GLASS T-LIGHT HOLDER OCTAGON,2011-12-11,48,81.12,1.69,2011,12,4,49,11,6,3.0,66.0,21.25,12.0
17129F,BLUE GLASS GEMS IN BAG,2011-12-11,1,1.63,1.63,2011,12,4,49,11,6,0.0,0.0,0.25,2.0
20755,BLUE PAISLEY POCKET BOOK,2011-12-11,12,10.2,0.85,2011,12,4,49,11,6,12.0,38.0,20.75,14.0
85111,SILVER GLITTER FLOWER VOTIVE HOLDER,2011-12-11,2,0.58,0.29,2011,12,4,49,11,6,13.0,42.0,17.25,0.0
85071D,CHARLIE+LOLA MY ROOM DOOR SIGN,2011-12-11,1,0.39,0.39,2011,12,4,49,11,6,9.0,1.0,12.5,2.0
20758,ABSTRACT CIRCLES POCKET BOOK,2011-12-11,4,3.4,0.85,2011,12,4,49,11,6,3.0,6.0,9.5,13.0
20728,LUNCH BAG CARS BLUE,2011-12-11,86,206.38,3.0718666666666663,2011,12,4,49,11,6,146.0,386.0,221.0,90.0
17091J,VANILLA INCENSE IN TIN,2011-12-11,216,82.08,0.38,2011,12,4,49,11,6,54.0,15.0,33.0,67.0
20761,BLUE PAISLEY SKETCHBOOK,2011-12-11,2,7.5,3.75,2011,12,4,49,11,6,3.0,4.0,3.25,10.0
20762,GREEN FERN SKETCHBOOK ,2011-12-11,1,3.75,3.75,2011,12,4,49,11,6,0.0,2.0,1.5,10.0
20763,DAISY SKETCHBOOK ,2011-12-11,1,3.75,3.75,2011,12,4,49,11,6,0.0,2.0,6.0,4.0
84970s,HANGING HEART ZINC T-LIGHT HOLDER,2011-12-11,10,20.8,2.08,2011,12,4,49,11,6,1.0,5.0,8.0,8.0
85114B,IVORY ENCHANTED FOREST PLACEMAT,2011-12-11,15,34.59,2.06,2011,12,4,49,11,6,14.0,3.0,7.5,32.0
20764,ABSTRACT CIRCLES SKETCHBOOK ,2011-12-11,3,18.67,6.223333333333334,2011,12,4,49,11,6,4.0,12.0,6.5,6.0
20759,CHRYSANTHEMUM POCKET BOOK ,2011-12-11,1,0.85,0.85,2011,12,4,49,11,6,0.0,3.0,6.5,4.0
85099F,JUMBO BAG STRAWBERRY,2011-12-11,39,87.27,2.9341666666666666,2011,12,4,49,11,6,436.0,42.0,246.25,151.0
84947,ANTIQUE SILVER TEA GLASS ENGRAVED,2011-12-11,271,365.0,1.4325428571428571,2011,12,4,49,11,6,377.0,69.0,308.0,181.0
20749,ASSORTED COLOUR MINI CASES,2011-12-11,129,851.8299999999999,8.391333333333332,2011,12,4,49,11,6,45.0,87.0,50.0,36.0
20733,GOLD MINI TAPE MEASURE ,2011-12-11,21,17.45,0.8312499999999999,2011,12,4,49,11,6,12.0,12.0,16.25,36.0
84969,BOX OF 6 ASSORTED COLOUR TEASPOONS,2011-12-11,2,12.54,6.27,2011,12,4,49,11,6,28.0,6.0,9.75,24.0
20735,BLACK MINI TAPE MEASURE ,2011-12-11,2,1.7,0.85,2011,12,4,49,11,6,4.0,0.0,2.5,130.0
84968e,SET OF 16 VINTAGE BLACK CUTLERY,2011-12-11,1,24.96,24.96,2011,12,4,49,11,6,0.0,0.0,0.0,1.0
85096,HILDA CANDY SPOT RABBIT,2011-12-11,1,3.75,3.75,2011,12,4,49,11,6,0.0,2.0,0.5,3.0
84968E,SET OF 16 VINTAGE BLACK CUTLERY,2011-12-11,2,37.71,18.855,2011,12,4,49,11,6,1.0,0.0,0.25,1.0
84968D,SET OF 16 VINTAGE RED CUTLERY,2011-12-11,2,37.71,18.855,2011,12,4,49,11,6,1.0,0.0,0.5,3.0
20616,CHERRY BLOSSOM PASSPORT COVER,2011-12-11,1,0.75,0.75,2011,12,4,49,11,6,3.0,21.0,6.25,2.0
85099B,JUMBO BAG RED RETROSPOT,2011-12-11,451,1001.33,2.6933214285714286,2011,12,4,49,11,6,1050.0,753.0,1401.0,852.0
84952B,BLACK LOVE BIRD T-LIGHT HOLDER,2011-12-11,1,7.46,7.46,2011,12,4,49,11,6,0.0,0.0,0.25,0.0
84970S,HANGING HEART ZINC T-LIGHT HOLDER,2011-12-11,139,200.56,1.67,2011,12,4,49,11,6,264.0,198.0,143.5,133.0
84951B,SET OF 4 BLACK LOVEBIRD COASTERS,2011-12-11,25,19.75,0.79,2011,12,4,49,11,6,32.0,27.0,16.5,6.0
20615,BLUE POLKADOT PASSPORT COVER,2011-12-11,2,4.88,2.44,2011,12,4,49,11,6,5.0,21.0,16.75,5.0
84951A,SET OF 4 PISTACHIO LOVEBIRD COASTER,2011-12-11,3,7.38,2.46,2011,12,4,49,11,6,28.0,2.0,13.75,6.0
85099C,JUMBO  BAG BAROQUE BLACK WHITE,2011-12-11,169,442.92,3.178404761904762,2011,12,4,49,11,6,414.0,203.0,397.5,449.0
84950,ASSORTED COLOUR T-LIGHT HOLDER,2011-12-11,36,32.16,1.015,2011,12,4,49,11,6,78.0,66.0,61.5,30.0
85094,CANDY SPOT EGG WARMER RABBIT,2011-12-11,8,6.64,0.83,2011,12,4,49,11,6,3.0,12.0,10.0,1.0
84949,SILVER HANGING T-LIGHT HOLDER,2011-12-11,268,405.55999999999995,1.7533333333333332,2011,12,4,49,11,6,231.0,62.0,200.0,282.0
84970l,SINGLE HEART ZINC T-LIGHT HOLDER,2011-12-11,4,8.32,2.08,2011,12,4,49,11,6,5.0,12.0,11.25,6.0
84945,MULTI COLOUR SILVER T-LIGHT HOLDER,2011-12-11,288,256.2,0.9355,2011,12,4,49,11,6,552.0,559.0,522.25,912.0
20782,CAMOUFLAGE EAR MUFF HEADPHONES,2011-12-11,5,45.11,8.579999999999998,2011,12,4,49,11,6,1.0,1.0,1.75,15.0
20765,CHRYSANTHEMUM SKETCHBOOK ,2011-12-11,1,7.46,7.46,2011,12,4,49,11,6,0.0,5.0,2.25,5.0
17084R,ASSORTED INCENSE PACK,2011-12-11,72,15.12,0.21,2011,12,4,49,11,6,0.0,0.0,0.0,0.0
85127,SMALL SQUARE CUT GLASS CANDLESTICK,2011-12-11,2,19.92,9.96,2011,12,4,49,11,6,2.0,5.0,4.25,9.0
84875B,GREEN SQUARE COMPACT MIRROR,2011-12-11,1,7.46,7.46,2011,12,4,49,11,6,11.0,2.0,10.75,4.0
20727,LUNCH BAG  BLACK SKULL.,2011-12-11,171,382.25,2.4954166666666664,2011,12,4,49,11,6,281.0,348.0,319.75,154.0
84843,WHITE SOAP RACK WITH 2 BOTTLES,2011-12-11,2,11.9,5.95,2011,12,4,49,11,6,3.0,2.0,2.75,2.0
84836,ZINC METAL HEART DECORATION,2011-12-11,52,72.26,1.734,2011,12,4,49,11,6,62.0,97.0,132.5,126.0
85129B,BEADED CRYSTAL HEART GREEN SMALL,2011-12-11,1,2.46,2.46,2011,12,4,49,11,6,0.0,1.0,0.5,19.0
20777,CHRYSANTHEMUM NOTEBOOK,2011-12-11,11,17.93,1.63,2011,12,4,49,11,6,16.0,16.0,14.0,7.0
84832,ZINC WILLIE WINKIE  CANDLE STICK,2011-12-11,102,114.77999999999999,1.24,2011,12,4,49,11,6,143.0,90.0,131.25,111.0
20775,DAISY NOTEBOOK ,2011-12-11,2,3.26,1.63,2011,12,4,49,11,6,9.0,4.0,11.0,2.0
85129C,BEADED CRYSTAL HEART BLUE SMALL,2011-12-11,1,2.46,2.46,2011,12,4,49,11,6,0.0,0.0,0.25,1.0
84828,JUNGLE POPSICLES ICE LOLLY MOULDS,2011-12-11,8,18.47,2.2583333333333333,2011,12,4,49,11,6,28.0,17.0,16.5,3.0
20780,BLACK EAR MUFF HEADPHONES,2011-12-11,1,10.79,10.79,2011,12,4,49,11,6,1.0,4.0,2.5,17.0
20781,GOLD EAR MUFF HEADPHONES,2011-12-11,2,3.9,1.95,2011,12,4,49,11,6,1.0,4.0,2.75,3.0
84827,ASS DES PHONE SPONGE CRAFT STICKER,2011-12-11,71,6.39,0.09,2011,12,4,49,11,6,0.0,0.0,0.0,1.0
84826,ASSTD DESIGN 3D PAPER STICKERS,2011-12-11,92,17.48,0.19,2011,12,4,49,11,6,0.0,0.0,2.75,0.0
84821,DANISH ROSE DELUXE COASTER,2011-12-11,52,9.88,0.19,2011,12,4,49,11,6,0.0,5.0,7.25,12.0
84820,DANISH ROSE TRINKET TRAYS,2011-12-11,50,39.5,0.79,2011,12,4,49,11,6,2.0,2.0,1.0,2.0
84819,DANISH ROSE ROUND SEWING BOX,2011-12-11,183,154.95,0.9284000000000001,2011,12,4,49,11,6,38.0,0.0,9.5,2.0
17038,PORCELAIN BUDAH INCENSE HOLDER,2011-12-11,3,2.4899999999999998,0.83,2011,12,4,49,11,6,0.0,1.0,25.75,100.0
84879,ASSORTED COLOUR BIRD ORNAMENT,2011-12-11,672,1127.52,2.034642857142857,2011,12,4,49,11,6,953.0,1026.0,1257.25,781.0
20772,GARDEN PATH JOURNAL,2011-12-11,4,12.61,2.9516666666666667,2011,12,4,49,11,6,30.0,13.0,24.75,3.0
84880,WHITE WIRE EGG HOLDER,2011-12-11,3,30.79,11.645,2011,12,4,49,11,6,4.0,0.0,3.75,30.0
85114C,RED ENCHANTED FOREST PLACEMAT,2011-12-11,14,24.739999999999995,2.1966666666666668,2011,12,4,49,11,6,18.0,55.0,25.25,46.0
84926D,LA PALMIERA TILE COASTER,2011-12-11,29,10.579999999999998,1.0133333333333334,2011,12,4,49,11,6,2.0,0.0,14.75,4.0
85114c,RED ENCHANTED FOREST PLACEMAT,2011-12-11,7,23.03,3.29,2011,12,4,49,11,6,4.0,10.0,6.5,3.0
20767,BLUE PAISLEY JOURNAL ,2011-12-11,8,22.81,3.755,2011,12,4,49,11,6,10.0,4.0,5.75,0.0
84923,PINK BUTTERFLY HANDBAG W BOBBLES,2011-12-11,9,37.17,4.13,2011,12,4,49,11,6,10.0,1.0,5.75,10.0
17084P,DRAGONS BLOOD INCENSE,2011-12-11,27,11.34,0.42,2011,12,4,49,11,6,0.0,10.0,9.5,25.0
85123A,CREAM HANGING HEART T-LIGHT HOLDER,2011-12-11,61,178.51,3.8342857142857145,2011,12,4,49,11,6,725.0,897.0,879.75,1045.0
84920,PINK FLOWER FABRIC PONY,2011-12-11,3,11.25,3.75,2011,12,4,49,11,6,1.0,0.0,0.75,2.0
20768,GREEN FERN JOURNAL ,2011-12-11,8,22.81,3.1525,2011,12,4,49,11,6,38.0,3.0,10.5,0.0
84971S,SMALL HEART FLOWERS HOOK ,2011-12-11,82,39.42,0.855,2011,12,4,49,11,6,9.0,30.0,11.5,59.0
84915,HAND TOWEL PINK FLOWER AND DAISY,2011-12-11,2,8.26,4.13,2011,12,4,49,11,6,2.0,0.0,0.75,5.0
20769,DAISY JOURNAL ,2011-12-11,7,17.849999999999998,2.55,2011,12,4,49,11,6,8.0,5.0,3.5,4.0
85123A,WHITE HANGING HEART T-LIGHT HOLDER,2011-12-11,588,1590.9199999999998,3.2420129870129872,2011,12,4,49,11,6,61.0,725.0,751.25,1524.0
17084N,FAIRY DREAMS INCENSE ,2011-12-11,30,7.35,0.385,2011,12,4,49,11,6,27.0,19.0,15.25,28.0
84912B,GREEN ROSE WASHBAG,2011-12-11,1,3.29,3.29,2011,12,4,49,11,6,21.0,9.0,11.5,22.0
20771,CHRYSANTHEMUM  JOURNAL,2011-12-11,2,5.1,2.55,2011,12,4,49,11,6,11.0,2.0,5.5,1.0
84884a,ANT WHITE WIRE HEART SPIRAL,2011-12-11,4,33.16,8.29,2011,12,4,49,11,6,0.0,0.0,0.75,6.0
84884A,ANT WHITE WIRE HEART SPIRAL,2011-12-11,12,36.08,6.704999999999999,2011,12,4,49,11,6,1.0,2.0,2.0,6.0
85123a,WHITE HANGING HEART T-LIGHT HOLDER,2011-12-11,24,159.12,6.63,2011,12,4,49,11,6,5.0,6.0,8.5,77.0
84927F,PSYCHEDELIC TILE HOOK,2011-12-11,14,5.46,0.39,2011,12,4,49,11,6,6.0,42.0,16.0,0.0
90059B,DIAMANTE HAIR GRIP PACK/2 BLACK DIA,2011-12-11,1,1.65,1.65,2011,12,4,49,11,6,0.0,1.0,0.5,2.0
84360,TABLE LAMP WHITE SHADE WOOD BASE,2011-12-11,2,11.9,5.95,2011,12,4,49,11,6,0.0,1.0,1.25,36.0
84347,ROTATING SILVER ANGELS T-LIGHT HLDR,2011-12-11,510,1405.61,3.3062142857142858,2011,12,4,49,11,6,728.0,1170.0,806.75,661.0
79190A,RETRO PLASTIC 70'S TRAY,2011-12-11,23,12.94,0.7274999999999999,2011,12,4,49,11,6,18.0,2.0,26.5,17.0
16156S,WRAP PINK FAIRY CAKES ,2011-12-11,50,21.0,0.42,2011,12,4,49,11,6,125.0,100.0,100.0,50.0
79160,HEART SHAPE WIRELESS DOORBELL,2011-12-11,1,2.1,2.1,2011,12,4,49,11,6,9.0,10.0,5.5,15.0
20712,JUMBO BAG WOODLAND ANIMALS,2011-12-11,107,329.15999999999997,3.433,2011,12,4,49,11,6,133.0,220.0,171.75,165.0
85039B,S/4 IVORY MINI ROSE CANDLE IN BOWL,2011-12-11,21,34.25,1.634,2011,12,4,49,11,6,12.0,5.0,12.75,16.0
79149B,SILICON STAR BULB  BLUE,2011-12-11,1,0.42,0.42,2011,12,4,49,11,6,10.0,1.0,3.0,0.0
21034,REX CASH+CARRY JUMBO SHOPPER,2011-12-11,47,44.65,0.95,2011,12,4,49,11,6,71.0,97.0,79.25,77.0
85053,FRENCH ENAMEL CANDLEHOLDER,2011-12-11,104,208.87,2.4922,2011,12,4,49,11,6,119.0,55.0,65.0,4.0
90003C,MIDNIGHT BLUE PAIR HEART HAIR SLIDE,2011-12-11,4,14.92,3.73,2011,12,4,49,11,6,3.0,0.0,1.0,2.0
79144C,PAINTED LIGHTBULB RAINBOW DESIGN,2011-12-11,4,3.32,0.83,2011,12,4,49,11,6,2.0,2.0,1.25,5.0
90010A,MIDNIGHT BLUE GLASS/SILVER BRACELET,2011-12-11,1,9.57,9.57,2011,12,4,49,11,6,1.0,1.0,1.0,0.0
20652,BLUE POLKADOT LUGGAGE TAG ,2011-12-11,1,1.25,1.25,2011,12,4,49,11,6,3.0,13.0,11.5,2.0
79066K,RETRO MOD TRAY,2011-12-11,8,11.479999999999999,1.3699999999999999,2011,12,4,49,11,6,41.0,55.0,51.5,31.0
21035,SET/2 RED RETROSPOT TEA TOWELS ,2011-12-11,115,340.65,5.440833333333333,2011,12,4,49,11,6,32.0,28.0,80.5,55.0
75049L,LARGE CIRCULAR MIRROR MOBILE,2011-12-11,6,7.5,1.25,2011,12,4,49,11,6,210.0,412.0,187.25,0.0
90013A,MIDNIGHT BLUE VINTAGE EARRINGS,2011-12-11,3,11.19,3.73,2011,12,4,49,11,6,1.0,0.0,1.75,4.0
72819,CUPID DESIGN SCENTED CANDLES,2011-12-11,40,50.0,1.25,2011,12,4,49,11,6,25.0,1.0,8.25,15.0
16048,TEATIME ROUND PENCIL SHARPENER ,2011-12-11,1,0.83,0.83,2011,12,4,49,11,6,1.0,49.0,19.75,1.0
79144B,PAINTED LIGHTBULB STAR+ MOON,2011-12-11,8,6.639999999999999,0.83,2011,12,4,49,11,6,8.0,1.0,3.5,8.0
79190B,RETRO PLASTIC POLKA TRAY,2011-12-11,30,12.6,0.42,2011,12,4,49,11,6,45.0,1.0,24.75,21.0
21028,NINJA RABBIT BLACK,2011-12-11,3,7.38,2.46,2011,12,4,49,11,6,1.0,4.0,3.5,1.0
79191B,RETRO PLASTIC POLKA TRAY,2011-12-11,14,11.899999999999999,0.85,2011,12,4,49,11,6,0.0,0.0,5.75,0.0
21000,ROSE DU SUD COSMETICS BAG,2011-12-11,1,3.29,3.29,2011,12,4,49,11,6,3.0,3.0,2.75,8.0
82483,WOOD 2 DRAWER CABINET WHITE FINISH,2011-12-11,27,186.01,7.618,2011,12,4,49,11,6,106.0,92.0,75.75,128.0
21001,ROSE DU SUD WASHBAG ,2011-12-11,1,4.13,4.13,2011,12,4,49,11,6,3.0,0.0,1.75,9.0
20622,VIP PASSPORT COVER ,2011-12-11,1,4.13,4.13,2011,12,4,49,11,6,2.0,13.0,4.5,4.0
82482,WOODEN PICTURE FRAME WHITE FINISH,2011-12-11,79,285.44,4.065666666666667,2011,12,4,49,11,6,216.0,136.0,179.25,118.0
85059,FRENCH ENAMEL WATER BASIN,2011-12-11,4,22.42,6.223333333333334,2011,12,4,49,11,6,6.0,7.0,7.0,1.0
82001S,SILVER RECORD COVER FRAME,2011-12-11,14,93.30999999999999,6.223333333333334,2011,12,4,49,11,6,55.0,4.0,15.25,78.0
85230B,CINNAMON SCENTED VOTIVE CANDLE,2011-12-11,24,6.959999999999999,0.29,2011,12,4,49,11,6,24.0,24.0,72.0,48.0
21012,ANTIQUE ALL GLASS CANDLESTICK,2011-12-11,128,247.96,2.2055,2011,12,4,49,11,6,80.0,25.0,36.5,51.0
20713,JUMBO BAG OWLS,2011-12-11,228,520.24,2.8832738095238097,2011,12,4,49,11,6,427.0,50.0,227.0,292.0
21015,DARK BIRD HOUSE TREE DECORATION,2011-12-11,80,47.5,0.6319999999999999,2011,12,4,49,11,6,80.0,216.0,154.75,16.0
85231B,CINAMMON SET OF 9 T-LIGHTS,2011-12-11,18,19.2,1.24,2011,12,4,49,11,6,41.0,42.0,30.25,59.0
79321,CHILLI LIGHTS,2011-12-11,277,1714.2600000000002,8.544119047619049,2011,12,4,49,11,6,314.0,959.0,536.0,337.0
21025,SPACE FROG,2011-12-11,1,2.46,2.46,2011,12,4,49,11,6,7.0,7.0,5.25,0.0
16161P,WRAP ENGLISH ROSE ,2011-12-11,150,63.0,0.42,2011,12,4,49,11,6,25.0,100.0,56.25,0.0
79302M,"ART LIGHTS,FUNK MONKEY",2011-12-11,30,80.5,2.85,2011,12,4,49,11,6,7.0,35.0,17.25,2.0
85232D,SET/3 DECOUPAGE STACKING TINS,2011-12-11,3,24.87,8.290000000000001,2011,12,4,49,11,6,5.0,1.0,8.75,8.0
79191C,RETRO PLASTIC ELEPHANT TRAY,2011-12-11,12,10.2,0.85,2011,12,4,49,11,6,38.0,1.0,52.0,0.0
21026,SPACE OWL,2011-12-11,3,7.38,2.46,2011,12,4,49,11,6,17.0,26.0,15.0,2.0
21039,RED RETROSPOT SHOPPING BAG,2011-12-11,1,2.55,2.55,2011,12,4,49,11,6,12.0,3.0,6.75,5.0
82484,WOOD BLACK BOARD ANT WHITE FINISH,2011-12-11,325,1869.03,10.403333333333332,2011,12,4,49,11,6,104.0,83.0,69.0,1163.0
72801D,4 SKY BLUE DINNER CANDLES,2011-12-11,4,5.0,1.25,2011,12,4,49,11,6,0.0,1.0,0.25,0.0
90013C,GREEN VINTAGE EARRINGS ,2011-12-11,2,8.3,4.15,2011,12,4,49,11,6,3.0,1.0,3.0,4.0
21059,PARTY INVITES DINOSAURS,2011-12-11,5,5.81,1.24,2011,12,4,49,11,6,16.0,0.0,11.25,12.0
72232,FENG SHUI PILLAR CANDLE,2011-12-11,144,27.36,0.19,2011,12,4,49,11,6,156.0,0.0,67.0,38.0
90022,EDWARDIAN DROP EARRINGS JET BLACK,2011-12-11,4,14.96,3.74,2011,12,4,49,11,6,0.0,0.0,0.25,3.0
90030B,RED KUKUI COCONUT SEED NECKLACE,2011-12-11,7,11.82,3.41,2011,12,4,49,11,6,12.0,6.0,6.0,2.0
72134,COLUMBIAN  CUBE CANDLE ,2011-12-11,4,6.52,1.63,2011,12,4,49,11,6,0.0,0.0,0.0,0.0
72133,COLUMBIAN CANDLE RECTANGLE,2011-12-11,2,4.92,2.46,2011,12,4,49,11,6,6.0,6.0,3.0,0.0
21060,PARTY INVITES BALLOON GIRL,2011-12-11,5,8.149999999999999,1.63,2011,12,4,49,11,6,14.0,0.0,10.5,0.0
90039C,FIRE POLISHED GLASS BRACELET BLACK,2011-12-11,1,3.73,3.73,2011,12,4,49,11,6,0.0,1.0,0.5,1.0
72349B,SET/6 PURPLE BUTTERFLY T-LIGHTS,2011-12-11,38,83.86000000000001,2.6413333333333333,2011,12,4,49,11,6,20.0,35.0,23.0,33.0
72128,COLUMBIAN CANDLE ROUND,2011-12-11,2,3.26,1.63,2011,12,4,49,11,6,0.0,5.0,4.75,11.0
71477,COLOURED GLASS STAR T-LIGHT HOLDER,2011-12-11,323,1119.17,4.110666666666667,2011,12,4,49,11,6,309.0,4.0,210.25,0.0
90039D,FIRE POLISHED GLASS BRACELET GREEN,2011-12-11,1,3.73,3.73,2011,12,4,49,11,6,0.0,1.0,0.5,1.0
90054,CRACKED GLAZE EARRINGS RED,2011-12-11,2,4.96,2.48,2011,12,4,49,11,6,0.0,1.0,0.25,0.0
84970L,SINGLE HEART ZINC T-LIGHT HOLDER,2011-12-11,101,180.20000000000002,1.5958333333333334,2011,12,4,49,11,6,180.0,43.0,75.25,72.0
21063,PARTY INVITES JAZZ HEARTS,2011-12-11,2,2.48,1.24,2011,12,4,49,11,6,27.0,1.0,11.5,15.0
20699,MOUSEY LONG LEGS SOFT TOY,2011-12-11,1,2.55,2.55,2011,12,4,49,11,6,0.0,0.0,0.75,3.0
90059A,DIAMANTE HAIR GRIP PACK/2 CRYSTAL,2011-12-11,1,1.65,1.65,2011,12,4,49,11,6,3.0,1.0,2.25,2.0
71459,HANGING JAM JAR T-LIGHT HOLDERS,2011-12-11,100,97.96,1.093,2011,12,4,49,11,6,124.0,60.0,200.0,60.0
72122,COFFEE SCENT PILLAR CANDLE,2011-12-11,20,29.229999999999997,1.29875,2011,12,4,49,11,6,18.0,17.0,14.0,1.0
90019C,SILVER BLACK ORBIT BRACELET,2011-12-11,3,16.200000000000003,5.4,2011,12,4,49,11,6,0.0,1.0,0.25,2.0
72349b,SET/6 PURPLE BUTTERFLY T-LIGHTS,2011-12-11,16,66.08,4.13,2011,12,4,49,11,6,8.0,10.0,6.0,11.0
21058,PARTY INVITES WOODLAND,2011-12-11,3,4.109999999999999,1.24,2011,12,4,49,11,6,16.0,1.0,9.0,13.0
72800E,4 IVORY DINNER CANDLES SILVER FLOCK,2011-12-11,104,104.66000000000001,1.54,2011,12,4,49,11,6,12.0,22.0,17.25,32.0
85049e,SCANDINAVIAN REDS RIBBONS,2011-12-11,12,39.480000000000004,3.29,2011,12,4,49,11,6,4.0,12.0,7.5,7.0
21042,RED RETROSPOT APRON ,2011-12-11,4,30.310000000000002,9.205,2011,12,4,49,11,6,4.0,10.0,4.0,23.0
90018A,SILVER M.O.P ORBIT DROP EARRINGS,2011-12-11,3,12.450000000000001,4.15,2011,12,4,49,11,6,2.0,4.0,2.25,1.0
72800B, 4 PURPLE FLOCK DINNER CANDLES,2011-12-11,49,38.71,0.79,2011,12,4,49,11,6,12.0,20.0,10.5,0.0
21051,RIBBONS PURSE ,2011-12-11,13,29.330000000000002,2.776666666666667,2011,12,4,49,11,6,0.0,16.0,5.25,8.0
72799E,IVORY PILLAR CANDLE SILVER FLOCK,2011-12-11,208,181.82,1.3629166666666666,2011,12,4,49,11,6,5.0,19.0,10.5,25.0
16016,LARGE CHINESE STYLE SCISSOR,2011-12-11,70,59.5,0.85,2011,12,4,49,11,6,50.0,10.0,32.5,4.0
90018B,GOLD M.O.P ORBIT DROP EARRINGS,2011-12-11,1,4.15,4.15,2011,12,4,49,11,6,1.0,2.0,1.25,1.0
72760B,VINTAGE CREAM 3 BASKET CAKE STAND,2011-12-11,9,89.55,9.95,2011,12,4,49,11,6,6.0,4.0,7.25,11.0
21055,TOOL BOX SOFT TOY ,2011-12-11,2,17.9,8.95,2011,12,4,49,11,6,5.0,5.0,7.0,4.0
20707,CRAZY DAISY HEART DECORATION,2011-12-11,1,2.46,2.46,2011,12,4,49,11,6,1.0,1.0,4.0,2.0
72741,GRAND CHOCOLATECANDLE,2011-12-11,39,60.48,1.8866666666666667,2011,12,4,49,11,6,237.0,276.0,214.25,171.0
90019A,SILVER M.O.P ORBIT BRACELET,2011-12-11,1,5.4,5.4,2011,12,4,49,11,6,1.0,0.0,1.25,2.0
72598,SET/12 TAPER CANDLES,2011-12-11,48,46.26,1.2075,2011,12,4,49,11,6,4.0,114.0,50.5,23.0
21056,DOCTOR'S BAG SOFT TOY,2011-12-11,7,116.41,16.63,2011,12,4,49,11,6,7.0,12.0,7.25,3.0
90019B,GOLD M.O.P ORBIT BRACELET,2011-12-11,1,5.4,5.4,2011,12,4,49,11,6,1.0,1.0,1.5,0.0
72351B,SET/6 PINK  BUTTERFLY T-LIGHTS,2011-12-11,4,10.43,3.115,2011,12,4,49,11,6,32.0,31.0,22.25,104.0
72351A,SET/6 TURQUOISE BUTTERFLY T-LIGHTS,2011-12-11,7,14.700000000000001,2.1,2011,12,4,49,11,6,14.0,9.0,11.5,17.0
72801C,4 ROSE PINK DINNER CANDLES,2011-12-11,5,8.67,1.855,2011,12,4,49,11,6,0.0,0.0,0.0,0.0
84356,POMPOM CURTAIN,2011-12-11,14,27.299999999999997,1.95,2011,12,4,49,11,6,6.0,6.0,10.0,3.0
85227,SET OF 6 3D KIT CARDS FOR KIDS,2011-12-11,36,39.959999999999994,1.305,2011,12,4,49,11,6,56.0,78.0,55.25,35.0
20996,JAZZ HEARTS ADDRESS BOOK,2011-12-11,102,20.020000000000003,0.2966666666666667,2011,12,4,49,11,6,145.0,82.0,114.25,25.0
84031A,CHARLIE+LOLA RED HOT WATER BOTTLE ,2011-12-11,58,130.1,2.822,2011,12,4,49,11,6,58.0,15.0,23.5,54.0
20969,RED FLORAL FELTCRAFT SHOULDER BAG,2011-12-11,33,171.98000000000002,5.836875,2011,12,4,49,11,6,34.0,45.0,51.5,53.0
84997A,CHILDRENS CUTLERY POLKADOT GREEN ,2011-12-11,14,66.38,6.22,2011,12,4,49,11,6,150.0,10.0,92.0,78.0
84030e,ENGLISH ROSE HOT WATER BOTTLE,2011-12-11,4,36.52,9.13,2011,12,4,49,11,6,10.0,6.0,5.25,12.0
20619,TROPICAL PASSPORT COVER ,2011-12-11,2,8.26,4.13,2011,12,4,49,11,6,4.0,1.0,2.0,0.0
84030E,ENGLISH ROSE HOT WATER BOTTLE,2011-12-11,74,298.58,4.705333333333333,2011,12,4,49,11,6,107.0,53.0,77.25,90.0
16236,KITTY PENCIL ERASERS,2011-12-11,5,1.68,0.28,2011,12,4,49,11,6,45.0,19.0,42.75,13.0
20970,PINK FLORAL FELTCRAFT SHOULDER BAG,2011-12-11,8,33.71,4.986666666666667,2011,12,4,49,11,6,42.0,40.0,59.75,43.0
85174,S/4 CACTI CANDLES,2011-12-11,12,111.95999999999998,9.767999999999999,2011,12,4,49,11,6,3.0,43.0,22.5,47.0
84029G,KNITTED UNION FLAG HOT WATER BOTTLE,2011-12-11,217,1106.49,4.9525999999999994,2011,12,4,49,11,6,123.0,86.0,132.25,396.0
84029E,RED WOOLLY HOTTIE WHITE HEART.,2011-12-11,147,719.87,5.818666666666667,2011,12,4,49,11,6,327.0,118.0,324.75,474.0
20971,PINK BLUE FELT CRAFT TRINKET BOX,2011-12-11,202,243.29,1.7374666666666667,2011,12,4,49,11,6,256.0,94.0,367.25,93.0
84012,MAGIC SHEEP WOOL GROWING FROM PAPER,2011-12-11,110,93.49999999999999,0.85,2011,12,4,49,11,6,42.0,91.0,88.25,1.0
84006,MAGIC TREE -PAPER FLOWERS,2011-12-11,49,41.65,0.85,2011,12,4,49,11,6,99.0,85.0,81.0,73.0
20719,WOODLAND CHARLOTTE BAG,2011-12-11,358,522.74,1.3575714285714284,2011,12,4,49,11,6,327.0,241.0,270.0,255.0
85177,BASKET OF FLOWERS SEWING KIT,2011-12-11,7,11.41,1.63,2011,12,4,49,11,6,6.0,12.0,8.25,100.0
82616C,MIDNIGHT GLAMOUR SCARF KNITTING KIT,2011-12-11,8,13.629999999999999,2.0566666666666666,2011,12,4,49,11,6,17.0,10.0,19.25,2.0
20972,PINK CREAM FELT CRAFT TRINKET BOX ,2011-12-11,126,170.81,1.6331666666666667,2011,12,4,49,11,6,159.0,151.0,219.5,126.0
85176,SEWING SUSAN 21 NEEDLE SET,2011-12-11,29,37.129999999999995,1.38625,2011,12,4,49,11,6,25.0,3.0,22.25,24.0
16237,SLEEPING CAT ERASERS,2011-12-11,169,34.35,0.3385,2011,12,4,49,11,6,270.0,135.0,168.75,105.0
84031B,CHARLIE LOLA BLUE HOT WATER BOTTLE ,2011-12-11,33,67.17,2.39,2011,12,4,49,11,6,9.0,10.0,10.25,34.0
20963,APPLE BATH SPONGE,2011-12-11,62,92.02,2.1091,2011,12,4,49,11,6,116.0,43.0,60.0,85.0
84993A,75 GREEN PETIT FOUR CASES,2011-12-11,29,12.59,0.5225,2011,12,4,49,11,6,0.0,24.0,13.5,28.0
20724,RED RETROSPOT CHARLOTTE BAG,2011-12-11,586,895.76,1.2747333333333333,2011,12,4,49,11,6,550.0,735.0,573.0,284.0
20936,FORKED CACTUS CANDLE,2011-12-11,3,12.83,4.276666666666666,2011,12,4,49,11,6,3.0,6.0,4.0,1.0
85170C,SET/6 EAU DE NIL BIRD T-LIGHTS,2011-12-11,2,8.26,4.13,2011,12,4,49,11,6,7.0,0.0,2.25,7.0
84251G,"GREETING CARD, OVERCROWDED POOL.",2011-12-11,24,4.5600000000000005,0.19,2011,12,4,49,11,6,12.0,0.0,3.25,1.0
84212,"ASSORTED FLOWER COLOUR ""LEIS""",2011-12-11,48,31.200000000000003,0.65,2011,12,4,49,11,6,480.0,30.0,141.25,24.0
16238,PARTY TIME PENCIL ERASERS,2011-12-11,17,6.72,0.35875,2011,12,4,49,11,6,51.0,17.0,49.25,15.0
85170D,SET/6 PINK BIRD T-LIGHT CANDLES,2011-12-11,9,37.17,4.13,2011,12,4,49,11,6,2.0,1.0,3.0,2.0
20956,PORCELAIN T-LIGHT HOLDERS ASSORTED,2011-12-11,18,22.5,1.25,2011,12,4,49,11,6,16.0,50.0,49.25,27.0
84078A,SET/4 WHITE RETRO STORAGE CUBES ,2011-12-11,1,58.29,58.29,2011,12,4,49,11,6,5.0,1.0,6.5,1.0
84077,WORLD WAR 2 GLIDERS ASSTD DESIGNS,2011-12-11,1073,293.90999999999997,0.34659999999999996,2011,12,4,49,11,6,689.0,915.0,985.25,513.0
85066,CREAM SWEETHEART MINI CHEST,2011-12-11,85,1006.5899999999999,17.424,2011,12,4,49,11,6,55.0,32.0,49.75,58.0
85172,HYACINTH BULB T-LIGHT CANDLES,2011-12-11,48,25.92,0.6,2011,12,4,49,11,6,32.0,256.0,76.0,128.0
84051,ASS COLOUR GLOWING TIARAS,2011-12-11,23,19.55,0.85,2011,12,4,49,11,6,1.0,4.0,4.0,0.0
20961,STRAWBERRY BATH SPONGE ,2011-12-11,40,59.68000000000001,2.233125,2011,12,4,49,11,6,137.0,48.0,65.5,74.0
84032B,CHARLIE + LOLA RED HOT WATER BOTTLE,2011-12-11,277,329.75,1.7667070707070707,2011,12,4,49,11,6,74.0,25.0,46.75,45.0
85173,SET/6 FROG PRINCE T-LIGHT CANDLES,2011-12-11,44,47.27,2.35375,2011,12,4,49,11,6,2.0,4.0,4.0,4.0
20723,STRAWBERRY CHARLOTTE BAG,2011-12-11,230,486.71,1.4848333333333332,2011,12,4,49,11,6,270.0,343.0,231.25,172.0
84032A,CHARLIE+LOLA PINK HOT WATER BOTTLE,2011-12-11,109,237.03,2.911888888888889,2011,12,4,49,11,6,78.0,26.0,46.5,150.0
82616B,FRAPPUCINO SCARF KNITTING KIT,2011-12-11,4,9.84,2.46,2011,12,4,49,11,6,23.0,8.0,18.25,4.0
16168M,FUNKY MONKEY GIFT BAG MEDIUM,2011-12-11,25,10.91,0.625,2011,12,4,49,11,6,4.0,0.0,9.25,25.0
16235,RECYCLED PENCIL WITH RABBIT ERASER,2011-12-11,51,15.12,0.3675,2011,12,4,49,11,6,41.0,109.0,55.0,82.0
82613D,METAL SIGN CUPCAKE SINGLE HOOK,2011-12-11,1,1.25,1.25,2011,12,4,49,11,6,0.0,0.0,5.0,7.0
16219,HOUSE SHAPE PENCIL SHARPENER,2011-12-11,6,4.9799999999999995,0.83,2011,12,4,49,11,6,67.0,87.0,70.0,1.0
82551,LAUNDRY 15C METAL SIGN,2011-12-11,10,23.590000000000003,2.33375,2011,12,4,49,11,6,39.0,248.0,116.25,11.0
20982,12 PENCILS TALL TUBE SKULLS,2011-12-11,94,86.13999999999999,1.136,2011,12,4,49,11,6,56.0,211.0,157.75,24.0
85199S,SMALL HANGING IVORY/RED WOOD BIRD,2011-12-11,202,118.46,0.6330535714285714,2011,12,4,49,11,6,180.0,152.0,171.75,28.0
82494l,WOODEN FRAME ANTIQUE WHITE ,2011-12-11,17,140.92999999999998,8.29,2011,12,4,49,11,6,13.0,19.0,10.5,53.0
85061W,WHITE JEWELLED HEART DECORATION,2011-12-11,73,62.83,0.98,2011,12,4,49,11,6,37.0,57.0,49.0,29.0
82494L,WOODEN FRAME ANTIQUE WHITE ,2011-12-11,96,291.64000000000004,3.6015,2011,12,4,49,11,6,268.0,285.0,232.5,161.0
16218,CARTOON  PENCIL SHARPENERS,2011-12-11,100,9.6,0.24,2011,12,4,49,11,6,95.0,50.0,41.25,7.0
82552,WASHROOM METAL SIGN,2011-12-11,9,22.14,2.46,2011,12,4,49,11,6,65.0,75.0,74.0,51.0
20983,12 PENCILS TALL TUBE RED RETROSPOT,2011-12-11,56,53.839999999999996,1.2399999999999998,2011,12,4,49,11,6,67.0,223.0,143.5,16.0
85203,HANGING WOOD AND FELT BUTTERFLY ,2011-12-11,24,10.08,0.42,2011,12,4,49,11,6,8.0,21.0,12.5,3.0
85204,HANGING WOOD AND FELT FLOWER,2011-12-11,8,0.96,0.12,2011,12,4,49,11,6,7.0,112.0,63.5,1.0
20985,HEART CALCULATOR,2011-12-11,17,27.3,2.1574999999999998,2011,12,4,49,11,6,16.0,10.0,21.75,19.0
20717,STRAWBERRY SHOPPER BAG,2011-12-11,18,35.809999999999995,2.1817,2011,12,4,49,11,6,29.0,30.0,51.25,42.0
20986,BLUE CALCULATOR RULER,2011-12-11,5,11.09,2.0566666666666666,2011,12,4,49,11,6,45.0,27.0,30.5,24.0
16216,LETTER SHAPE PENCIL SHARPENER,2011-12-11,105,6.3,0.06,2011,12,4,49,11,6,85.0,14.0,87.25,10.0
20992,JAZZ HEARTS PURSE NOTEBOOK,2011-12-11,83,32.37,0.38999999999999996,2011,12,4,49,11,6,350.0,160.0,258.5,20.0
85212,MINI PAINTED GARDEN DECORATION ,2011-12-11,24,6.959999999999999,0.29,2011,12,4,49,11,6,24.0,12.0,15.0,0.0
82486,3 DRAWER ANTIQUE WHITE WOOD CABINET,2011-12-11,32,292.15999999999997,9.920666666666666,2011,12,4,49,11,6,101.0,71.0,71.5,14.0
20981,12 PENCILS TALL TUBE WOODLAND,2011-12-11,38,32.3,0.85,2011,12,4,49,11,6,38.0,140.0,89.75,35.0
85199L,LARGE HANGING IVORY & RED WOOD BIRD,2011-12-11,60,39.0,0.65,2011,12,4,49,11,6,3.0,28.0,21.25,43.0
82567,"AIRLINE LOUNGE,METAL SIGN",2011-12-11,33,58.489999999999995,1.8101666666666667,2011,12,4,49,11,6,33.0,19.0,22.5,15.0
20973,12 PENCIL SMALL TUBE WOODLAND,2011-12-11,143,112.15,0.896857142857143,2011,12,4,49,11,6,299.0,619.0,404.25,75.0
82613B,"METAL SIGN,CUPCAKE SINGLE HOOK",2011-12-11,1,1.25,1.25,2011,12,4,49,11,6,1.0,0.0,2.25,7.0
20974,12 PENCILS SMALL TUBE SKULL,2011-12-11,12,7.800000000000001,0.65,2011,12,4,49,11,6,0.0,1.0,150.25,100.0
85062,PEARL CRYSTAL PUMPKIN T-LIGHT HLDR,2011-12-11,27,46.98,2.0549999999999997,2011,12,4,49,11,6,28.0,12.0,23.0,61.0
82600,N0 SINGING METAL SIGN,2011-12-11,191,413.64000000000004,2.8994666666666666,2011,12,4,49,11,6,1022.0,9.0,257.75,89.0
20718,RED RETROSPOT SHOPPER BAG,2011-12-11,264,326.61,2.071066666666667,2011,12,4,49,11,6,111.0,68.0,101.75,133.0
20975,12 PENCILS SMALL TUBE RED RETROSPOT,2011-12-11,164,106.60000000000001,0.65,2011,12,4,49,11,6,183.0,248.0,245.75,256.0
85179A,GREEN BITTY LIGHT CHAIN,2011-12-11,23,58.41,2.8645833333333335,2011,12,4,49,11,6,32.0,5.0,27.0,1.0
82583,HOT BATHS METAL SIGN,2011-12-11,55,181.19,4.002916666666667,2011,12,4,49,11,6,318.0,349.0,246.5,265.0
85180B,PINK HEARTS LIGHT CHAIN ,2011-12-11,4,18.6,4.65,2011,12,4,49,11,6,6.0,1.0,2.0,1.0
82582,AREA PATROLLED METAL SIGN,2011-12-11,145,298.68,2.8817,2011,12,4,49,11,6,189.0,39.0,97.75,135.0
20978,36 PENCILS TUBE SKULLS,2011-12-11,48,73.30999999999999,2.0365,2011,12,4,49,11,6,56.0,140.0,74.0,26.0
82581,TOILET METAL SIGN,2011-12-11,81,46.650000000000006,0.7250000000000001,2011,12,4,49,11,6,114.0,59.0,85.5,35.0
16225,RATTLE SNAKE EGGS,2011-12-11,92,53.28,1.6466666666666667,2011,12,4,49,11,6,19.0,39.0,21.5,17.0
82580,BATHROOM METAL SIGN,2011-12-11,55,37.95,0.914,2011,12,4,49,11,6,190.0,97.0,116.75,86.0
20979,36 PENCILS TUBE RED RETROSPOT,2011-12-11,19,37.06,2.1574999999999998,2011,12,4,49,11,6,77.0,133.0,115.75,51.0
85184C,SET 4 VALENTINE DECOUPAGE HEART BOX,2011-12-11,6,23.380000000000003,4.37,2011,12,4,49,11,6,23.0,2.0,9.25,13.0
82578,KITCHEN METAL SIGN,2011-12-11,34,22.2,0.9583333333333334,2011,12,4,49,11,6,278.0,37.0,85.75,8.0
84997B,CHILDRENS CUTLERY RETROSPOT RED ,2011-12-11,24,107.88000000000001,5.3,2011,12,4,49,11,6,86.0,78.0,115.25,0.0
85178,VICTORIAN SEWING KIT,2011-12-11,11,23.43,2.2583333333333333,2011,12,4,49,11,6,36.0,318.0,104.5,64.0
90003E,GREEN PAIR HEART HAIR SLIDES,2011-12-11,3,11.19,3.73,2011,12,4,49,11,6,3.0,0.0,1.25,0.0
22101,MIRROR MOSAIC VOTIVE HOLDER,2011-12-11,16,37.2,2.2800000000000002,2011,12,4,49,11,6,0.0,9.0,20.5,26.0
21288,STRIPEY CHOCOLATE NESTING BOXES,2011-12-11,7,23.03,3.2900000000000005,2011,12,4,49,11,6,6.0,7.0,5.75,2.0
22409,MONEY BOX BISCUITS DESIGN,2011-12-11,2,2.5,1.25,2011,12,4,49,11,6,1.0,1.0,1.25,1.0
21894,POTTING SHED SEED ENVELOPES,2011-12-11,5,6.25,1.25,2011,12,4,49,11,6,17.0,8.0,13.5,23.0
22408,MONEY BOX CONFECTIONERY DESIGN,2011-12-11,36,14.04,0.38999999999999996,2011,12,4,49,11,6,13.0,0.0,6.5,0.0
21896,POTTING SHED TWINE,2011-12-11,2,4.2,2.1,2011,12,4,49,11,6,0.0,1.0,2.5,7.0
22406,MONEY BOX KINGS CHOICE DESIGN,2011-12-11,90,49.59,0.85575,2011,12,4,49,11,6,20.0,3.0,11.0,1.0
22405,MONEY BOX POCKET MONEY DESIGN,2011-12-11,96,37.44,0.38999999999999996,2011,12,4,49,11,6,3.0,8.0,6.0,10.0
21899,GARAGE KEY FOB,2011-12-11,43,35.790000000000006,1.1808333333333332,2011,12,4,49,11,6,38.0,47.0,38.0,1.0
22403,MAGNETS PACK OF 4 VINTAGE LABELS ,2011-12-11,13,5.069999999999999,0.39,2011,12,4,49,11,6,25.0,37.0,26.25,3.0
22402,MAGNETS PACK OF 4 VINTAGE COLLAGE,2011-12-11,8,3.12,0.39,2011,12,4,49,11,6,78.0,18.0,64.0,1.0
21900,"KEY FOB , SHED",2011-12-11,50,49.16,1.287,2011,12,4,49,11,6,46.0,49.0,49.5,61.0
22400,MAGNETS PACK OF 4 HOME SWEET HOME,2011-12-11,9,5.58,0.62,2011,12,4,49,11,6,53.0,16.0,59.0,1.0
22411,JUMBO SHOPPER VINTAGE RED PAISLEY,2011-12-11,311,725.78,2.8641190476190475,2011,12,4,49,11,6,340.0,355.0,400.5,281.0
21901,"KEY FOB , BACK DOOR ",2011-12-11,47,39.370000000000005,1.2249333333333332,2011,12,4,49,11,6,28.0,21.0,33.25,59.0
22396,MAGNETS PACK OF 4 RETRO PHOTO,2011-12-11,14,7.529999999999999,1.08,2011,12,4,49,11,6,62.0,4.0,29.75,13.0
21902,"KEY FOB , FRONT  DOOR ",2011-12-11,39,32.21,1.3359999999999999,2011,12,4,49,11,6,4.0,32.0,37.5,24.0
22395,PAPERWEIGHT VINTAGE PAISLEY,2011-12-11,79,30.81,0.38999999999999996,2011,12,4,49,11,6,7.0,2.0,3.0,2.0
22394,PAPERWEIGHT KINGS CHOICE ,2011-12-11,25,9.75,0.39,2011,12,4,49,11,6,10.0,0.0,2.75,0.0
21903,MAN FLU METAL SIGN,2011-12-11,55,111.62,2.6933333333333334,2011,12,4,49,11,6,39.0,25.0,23.25,96.0
22393,PAPERWEIGHT VINTAGE COLLAGE,2011-12-11,234,104.97,1.41825,2011,12,4,49,11,6,22.0,1.0,10.75,11.0
22391,PAPERWEIGHT HOME SWEET HOME,2011-12-11,39,15.209999999999999,0.39,2011,12,4,49,11,6,1.0,1.0,2.75,6.0
22390,PAPERWEIGHT CHILDHOOD MEMORIES,2011-12-11,50,28.64,2.10375,2011,12,4,49,11,6,1.0,1.0,6.25,0.0
21905,MORE BUTTER METAL SIGN ,2011-12-11,74,60.14,1.3499999999999999,2011,12,4,49,11,6,17.0,27.0,24.75,10.0
22389,PAPERWEIGHT SAVE THE PLANET,2011-12-11,47,32.04,1.7229166666666664,2011,12,4,49,11,6,8.0,0.0,4.5,19.0
22386,JUMBO BAG PINK POLKADOT,2011-12-11,102,268.71,3.0759999999999996,2011,12,4,49,11,6,436.0,253.0,431.5,270.0
22398,MAGNETS PACK OF 4 SWALLOWS,2011-12-11,123,47.97,0.39,2011,12,4,49,11,6,89.0,37.0,90.75,68.0
21892,TRADITIONAL WOODEN CATCH CUP GAME ,2011-12-11,39,75.37,2.1373333333333333,2011,12,4,49,11,6,211.0,104.0,175.25,68.0
22413,METAL SIGN TAKE IT OR LEAVE IT ,2011-12-11,1436,3955.4,2.9000000000000004,2011,12,4,49,11,6,27.0,1.0,29.0,45.0
22414,DOORMAT NEIGHBOURHOOD WITCH ,2011-12-11,16,85.22,8.658888888888889,2011,12,4,49,11,6,1.0,3.0,3.75,2.0
21878,PACK OF 6 SANDCASTLE FLAGS ASSORTED,2011-12-11,4,5.74,1.435,2011,12,4,49,11,6,5.0,6.0,7.25,2.0
22433,WATERING CAN GREEN DINOSAUR,2011-12-11,7,15.829999999999998,3.04,2011,12,4,49,11,6,9.0,0.0,4.75,3.0
22432,WATERING CAN PINK BUNNY,2011-12-11,61,106.72999999999999,2.2133333333333334,2011,12,4,49,11,6,1.0,0.0,3.25,15.0
21879,HEARTS GIFT TAPE,2011-12-11,3,2.9299999999999997,1.14,2011,12,4,49,11,6,13.0,0.0,3.25,8.0
22431,WATERING CAN BLUE ELEPHANT,2011-12-11,15,35.79,3.04,2011,12,4,49,11,6,6.0,5.0,8.25,8.0
22430,ENAMEL WATERING CAN CREAM,2011-12-11,2,9.9,4.95,2011,12,4,49,11,6,1.0,10.0,5.75,6.0
21880,RED RETROSPOT TAPE,2011-12-11,4,2.14,0.535,2011,12,4,49,11,6,23.0,33.0,27.75,15.0
22429,ENAMEL MEASURING JUG CREAM,2011-12-11,7,49.949999999999996,6.9433333333333325,2011,12,4,49,11,6,25.0,12.0,20.75,32.0
22428,ENAMEL FIRE BUCKET CREAM,2011-12-11,3,35.21,12.335,2011,12,4,49,11,6,4.0,9.0,5.0,3.0
21881,CUTE CATS TAPE,2011-12-11,2,3.26,1.63,2011,12,4,49,11,6,13.0,1.0,10.75,1.0
22426,ENAMEL WASH BOWL CREAM,2011-12-11,3,20.33,6.776666666666666,2011,12,4,49,11,6,8.0,10.0,12.75,0.0
22425,ENAMEL COLANDER CREAM,2011-12-11,5,39.78,7.455,2011,12,4,49,11,6,4.0,23.0,11.0,8.0
21883,STARS GIFT TAPE ,2011-12-11,2,1.3,0.65,2011,12,4,49,11,6,13.0,27.0,23.0,6.0
22424,ENAMEL BREAD BIN CREAM,2011-12-11,14,263.96999999999997,19.058500000000002,2011,12,4,49,11,6,19.0,11.0,18.0,11.0
22423,REGENCY CAKESTAND 3 TIER,2011-12-11,375,4871.849999999999,16.348714285714287,2011,12,4,49,11,6,236.0,260.0,224.75,851.0
22422,TOOTHPASTE TUBE PEN,2011-12-11,466,98.86,0.7528,2011,12,4,49,11,6,116.0,73.0,67.75,25.0
21888,BINGO SET,2011-12-11,2,14.92,7.46,2011,12,4,49,11,6,39.0,56.0,69.75,79.0
22421,LIPSTICK PEN FUSCHIA,2011-12-11,73,40.91,0.7844444444444445,2011,12,4,49,11,6,29.0,32.0,103.0,77.0
22420,LIPSTICK PEN BABY PINK,2011-12-11,26,15.02,0.6933333333333334,2011,12,4,49,11,6,27.0,73.0,79.75,4.0
21889,WOODEN BOX OF DOMINOES,2011-12-11,151,220.35,1.7447499999999998,2011,12,4,49,11,6,251.0,217.0,374.75,431.0
22419,LIPSTICK PEN RED,2011-12-11,149,94.56,0.6332,2011,12,4,49,11,6,275.0,133.0,149.25,271.0
22418,10 COLOUR SPACEBOY PEN,2011-12-11,74,76.31,1.5481666666666665,2011,12,4,49,11,6,97.0,111.0,185.25,192.0
21890,S/6 WOODEN SKITTLES IN COTTON BAG,2011-12-11,31,110.91,4.308333333333334,2011,12,4,49,11,6,7.0,22.0,31.5,29.0
22417,PACK OF 60 SPACEBOY CAKE CASES,2011-12-11,93,53.25,0.7250000000000001,2011,12,4,49,11,6,107.0,252.0,137.5,41.0
21891,TRADITIONAL WOODEN SKIPPING ROPE,2011-12-11,131,202.07,1.6988928571428572,2011,12,4,49,11,6,512.0,81.0,260.0,58.0
22385,JUMBO BAG SPACEBOY DESIGN,2011-12-11,70,155.85000000000002,2.84875,2011,12,4,49,11,6,333.0,113.0,223.25,159.0
21906,PHARMACIE FIRST AID TIN,2011-12-11,3,26.79,10.02,2011,12,4,49,11,6,4.0,4.0,5.25,17.0
22384,LUNCH BAG PINK POLKADOT,2011-12-11,94,193.97,3.3126999999999995,2011,12,4,49,11,6,149.0,140.0,170.0,103.0
22383,LUNCH BAG SUKI DESIGN ,2011-12-11,112,285.72999999999996,3.0562285714285715,2011,12,4,49,11,6,136.0,288.0,199.75,259.0
22362,GLASS JAR PEACOCK BATH SALTS,2011-12-11,4,17.48,3.896666666666667,2011,12,4,49,11,6,7.0,4.0,6.75,8.0
21930,JUMBO STORAGE BAG SKULLS,2011-12-11,194,411.52000000000004,3.2968,2011,12,4,49,11,6,179.0,81.0,141.25,125.0
22361,GLASS JAR DAISY FRESH COTTON WOOL,2011-12-11,13,66.75,5.4350000000000005,2011,12,4,49,11,6,27.0,10.0,16.5,5.0
22360,GLASS JAR ENGLISH CONFECTIONERY,2011-12-11,14,64.02000000000001,4.37,2011,12,4,49,11,6,11.0,13.0,13.25,17.0
21931,JUMBO STORAGE BAG SUKI,2011-12-11,177,486.21,2.978285714285714,2011,12,4,49,11,6,258.0,212.0,291.5,229.0
22359,GLASS JAR KINGS CHOICE,2011-12-11,2,8.74,4.37,2011,12,4,49,11,6,5.0,0.0,2.75,10.0
22358,KINGS CHOICE TEA CADDY ,2011-12-11,14,81.06,5.79,2011,12,4,49,11,6,19.0,10.0,12.5,20.0
21932,SCANDINAVIAN PAISLEY PICNIC BAG,2011-12-11,37,66.72,2.19,2011,12,4,49,11,6,39.0,13.0,36.0,10.0
22357,KINGS CHOICE BISCUIT TIN,2011-12-11,17,78.65,5.401999999999999,2011,12,4,49,11,6,28.0,20.0,20.0,7.0
22356,CHARLOTTE BAG PINK POLKADOT,2011-12-11,186,352.99,1.6433333333333333,2011,12,4,49,11,6,209.0,490.0,322.5,162.0
21933,PINK VINTAGE PAISLEY PICNIC BAG,2011-12-11,38,69.18,2.004375,2011,12,4,49,11,6,33.0,27.0,34.0,20.0
22355,CHARLOTTE BAG SUKI DESIGN,2011-12-11,727,1427.06,1.3500833333333333,2011,12,4,49,11,6,712.0,671.0,573.25,645.0
22354,RETROSPOT PADDED SEAT CUSHION,2011-12-11,1,7.46,7.46,2011,12,4,49,11,6,0.0,2.0,1.75,15.0
22352,LUNCH BOX WITH CUTLERY RETROSPOT ,2011-12-11,32,114.11,3.8091666666666666,2011,12,4,49,11,6,22.0,36.0,26.0,49.0
21934,SKULL SHOULDER BAG,2011-12-11,70,135.89999999999998,2.3796666666666666,2011,12,4,49,11,6,95.0,88.0,126.5,43.0
22350,ILLUSTRATED CAT BOWL ,2011-12-11,7,17.849999999999998,2.55,2011,12,4,49,11,6,21.0,0.0,11.25,18.0
22349,DOG BOWL CHASING BALL DESIGN,2011-12-11,2,11.21,5.605,2011,12,4,49,11,6,24.0,4.0,9.5,4.0
21935,SUKI  SHOULDER BAG,2011-12-11,124,257.44,2.583666666666667,2011,12,4,49,11,6,163.0,114.0,141.75,71.0
22348,TEA BAG PLATE RED RETROSPOT,2011-12-11,31,37.269999999999996,1.3699999999999999,2011,12,4,49,11,6,98.0,120.0,101.5,140.0
22346,PARTY PIZZA DISH GREEN POLKADOT,2011-12-11,222,42.18000000000001,0.19,2011,12,4,49,11,6,9.0,18.0,7.5,1.0
21936,RED RETROSPOT PICNIC BAG,2011-12-11,28,105.32,4.654,2011,12,4,49,11,6,17.0,10.0,13.25,16.0
22345,PARTY PIZZA DISH BLUE POLKADOT,2011-12-11,231,56.849999999999994,0.31,2011,12,4,49,11,6,9.0,6.0,4.75,1.0
22344,PARTY PIZZA DISH PINK POLKADOT,2011-12-11,222,42.18000000000001,0.19,2011,12,4,49,11,6,3.0,18.0,5.5,2.0
22343,PARTY PIZZA DISH RED RETROSPOT,2011-12-11,369,72.99000000000001,0.31,2011,12,4,49,11,6,4.0,18.0,14.75,6.0
21942,SKULLS DESIGN FLANNEL,2011-12-11,13,14.989999999999998,1.4749999999999999,2011,12,4,49,11,6,33.0,15.0,17.75,29.0
22363,GLASS JAR MARMALADE ,2011-12-11,5,20.43,4.015000000000001,2011,12,4,49,11,6,2.0,2.0,2.5,1.0
22434,BALLOON PUMP WITH 10 BALLOONS,2011-12-11,21,43.13,2.2225,2011,12,4,49,11,6,19.0,20.0,15.25,12.0
21929,JUMBO BAG PINK VINTAGE PAISLEY,2011-12-11,170,342.2,2.680833333333333,2011,12,4,49,11,6,108.0,53.0,169.75,207.0
22365,DOORMAT RESPECTABLE HOUSE,2011-12-11,5,63.87,12.020000000000001,2011,12,4,49,11,6,10.0,52.0,33.0,7.0
21907,I'M ON HOLIDAY METAL SIGN,2011-12-11,50,113.12000000000002,2.551111111111111,2011,12,4,49,11,6,44.0,23.0,26.75,78.0
21908,CHOCOLATE THIS WAY METAL SIGN,2011-12-11,91,223.58,2.4451,2011,12,4,49,11,6,200.0,48.0,91.75,164.0
21912,VINTAGE SNAKES & LADDERS,2011-12-11,73,312.73,6.018714285714286,2011,12,4,49,11,6,240.0,53.0,93.5,67.0
21913,VINTAGE SEASIDE JIGSAW PUZZLES,2011-12-11,6,26.21,4.986666666666667,2011,12,4,49,11,6,1.0,9.0,5.25,6.0
21914,BLUE HARMONICA IN BOX ,2011-12-11,355,488.52,1.573996336996337,2011,12,4,49,11,6,358.0,483.0,418.0,241.0
21915,RED  HARMONICA IN BOX ,2011-12-11,2,2.5,1.25,2011,12,4,49,11,6,1120.0,22.0,538.5,238.0
22382,LUNCH BAG SPACEBOY DESIGN ,2011-12-11,100,183.19,2.1668333333333334,2011,12,4,49,11,6,125.0,427.0,339.0,85.0
22381,TOY TIDY PINK POLKADOT,2011-12-11,18,56.53,4.3758333333333335,2011,12,4,49,11,6,55.0,34.0,48.75,128.0
21916,SET 12 RETRO WHITE CHALK STICKS,2011-12-11,77,46.05,0.6308,2011,12,4,49,11,6,27.0,64.0,61.0,75.0
22380,TOY TIDY SPACEBOY  ,2011-12-11,108,105.36000000000001,2.014666666666667,2011,12,4,49,11,6,17.0,27.0,25.5,14.0
22379,RECYCLING BAG RETROSPOT ,2011-12-11,48,171.38,4.34775,2011,12,4,49,11,6,147.0,116.0,105.75,230.0
21917,SET 12 KIDS  WHITE CHALK STICKS,2011-12-11,58,24.77,0.4883333333333333,2011,12,4,49,11,6,5.0,56.0,54.0,37.0
22378,WALL TIDY RETROSPOT ,2011-12-11,16,69.4,4.3374999999999995,2011,12,4,49,11,6,20.0,14.0,18.75,25.0
22377,BOTTLE BAG RETROSPOT ,2011-12-11,6,20.72,3.7916666666666665,2011,12,4,49,11,6,3.0,11.0,4.75,9.0
22376,AIRLINE BAG VINTAGE JET SET WHITE,2011-12-11,4,21.04,5.596666666666667,2011,12,4,49,11,6,8.0,8.0,6.75,5.0
21918,SET 12 KIDS COLOUR  CHALK STICKS,2011-12-11,79,39.29,0.5498666666666667,2011,12,4,49,11,6,58.0,127.0,88.75,107.0
22375,AIRLINE BAG VINTAGE JET SET BROWN,2011-12-11,9,54.41,6.27,2011,12,4,49,11,6,6.0,17.0,9.5,15.0
22374,AIRLINE BAG VINTAGE JET SET RED,2011-12-11,7,45.78999999999999,6.76,2011,12,4,49,11,6,17.0,20.0,17.0,17.0
21922,UNION STRIPE WITH FRINGE  HAMMOCK,2011-12-11,5,57.11,12.29,2011,12,4,49,11,6,5.0,0.0,2.0,1.0
22372,AIRLINE BAG VINTAGE WORLD CHAMPION ,2011-12-11,11,54.83,5.933333333333333,2011,12,4,49,11,6,12.0,13.0,11.0,9.0
21925,UNION STRIPE CUSHION COVER ,2011-12-11,4,5.0,1.25,2011,12,4,49,11,6,0.0,0.0,0.25,0.0
22371,AIRLINE BAG VINTAGE TOKYO 78,2011-12-11,44,223.7,5.518666666666666,2011,12,4,49,11,6,40.0,63.0,42.25,42.0
22367,CHILDRENS APRON SPACEBOY DESIGN,2011-12-11,94,242.05,2.979595238095238,2011,12,4,49,11,6,70.0,187.0,159.5,83.0
22366,DOORMAT AIRMAIL ,2011-12-11,4,33.0,8.25,2011,12,4,49,11,6,12.0,12.0,16.5,19.0
21928,JUMBO BAG SCANDINAVIAN BLUE PAISLEY,2011-12-11,170,353.3,3.193,2011,12,4,49,11,6,216.0,81.0,177.25,29.0
22364,GLASS JAR DIGESTIVE BISCUITS,2011-12-11,9,46.43,5.2219999999999995,2011,12,4,49,11,6,3.0,11.0,10.0,5.0
22435,SET OF 9 HEART SHAPED BALLOONS,2011-12-11,131,144.75,1.228888888888889,2011,12,4,49,11,6,48.0,32.0,51.5,63.0
21877,HOME SWEET HOME MUG,2011-12-11,59,112.10999999999999,2.2732,2011,12,4,49,11,6,24.0,50.0,63.25,68.0
22436,12 COLOURED PARTY BALLOONS,2011-12-11,43,27.950000000000003,0.65,2011,12,4,49,11,6,101.0,48.0,71.0,32.0
22513,DOORSTOP FOOTBALL DESIGN,2011-12-11,56,77.59,1.7905000000000002,2011,12,4,49,11,6,3.0,0.0,2.75,5.0
22512,DOORSTOP RACING CAR DESIGN,2011-12-11,22,17.380000000000003,0.79,2011,12,4,49,11,6,4.0,6.0,4.0,1.0
22511,RETROSPOT BABUSHKA DOORSTOP,2011-12-11,16,19.310000000000002,1.9016666666666666,2011,12,4,49,11,6,14.0,4.0,6.0,12.0
21812,GARLAND WITH HEARTS AND BELLS,2011-12-11,13,52.760000000000005,4.95375,2011,12,4,49,11,6,2.0,14.0,21.75,34.0
22510,GINGHAM BABUSHKA DOORSTOP,2011-12-11,20,15.8,0.79,2011,12,4,49,11,6,8.0,2.0,3.0,8.0
22509,SEWING BOX RETROSPOT DESIGN ,2011-12-11,89,351.55,3.95,2011,12,4,49,11,6,25.0,0.0,8.5,4.0
22508,DOORSTOP RETROSPOT HEART,2011-12-11,12,63.55,4.986666666666667,2011,12,4,49,11,6,25.0,51.0,27.0,28.0
21813,GARLAND WITH STARS AND BELLS,2011-12-11,60,199.06,3.4975,2011,12,4,49,11,6,41.0,47.0,40.25,27.0
22507,MEMO BOARD RETROSPOT  DESIGN,2011-12-11,28,214.51999999999998,8.551333333333332,2011,12,4,49,11,6,42.0,37.0,41.75,220.0
22505,MEMO BOARD COTTAGE DESIGN,2011-12-11,12,76.92,7.14,2011,12,4,49,11,6,16.0,10.0,35.75,42.0
21818,GLITTER HEART DECORATION,2011-12-11,53,20.67,0.38999999999999996,2011,12,4,49,11,6,63.0,373.0,270.75,79.0
22504,CABIN BAG VINTAGE RETROSPOT,2011-12-11,3,89.85,29.95,2011,12,4,49,11,6,0.0,1.0,6.25,1.0
22500,SET OF 2 TINS JARDIN DE PROVENCE,2011-12-11,87,108.75,1.25,2011,12,4,49,11,6,5.0,3.0,3.0,5.0
22499,WOODEN UNION JACK BUNTING,2011-12-11,11,81.83,7.25,2011,12,4,49,11,6,21.0,14.0,14.0,12.0
21819,GLITTER CHRISTMAS STAR ,2011-12-11,85,33.15,0.38999999999999996,2011,12,4,49,11,6,206.0,565.0,324.25,73.0
22498,WOODEN REGATTA BUNTING,2011-12-11,2,14.239999999999998,7.119999999999999,2011,12,4,49,11,6,3.0,7.0,4.5,1.0
22497,SET OF 2 TINS VINTAGE BATHROOM ,2011-12-11,1,4.25,4.25,2011,12,4,49,11,6,0.0,1.0,0.75,12.0
22496,SET OF 2 ROUND TINS DUTCH CHEESE,2011-12-11,111,87.69,0.79,2011,12,4,49,11,6,5.0,2.0,4.5,1.0
22495,SET OF 2 ROUND TINS CAMEMBERT ,2011-12-11,97,101.63,2.3316666666666666,2011,12,4,49,11,6,7.0,2.0,5.0,19.0
22494,EMERGENCY FIRST AID TIN ,2011-12-11,13,30.77,2.2583333333333333,2011,12,4,49,11,6,15.0,16.0,22.75,75.0
21820,GLITTER HEART GARLAND WITH BELLS ,2011-12-11,12,45.0,3.75,2011,12,4,49,11,6,22.0,35.0,29.25,25.0
22493,PAINT YOUR OWN CANVAS SET,2011-12-11,74,133.57999999999998,2.0873333333333335,2011,12,4,49,11,6,64.0,61.0,56.25,41.0
22492,MINI PAINT SET VINTAGE ,2011-12-11,220,146.92000000000002,0.895,2011,12,4,49,11,6,301.0,402.0,776.5,1832.0
21821,GLITTER STAR GARLAND WITH BELLS ,2011-12-11,1,7.46,7.46,2011,12,4,49,11,6,7.0,38.0,20.0,11.0
22491,PACK OF 12 COLOURED PENCILS,2011-12-11,24,20.4,0.85,2011,12,4,49,11,6,24.0,60.0,119.25,119.0
21810,CHRISTMAS HANGING STAR WITH BELL,2011-12-11,339,181.93,0.5161333333333333,2011,12,4,49,11,6,406.0,1114.0,740.25,37.0
22489,PACK OF 12 TRADITIONAL CRAYONS,2011-12-11,277,120.0,0.6272,2011,12,4,49,11,6,251.0,215.0,271.0,204.0
22514,CHILDS GARDEN SPADE BLUE,2011-12-11,10,41.3,4.13,2011,12,4,49,11,6,19.0,4.0,6.5,7.0
22516,CHILDS GARDEN RAKE BLUE,2011-12-11,10,41.3,4.13,2011,12,4,49,11,6,13.0,3.0,4.25,3.0
22545,MINI JIGSAW BUNNIES,2011-12-11,163,34.81,0.446,2011,12,4,49,11,6,8.0,5.0,12.5,27.0
21787,RAIN PONCHO RETROSPOT,2011-12-11,38,43.22,1.435,2011,12,4,49,11,6,1215.0,349.0,616.25,96.0
22544,MINI JIGSAW SPACEBOY,2011-12-11,595,123.69000000000001,0.31866666666666665,2011,12,4,49,11,6,60.0,25.0,108.5,93.0
22543,MINI JIGSAW BAKE A CAKE ,2011-12-11,126,24.580000000000005,0.24333333333333332,2011,12,4,49,11,6,0.0,8.0,2.5,26.0
22541,MINI JIGSAW LEAP FROG,2011-12-11,6,3.06,0.7233333333333333,2011,12,4,49,11,6,6.0,25.0,7.75,1.0
22540,MINI JIGSAW CIRCUS PARADE ,2011-12-11,251,48.970000000000006,0.43,2011,12,4,49,11,6,7.0,28.0,25.75,50.0
21788,KIDS RAIN MAC BLUE,2011-12-11,24,20.4,0.85,2011,12,4,49,11,6,24.0,3.0,16.5,1.0
22539,MINI JIGSAW DOLLY GIRL,2011-12-11,346,67.66,0.2753333333333333,2011,12,4,49,11,6,56.0,5.0,84.25,37.0
22538,MINI JIGSAW GO TO THE FAIR,2011-12-11,48,9.120000000000001,0.19,2011,12,4,49,11,6,2.0,1.0,3.0,2.0
22537,MAGIC DRAWING SLATE DINOSAUR,2011-12-11,1,0.42,0.42,2011,12,4,49,11,6,90.0,98.0,94.25,15.0
22536,MAGIC DRAWING SLATE PURDEY,2011-12-11,50,21.0,0.42,2011,12,4,49,11,6,10.0,68.0,30.0,952.0
21790,VINTAGE SNAP CARDS,2011-12-11,243,252.56999999999996,1.1178,2011,12,4,49,11,6,667.0,432.0,662.0,486.0
22534,MAGIC DRAWING SLATE SPACEBOY ,2011-12-11,100,42.0,0.42,2011,12,4,49,11,6,61.0,71.0,123.0,71.0
22533,MAGIC DRAWING SLATE BAKE A CAKE ,2011-12-11,6,2.52,0.42,2011,12,4,49,11,6,3.0,28.0,17.75,83.0
21791,VINTAGE HEADS AND TAILS CARD GAME ,2011-12-11,252,326.73,1.6406666666666667,2011,12,4,49,11,6,197.0,245.0,380.5,608.0
22532,MAGIC DRAWING SLATE LEAP FROG ,2011-12-11,34,14.280000000000001,0.42,2011,12,4,49,11,6,6.0,51.0,17.0,55.0
21803,CHRISTMAS TREE STAR DECORATION,2011-12-11,12,7.499999999999999,0.625,2011,12,4,49,11,6,0.0,34.0,122.0,222.0
22531,MAGIC DRAWING SLATE CIRCUS PARADE  ,2011-12-11,49,20.580000000000002,0.42,2011,12,4,49,11,6,42.0,147.0,102.75,92.0
22530,MAGIC DRAWING SLATE DOLLY GIRL ,2011-12-11,76,31.92,0.42,2011,12,4,49,11,6,101.0,292.0,165.5,45.0
21808,"CHRISTMAS GARLAND STARS,TREES",2011-12-11,6,19.830000000000002,4.0,2011,12,4,49,11,6,0.0,2.0,15.0,0.0
22529,MAGIC DRAWING SLATE GO TO THE FAIR ,2011-12-11,54,22.68,0.42,2011,12,4,49,11,6,3.0,74.0,39.75,33.0
22526,WHEELBARROW FOR CHILDREN ,2011-12-11,3,74.88,24.96,2011,12,4,49,11,6,1.0,2.0,2.0,1.0
22523,CHILDS GARDEN FORK PINK,2011-12-11,13,11.829999999999998,1.24,2011,12,4,49,11,6,8.0,4.0,6.5,2.0
22517,CHILDS GARDEN RAKE PINK,2011-12-11,2,6.23,3.115,2011,12,4,49,11,6,9.0,4.0,3.75,1.0
21809,CHRISTMAS HANGING TREE WITH BELL,2011-12-11,33,12.87,0.38999999999999996,2011,12,4,49,11,6,3.0,1.0,22.25,41.0
22515,CHILDS GARDEN SPADE PINK,2011-12-11,2,4.2,2.1,2011,12,4,49,11,6,14.0,4.0,4.5,8.0
22342,HOME GARLAND PAINTED ZINC ,2011-12-11,8,26.32,3.29,2011,12,4,49,11,6,25.0,1.0,14.75,4.0
21822,GLITTER CHRISTMAS TREE WITH BELLS,2011-12-11,51,68.00999999999999,1.378,2011,12,4,49,11,6,114.0,146.0,116.25,31.0
22487,WHITE WOOD GARDEN PLANT LADDER,2011-12-11,15,137.65,9.647916666666667,2011,12,4,49,11,6,6.0,8.0,13.25,12.0
22465,HANGING METAL STAR LANTERN,2011-12-11,427,367.65000000000003,1.2405333333333333,2011,12,4,49,11,6,38.0,141.0,77.75,60.0
21867,PINK UNION JACK  LUGGAGE TAG,2011-12-11,9,16.09,1.6533333333333333,2011,12,4,49,11,6,5.0,6.0,9.0,32.0
22464,HANGING METAL HEART LANTERN,2011-12-11,467,404.57,1.2901666666666667,2011,12,4,49,11,6,85.0,33.0,83.25,38.0
22460,EMBOSSED GLASS TEALIGHT HOLDER,2011-12-11,51,81.9,1.9558333333333333,2011,12,4,49,11,6,46.0,108.0,74.75,31.0
21868,POTTING SHED TEA MUG,2011-12-11,3,9.870000000000001,3.29,2011,12,4,49,11,6,52.0,52.0,34.25,152.0
22457,NATURAL SLATE HEART CHALKBOARD ,2011-12-11,782,2226.46,4.167371428571429,2011,12,4,49,11,6,234.0,194.0,210.0,243.0
22456,NATURAL SLATE CHALKBOARD LARGE ,2011-12-11,24,203.97000000000003,8.811875,2011,12,4,49,11,6,24.0,59.0,34.0,34.0
21871,SAVE THE PLANET MUG,2011-12-11,90,157.7,2.6206666666666667,2011,12,4,49,11,6,107.0,65.0,79.75,76.0
22453,MEASURING TAPE BABUSHKA BLUE,2011-12-11,19,56.05000000000001,2.95,2011,12,4,49,11,6,29.0,7.0,12.25,66.0
22452,MEASURING TAPE BABUSHKA PINK,2011-12-11,2,5.9,2.95,2011,12,4,49,11,6,0.0,10.0,4.25,59.0
21872,GLAMOROUS  MUG,2011-12-11,38,49.54,1.76,2011,12,4,49,11,6,27.0,18.0,17.75,33.0
22448,PIN CUSHION BABUSHKA RED,2011-12-11,27,58.95,1.95,2011,12,4,49,11,6,12.0,5.0,6.25,1.0
22447,PIN CUSHION BABUSHKA BLUE,2011-12-11,19,36.35,1.775,2011,12,4,49,11,6,0.0,1.0,0.75,1.0
22446,PIN CUSHION BABUSHKA PINK,2011-12-11,86,170.95999999999998,2.4119166666666665,2011,12,4,49,11,6,39.0,11.0,23.75,0.0
21873,IF YOU CAN'T STAND THE HEAT MUG,2011-12-11,4,11.120000000000001,2.9499999999999997,2011,12,4,49,11,6,14.0,19.0,10.0,45.0
22445,PENCIL CASE LIFE IS BEAUTIFUL,2011-12-11,6,29.060000000000002,4.843333333333334,2011,12,4,49,11,6,9.0,30.0,16.0,29.0
22442,GROW YOUR OWN FLOWERS SET OF 3,2011-12-11,176,367.19999999999993,2.25,2011,12,4,49,11,6,17.0,2.0,6.5,7.0
21874,GIN AND TONIC MUG,2011-12-11,59,108.19,2.6753333333333336,2011,12,4,49,11,6,76.0,55.0,50.75,102.0
22441,GROW YOUR OWN BASIL IN ENAMEL MUG,2011-12-11,53,119.41999999999999,3.3405555555555555,2011,12,4,49,11,6,27.0,28.0,33.25,67.0
22440,BALLOON WATER BOMB PACK OF 35,2011-12-11,20,8.4,0.42,2011,12,4,49,11,6,133.0,66.0,74.5,14.0
21875,KINGS CHOICE MUG,2011-12-11,59,89.35,2.4775,2011,12,4,49,11,6,54.0,14.0,30.25,38.0
22439,6 ROCKET BALLOONS ,2011-12-11,57,43.050000000000004,0.8833333333333333,2011,12,4,49,11,6,81.0,47.0,47.75,57.0
22438,BALLOON ART MAKE YOUR OWN FLOWERS,2011-12-11,535,212.39,0.577,2011,12,4,49,11,6,72.0,15.0,26.25,7.0
21876,POTTERING MUG,2011-12-11,67,177.79,2.9141666666666666,2011,12,4,49,11,6,85.0,41.0,54.75,64.0
22437,SET OF 9 BLACK SKULL BALLOONS,2011-12-11,67,57.730000000000004,1.045,2011,12,4,49,11,6,45.0,44.0,52.0,35.0
21866,UNION JACK FLAG LUGGAGE TAG,2011-12-11,12,23.47,1.9054166666666665,2011,12,4,49,11,6,42.0,14.0,19.25,47.0
22488,NATURAL SLATE RECTANGLE CHALKBOARD,2011-12-11,36,70.88,2.2404,2011,12,4,49,11,6,3.0,154.0,78.5,33.0
21865,PINK UNION JACK  PASSPORT COVER ,2011-12-11,2,4.2,2.1,2011,12,4,49,11,6,5.0,9.0,6.5,13.0
22466,FAIRY TALE COTTAGE NIGHT LIGHT,2011-12-11,66,159.22,3.0835999999999997,2011,12,4,49,11,6,96.0,34.0,107.25,36.0
21828,EIGHT PIECE SNAKE  SET,2011-12-11,8,13.629999999999999,1.9558333333333333,2011,12,4,49,11,6,18.0,28.0,18.0,6.0
22486,PLASMATRONIC LAMP,2011-12-11,21,95.97,6.6625,2011,12,4,49,11,6,1.0,0.0,0.75,2.0
22485,SET OF 2 WOODEN MARKET CRATES,2011-12-11,24,262.79999999999995,10.95,2011,12,4,49,11,6,12.0,7.0,13.75,4.0
22483,RED GINGHAM TEDDY BEAR ,2011-12-11,62,172.21999999999997,4.461111111111111,2011,12,4,49,11,6,16.0,26.0,23.5,17.0
21832,CHOCOLATE CALCULATOR,2011-12-11,8,23.04,3.016666666666667,2011,12,4,49,11,6,38.0,49.0,43.75,44.0
22481,BLACK TEA TOWEL CLASSIC DESIGN,2011-12-11,114,48.6,0.519375,2011,12,4,49,11,6,30.0,18.0,16.25,36.0
22479,DAISY GARDEN MARKER,2011-12-11,8,19.68,2.46,2011,12,4,49,11,6,4.0,3.0,5.25,2.0
21833,CAMOUFLAGE LED TORCH,2011-12-11,60,111.0,2.65,2011,12,4,49,11,6,57.0,102.0,97.25,81.0
22478,BIRDHOUSE GARDEN MARKER ,2011-12-11,26,39.76,2.218,2011,12,4,49,11,6,33.0,6.0,20.25,3.0
22477,WATERING CAN GARDEN MARKER,2011-12-11,7,17.22,2.46,2011,12,4,49,11,6,64.0,7.0,23.25,3.0
21843,RED RETROSPOT CAKE STAND,2011-12-11,63,852.81,14.836000000000002,2011,12,4,49,11,6,43.0,182.0,105.0,106.0
22476,EMPIRE UNION JACK TV DINNER TRAY,2011-12-11,618,1213.94,3.718,2011,12,4,49,11,6,15.0,30.0,13.25,19.0
22475,SKULL DESIGN TV DINNER TRAY,2011-12-11,36,96.72,4.7125,2011,12,4,49,11,6,24.0,36.0,20.0,11.0
21844,RED RETROSPOT MUG,2011-12-11,2,5.9,2.95,2011,12,4,49,11,6,1.0,36.0,20.5,27.0
22474,SPACEBOY TV DINNER TRAY,2011-12-11,60,170.04,4.381,2011,12,4,49,11,6,19.0,5.0,12.25,9.0
22473,TV DINNER TRAY VINTAGE PAISLEY,2011-12-11,30,58.5,1.95,2011,12,4,49,11,6,15.0,19.0,11.25,24.0
22472,TV DINNER TRAY DOLLY GIRL,2011-12-11,65,170.95,5.117666666666666,2011,12,4,49,11,6,12.0,3.0,9.75,20.0
21846,PINK DIAMANTE PEN IN GIFT BOX,2011-12-11,2,13.239999999999998,6.619999999999999,2011,12,4,49,11,6,6.0,6.0,7.25,51.0
22471,TV DINNER TRAY AIR HOSTESS ,2011-12-11,44,103.47999999999999,5.265,2011,12,4,49,11,6,10.0,8.0,7.25,10.0
22470,HEART OF WICKER LARGE,2011-12-11,62,211.3,3.6245000000000003,2011,12,4,49,11,6,861.0,155.0,322.25,625.0
22469,HEART OF WICKER SMALL,2011-12-11,97,175.72999999999996,2.1815555555555557,2011,12,4,49,11,6,809.0,213.0,422.0,869.0
21850,BLUE  DIAMANTE PEN IN GIFT BOX,2011-12-11,3,21.529999999999998,6.619999999999999,2011,12,4,49,11,6,5.0,1.0,2.25,8.0
22468,BABUSHKA LIGHTS STRING OF 10,2011-12-11,4,40.08,11.11,2011,12,4,49,11,6,18.0,24.0,21.0,16.0
22467,GUMBALL COAT RACK,2011-12-11,171,418.11,3.4465111111111115,2011,12,4,49,11,6,252.0,224.0,203.0,293.0
21851,LILAC DIAMANTE PEN IN GIFT BOX,2011-12-11,1,8.29,8.29,2011,12,4,49,11,6,1.0,0.0,1.25,12.0
21864,UNION JACK FLAG PASSPORT COVER ,2011-12-11,12,43.47,3.6225,2011,12,4,49,11,6,52.0,4.0,18.5,32.0
22546,MINI JIGSAW PURDEY,2011-12-11,115,24.410000000000004,0.29666666666666663,2011,12,4,49,11,6,20.0,9.0,83.0,11.0
21943,CAKES AND RABBITS DESIGN FLANNEL ,2011-12-11,2,3.26,1.63,2011,12,4,49,11,6,0.0,2.0,1.5,4.0
22340,NOEL GARLAND PAINTED ZINC ,2011-12-11,79,68.03,1.322,2011,12,4,49,11,6,132.0,226.0,175.25,2.0
22185,SLATE TILE NATURAL HANGING,2011-12-11,299,236.21,0.79,2011,12,4,49,11,6,24.0,118.0,40.0,24.0
22070,SMALL RED RETROSPOT MUG IN BOX ,2011-12-11,8,48.55,5.605,2011,12,4,49,11,6,4.0,98.0,122.25,6.0
22182,CAKE STAND VICTORIAN FILIGREE SMALL,2011-12-11,56,70.0,1.25,2011,12,4,49,11,6,27.0,0.0,8.0,4.0
22071,SMALL WHITE RETROSPOT MUG IN BOX ,2011-12-11,8,33.71,4.6775,2011,12,4,49,11,6,4.0,95.0,115.25,8.0
22179,SET 10 NIGHT OWL LIGHTS,2011-12-11,44,356.28,10.376,2011,12,4,49,11,6,34.0,48.0,39.0,29.0
22178,VICTORIAN GLASS HANGING T-LIGHT,2011-12-11,656,1286.8799999999999,2.1048863636363633,2011,12,4,49,11,6,749.0,372.0,464.5,525.0
22072,RED RETROSPOT TEA CUP AND SAUCER ,2011-12-11,135,168.75,1.25,2011,12,4,49,11,6,70.0,5.0,21.5,44.0
22175,PINK OWL SOFT TOY,2011-12-11,60,166.32,4.32,2011,12,4,49,11,6,31.0,33.0,71.25,22.0
22174,PHOTO CUBE,2011-12-11,81,231.37,2.9975,2011,12,4,49,11,6,101.0,43.0,99.0,238.0
22074,6 RIBBONS SHIMMERING PINKS ,2011-12-11,158,79.68,0.8249142857142857,2011,12,4,49,11,6,52.0,15.0,26.25,3.0
22173,METAL 4 HOOK HANGER FRENCH CHATEAU,2011-12-11,43,183.97,5.00875,2011,12,4,49,11,6,37.0,30.0,58.5,67.0
22186,RED STAR CARD HOLDER,2011-12-11,17,78.55000000000001,4.9025,2011,12,4,49,11,6,58.0,75.0,63.75,21.0
22171,3 HOOK PHOTO SHELF ANTIQUE WHITE,2011-12-11,25,220.63,8.825199999999999,2011,12,4,49,11,6,22.0,27.0,25.0,29.0
22170,PICTURE FRAME WOOD TRIPLE PORTRAIT,2011-12-11,41,270.63,8.184999999999999,2011,12,4,49,11,6,8.0,48.0,24.5,16.0
22169,FAMILY ALBUM WHITE PICTURE FRAME,2011-12-11,56,489.45,9.98125,2011,12,4,49,11,6,16.0,67.0,27.5,41.0
22076,6 RIBBONS EMPIRE  ,2011-12-11,276,131.72,0.7005555555555556,2011,12,4,49,11,6,127.0,31.0,54.75,19.0
22167, OVAL WALL MIRROR DIAMANTE ,2011-12-11,5,44.769999999999996,8.9125,2011,12,4,49,11,6,5.0,5.0,5.25,5.0
22166,WALL MIRROR RECTANGLE DIAMANTE PINK,2011-12-11,99,330.57000000000005,11.51,2011,12,4,49,11,6,2.0,3.0,2.25,13.0
22077,6 RIBBONS RUSTIC CHARM,2011-12-11,161,381.51,2.8275555555555556,2011,12,4,49,11,6,182.0,193.0,208.25,163.0
22165,"DIAMANTE HEART SHAPED WALL MIRROR, ",2011-12-11,196,857.2600000000001,7.272399999999999,2011,12,4,49,11,6,7.0,7.0,5.5,12.0
22078,RIBBON REEL LACE DESIGN ,2011-12-11,30,63.0,2.1,2011,12,4,49,11,6,22.0,30.0,53.25,14.0
22163,HEART STRING MEMO HOLDER HANGING,2011-12-11,44,61.64,1.5599999999999998,2011,12,4,49,11,6,43.0,64.0,68.25,16.0
22161,HEART DECORATION RUSTIC HANGING ,2011-12-11,71,17.81,1.15,2011,12,4,49,11,6,81.0,131.0,109.25,123.0
22079,RIBBON REEL HEARTS DESIGN ,2011-12-11,36,74.16,2.06,2011,12,4,49,11,6,46.0,49.0,47.25,15.0
22075,6 RIBBONS ELEGANT CHRISTMAS ,2011-12-11,422,245.05999999999997,0.9813571428571428,2011,12,4,49,11,6,148.0,76.0,96.0,274.0
22069,BROWN  PIRATE TREASURE CHEST ,2011-12-11,118,119.52,2.2578666666666667,2011,12,4,49,11,6,6.0,19.0,18.5,24.0
22187,GREEN CHRISTMAS TREE CARD HOLDER,2011-12-11,30,210.65999999999997,7.655999999999999,2011,12,4,49,11,6,66.0,174.0,121.75,39.0
22188,BLACK HEART CARD HOLDER,2011-12-11,342,837.8600000000001,7.492666666666666,2011,12,4,49,11,6,11.0,1.0,12.25,2059.0
22200,FRYING PAN PINK POLKADOT,2011-12-11,36,52.04,1.69,2011,12,4,49,11,6,14.0,6.0,8.0,12.0
22037,ROBOT BIRTHDAY CARD,2011-12-11,261,104.66999999999999,0.561125,2011,12,4,49,11,6,70.0,84.0,81.5,55.0
22199,FRYING PAN RED RETROSPOT,2011-12-11,89,139.41,2.704933333333333,2011,12,4,49,11,6,10.0,5.0,7.5,16.0
22041,"RECORD FRAME 7"" SINGLE SIZE ",2011-12-11,54,210.48,4.411,2011,12,4,49,11,6,122.0,42.0,145.25,94.0
22197,POPCORN HOLDER,2011-12-11,4456,3889.63,1.0751428571428572,2011,12,4,49,11,6,3271.0,2955.0,3317.0,1042.0
22042,CHRISTMAS CARD SINGING ANGEL,2011-12-11,36,15.120000000000001,0.42,2011,12,4,49,11,6,24.0,48.0,21.25,54.0
22045,SPACEBOY GIFT WRAP,2011-12-11,100,42.0,0.42,2011,12,4,49,11,6,50.0,100.0,193.75,50.0
22048,BIRTHDAY BANQUET GIFT WRAP,2011-12-11,25,10.5,0.42,2011,12,4,49,11,6,0.0,0.0,6.25,25.0
22050,PINK PAISLEY ROSE GIFT WRAP,2011-12-11,25,10.5,0.42,2011,12,4,49,11,6,0.0,0.0,6.25,25.0
22055,MINI CAKE STAND  HANGING STRAWBERY,2011-12-11,240,93.6,0.39,2011,12,4,49,11,6,38.0,1.0,19.5,65.0
22057,CERAMIC PLATE STRAWBERRY DESIGN,2011-12-11,160,62.4,0.39,2011,12,4,49,11,6,16.0,16.0,13.75,40.0
22059,CERAMIC STRAWBERRY DESIGN MUG,2011-12-11,476,188.54,0.5833333333333334,2011,12,4,49,11,6,58.0,25.0,25.25,121.0
22061,LARGE CAKE STAND  HANGING STRAWBERY,2011-12-11,164,483.80000000000007,2.95,2011,12,4,49,11,6,59.0,16.0,21.75,8.0
22063,CERAMIC BOWL WITH STRAWBERRY DESIGN,2011-12-11,182,153.78000000000003,1.6233333333333333,2011,12,4,49,11,6,20.0,7.0,8.5,13.0
22196,SMALL HEART MEASURING SPOONS,2011-12-11,97,115.99,1.1377333333333333,2011,12,4,49,11,6,140.0,33.0,120.75,82.0
22064,PINK DOUGHNUT TRINKET POT ,2011-12-11,402,194.48,1.8980000000000001,2011,12,4,49,11,6,37.0,56.0,54.0,97.0
22195,LARGE HEART MEASURING SPOONS,2011-12-11,68,146.64,2.2732,2011,12,4,49,11,6,42.0,32.0,63.25,97.0
22193,RED DINER WALL CLOCK,2011-12-11,30,311.91,12.429499999999999,2011,12,4,49,11,6,54.0,22.0,31.0,10.0
22065,CHRISTMAS PUDDING TRINKET POT ,2011-12-11,418,200.22,1.2579999999999998,2011,12,4,49,11,6,186.0,439.0,408.0,90.0
22192,BLUE DINER WALL CLOCK,2011-12-11,25,228.76,9.312999999999999,2011,12,4,49,11,6,17.0,14.0,16.5,8.0
22191,IVORY DINER WALL CLOCK,2011-12-11,17,160.76,10.758333333333333,2011,12,4,49,11,6,32.0,15.0,25.0,14.0
22067,CHOC TRUFFLE GOLD TRINKET POT ,2011-12-11,40,15.600000000000001,0.39,2011,12,4,49,11,6,13.0,12.0,13.0,6.0
22190,LOCAL CAFE MUG,2011-12-11,134,77.1,1.287,2011,12,4,49,11,6,15.0,5.0,11.0,29.0
22189,CREAM HEART CARD HOLDER,2011-12-11,360,1254.54,5.955749999999999,2011,12,4,49,11,6,54.0,33.0,50.5,2073.0
22068,BLACK PIRATE TREASURE CHEST,2011-12-11,170,75.0,0.8153333333333332,2011,12,4,49,11,6,1.0,8.0,6.75,9.0
22158,3 HEARTS HANGING DECORATION RUSTIC,2011-12-11,102,292.34,3.88,2011,12,4,49,11,6,116.0,270.0,301.25,323.0
22156,HEART DECORATION WITH PEARLS ,2011-12-11,60,60.36,1.552,2011,12,4,49,11,6,51.0,115.0,68.25,77.0
22080,RIBBON REEL POLKADOTS ,2011-12-11,37,64.33,1.855,2011,12,4,49,11,6,37.0,51.0,46.0,43.0
22155,STAR DECORATION RUSTIC,2011-12-11,149,78.57,0.7104166666666667,2011,12,4,49,11,6,35.0,101.0,181.25,167.0
22093,MOTORING TISSUE BOX,2011-12-11,42,16.380000000000003,0.39,2011,12,4,49,11,6,26.0,65.0,58.0,20.0
22121,NOEL WOODEN BLOCK LETTERS ,2011-12-11,8,64.64,9.5,2011,12,4,49,11,6,8.0,25.0,12.5,17.0
22120,WELCOME  WOODEN BLOCK LETTERS,2011-12-11,1,19.96,19.96,2011,12,4,49,11,6,8.0,16.0,19.0,1.0
22094,RED RETROSPOT TISSUE BOX,2011-12-11,10,3.9,0.39,2011,12,4,49,11,6,93.0,113.0,130.75,14.0
22119,PEACE WOODEN BLOCK LETTERS,2011-12-11,98,203.28,2.559,2011,12,4,49,11,6,43.0,4.0,15.75,22.0
22118,JOY WOODEN BLOCK LETTERS,2011-12-11,82,123.26,2.6340000000000003,2011,12,4,49,11,6,16.0,5.0,8.5,15.0
22095,LADS ONLY TISSUE BOX,2011-12-11,49,43.95,1.425,2011,12,4,49,11,6,113.0,94.0,120.0,58.0
22117,METAL SIGN HER DINNER IS SERVED ,2011-12-11,3,8.850000000000001,2.95,2011,12,4,49,11,6,5.0,1.0,3.25,2.0
22116,METAL SIGN HIS DINNER IS SERVED,2011-12-11,9,12.989999999999998,1.49,2011,12,4,49,11,6,9.0,9.0,19.75,3.0
22096,PINK PAISLEY SQUARE TISSUE BOX ,2011-12-11,224,87.36000000000001,0.38999999999999996,2011,12,4,49,11,6,2.0,45.0,37.5,3.0
22115,METAL SIGN EMPIRE TEA,2011-12-11,56,54.24,1.3455555555555556,2011,12,4,49,11,6,28.0,49.0,46.75,19.0
22114,HOT WATER BOTTLE TEA AND SYMPATHY,2011-12-11,485,3120.21,5.879721212121212,2011,12,4,49,11,6,438.0,357.0,450.25,579.0
22097,SWALLOW SQUARE TISSUE BOX,2011-12-11,217,84.63000000000001,0.39,2011,12,4,49,11,6,7.0,21.0,36.0,15.0
22113,GREY HEART HOT WATER BOTTLE,2011-12-11,85,392.08,4.835954545454546,2011,12,4,49,11,6,110.0,108.0,146.5,189.0
22112,CHOCOLATE HOT WATER BOTTLE,2011-12-11,334,2118.69,6.542089743589744,2011,12,4,49,11,6,449.0,222.0,419.75,431.0
22098,BOUDOIR SQUARE TISSUE BOX,2011-12-11,5,6.09,0.9075,2011,12,4,49,11,6,139.0,13.0,58.75,27.0
22111,SCOTTIE DOG HOT WATER BOTTLE,2011-12-11,301,1557.78,6.399102564102565,2011,12,4,49,11,6,246.0,160.0,242.5,278.0
22110,BIRD HOUSE HOT WATER BOTTLE,2011-12-11,64,307.98,5.267571428571428,2011,12,4,49,11,6,124.0,39.0,69.5,123.0
22099,CARAVAN SQUARE TISSUE BOX,2011-12-11,12,17.1,1.16625,2011,12,4,49,11,6,15.0,13.0,30.25,9.0
22109,FULL ENGLISH BREAKFAST PLATE,2011-12-11,112,525.15,5.7435833333333335,2011,12,4,49,11,6,92.0,88.0,64.0,89.0
22108,PING! MICROWAVE PLATE,2011-12-11,32,66.52,2.3975,2011,12,4,49,11,6,14.0,6.0,8.5,7.0
22107,PIZZA PLATE IN BOX,2011-12-11,113,324.81,3.317333333333333,2011,12,4,49,11,6,51.0,39.0,41.75,23.0
22100,SKULLS SQUARE TISSUE BOX,2011-12-11,109,42.510000000000005,0.39,2011,12,4,49,11,6,2.0,2.0,49.0,5.0
22106,MIRROR MOSAIC HURRICANE LAMP ,2011-12-11,5,24.8,4.96,2011,12,4,49,11,6,6.0,6.0,4.5,6.0
22105,MIRROR MOSAIC GOBLET CANDLE HOLDER,2011-12-11,3,12.39,4.13,2011,12,4,49,11,6,4.0,0.0,1.0,4.0
22123,PING MICROWAVE APRON,2011-12-11,91,88.59,1.7920000000000003,2011,12,4,49,11,6,23.0,8.0,17.0,8.0
22201,FRYING PAN BLUE POLKADOT,2011-12-11,24,37.04,2.4233333333333333,2011,12,4,49,11,6,5.0,3.0,3.25,2.0
22124,SET OF 2 TEA TOWELS PING MICROWAVE,2011-12-11,49,58.75,1.6806666666666665,2011,12,4,49,11,6,17.0,0.0,5.25,5.0
22130,PARTY CONE CHRISTMAS DECORATION ,2011-12-11,24,20.4,0.85,2011,12,4,49,11,6,66.0,150.0,246.0,161.0
22154,ANGEL DECORATION 3 BUTTONS ,2011-12-11,178,80.09,0.6990277777777778,2011,12,4,49,11,6,89.0,316.0,256.5,724.0
22081,RIBBON REEL FLORA + FAUNA ,2011-12-11,35,65.95,2.2649999999999997,2011,12,4,49,11,6,2.0,29.0,15.75,10.0
22153,ANGEL DECORATION STARS ON DRESS,2011-12-11,197,92.17,0.625,2011,12,4,49,11,6,118.0,149.0,211.0,86.0
22152,PLACE SETTING WHITE STAR,2011-12-11,26,10.92,0.42,2011,12,4,49,11,6,14.0,653.0,196.5,55.0
22082,RIBBON REEL STRIPES DESIGN ,2011-12-11,61,113.77000000000001,1.832222222222222,2011,12,4,49,11,6,88.0,108.0,96.25,147.0
22151,PLACE SETTING WHITE HEART,2011-12-11,188,78.96000000000001,0.42,2011,12,4,49,11,6,239.0,262.0,171.25,103.0
22150,3 STRIPEY MICE FELTCRAFT,2011-12-11,141,302.19,2.8238095238095235,2011,12,4,49,11,6,130.0,91.0,111.5,111.0
22083,PAPER CHAIN KIT RETROSPOT,2011-12-11,129,421.6700000000001,3.8924,2011,12,4,49,11,6,101.0,153.0,144.75,215.0
22084,PAPER CHAIN KIT EMPIRE,2011-12-11,11,32.45,2.95,2011,12,4,49,11,6,0.0,0.0,0.0,46.0
22144,CHRISTMAS CRAFT LITTLE FRIENDS,2011-12-11,187,490.29,2.7464666666666666,2011,12,4,49,11,6,239.0,303.0,309.75,194.0
22085,PAPER CHAIN KIT SKULLS ,2011-12-11,11,50.190000000000005,4.665,2011,12,4,49,11,6,18.0,1.0,5.5,7.0
22142,CHRISTMAS CRAFT WHITE FAIRY ,2011-12-11,73,151.85,2.448857142857143,2011,12,4,49,11,6,116.0,235.0,218.25,75.0
22141,CHRISTMAS CRAFT TREE TOP ANGEL,2011-12-11,80,259.35,3.322833333333333,2011,12,4,49,11,6,149.0,180.0,202.0,80.0
22086,PAPER CHAIN KIT 50'S CHRISTMAS ,2011-12-11,1492,5168.96,3.4214328744939264,2011,12,4,49,11,6,1562.0,1691.0,1710.5,1053.0
22139,RETROSPOT TEA SET CERAMIC 11 PC ,2011-12-11,145,864.47,6.63040404040404,2011,12,4,49,11,6,162.0,192.0,204.75,8.0
22087,PAPER BUNTING WHITE LACE,2011-12-11,46,135.70000000000002,2.95,2011,12,4,49,11,6,0.0,317.0,145.0,22.0
22136,LOVE HEART SOCK HANGER,2011-12-11,2,6.58,3.29,2011,12,4,49,11,6,0.0,0.0,0.0,4.0
22135,MINI LADLE LOVE HEART PINK,2011-12-11,28,17.5,0.7616666666666666,2011,12,4,49,11,6,15.0,7.0,16.25,1.0
22089,PAPER BUNTING VINTAGE PAISLEY,2011-12-11,6,17.700000000000003,2.95,2011,12,4,49,11,6,12.0,24.0,19.25,1.0
22134,MINI LADLE LOVE HEART RED ,2011-12-11,311,117.84999999999998,0.7370833333333333,2011,12,4,49,11,6,10.0,10.0,11.5,9.0
22090,PAPER BUNTING RETROSPOT,2011-12-11,60,190.04000000000002,4.001666666666667,2011,12,4,49,11,6,59.0,68.0,76.5,20.0
22133,PINK LOVE HEART SHAPE CUP,2011-12-11,19,16.93,1.11,2011,12,4,49,11,6,5.0,1.0,3.0,30.0
22132,RED LOVE HEART SHAPE CUP,2011-12-11,19,19.27,0.98,2011,12,4,49,11,6,5.0,4.0,32.75,11.0
22091,EMPIRE TISSUE BOX,2011-12-11,8,11.399999999999999,1.7700000000000002,2011,12,4,49,11,6,18.0,26.0,68.75,11.0
22131,FOOD CONTAINER SET 3 LOVE HEART ,2011-12-11,32,86.38,3.3125,2011,12,4,49,11,6,9.0,11.0,47.5,38.0
22092,BLUE PAISLEY TISSUE BOX,2011-12-11,3,1.17,0.39,2011,12,4,49,11,6,8.0,14.0,27.0,13.0
22203,MILK PAN RED RETROSPOT,2011-12-11,72,114.84,2.673125,2011,12,4,49,11,6,11.0,7.0,5.75,17.0
22031,BOTANICAL LAVENDER BIRTHDAY CARD,2011-12-11,26,11.74,0.625,2011,12,4,49,11,6,2.0,13.0,12.75,0.0
22207,FRYING PAN UNION FLAG,2011-12-11,95,407.11,6.2508,2011,12,4,49,11,6,10.0,35.0,19.25,43.0
22312,OFFICE MUG WARMER POLKADOT,2011-12-11,41,84.13,3.33,2011,12,4,49,11,6,20.0,48.0,35.25,47.0
21976,PACK OF 60 MUSHROOM CAKE CASES,2011-12-11,82,50.830000000000005,0.9065000000000001,2011,12,4,49,11,6,20.0,20.0,43.0,102.0
22311,OFFICE MUG WARMER BLACK+SILVER ,2011-12-11,152,410.68,3.6966666666666668,2011,12,4,49,11,6,15.0,15.0,54.25,32.0
22310,IVORY KNITTED MUG COSY ,2011-12-11,12,28.0,2.1966666666666668,2011,12,4,49,11,6,14.0,158.0,55.5,58.0
21977,PACK OF 60 PINK PAISLEY CAKE CASES,2011-12-11,206,124.63000000000001,0.9456666666666667,2011,12,4,49,11,6,239.0,392.0,337.0,232.0
22309,TEA COSY RED  STRIPE,2011-12-11,12,45.06,3.955833333333333,2011,12,4,49,11,6,4.0,8.0,10.0,7.0
22308,TEA COSY BLUE STRIPE,2011-12-11,12,52.29,4.478,2011,12,4,49,11,6,5.0,10.0,10.5,9.0
21980,PACK OF 12 RED RETROSPOT TISSUES ,2011-12-11,66,27.499999999999996,0.61,2011,12,4,49,11,6,30.0,91.0,66.25,70.0
22307,GOLD MUG BONE CHINA TREE OF LIFE,2011-12-11,6,13.59,4.675,2011,12,4,49,11,6,55.0,55.0,69.5,20.0
22306,SILVER MUG BONE CHINA TREE OF LIFE,2011-12-11,20,21.200000000000003,1.06,2011,12,4,49,11,6,103.0,73.0,95.5,12.0
21981,PACK OF 12 WOODLAND TISSUES ,2011-12-11,64,35.48,0.6696,2011,12,4,49,11,6,13.0,53.0,48.25,72.0
22305,COFFEE MUG PINK PAISLEY DESIGN,2011-12-11,12,30.599999999999998,2.55,2011,12,4,49,11,6,2.0,0.0,1.25,19.0
22304,COFFEE MUG BLUE PAISLEY DESIGN,2011-12-11,43,95.86,3.203333333333333,2011,12,4,49,11,6,1.0,6.0,4.0,28.0
21982,PACK OF 12 SUKI TISSUES ,2011-12-11,107,50.00999999999999,0.6736666666666666,2011,12,4,49,11,6,27.0,96.0,90.0,164.0
22301,COFFEE MUG CAT + BIRD DESIGN,2011-12-11,34,105.97999999999999,3.955833333333333,2011,12,4,49,11,6,33.0,35.0,24.75,62.0
22300,COFFEE MUG DOG + BALL DESIGN,2011-12-11,27,76.08,3.654583333333333,2011,12,4,49,11,6,33.0,31.0,24.0,45.0
21983,PACK OF 12 BLUE PAISLEY TISSUES ,2011-12-11,43,19.81,0.715,2011,12,4,49,11,6,29.0,81.0,35.5,108.0
22299,PIG KEYRING WITH LIGHT & SOUND ,2011-12-11,433,168.87,0.39,2011,12,4,49,11,6,194.0,32.0,88.25,29.0
22297,HEART IVORY TRELLIS SMALL,2011-12-11,33,50.93000000000001,2.00625,2011,12,4,49,11,6,74.0,79.0,87.75,119.0
21984,PACK OF 12 PINK PAISLEY TISSUES ,2011-12-11,31,13.409999999999998,0.698,2011,12,4,49,11,6,14.0,55.0,26.25,64.0
22296,HEART IVORY TRELLIS LARGE,2011-12-11,6,16.46,3.016666666666667,2011,12,4,49,11,6,57.0,125.0,53.25,91.0
22295,HEART FILIGREE DOVE LARGE,2011-12-11,43,75.86999999999999,2.3333333333333335,2011,12,4,49,11,6,10.0,273.0,79.0,135.0
21985,PACK OF 12 HEARTS DESIGN TISSUES ,2011-12-11,68,30.04,0.5660000000000001,2011,12,4,49,11,6,105.0,112.0,99.5,67.0
22294,HEART FILIGREE DOVE  SMALL,2011-12-11,31,47.22,2.0566666666666666,2011,12,4,49,11,6,99.0,115.0,110.0,133.0
22288,HANGING METAL RABBIT DECORATION,2011-12-11,2,2.5,1.25,2011,12,4,49,11,6,0.0,2.0,0.75,4.0
22313,OFFICE MUG WARMER PINK,2011-12-11,27,40.79,3.01,2011,12,4,49,11,6,6.0,16.0,7.0,30.0
22285,HANGING HEN ON NEST DECORATION,2011-12-11,13,23.089999999999996,2.4699999999999998,2011,12,4,49,11,6,12.0,5.0,4.25,27.0
21975,PACK OF 60 DINOSAUR CAKE CASES,2011-12-11,72,44.50000000000001,0.7600000000000001,2011,12,4,49,11,6,100.0,237.0,161.75,42.0
22315,200 RED + WHITE BENDY STRAWS,2011-12-11,3,4.96,1.6533333333333333,2011,12,4,49,11,6,1.0,4.0,13.0,47.0
22338,STAR DECORATION PAINTED ZINC ,2011-12-11,366,111.62,0.49379999999999996,2011,12,4,49,11,6,446.0,453.0,476.0,67.0
21944,KITTENS DESIGN FLANNEL,2011-12-11,46,22.9,0.8722222222222221,2011,12,4,49,11,6,26.0,6.0,11.25,7.0
22335,HEART DECORATION PAINTED ZINC ,2011-12-11,38,34.3,0.9500000000000001,2011,12,4,49,11,6,42.0,21.0,42.25,52.0
21945,STRAWBERRIES  DESIGN FLANNEL ,2011-12-11,8,11.799999999999999,1.4749999999999999,2011,12,4,49,11,6,26.0,10.0,13.75,14.0
22334,DINOSAUR PARTY BAG + STICKER SET,2011-12-11,8,13.2,1.65,2011,12,4,49,11,6,1.0,11.0,9.25,0.0
21946,PARTY TIME DESIGN FLANNEL,2011-12-11,6,3.58,1.01,2011,12,4,49,11,6,1.0,1.0,0.5,2.0
22333,RETROSPOT PARTY BAG + STICKER SET,2011-12-11,21,34.65,1.65,2011,12,4,49,11,6,3.0,142.0,86.75,62.0
22332,SKULLS PARTY BAG + STICKER SET,2011-12-11,8,13.2,1.65,2011,12,4,49,11,6,0.0,20.0,14.75,10.0
22331,WOODLAND PARTY BAG + STICKER SET,2011-12-11,16,32.96,2.306,2011,12,4,49,11,6,5.0,17.0,33.75,53.0
21947,SET OF 6 HEART CHOPSTICKS,2011-12-11,5,11.09,2.1574999999999998,2011,12,4,49,11,6,7.0,12.0,15.25,7.0
22329,ROUND CONTAINER SET OF 5 RETROSPOT,2011-12-11,9,26.330000000000002,2.675,2011,12,4,49,11,6,4.0,37.0,22.75,6.0
22328,ROUND SNACK BOXES SET OF 4 FRUITS ,2011-12-11,88,271.40000000000003,3.264666666666667,2011,12,4,49,11,6,96.0,244.0,120.75,1538.0
22327,ROUND SNACK BOXES SET OF 4 SKULLS,2011-12-11,36,174.24,5.234,2011,12,4,49,11,6,77.0,35.0,39.5,21.0
21948,SET OF 6 CAKE CHOPSTICKS,2011-12-11,5,12.3,2.46,2011,12,4,49,11,6,6.0,3.0,12.0,11.0
22326,ROUND SNACK BOXES SET OF4 WOODLAND ,2011-12-11,233,674.5100000000001,3.4128,2011,12,4,49,11,6,145.0,258.0,212.0,122.0
21949,SET OF 6 STRAWBERRY CHOPSTICKS,2011-12-11,8,19.68,2.46,2011,12,4,49,11,6,5.0,13.0,13.25,31.0
22324,BLUE POLKADOT KIDS BAG,2011-12-11,5,20.65,4.13,2011,12,4,49,11,6,7.0,1.0,3.25,15.0
22321,BIRD DECORATION RED RETROSPOT,2011-12-11,3,4.89,1.63,2011,12,4,49,11,6,2.0,37.0,20.0,22.0
21955,DOORMAT UNION JACK GUNS AND ROSES,2011-12-11,12,95.72,10.666666666666666,2011,12,4,49,11,6,2.0,17.0,6.25,10.0
22320,BIRDS MOBILE VINTAGE DESIGN,2011-12-11,2,11.9,5.95,2011,12,4,49,11,6,4.0,4.0,5.0,0.0
22319,HAIRCLIPS FORTIES FABRIC ASSORTED,2011-12-11,624,118.56,0.19,2011,12,4,49,11,6,0.0,36.0,12.0,60.0
22318,FIVE HEART HANGING DECORATION,2011-12-11,1,5.79,5.79,2011,12,4,49,11,6,4.0,1.0,3.0,12.0
21967,PACK OF 12 SKULL TISSUES,2011-12-11,36,18.0,0.6613333333333333,2011,12,4,49,11,6,20.0,50.0,47.25,181.0
22316,200 BENDY SKULL STRAWS,2011-12-11,1,1.25,1.25,2011,12,4,49,11,6,3.0,2.0,4.5,1.0
21974,SET OF 36 PAISLEY FLOWER DOILIES,2011-12-11,55,90.22999999999999,2.339166666666667,2011,12,4,49,11,6,54.0,61.0,64.5,30.0
22314,OFFICE MUG WARMER CHOC+BLUE,2011-12-11,90,174.48,2.6668,2011,12,4,49,11,6,19.0,3.0,13.0,57.0
22341,LOVE GARLAND PAINTED ZINC ,2011-12-11,5,16.450000000000003,3.29,2011,12,4,49,11,6,1.0,1.0,2.0,3.0
21986,PACK OF 12 PINK POLKADOT TISSUES,2011-12-11,31,13.41,0.5,2011,12,4,49,11,6,9.0,81.0,29.25,12.0
21987,PACK OF 6 SKULL PAPER CUPS,2011-12-11,16,12.36,0.9766666666666666,2011,12,4,49,11,6,12.0,19.0,85.75,0.0
22231,JIGSAW TREE WITH BIRDHOUSE,2011-12-11,12,7.08,0.59,2011,12,4,49,11,6,22.0,4.0,9.0,39.0
22024,RAINY LADIES BIRTHDAY CARD,2011-12-11,34,18.38,0.7274999999999999,2011,12,4,49,11,6,2.0,133.0,41.25,74.0
22229,BUNNY WOODEN PAINTED WITH FLOWER ,2011-12-11,1,0.39,0.39,2011,12,4,49,11,6,6.0,0.0,2.25,1.0
22228,BUNNY WOODEN PAINTED WITH BIRD ,2011-12-11,27,10.53,0.38999999999999996,2011,12,4,49,11,6,6.0,13.0,8.0,1.0
22227,HANGING HEART MIRROR DECORATION ,2011-12-11,60,43.800000000000004,0.95,2011,12,4,49,11,6,54.0,48.0,56.75,114.0
22224,WHITE LOVEBIRD LANTERN,2011-12-11,12,46.760000000000005,3.896666666666667,2011,12,4,49,11,6,20.0,41.0,21.75,24.0
22025,RING OF ROSES BIRTHDAY CARD,2011-12-11,18,10.02,0.6933333333333334,2011,12,4,49,11,6,1.0,17.0,14.75,77.0
22223,CAKE PLATE LOVEBIRD PINK,2011-12-11,1,9.96,9.96,2011,12,4,49,11,6,7.0,3.0,2.75,1.0
22222,CAKE PLATE LOVEBIRD WHITE,2011-12-11,5,44.790000000000006,8.7075,2011,12,4,49,11,6,9.0,6.0,8.5,2.0
22026,BANQUET BIRTHDAY  CARD  ,2011-12-11,20,11.68,0.7274999999999999,2011,12,4,49,11,6,25.0,6.0,23.75,25.0
22221,CAKE STAND LOVEBIRD 2 TIER PINK,2011-12-11,24,70.80000000000001,2.95,2011,12,4,49,11,6,15.0,1.0,4.25,1.0
22220,CAKE STAND LOVEBIRD 2 TIER WHITE,2011-12-11,73,215.35000000000002,2.95,2011,12,4,49,11,6,14.0,3.0,8.5,0.0
22219,LOVEBIRD HANGING DECORATION WHITE ,2011-12-11,28,31.599999999999994,1.318,2011,12,4,49,11,6,68.0,45.0,160.5,100.0
22027,TEA PARTY BIRTHDAY CARD,2011-12-11,88,38.6,0.5293333333333333,2011,12,4,49,11,6,26.0,21.0,112.75,42.0
22217,T-LIGHT HOLDER HANGING LACE,2011-12-11,263,102.57,0.39,2011,12,4,49,11,6,109.0,20.0,48.75,5.0
22216,T-LIGHT HOLDER WHITE LACE,2011-12-11,190,84.57999999999998,0.45749999999999996,2011,12,4,49,11,6,4.0,1.0,4.0,0.0
22028,PENNY FARTHING BIRTHDAY CARD,2011-12-11,29,14.23,0.707,2011,12,4,49,11,6,75.0,53.0,77.5,76.0
22215,CAKE STAND WHITE TWO TIER LACE,2011-12-11,85,264.43000000000006,3.6340000000000003,2011,12,4,49,11,6,8.0,2.0,3.75,1.0
22212,FOUR HOOK  WHITE LOVEBIRDS,2011-12-11,30,83.30000000000001,3.385666666666667,2011,12,4,49,11,6,67.0,40.0,42.5,92.0
22029,SPACEBOY BIRTHDAY CARD,2011-12-11,315,125.49,0.6416,2011,12,4,49,11,6,90.0,147.0,132.0,92.0
22211,WOOD STAMP SET FLOWERS,2011-12-11,16,25.58,1.7320000000000002,2011,12,4,49,11,6,19.0,49.0,35.75,8.0
22210,WOOD STAMP SET BEST WISHES,2011-12-11,86,76.3,1.1375,2011,12,4,49,11,6,26.0,54.0,33.0,17.0
22209,WOOD STAMP SET HAPPY BIRTHDAY,2011-12-11,90,77.16,1.4449999999999998,2011,12,4,49,11,6,6.0,21.0,17.5,4.0
22030,SWALLOWS GREETING CARD,2011-12-11,62,36.7,0.5566666666666666,2011,12,4,49,11,6,676.0,109.0,256.25,60.0
22208,WOOD STAMP SET THANK YOU,2011-12-11,17,23.95,1.3376190476190477,2011,12,4,49,11,6,65.0,95.0,90.75,10.0
22232,JIGSAW TOADSTOOLS 3 PIECE,2011-12-11,14,8.26,0.59,2011,12,4,49,11,6,35.0,16.0,17.75,32.0
22284,HEN HOUSE DECORATION,2011-12-11,12,19.799999999999997,1.65,2011,12,4,49,11,6,13.0,6.0,11.0,4.0
22233,JIGSAW RABBIT AND BIRDHOUSE,2011-12-11,5,5.65,1.94,2011,12,4,49,11,6,42.0,8.0,12.5,3.0
22248,DECORATION  PINK CHICK MAGIC GARDEN,2011-12-11,1,1.63,1.63,2011,12,4,49,11,6,0.0,0.0,4.25,0.0
22283,6 EGG HOUSE PAINTED WOOD,2011-12-11,7,63.49,10.563333333333333,2011,12,4,49,11,6,7.0,3.0,4.25,12.0
22282,12 EGG HOUSE PAINTED WOOD,2011-12-11,3,50.46,18.855,2011,12,4,49,11,6,1.0,5.0,5.25,4.0
22280,POCKET BAG PINK PAISELY BROWN SPOT,2011-12-11,7,16.009999999999998,2.2583333333333333,2011,12,4,49,11,6,6.0,18.0,10.0,3.0
22279,POCKET BAG BLUE PAISLEY RED SPOT,2011-12-11,13,30.77,2.30875,2011,12,4,49,11,6,28.0,31.0,36.0,8.0
22278,OVERNIGHT BAG VINTAGE ROSE PAISLEY,2011-12-11,25,246.39,9.695,2011,12,4,49,11,6,31.0,13.0,16.25,38.0
21988,PACK OF 6 SKULL PAPER PLATES,2011-12-11,15,13.529999999999998,1.045,2011,12,4,49,11,6,12.0,23.0,77.75,0.0
22277,COSMETIC BAG VINTAGE ROSE PAISLEY,2011-12-11,13,33.39,3.36875,2011,12,4,49,11,6,8.0,5.0,3.5,21.0
22276,WASH BAG VINTAGE ROSE PAISLEY,2011-12-11,6,18.54,4.17,2011,12,4,49,11,6,0.0,0.0,0.0,15.0
22274,FELTCRAFT DOLL EMILY,2011-12-11,29,94.07000000000001,4.2122222222222225,2011,12,4,49,11,6,96.0,51.0,62.0,35.0
21989,PACK OF 20 SKULL PAPER NAPKINS,2011-12-11,23,25.009999999999998,1.1425,2011,12,4,49,11,6,36.0,26.0,40.75,11.0
22273,FELTCRAFT DOLL MOLLY,2011-12-11,28,99.64,3.8588,2011,12,4,49,11,6,99.0,63.0,76.5,23.0
22269,EGG CUP NATURAL CHICKEN,2011-12-11,34,17.4,1.425,2011,12,4,49,11,6,5.0,36.0,23.5,2.0
21990,MODERN FLORAL STATIONERY SET,2011-12-11,84,178.81,1.8377142857142856,2011,12,4,49,11,6,61.0,65.0,77.75,30.0
22264,FELT FARM ANIMAL WHITE BUNNY ,2011-12-11,1,1.63,1.63,2011,12,4,49,11,6,0.0,0.0,0.0,1.0
22263,FELT EGG COSY LADYBIRD ,2011-12-11,1,1.63,1.63,2011,12,4,49,11,6,2.0,9.0,4.0,1.0
22262,FELT EGG COSY CHICKEN,2011-12-11,7,8.29,1.24,2011,12,4,49,11,6,4.0,20.0,10.5,15.0
22261,FELT EGG COSY WHITE RABBIT ,2011-12-11,8,13.04,1.63,2011,12,4,49,11,6,6.0,14.0,6.5,4.0
21991,BOHEMIAN COLLAGE STATIONERY SET,2011-12-11,21,44.4,1.930625,2011,12,4,49,11,6,39.0,13.0,33.5,10.0
22260,FELT EGG COSY BLUE RABBIT ,2011-12-11,5,8.149999999999999,1.63,2011,12,4,49,11,6,19.0,12.0,9.25,8.0
22255,FELT TOADSTOOL  SMALL,2011-12-11,12,10.2,0.85,2011,12,4,49,11,6,12.0,2.0,28.0,26.0
21993,FLORAL FOLK STATIONERY SET,2011-12-11,83,176.35,1.8578809523809525,2011,12,4,49,11,6,103.0,87.0,103.5,29.0
22254,FELT TOADSTOOL LARGE,2011-12-11,12,15.0,1.25,2011,12,4,49,11,6,12.0,1.0,10.5,12.0
22252,BIRDCAGE DECORATION TEALIGHT HOLDER,2011-12-11,12,15.0,1.25,2011,12,4,49,11,6,0.0,18.0,15.0,0.0
22251,BIRDHOUSE DECORATION MAGIC GARDEN,2011-12-11,2,4.92,2.46,2011,12,4,49,11,6,6.0,8.0,5.75,1.0
22250,DECORATION  BUTTERFLY  MAGIC GARDEN,2011-12-11,2,3.26,1.63,2011,12,4,49,11,6,0.0,0.0,1.75,0.0
22023,EMPIRE BIRTHDAY CARD,2011-12-11,15,7.53,0.7616666666666667,2011,12,4,49,11,6,14.0,27.0,17.25,17.0
22951,60 CAKE CASES DOLLY GIRL DESIGN,2011-12-11,69,44.25,0.8300000000000001,2011,12,4,49,11,6,84.0,209.0,194.25,207.0
21786,POLKADOT RAIN HAT ,2011-12-11,51,31.919999999999998,0.7481249999999999,2011,12,4,49,11,6,48.0,29.0,46.25,161.0
22549,PICTURE DOMINOES,2011-12-11,174,268.34999999999997,2.3458333333333337,2011,12,4,49,11,6,100.0,82.0,161.75,160.0
21471,STRAWBERRY RAFFIA FOOD COVER,2011-12-11,8,26.32,3.2900000000000005,2011,12,4,49,11,6,12.0,3.0,7.25,9.0
22804,PINK HANGING HEART T-LIGHT HOLDER,2011-12-11,26,90.9,3.186666666666667,2011,12,4,49,11,6,16.0,681.0,195.0,28.0
21479,WHITE SKULL HOT WATER BOTTLE ,2011-12-11,241,1465.49,5.481619047619048,2011,12,4,49,11,6,178.0,128.0,235.0,555.0
22802,FAUX FUR CHOCOLATE THROW,2011-12-11,14,111.30000000000001,7.95,2011,12,4,49,11,6,6.0,5.0,3.75,3.0
21481,FAWN BLUE HOT WATER BOTTLE,2011-12-11,111,459.72,5.068114285714286,2011,12,4,49,11,6,141.0,150.0,142.5,340.0
22801,ANTIQUE GLASS PEDESTAL BOWL,2011-12-11,24,99.08,6.487500000000001,2011,12,4,49,11,6,42.0,51.0,37.5,48.0
22800,ANTIQUE TALL SWIRLGLASS TRINKET POT,2011-12-11,19,97.22,6.06875,2011,12,4,49,11,6,38.0,12.0,23.5,47.0
21484,CHICK GREY HOT WATER BOTTLE,2011-12-11,65,354.18,6.103400000000001,2011,12,4,49,11,6,64.0,90.0,97.25,82.0
22799,SWEETHEART WIRE FRUIT BOWL,2011-12-11,15,44.25000000000001,2.95,2011,12,4,49,11,6,18.0,5.0,6.25,0.0
22798,ANTIQUE GLASS DRESSING TABLE POT,2011-12-11,124,403.40000000000003,4.421,2011,12,4,49,11,6,90.0,69.0,54.25,104.0
21485,RETROSPOT HEART HOT WATER BOTTLE,2011-12-11,106,555.49,6.219166666666666,2011,12,4,49,11,6,106.0,151.0,170.5,190.0
22805,BLUE DRAWER KNOB ACRYLIC EDWARDIAN,2011-12-11,14,34.89,2.811666666666667,2011,12,4,49,11,6,55.0,28.0,39.0,72.0
22797,CHEST OF DRAWERS GINGHAM HEART ,2011-12-11,2,50.239999999999995,25.119999999999997,2011,12,4,49,11,6,3.0,10.0,3.5,5.0
21494,ROTATING LEAVES T-LIGHT HOLDER,2011-12-11,88,237.09,3.1807333333333334,2011,12,4,49,11,6,81.0,131.0,98.0,67.0
22795,SWEETHEART RECIPE BOOK STAND,2011-12-11,49,422.59,10.61842857142857,2011,12,4,49,11,6,38.0,43.0,38.0,55.0
22794,SWEETHEART WIRE MAGAZINE RACK,2011-12-11,3,23.85,7.95,2011,12,4,49,11,6,5.0,1.0,4.0,9.0
21495,SKULLS AND CROSSBONES WRAP,2011-12-11,125,52.5,0.42,2011,12,4,49,11,6,100.0,250.0,212.5,25.0
22792,FLUTED ANTIQUE CANDLE HOLDER,2011-12-11,109,100.71000000000001,1.3555555555555554,2011,12,4,49,11,6,270.0,168.0,230.5,88.0
22791,T-LIGHT GLASS FLUTED ANTIQUE,2011-12-11,210,286.33,1.5761333333333334,2011,12,4,49,11,6,387.0,271.0,314.75,267.0
21497,FANCY FONTS BIRTHDAY WRAP,2011-12-11,325,124.5,0.40499999999999997,2011,12,4,49,11,6,175.0,100.0,162.5,25.0
22789,T-LIGHT HOLDER SWEETHEART HANGING,2011-12-11,5,11.93,3.04,2011,12,4,49,11,6,15.0,1.0,5.5,15.0
22786,CUSHION COVER PINK UNION JACK,2011-12-11,14,17.5,1.25,2011,12,4,49,11,6,4.0,1.0,1.75,4.0
22785,SQUARECUSHION COVER PINK UNION JACK,2011-12-11,122,183.26,3.1725,2011,12,4,49,11,6,1.0,3.0,1.75,4.0
21498,RED RETROSPOT WRAP ,2011-12-11,250,105.0,0.42,2011,12,4,49,11,6,275.0,275.0,256.25,125.0
22796,PHOTO FRAME 3 CLASSIC HANGING,2011-12-11,7,69.64999999999999,9.95,2011,12,4,49,11,6,11.0,26.0,14.5,25.0
22806,SET OF 6 T-LIGHTS WEDDING CAKE ,2011-12-11,60,75.0,1.25,2011,12,4,49,11,6,6.0,18.0,6.25,6.0
21470,FLOWER VINE RAFFIA FOOD COVER,2011-12-11,3,18.67,6.223333333333334,2011,12,4,49,11,6,12.0,4.0,7.0,14.0
22807,SET OF 6 T-LIGHTS TOADSTOOLS,2011-12-11,90,154.48000000000002,2.7253333333333334,2011,12,4,49,11,6,29.0,21.0,19.0,11.0
21441,BLUE BIRDHOUSE DECORATION,2011-12-11,140,26.6,0.19000000000000003,2011,12,4,49,11,6,2.0,0.0,4.0,2.0
22834,HAND WARMER BABUSHKA DESIGN,2011-12-11,60,136.61,2.7796666666666665,2011,12,4,49,11,6,62.0,19.0,47.0,956.0
21442,GREEN BIRDHOUSE DECORATION,2011-12-11,140,26.6,0.19,2011,12,4,49,11,6,0.0,0.0,3.5,25.0
21446,12 RED ROSE PEG PLACE SETTINGS,2011-12-11,12,15.0,1.25,2011,12,4,49,11,6,8.0,33.0,12.0,6.0
22822,CREAM WALL PLANTER HEART SHAPED,2011-12-11,3,24.36,7.577500000000001,2011,12,4,49,11,6,3.0,1.0,2.0,21.0
22821,GIFT BAG PSYCHEDELIC APPLES,2011-12-11,11,8.77,0.8099999999999999,2011,12,4,49,11,6,37.0,12.0,31.0,29.0
21452,TOADSTOOL MONEY BOX,2011-12-11,14,51.83,4.502916666666667,2011,12,4,49,11,6,22.0,17.0,17.0,59.0
22819,"BIRTHDAY CARD, RETRO SPOT",2011-12-11,68,28.56,0.42,2011,12,4,49,11,6,41.0,163.0,69.5,18.0
21454,PAINTED PINK RABBIT ,2011-12-11,7,6.7299999999999995,1.24,2011,12,4,49,11,6,4.0,0.0,1.0,2.0
22818,CARD CHRISTMAS VILLAGE,2011-12-11,105,44.1,0.42,2011,12,4,49,11,6,378.0,313.0,339.0,181.0
22817,CARD SUKI BIRTHDAY,2011-12-11,37,15.540000000000001,0.42,2011,12,4,49,11,6,55.0,82.0,85.75,28.0
21462,"NURSERY A,B,C PAINTED LETTERS",2011-12-11,81,157.95,1.95,2011,12,4,49,11,6,11.0,0.0,3.75,4.0
22816,CARD MOTORBIKE SANTA,2011-12-11,212,89.03999999999999,0.42000000000000004,2011,12,4,49,11,6,184.0,339.0,313.5,377.0
22815,CARD PSYCHEDELIC APPLES,2011-12-11,97,40.74,0.42000000000000004,2011,12,4,49,11,6,29.0,54.0,54.25,27.0
21463,MIRRORED DISCO BALL ,2011-12-11,4,23.8,5.95,2011,12,4,49,11,6,89.0,14.0,30.5,70.0
22814,CARD PARTY GAMES ,2011-12-11,208,78.72,0.414,2011,12,4,49,11,6,30.0,67.0,41.0,16.0
22813,PACK 3 BOXES BIRD PANETTONE ,2011-12-11,41,117.00999999999999,3.694,2011,12,4,49,11,6,12.0,35.0,16.75,0.0
21466,RED FLOWER CROCHET FOOD COVER,2011-12-11,9,41.17,5.605,2011,12,4,49,11,6,8.0,5.0,4.75,10.0
22812,PACK 3 BOXES CHRISTMAS PANETTONE,2011-12-11,4,7.8,1.95,2011,12,4,49,11,6,19.0,21.0,22.25,103.0
21467,CHERRY CROCHET FOOD COVER,2011-12-11,2,11.21,5.605,2011,12,4,49,11,6,0.0,2.0,0.75,3.0
22811,SET OF 6 T-LIGHTS CACTI ,2011-12-11,58,99.74,2.9146666666666667,2011,12,4,49,11,6,103.0,163.0,71.75,23.0
22810,SET OF 6 T-LIGHTS SNOWMEN,2011-12-11,3,8.850000000000001,2.95,2011,12,4,49,11,6,43.0,100.0,63.5,70.0
21469,POLKA DOT RAFFIA FOOD COVER,2011-12-11,7,26.25,3.75,2011,12,4,49,11,6,0.0,0.0,0.5,12.0
22809,SET OF 6 T-LIGHTS SANTA,2011-12-11,86,279.06,4.546,2011,12,4,49,11,6,138.0,65.0,88.5,43.0
22808,SET OF 6 T-LIGHTS EASTER CHICKS,2011-12-11,26,32.5,1.25,2011,12,4,49,11,6,0.0,2.0,0.5,24.0
22784,LANTERN CREAM GAZEBO ,2011-12-11,22,126.42000000000002,6.734444444444445,2011,12,4,49,11,6,24.0,54.0,35.0,22.0
21499,BLUE POLKADOT WRAP,2011-12-11,50,21.0,0.42,2011,12,4,49,11,6,100.0,125.0,168.75,150.0
22781,GUMBALL MAGAZINE RACK,2011-12-11,9,134.64000000000001,14.96,2011,12,4,49,11,6,11.0,19.0,16.25,14.0
22780,LIGHT GARLAND BUTTERFILES PINK,2011-12-11,13,55.25,4.25,2011,12,4,49,11,6,21.0,36.0,19.5,17.0
22756,LARGE YELLOW BABUSHKA NOTEBOOK ,2011-12-11,173,79.88999999999999,0.6487499999999999,2011,12,4,49,11,6,17.0,32.0,17.75,9.0
21535,RED RETROSPOT SMALL MILK JUG,2011-12-11,14,35.699999999999996,2.55,2011,12,4,49,11,6,39.0,31.0,33.0,2.0
22755,SMALL PURPLE BABUSHKA NOTEBOOK ,2011-12-11,453,107.91,0.5255555555555556,2011,12,4,49,11,6,41.0,37.0,35.5,41.0
22754,SMALL RED BABUSHKA NOTEBOOK ,2011-12-11,586,150.04,0.5965555555555555,2011,12,4,49,11,6,82.0,55.0,60.0,42.0
21537,RED RETROSPOT PUDDING BOWL,2011-12-11,8,34.0,4.25,2011,12,4,49,11,6,13.0,17.0,11.5,42.0
22753,SMALL YELLOW BABUSHKA NOTEBOOK ,2011-12-11,192,50.26,0.5271333333333332,2011,12,4,49,11,6,101.0,47.0,54.75,24.0
22752,SET 7 BABUSHKA NESTING BOXES,2011-12-11,179,788.6500000000001,6.252916666666668,2011,12,4,49,11,6,67.0,72.0,58.25,170.0
21544,SKULLS  WATER TRANSFER TATTOOS ,2011-12-11,89,78.77,1.1749999999999998,2011,12,4,49,11,6,64.0,34.0,47.5,41.0
22751,FELTCRAFT PRINCESS OLIVIA DOLL,2011-12-11,17,89.72,5.481333333333334,2011,12,4,49,11,6,50.0,21.0,38.5,21.0
22750,FELTCRAFT PRINCESS LOLA DOLL,2011-12-11,38,157.34,4.7084166666666665,2011,12,4,49,11,6,72.0,75.0,72.0,33.0
21555,CERAMIC STRAWBERRY TRINKET TRAY,2011-12-11,3,7.38,2.46,2011,12,4,49,11,6,4.0,4.0,3.0,0.0
22749,FELTCRAFT PRINCESS CHARLOTTE DOLL,2011-12-11,86,327.48,5.057,2011,12,4,49,11,6,92.0,67.0,89.25,44.0
22748,POPPY'S PLAYHOUSE KITCHEN,2011-12-11,15,38.78,3.0945833333333335,2011,12,4,49,11,6,35.0,51.0,72.25,69.0
21557,SET OF 6 FUNKY BEAKERS,2011-12-11,11,43.650000000000006,4.6850000000000005,2011,12,4,49,11,6,1.0,8.0,8.75,18.0
22747,POPPY'S PLAYHOUSE BATHROOM,2011-12-11,19,47.18000000000001,2.9050000000000002,2011,12,4,49,11,6,11.0,23.0,18.25,37.0
22746,POPPY'S PLAYHOUSE LIVINGROOM ,2011-12-11,19,45.99,2.6920833333333336,2011,12,4,49,11,6,15.0,30.0,34.25,61.0
21558,SKULL LUNCH BOX WITH CUTLERY ,2011-12-11,9,42.23,4.692222222222222,2011,12,4,49,11,6,24.0,35.0,35.75,30.0
22745,POPPY'S PLAYHOUSE BEDROOM ,2011-12-11,21,54.25,3.318,2011,12,4,49,11,6,29.0,52.0,62.5,62.0
22744,MAKE YOUR OWN MONSOON CARD KIT,2011-12-11,227,189.33,1.29,2011,12,4,49,11,6,39.0,15.0,19.5,25.0
21559,STRAWBERRY LUNCH BOX WITH CUTLERY,2011-12-11,34,122.85,4.156666666666666,2011,12,4,49,11,6,27.0,57.0,48.5,56.0
22743,MAKE YOUR OWN FLOWERPOWER CARD KIT,2011-12-11,246,214.34,1.3971428571428572,2011,12,4,49,11,6,10.0,13.0,12.25,13.0
22742,MAKE YOUR OWN PLAYTIME CARD KIT,2011-12-11,236,191.44,1.2066666666666666,2011,12,4,49,11,6,37.0,15.0,14.5,8.0
21561,DINOSAUR LUNCH BOX WITH CUTLERY,2011-12-11,8,34.86,4.290555555555556,2011,12,4,49,11,6,10.0,15.0,11.5,2.0
22741,FUNKY DIVA PEN,2011-12-11,265,244.74999999999997,1.2887499999999998,2011,12,4,49,11,6,112.0,206.0,147.75,210.0
22739,RIBBON REEL CHRISTMAS SOCK BAUBLE,2011-12-11,61,158.97000000000003,2.9375,2011,12,4,49,11,6,74.0,76.0,108.5,101.0
21534,DAIRY MAID LARGE MILK JUG,2011-12-11,8,39.6,4.95,2011,12,4,49,11,6,7.0,4.0,5.25,6.0
22835,HOT WATER BOTTLE I AM SO POORLY,2011-12-11,154,969.12,6.773120129870129,2011,12,4,49,11,6,253.0,251.0,251.75,185.0
22757,LARGE RED BABUSHKA NOTEBOOK ,2011-12-11,363,162.27,1.0307142857142857,2011,12,4,49,11,6,29.0,34.0,22.5,23.0
22758,LARGE PURPLE BABUSHKA NOTEBOOK  ,2011-12-11,518,224.79,1.011,2011,12,4,49,11,6,35.0,12.0,14.0,18.0
21500,PINK POLKADOT WRAP ,2011-12-11,25,10.5,0.42,2011,12,4,49,11,6,275.0,100.0,143.75,100.0
22779,WOODEN OWLS LIGHT GARLAND ,2011-12-11,14,59.5,4.25,2011,12,4,49,11,6,24.0,36.0,22.25,82.0
21504,SKULLS GREETING CARD,2011-12-11,72,30.240000000000002,0.42,2011,12,4,49,11,6,1.0,49.0,28.5,0.0
22776,SWEETHEART 3 TIER CAKE STAND ,2011-12-11,16,239.28,16.831875,2011,12,4,49,11,6,14.0,20.0,20.75,57.0
21506,"FANCY FONT BIRTHDAY CARD, ",2011-12-11,343,132.53,0.4763333333333334,2011,12,4,49,11,6,77.0,72.0,86.5,100.0
21507,ELEPHANT BIRTHDAY CARD ,2011-12-11,102,45.300000000000004,0.5566666666666666,2011,12,4,49,11,6,16.0,111.0,88.0,28.0
21508,VINTAGE KID DOLLY CARD ,2011-12-11,38,16.78,0.57375,2011,12,4,49,11,6,27.0,17.0,48.25,27.0
21509,COWBOYS AND INDIANS BIRTHDAY CARD ,2011-12-11,77,34.39,0.5703333333333334,2011,12,4,49,11,6,18.0,15.0,69.25,13.0
21519,GIN & TONIC DIET GREETING CARD ,2011-12-11,37,15.95,0.4883333333333333,2011,12,4,49,11,6,0.0,146.0,76.25,17.0
22775,PURPLE DRAWERKNOB ACRYLIC EDWARDIAN,2011-12-11,37,64.47,2.1316666666666664,2011,12,4,49,11,6,124.0,84.0,90.0,48.0
22774,RED DRAWER KNOB ACRYLIC EDWARDIAN,2011-12-11,12,15.0,1.25,2011,12,4,49,11,6,43.0,13.0,42.5,58.0
21520,BOOZE & WOMEN GREETING CARD ,2011-12-11,1,0.83,0.83,2011,12,4,49,11,6,1.0,1.0,0.5,13.0
22773,GREEN DRAWER KNOB ACRYLIC EDWARDIAN,2011-12-11,18,29.759999999999998,1.855,2011,12,4,49,11,6,42.0,0.0,30.25,55.0
22772,PINK DRAWER KNOB ACRYLIC EDWARDIAN,2011-12-11,5,13.129999999999999,2.875,2011,12,4,49,11,6,93.0,51.0,69.25,39.0
21523,DOORMAT FANCY FONT HOME SWEET HOME,2011-12-11,44,370.59999999999997,10.9652,2011,12,4,49,11,6,19.0,104.0,52.0,69.0
22771,CLEAR DRAWER KNOB ACRYLIC EDWARDIAN,2011-12-11,39,65.69,1.855,2011,12,4,49,11,6,102.0,106.0,119.0,53.0
21524,DOORMAT SPOTTY HOME SWEET HOME,2011-12-11,34,289.78,8.9525,2011,12,4,49,11,6,24.0,77.0,34.25,62.0
22768,FAMILY PHOTO FRAME CORNICE,2011-12-11,43,444.69,12.329333333333334,2011,12,4,49,11,6,8.0,36.0,17.75,15.0
22767,TRIPLE PHOTO FRAME CORNICE ,2011-12-11,19,189.04999999999998,9.95,2011,12,4,49,11,6,10.0,12.0,10.0,9.0
21528,DAIRY MAID TRADITIONAL TEAPOT ,2011-12-11,1,13.29,13.29,2011,12,4,49,11,6,2.0,3.0,1.75,3.0
22766,PHOTO FRAME CORNICE,2011-12-11,29,91.23000000000002,3.5022222222222226,2011,12,4,49,11,6,29.0,62.0,54.25,58.0
22763,KEY CABINET MA CAMPAGNE,2011-12-11,9,119.58,15.511111111111111,2011,12,4,49,11,6,6.0,10.0,5.0,9.0
21530,DAIRY MAID TOASTRACK,2011-12-11,3,4.87,1.415,2011,12,4,49,11,6,3.0,41.0,19.0,2.0
22762,CUPBOARD 3 DRAWER MA CAMPAGNE,2011-12-11,4,59.8,14.95,2011,12,4,49,11,6,3.0,8.0,3.25,11.0
21531,RED RETROSPOT SUGAR JAM BOWL,2011-12-11,8,20.4,2.55,2011,12,4,49,11,6,20.0,52.0,26.75,51.0
21533,RETROSPOT LARGE MILK JUG,2011-12-11,19,94.05000000000001,4.95,2011,12,4,49,11,6,29.0,11.0,19.0,43.0
22838,3 TIER CAKE TIN RED AND CREAM,2011-12-11,8,176.48000000000002,23.837500000000002,2011,12,4,49,11,6,7.0,4.0,22.0,8.0
21439,BASKET OF TOADSTOOLS,2011-12-11,19,23.75,1.25,2011,12,4,49,11,6,2.0,5.0,42.25,14.0
22839,3 TIER CAKE TIN GREEN AND CREAM,2011-12-11,4,102.38,26.78,2011,12,4,49,11,6,4.0,16.0,10.25,9.0
22928,YELLOW GIANT GARDEN THERMOMETER,2011-12-11,13,129.43,9.205000000000002,2011,12,4,49,11,6,7.0,11.0,13.0,0.0
22927,GREEN GIANT GARDEN THERMOMETER,2011-12-11,1,11.63,11.63,2011,12,4,49,11,6,0.0,0.0,0.0,30.0
22924,FRIDGE MAGNETS LA VIE EN ROSE,2011-12-11,48,52.2,1.20625,2011,12,4,49,11,6,138.0,18.0,51.0,39.0
21351,CINAMMON & ORANGE WREATH,2011-12-11,4,27.0,6.75,2011,12,4,49,11,6,9.0,7.0,5.75,7.0
22923,FRIDGE MAGNETS LES ENFANTS ASSORTED,2011-12-11,48,40.8,0.85,2011,12,4,49,11,6,132.0,1.0,50.25,85.0
22922,FRIDGE MAGNETS US DINER ASSORTED,2011-12-11,30,31.2,1.1666666666666667,2011,12,4,49,11,6,132.0,12.0,46.0,43.0
21355,TOAST ITS - I LOVE YOU ,2011-12-11,3,3.75,1.25,2011,12,4,49,11,6,0.0,4.0,1.75,74.0
22921,HERB MARKER CHIVES ,2011-12-11,33,26.35,0.9766666666666666,2011,12,4,49,11,6,55.0,3.0,15.0,21.0
22920,HERB MARKER BASIL,2011-12-11,42,32.2,0.9548888888888888,2011,12,4,49,11,6,44.0,12.0,18.0,23.0
21356,TOAST ITS - FAIRY FLOWER,2011-12-11,57,47.309999999999995,0.83,2011,12,4,49,11,6,41.0,48.0,37.75,23.0
22919,HERB MARKER MINT,2011-12-11,33,26.349999999999998,1.031111111111111,2011,12,4,49,11,6,57.0,4.0,15.75,20.0
22918,HERB MARKER PARSLEY,2011-12-11,47,37.41,0.9548888888888888,2011,12,4,49,11,6,54.0,7.0,19.0,23.0
21358,TOAST ITS - HAPPY BIRTHDAY,2011-12-11,5,4.57,0.9,2011,12,4,49,11,6,4.0,10.0,8.75,13.0
22917,HERB MARKER ROSEMARY,2011-12-11,41,31.55,0.9766666666666666,2011,12,4,49,11,6,56.0,6.0,19.5,20.0
22916,HERB MARKER THYME,2011-12-11,46,35.78,0.9766666666666666,2011,12,4,49,11,6,44.0,5.0,15.75,22.0
21365,MIRRORED WALL ART STARS,2011-12-11,28,21.0,0.75,2011,12,4,49,11,6,24.0,2.0,10.25,0.0
22915,ASSORTED BOTTLE TOP  MAGNETS ,2011-12-11,444,97.56,0.4126666666666667,2011,12,4,49,11,6,114.0,54.0,69.75,148.0
21366,MIRRORED WALL ART PHOTO FRAMES,2011-12-11,3,12.75,4.25,2011,12,4,49,11,6,0.0,1.0,0.75,8.0
22914,BLUE COAT RACK PARIS FASHION,2011-12-11,5,36.43,8.843333333333332,2011,12,4,49,11,6,5.0,5.0,3.25,15.0
22913,RED COAT RACK PARIS FASHION,2011-12-11,2,21.58,10.79,2011,12,4,49,11,6,3.0,4.0,2.5,4.0
21367,MIRRORED WALL ART GENTS,2011-12-11,13,13.96,2.855,2011,12,4,49,11,6,2.0,2.0,2.25,3.0
21369,MIRRORED WALL ART SPLODGES,2011-12-11,12,15.0,1.25,2011,12,4,49,11,6,0.0,0.0,0.0,0.0
22911,PAPER CHAIN KIT LONDON,2011-12-11,6,17.700000000000003,2.95,2011,12,4,49,11,6,4.0,9.0,27.5,17.0
22910,PAPER CHAIN KIT VINTAGE CHRISTMAS,2011-12-11,636,1949.0800000000002,3.5312727272727273,2011,12,4,49,11,6,597.0,1039.0,883.0,532.0
21370,MIRRORED WALL ART FOXY,2011-12-11,5,19.060000000000002,7.055000000000001,2011,12,4,49,11,6,6.0,2.0,2.25,0.0
22930,BAKING MOULD HEART MILK CHOCOLATE,2011-12-11,15,47.89,3.2194444444444446,2011,12,4,49,11,6,50.0,5.0,19.75,102.0
22909,SET OF 20 VINTAGE CHRISTMAS NAPKINS,2011-12-11,504,452.58,0.9724999999999999,2011,12,4,49,11,6,345.0,265.0,568.75,275.0
22931,BAKING MOULD HEART WHITE CHOCOLATE,2011-12-11,15,38.25,2.55,2011,12,4,49,11,6,2.0,3.0,2.75,89.0
22933,BAKING MOULD EASTER EGG MILK CHOC,2011-12-11,2,8.74,4.37,2011,12,4,49,11,6,0.0,1.0,0.25,14.0
22949,SET OF 36 DOLLY GIRL PAPER DOILIES,2011-12-11,1,2.92,2.92,2011,12,4,49,11,6,1.0,7.0,8.25,3.0
21289,LARGE STRIPES CHOCOLATE GIFT BAG,2011-12-11,1,1.25,1.25,2011,12,4,49,11,6,0.0,4.0,5.25,19.0
21292,SMALL STRIPES CHOCOLATE GIFT BAG ,2011-12-11,96,18.240000000000002,0.19,2011,12,4,49,11,6,0.0,32.0,12.0,12.0
21306,SET/4 DAISY MIRROR MAGNETS,2011-12-11,1,0.29,0.29,2011,12,4,49,11,6,5.0,48.0,20.75,3.0
22948,METAL DECORATION NAUGHTY CHILDREN ,2011-12-11,31,45.79,1.5249999999999997,2011,12,4,49,11,6,89.0,49.0,63.0,61.0
21313,GLASS HEART T-LIGHT HOLDER ,2011-12-11,35,35.989999999999995,1.2075,2011,12,4,49,11,6,65.0,109.0,79.0,120.0
22946,WOODEN ADVENT CALENDAR CREAM,2011-12-11,2,33.9,16.95,2011,12,4,49,11,6,7.0,5.0,27.0,9.0
22945,CHRISTMAS METAL TAGS ASSORTED ,2011-12-11,12,21.6,1.8,2011,12,4,49,11,6,88.0,198.0,125.5,102.0
21314,SMALL GLASS HEART TRINKET POT,2011-12-11,206,445.14000000000004,2.7943333333333333,2011,12,4,49,11,6,98.0,88.0,94.75,133.0
22944,CHRISTMAS METAL POSTCARD WITH BELLS,2011-12-11,108,109.80000000000001,1.0322222222222222,2011,12,4,49,11,6,144.0,234.0,298.5,7.0
21317,GLASS SPHERE CANDLE STAND MEDIUM,2011-12-11,10,54.5,5.45,2011,12,4,49,11,6,4.0,19.0,5.75,1.0
22943,CHRISTMAS LIGHTS 10 VINTAGE BAUBLES,2011-12-11,15,161.85,10.79,2011,12,4,49,11,6,7.0,4.0,27.0,93.0
22942,CHRISTMAS LIGHTS 10 SANTAS ,2011-12-11,117,372.51000000000005,3.731714285714286,2011,12,4,49,11,6,32.0,21.0,33.25,38.0
21326,AGED GLASS SILVER T-LIGHT HOLDER,2011-12-11,396,228.60000000000002,0.6125,2011,12,4,49,11,6,332.0,339.0,269.75,436.0
22941,CHRISTMAS LIGHTS 10 REINDEER,2011-12-11,117,1128.57,12.4768,2011,12,4,49,11,6,117.0,61.0,101.5,44.0
22940,FELTCRAFT CHRISTMAS FAIRY,2011-12-11,29,151.53,6.162266666666666,2011,12,4,49,11,6,92.0,50.0,83.0,74.0
21327,SKULLS WRITING SET ,2011-12-11,24,47.739999999999995,2.138,2011,12,4,49,11,6,43.0,63.0,40.5,26.0
22939,ADULT APRON APPLE DELIGHT,2011-12-11,50,212.5,4.25,2011,12,4,49,11,6,9.0,5.0,13.25,0.0
21328,BALLOONS  WRITING SET ,2011-12-11,17,46.09,2.9893333333333336,2011,12,4,49,11,6,44.0,48.0,53.75,69.0
21329,DINOSAURS  WRITING SET ,2011-12-11,15,42.79,2.9483333333333333,2011,12,4,49,11,6,48.0,90.0,57.0,37.0
22938,CUPCAKE LACE PAPER SET 6,2011-12-11,3,8.03,2.495,2011,12,4,49,11,6,1.0,246.0,90.25,26.0
22937,BAKING MOULD CHOCOLATE CUPCAKES,2011-12-11,14,40.519999999999996,3.755,2011,12,4,49,11,6,0.0,3.0,1.0,61.0
21340,CLASSIC METAL BIRDCAGE PLANT HOLDER,2011-12-11,4,63.21,16.82,2011,12,4,49,11,6,15.0,6.0,20.5,12.0
22936,BAKING MOULD ROSE WHITE CHOCOLATE,2011-12-11,6,26.259999999999998,5.503333333333333,2011,12,4,49,11,6,2.0,2.0,1.25,9.0
22935,BAKING MOULD ROSE MILK CHOCOLATE,2011-12-11,6,26.259999999999998,5.785,2011,12,4,49,11,6,4.0,2.0,3.75,83.0
22932,BAKING MOULD TOFFEE CUP CHOCOLATE,2011-12-11,16,40.8,2.55,2011,12,4,49,11,6,0.0,0.0,1.25,6.0
21563,RED HEART SHAPE LOVE BUCKET ,2011-12-11,600,474.0,0.79,2011,12,4,49,11,6,20.0,11.0,33.0,4.0
22908,PACK OF 20 NAPKINS RED APPLES,2011-12-11,123,92.07,0.8175,2011,12,4,49,11,6,37.0,25.0,36.25,85.0
22906,12 MESSAGE CARDS WITH ENVELOPES,2011-12-11,128,199.2,1.6299999999999997,2011,12,4,49,11,6,17.0,23.0,42.25,59.0
21415,CLAM SHELL SMALL ,2011-12-11,37,29.23,0.79,2011,12,4,49,11,6,0.0,6.0,1.75,1.0
22867,HAND WARMER BIRD DESIGN,2011-12-11,609,1252.02,2.7608643356643356,2011,12,4,49,11,6,258.0,259.0,366.0,920.0
21417,COCKLE SHELL DISH,2011-12-11,143,116.31,1.124,2011,12,4,49,11,6,0.0,0.0,5.5,1.0
22866,HAND WARMER SCOTTY DOG DESIGN,2011-12-11,473,1014.32,2.8464324786324786,2011,12,4,49,11,6,440.0,217.0,515.0,297.0
21418,STARFISH SOAP DISH,2011-12-11,20,15.8,0.79,2011,12,4,49,11,6,0.0,0.0,0.0,1.0
22865,HAND WARMER OWL DESIGN,2011-12-11,631,1365.8600000000001,2.6005333333333334,2011,12,4,49,11,6,593.0,344.0,581.5,286.0
21420,OYSTER TRINKET BOX,2011-12-11,28,22.12,0.79,2011,12,4,49,11,6,1.0,0.0,1.0,1.0
22863,SOAP DISH BROCANTE,2011-12-11,1,2.95,2.95,2011,12,4,49,11,6,9.0,1.0,11.75,19.0
22853,CAT BOWL VINTAGE CREAM,2011-12-11,17,65.39,5.503333333333333,2011,12,4,49,11,6,8.0,28.0,10.0,0.0
22852,DOG BOWL VINTAGE CREAM,2011-12-11,18,84.58,6.27,2011,12,4,49,11,6,8.0,19.0,7.5,8.0
22851,SET 20 NAPKINS FAIRY CAKES DESIGN ,2011-12-11,3,4.109999999999999,1.3699999999999999,2011,12,4,49,11,6,32.0,113.0,57.25,28.0
21426,WOODLAND STORAGE BOX SMALL,2011-12-11,1,4.96,4.96,2011,12,4,49,11,6,7.0,20.0,9.0,0.0
22847,BREAD BIN DINER STYLE IVORY,2011-12-11,5,101.09,21.035,2011,12,4,49,11,6,25.0,22.0,24.0,24.0
21427,SKULLS STORAGE BOX SMALL,2011-12-11,6,12.600000000000001,2.1,2011,12,4,49,11,6,6.0,2.0,3.5,2.0
22846,BREAD BIN DINER STYLE RED ,2011-12-11,15,287.27,22.744166666666665,2011,12,4,49,11,6,28.0,18.0,17.5,13.0
22845,VINTAGE CREAM CAT FOOD CONTAINER,2011-12-11,20,135.73000000000002,8.714,2011,12,4,49,11,6,9.0,36.0,15.5,17.0
21428,SET3 BOOK BOX GREEN GINGHAM FLOWER ,2011-12-11,19,96.91,5.26,2011,12,4,49,11,6,8.0,34.0,36.0,27.0
22844,VINTAGE CREAM DOG FOOD CONTAINER,2011-12-11,17,193.28,11.9146,2011,12,4,49,11,6,16.0,40.0,23.0,15.0
22843,BISCUIT TIN VINTAGE GREEN,2011-12-11,1,13.29,13.29,2011,12,4,49,11,6,3.0,1.0,2.75,6.0
21429,RED GINGHAM ROSE JEWELLERY BOX,2011-12-11,48,113.22,2.676666666666667,2011,12,4,49,11,6,87.0,87.0,72.75,63.0
22842,BISCUIT TIN VINTAGE RED,2011-12-11,1,13.29,13.29,2011,12,4,49,11,6,3.0,5.0,7.0,20.0
22104,MIRROR MOSAIC CANDLE PLATE,2011-12-11,11,17.93,1.63,2011,12,4,49,11,6,1.0,5.0,5.0,4.0
22841,ROUND CAKE TIN VINTAGE GREEN,2011-12-11,4,55.32,14.483333333333334,2011,12,4,49,11,6,3.0,11.0,9.0,5.0
21430,SET/3 RED GINGHAM ROSE STORAGE BOX,2011-12-11,35,194.32000000000002,6.1615,2011,12,4,49,11,6,23.0,60.0,44.25,46.0
22840,ROUND CAKE TIN VINTAGE RED,2011-12-11,8,87.12,12.523333333333333,2011,12,4,49,11,6,14.0,9.0,16.25,21.0
22875,NUMBER TILE COTTAGE GARDEN 7,2011-12-11,2,8.26,4.13,2011,12,4,49,11,6,0.0,0.0,0.0,1.0
22907,PACK OF 20 NAPKINS PANTRY DESIGN,2011-12-11,132,105.96000000000001,1.1533333333333333,2011,12,4,49,11,6,91.0,84.0,67.75,63.0
21411,GINGHAM HEART  DOORSTOP RED,2011-12-11,259,581.13,3.873133333333333,2011,12,4,49,11,6,47.0,29.0,23.25,18.0
22883,NUMBER TILE VINTAGE FONT 4,2011-12-11,2,8.26,4.13,2011,12,4,49,11,6,1.0,0.0,0.5,1.0
21377,SMALL CAMPHOR WOOD FIELD  MUSHROOM,2011-12-11,19,10.309999999999999,1.3566666666666667,2011,12,4,49,11,6,12.0,0.0,4.5,3.0
22905,CALENDAR IN SEASON DESIGN,2011-12-11,89,157.23,2.0364999999999998,2011,12,4,49,11,6,72.0,26.0,35.75,5.0
21378,SMALL TALL CAMPHOR WOOD TOADSTOOL,2011-12-11,29,25.81,2.13,2011,12,4,49,11,6,7.0,0.0,3.5,6.0
22903,CALENDAR FAMILY FAVOURITES,2011-12-11,7,17.22,2.46,2011,12,4,49,11,6,20.0,10.0,11.25,42.0
22902,TOTE BAG I LOVE LONDON,2011-12-11,3,12.39,4.13,2011,12,4,49,11,6,15.0,11.0,29.5,50.0
22900,SET 2 TEA TOWELS I LOVE LONDON ,2011-12-11,130,458.34,4.286133333333334,2011,12,4,49,11,6,69.0,37.0,87.75,23.0
21379,CAMPHOR WOOD PORTOBELLO MUSHROOM,2011-12-11,21,14.399999999999999,1.6320000000000001,2011,12,4,49,11,6,6.0,1.0,3.5,7.0
21381,MINI WOODEN HAPPY BIRTHDAY GARLAND,2011-12-11,4,8.36,2.09,2011,12,4,49,11,6,20.0,3.0,20.75,48.0
22899,CHILDREN'S APRON DOLLY GIRL ,2011-12-11,97,207.44,2.8615000000000004,2011,12,4,49,11,6,40.0,153.0,75.75,51.0
21383,PACK OF 12 STICKY BUNNIES,2011-12-11,16,12.200000000000001,1.1166666666666667,2011,12,4,49,11,6,3.0,40.0,13.5,4.0
22898,CHILDRENS APRON APPLES DESIGN,2011-12-11,32,116.79,3.7803333333333335,2011,12,4,49,11,6,74.0,83.0,107.5,26.0
22897,OVEN MITT APPLES DESIGN,2011-12-11,10,20.02,2.0633333333333335,2011,12,4,49,11,6,16.0,26.0,32.25,33.0
21385,IVORY HANGING DECORATION  HEART,2011-12-11,43,38.89,1.11,2011,12,4,49,11,6,57.0,12.0,29.25,15.0
22896,PEG BAG APPLES DESIGN,2011-12-11,17,67.61,4.735,2011,12,4,49,11,6,10.0,2.0,23.75,27.0
21390,FILIGRIS HEART WITH BUTTERFLY,2011-12-11,33,42.46,1.6533333333333333,2011,12,4,49,11,6,21.0,21.0,32.75,30.0
22895,SET OF 2 TEA TOWELS APPLE AND PEARS,2011-12-11,19,82.03,5.2780000000000005,2011,12,4,49,11,6,26.0,39.0,33.75,66.0
22894,TABLECLOTH RED APPLES DESIGN ,2011-12-11,2,19.9,9.95,2011,12,4,49,11,6,8.0,0.0,2.25,6.0
21401,BLUE PUDDING SPOON,2011-12-11,31,4.92,0.27,2011,12,4,49,11,6,6.0,57.0,18.75,1.0
22893,MINI CAKE STAND T-LIGHT HOLDER,2011-12-11,27,11.34,0.42,2011,12,4,49,11,6,19.0,7.0,15.5,46.0
21403,BLUE EGG  SPOON,2011-12-11,6,1.62,0.27,2011,12,4,49,11,6,2.0,217.0,67.0,7.0
22891,TEA FOR ONE POLKADOT,2011-12-11,10,74.82,7.784999999999999,2011,12,4,49,11,6,12.0,15.0,13.5,42.0
22890,NOVELTY BISCUITS CAKE STAND 3 TIER,2011-12-11,6,79.72,14.955,2011,12,4,49,11,6,3.0,23.0,11.0,26.0
21408,SPOTTY PINK DUCK DOORSTOP,2011-12-11,87,220.36999999999998,4.401466666666666,2011,12,4,49,11,6,26.0,12.0,11.5,7.0
22889,NUMBER TILE VINTAGE FONT No ,2011-12-11,1,4.13,4.13,2011,12,4,49,11,6,0.0,1.0,1.0,1.0
22885,NUMBER TILE VINTAGE FONT 6 ,2011-12-11,4,16.52,4.13,2011,12,4,49,11,6,0.0,1.0,0.5,1.0
22882,NUMBER TILE VINTAGE FONT 3,2011-12-11,1,1.95,1.95,2011,12,4,49,11,6,1.0,0.0,0.75,0.0
22547,MINI JIGSAW DINOSAUR ,2011-12-11,175,41.330000000000005,0.45875,2011,12,4,49,11,6,19.0,15.0,15.25,32.0
22738,RIBBON REEL SNOWY VILLAGE,2011-12-11,57,118.02000000000001,3.8674999999999997,2011,12,4,49,11,6,66.0,70.0,103.0,100.0
21564,PINK  HEART SHAPE LOVE BUCKET ,2011-12-11,597,471.63000000000005,0.79,2011,12,4,49,11,6,7.0,7.0,5.5,11.0
21704,BAG 250g SWIRLY MARBLES,2011-12-11,41,42.65,1.3245,2011,12,4,49,11,6,76.0,53.0,163.0,339.0
22614,PACK OF 12 SPACEBOY TISSUES,2011-12-11,77,36.63,0.6759999999999999,2011,12,4,49,11,6,31.0,40.0,57.5,80.0
22613,PACK OF 20 SPACEBOY NAPKINS,2011-12-11,25,22.029999999999998,1.11,2011,12,4,49,11,6,19.0,3.0,14.75,10.0
22610,PENS ASSORTED FUNNY FACE,2011-12-11,216,41.04,0.19000000000000003,2011,12,4,49,11,6,72.0,254.0,297.5,8.0
21705,BAG 500g SWIRLY MARBLES,2011-12-11,770,309.0,0.6993333333333334,2011,12,4,49,11,6,79.0,24.0,50.0,10.0
22609,PENS ASSORTED SPACEBALL,2011-12-11,45,21.509999999999998,1.39,2011,12,4,49,11,6,180.0,217.0,271.0,3.0
22608,PENS ASSORTED FUNKY JEWELED ,2011-12-11,139,33.54,0.32799999999999996,2011,12,4,49,11,6,92.0,265.0,152.25,1.0
22607,WOODEN ROUNDERS GARDEN SET ,2011-12-11,22,227.34,12.055833333333334,2011,12,4,49,11,6,37.0,13.0,19.25,14.0
21706,FOLDING UMBRELLA RED/WHITE POLKADOT,2011-12-11,5,29.76,7.455,2011,12,4,49,11,6,4.0,9.0,5.25,3.0
22606,WOODEN SKITTLES GARDEN SET,2011-12-11,4,63.8,15.95,2011,12,4,49,11,6,0.0,1.0,0.25,2.0
22605,WOODEN CROQUET GARDEN SET,2011-12-11,15,264.28999999999996,18.495208333333334,2011,12,4,49,11,6,17.0,9.0,11.25,16.0
22615,PACK OF 12 CIRCUS PARADE TISSUES ,2011-12-11,31,15.17,0.665,2011,12,4,49,11,6,6.0,2.0,17.5,74.0
22604,SET OF 4 NAPKIN CHARMS CUTLERY,2011-12-11,17,62.63,3.487222222222222,2011,12,4,49,11,6,26.0,7.0,22.25,16.0
22603,CHRISTMAS RETROSPOT TREE WOOD,2011-12-11,61,60.42999999999999,1.1425,2011,12,4,49,11,6,74.0,161.0,94.0,50.0
22602,RETROSPOT WOODEN HEART DECORATION,2011-12-11,86,76.21999999999998,1.09375,2011,12,4,49,11,6,121.0,93.0,103.25,71.0
22601,CHRISTMAS RETROSPOT ANGEL WOOD,2011-12-11,56,57.739999999999995,1.305,2011,12,4,49,11,6,126.0,133.0,115.25,109.0
21713,CITRONELLA CANDLE FLOWERPOT,2011-12-11,3,8.33,3.115,2011,12,4,49,11,6,4.0,9.0,5.5,14.0
22600,CHRISTMAS RETROSPOT STAR WOOD,2011-12-11,109,102.00999999999999,1.2269999999999999,2011,12,4,49,11,6,86.0,150.0,109.0,52.0
22599,CHRISTMAS MUSICAL ZINC STAR,2011-12-11,112,63.49999999999999,0.6781333333333334,2011,12,4,49,11,6,186.0,135.0,185.75,1.0
21714,CITRONELLA CANDLE GARDEN POT,2011-12-11,38,51.58,1.76,2011,12,4,49,11,6,5.0,21.0,13.5,2.0
22598,CHRISTMAS MUSICAL ZINC TREE,2011-12-11,59,45.989999999999995,0.7483333333333333,2011,12,4,49,11,6,64.0,35.0,81.5,8.0
22597,MUSICAL ZINC HEART DECORATION ,2011-12-11,179,78.91,0.5432857142857144,2011,12,4,49,11,6,238.0,335.0,275.5,26.0
21715,GIRLS VINTAGE TIN SEASIDE BUCKET,2011-12-11,3,10.059999999999999,3.755,2011,12,4,49,11,6,4.0,3.0,5.75,2.0
22595,GINGHAM HEART DECORATION,2011-12-11,28,23.8,0.85,2011,12,4,49,11,6,135.0,176.0,202.5,220.0
21708,FOLDING UMBRELLA CREAM POLKADOT,2011-12-11,1,9.96,9.96,2011,12,4,49,11,6,1.0,4.0,2.0,0.0
22616,PACK OF 12 LONDON TISSUES ,2011-12-11,565,192.75,0.593,2011,12,4,49,11,6,636.0,100.0,584.75,319.0
21703,BAG 125g SWIRLY MARBLES,2011-12-11,90,43.129999999999995,0.6168,2011,12,4,49,11,6,97.0,418.0,203.75,14.0
22617,BAKING SET SPACEBOY DESIGN,2011-12-11,70,387.38,5.923333333333334,2011,12,4,49,11,6,59.0,113.0,158.25,45.0
21679,SKULLS  STICKERS,2011-12-11,28,26.14,1.006,2011,12,4,49,11,6,18.0,47.0,32.25,17.0
22633,HAND WARMER UNION JACK,2011-12-11,264,564.5500000000001,2.350366666666667,2011,12,4,49,11,6,341.0,163.0,285.75,442.0
21680,WOODLAND  STICKERS,2011-12-11,28,26.919999999999998,1.162,2011,12,4,49,11,6,26.0,44.0,28.0,82.0
22632,HAND WARMER RED RETROSPOT,2011-12-11,203,440.51000000000005,2.5060000000000002,2011,12,4,49,11,6,131.0,202.0,262.0,358.0
21683,MEDIUM MEDINA STAMPED METAL BOWL ,2011-12-11,6,17.700000000000003,2.95,2011,12,4,49,11,6,0.0,0.0,1.75,25.0
22631,CIRCUS PARADE LUNCH BOX ,2011-12-11,68,147.33999999999997,2.659333333333333,2011,12,4,49,11,6,26.0,77.0,81.0,24.0
22630,DOLLY GIRL LUNCH BOX,2011-12-11,136,276.94,2.709857142857143,2011,12,4,49,11,6,116.0,303.0,200.0,179.0
21684,SMALL MEDINA STAMPED METAL BOWL ,2011-12-11,12,10.2,0.85,2011,12,4,49,11,6,4.0,29.0,9.75,38.0
22629,SPACEBOY LUNCH BOX ,2011-12-11,366,651.88,2.3939047619047615,2011,12,4,49,11,6,160.0,342.0,329.75,263.0
22628,PICNIC BOXES SET OF 3 RETROSPOT ,2011-12-11,20,99.0,4.95,2011,12,4,49,11,6,25.0,8.0,13.5,7.0
21689,SILVER VANILLA  FLOWER CANDLE POT,2011-12-11,4,15.0,3.75,2011,12,4,49,11,6,5.0,0.0,1.25,1.0
22627,MINT KITCHEN SCALES,2011-12-11,29,254.63,8.770999999999999,2011,12,4,49,11,6,20.0,21.0,24.5,25.0
22626,BLACK KITCHEN SCALES,2011-12-11,19,159.43,9.12,2011,12,4,49,11,6,6.0,6.0,7.0,12.0
21693,SMALL HAMMERED SILVER CANDLEPOT ,2011-12-11,12,35.400000000000006,2.95,2011,12,4,49,11,6,16.0,18.0,10.0,28.0
22625,RED KITCHEN SCALES,2011-12-11,41,362.69,9.500233333333332,2011,12,4,49,11,6,34.0,28.0,34.75,86.0
21694,SMALL REGAL  SILVER CANDLEPOT ,2011-12-11,6,17.700000000000003,2.95,2011,12,4,49,11,6,0.0,0.0,3.5,12.0
22624,IVORY KITCHEN SCALES,2011-12-11,53,521.6,10.34945,2011,12,4,49,11,6,32.0,20.0,32.75,36.0
22623,BOX OF VINTAGE JIGSAW BLOCKS ,2011-12-11,10,70.85,6.895833333333333,2011,12,4,49,11,6,21.0,22.0,27.75,48.0
21695,SMALL SILVER FLOWER CANDLE POT,2011-12-11,1,5.79,5.79,2011,12,4,49,11,6,6.0,1.0,6.25,0.0
22622,BOX OF VINTAGE ALPHABET BLOCKS,2011-12-11,28,341.28999999999996,14.170625,2011,12,4,49,11,6,15.0,37.0,48.5,300.0
22621,TRADITIONAL KNITTING NANCY,2011-12-11,237,445.40999999999997,2.2665333333333333,2011,12,4,49,11,6,196.0,255.0,318.0,146.0
21698,MOCK LOBSTER FRIDGE MAGNET,2011-12-11,29,11.309999999999999,0.39,2011,12,4,49,11,6,2.0,13.0,8.0,5.0
22620,4 TRADITIONAL SPINNING TOPS,2011-12-11,100,177.32,1.9297499999999999,2011,12,4,49,11,6,154.0,148.0,168.0,102.0
21700,BIG DOUGHNUT FRIDGE MAGNETS,2011-12-11,14,11.899999999999999,0.85,2011,12,4,49,11,6,0.0,0.0,0.25,107.0
22619,SET OF 6 SOLDIER SKITTLES,2011-12-11,152,611.6899999999999,5.6865000000000006,2011,12,4,49,11,6,93.0,85.0,106.5,68.0
22594,CHRISTMAS GINGHAM TREE,2011-12-11,44,67.03999999999999,1.552,2011,12,4,49,11,6,238.0,165.0,183.25,119.0
21716,BOYS VINTAGE TIN SEASIDE BUCKET,2011-12-11,5,22.39,4.6587499999999995,2011,12,4,49,11,6,7.0,10.0,17.5,19.0
22593,CHRISTMAS GINGHAM STAR,2011-12-11,76,90.34,1.357,2011,12,4,49,11,6,170.0,195.0,168.5,107.0
22592,CARDHOLDER HOLLY WREATH METAL,2011-12-11,53,324.89,6.377916666666667,2011,12,4,49,11,6,55.0,67.0,57.75,15.0
21742,LARGE ROUND WICKER PLATTER ,2011-12-11,13,77.35000000000001,5.95,2011,12,4,49,11,6,24.0,19.0,17.0,1.0
22567,20 DOLLY PEGS RETROSPOT,2011-12-11,27,39.15,1.45,2011,12,4,49,11,6,32.0,55.0,29.5,269.0
22566,FELTCRAFT HAIRBAND PINK AND PURPLE,2011-12-11,43,45.91,1.38625,2011,12,4,49,11,6,42.0,30.0,58.75,41.0
21745,GAOLERS KEYS DECORATIVE GARDEN ,2011-12-11,9,38.29,6.02,2011,12,4,49,11,6,48.0,29.0,32.5,3.0
22565,FELTCRAFT HAIRBANDS PINK AND WHITE ,2011-12-11,17,26.93,1.565,2011,12,4,49,11,6,46.0,9.0,39.25,26.0
22564,ALPHABET STENCIL CRAFT,2011-12-11,34,48.55,1.6197222222222223,2011,12,4,49,11,6,32.0,10.0,144.5,39.0
21754,HOME BUILDING BLOCK WORD,2011-12-11,28,228.8,9.209,2011,12,4,49,11,6,52.0,58.0,52.5,138.0
22563,HAPPY STENCIL CRAFT,2011-12-11,143,169.91,1.41425,2011,12,4,49,11,6,246.0,42.0,116.75,54.0
22562,MONSTERS STENCIL CRAFT,2011-12-11,40,53.63,1.485277777777778,2011,12,4,49,11,6,70.0,32.0,61.0,34.0
21755,LOVE BUILDING BLOCK WORD,2011-12-11,17,131.09,7.54375,2011,12,4,49,11,6,34.0,31.0,28.0,60.0
22561,WOODEN SCHOOL COLOURING SET,2011-12-11,175,277.63,1.8449999999999998,2011,12,4,49,11,6,155.0,229.0,221.75,180.0
22560,TRADITIONAL MODELLING CLAY,2011-12-11,948,1058.41,1.6035,2011,12,4,49,11,6,406.0,181.0,230.75,419.0
21756,BATH BUILDING BLOCK WORD,2011-12-11,22,123.10000000000001,5.85,2011,12,4,49,11,6,4.0,11.0,12.0,15.0
22559,SEASIDE FLYING DISC,2011-12-11,3,7.38,2.46,2011,12,4,49,11,6,0.0,15.0,6.0,1.0
22558,CLOTHES PEGS RETROSPOT PACK 24 ,2011-12-11,254,398.73999999999995,2.3406666666666665,2011,12,4,49,11,6,178.0,150.0,124.0,430.0
22557,PLASTERS IN TIN VINTAGE PAISLEY ,2011-12-11,91,174.74999999999997,2.388,2011,12,4,49,11,6,119.0,241.0,132.0,132.0
22556,PLASTERS IN TIN CIRCUS PARADE ,2011-12-11,163,272.22999999999996,1.8249333333333333,2011,12,4,49,11,6,130.0,304.0,172.75,171.0
22555,PLASTERS IN TIN STRONGMAN,2011-12-11,95,171.51,2.1966666666666668,2011,12,4,49,11,6,151.0,174.0,161.5,174.0
21773,DECORATIVE ROSE BATHROOM BOTTLE,2011-12-11,3,7.38,2.46,2011,12,4,49,11,6,8.0,1.0,32.5,16.0
22554,PLASTERS IN TIN WOODLAND ANIMALS,2011-12-11,111,204.46999999999997,2.2567999999999997,2011,12,4,49,11,6,124.0,394.0,259.75,185.0
22553,PLASTERS IN TIN SKULLS,2011-12-11,82,158.26,2.5027999999999997,2011,12,4,49,11,6,128.0,194.0,150.75,185.0
21774,DECORATIVE CATS BATHROOM BOTTLE,2011-12-11,7,17.22,2.46,2011,12,4,49,11,6,7.0,10.0,12.5,13.0
22551,PLASTERS IN TIN SPACEBOY,2011-12-11,199,327.19,2.1897142857142855,2011,12,4,49,11,6,164.0,274.0,276.0,216.0
22550,HOLIDAY FUN LUDO,2011-12-11,19,89.8,5.450416666666667,2011,12,4,49,11,6,20.0,21.0,19.5,59.0
21775,DECORATIVE FLORE BATHROOM BOTTLE,2011-12-11,3,7.38,2.46,2011,12,4,49,11,6,5.0,8.0,7.75,5.0
22568,FELTCRAFT CUSHION OWL,2011-12-11,24,90.0,3.75,2011,12,4,49,11,6,1.0,103.0,90.75,133.0
22634,CHILDS BREAKFAST SET SPACEBOY ,2011-12-11,15,159.26,12.4525,2011,12,4,49,11,6,40.0,13.0,27.0,29.0
22571,ROCKING HORSE RED CHRISTMAS ,2011-12-11,163,157.26999999999998,1.266,2011,12,4,49,11,6,142.0,124.0,170.75,139.0
22573,STAR WOODEN CHRISTMAS DECORATION,2011-12-11,83,105.64999999999999,1.435,2011,12,4,49,11,6,353.0,208.0,210.75,128.0
21718,RED METAL BEACH SPADE ,2011-12-11,17,24.88,1.7037499999999999,2011,12,4,49,11,6,6.0,6.0,12.75,2.0
22591,CARDHOLDER GINGHAM CHRISTMAS TREE,2011-12-11,10,66.3,6.63,2011,12,4,49,11,6,27.0,23.0,32.75,8.0
22589,CARDHOLDER GINGHAM STAR,2011-12-11,15,74.4,4.96,2011,12,4,49,11,6,19.0,16.0,23.0,52.0
22588,CARD HOLDER GINGHAM HEART,2011-12-11,12,52.08,4.823333333333333,2011,12,4,49,11,6,11.0,45.0,32.5,34.0
21719,LOVELY BONBON STICKER SHEET,2011-12-11,3,4.89,1.63,2011,12,4,49,11,6,2.0,0.0,4.0,16.0
22587,FELTCRAFT HAIRBAND RED AND BLUE,2011-12-11,39,39.39,1.1425,2011,12,4,49,11,6,46.0,44.0,58.25,47.0
22586,FELTCRAFT HAIRBAND PINK AND BLUE,2011-12-11,32,32.66,1.253,2011,12,4,49,11,6,24.0,41.0,27.25,74.0
22585,PACK OF 6 BIRDY GIFT TAGS,2011-12-11,76,110.72999999999999,1.976,2011,12,4,49,11,6,105.0,396.0,171.0,339.0
21722,SWEET PUDDING STICKER SHEET,2011-12-11,2,3.26,1.63,2011,12,4,49,11,6,3.0,0.0,1.5,3.0
22584,PACK OF 6 PANETTONE GIFT BOXES,2011-12-11,41,111.77999999999999,2.8177777777777777,2011,12,4,49,11,6,35.0,8.0,55.5,9.0
21723,ALPHABET HEARTS STICKER SHEET,2011-12-11,2,2.48,1.24,2011,12,4,49,11,6,3.0,1.0,2.0,29.0
22583,PACK OF 6 HANDBAG GIFT BOXES,2011-12-11,3,12.469999999999999,4.156666666666666,2011,12,4,49,11,6,3.0,6.0,6.25,4.0
22582,PACK OF 6 SWEETIE GIFT BOXES,2011-12-11,2,7.51,3.755,2011,12,4,49,11,6,19.0,9.0,8.75,4.0
21724,PANDA AND BUNNIES STICKER SHEET,2011-12-11,3,4.109999999999999,1.435,2011,12,4,49,11,6,20.0,0.0,7.25,6.0
22581,WOOD STOCKING CHRISTMAS SCANDISPOT,2011-12-11,253,123.58999999999999,0.506,2011,12,4,49,11,6,287.0,111.0,150.5,49.0
21726,MULTI HEARTS  STICKERS,2011-12-11,13,11.049999999999999,0.85,2011,12,4,49,11,6,0.0,0.0,0.0,16.0
22580,ADVENT CALENDAR GINGHAM SACK,2011-12-11,49,224.87,4.755,2011,12,4,49,11,6,110.0,131.0,126.0,13.0
21730,GLASS STAR FROSTED T-LIGHT HOLDER,2011-12-11,11,64.47,6.0633333333333335,2011,12,4,49,11,6,12.0,15.0,21.25,76.0
22578,WOODEN STAR CHRISTMAS SCANDINAVIAN,2011-12-11,890,387.61999999999995,0.58,2011,12,4,49,11,6,867.0,1405.0,1244.5,57.0
22577,WOODEN HEART CHRISTMAS SCANDINAVIAN,2011-12-11,363,178.95,0.5096571428571428,2011,12,4,49,11,6,1049.0,1235.0,1163.5,72.0
21731,RED TOADSTOOL LED NIGHT LIGHT,2011-12-11,311,665.39,2.6064761904761906,2011,12,4,49,11,6,359.0,285.0,475.5,251.0
22576,SWALLOW WOODEN CHRISTMAS DECORATION,2011-12-11,78,75.66,1.1425,2011,12,4,49,11,6,175.0,226.0,140.75,129.0
22575,METAL MERRY CHRISTMAS WREATH,2011-12-11,1,1.95,1.95,2011,12,4,49,11,6,0.0,1.0,28.75,45.0
22574,HEART WOODEN CHRISTMAS DECORATION,2011-12-11,95,115.85,1.3082500000000001,2011,12,4,49,11,6,404.0,215.0,255.25,107.0
21733,RED HANGING HEART T-LIGHT HOLDER,2011-12-11,200,565.8000000000001,3.3061904761904763,2011,12,4,49,11,6,289.0,318.0,240.0,257.0
21739,COSY SLIPPER SHOES SMALL GREEN,2011-12-11,18,44.769999999999996,2.500833333333333,2011,12,4,49,11,6,12.0,22.0,15.75,7.0
22635,CHILDS BREAKFAST SET DOLLY GIRL ,2011-12-11,7,69.64999999999999,9.95,2011,12,4,49,11,6,20.0,22.0,19.75,35.0
21678,PAISLEY PATTERN  STICKERS,2011-12-11,2,3.26,1.63,2011,12,4,49,11,6,0.0,12.0,7.75,1.0
22636,CHILDS BREAKFAST SET CIRCUS PARADE,2011-12-11,9,84.63,9.855,2011,12,4,49,11,6,17.0,22.0,20.75,12.0
22708,WRAP DOLLY GIRL,2011-12-11,50,21.0,0.42,2011,12,4,49,11,6,50.0,250.0,93.75,50.0
22706,WRAP COWBOYS  ,2011-12-11,50,21.0,0.42,2011,12,4,49,11,6,50.0,25.0,18.75,25.0
21616,4 PEAR BOTANICAL DINNER CANDLES,2011-12-11,23,79.35,3.4126666666666665,2011,12,4,49,11,6,113.0,129.0,108.0,9.0
22705,WRAP GREEN PEARS ,2011-12-11,25,10.5,0.42,2011,12,4,49,11,6,25.0,0.0,25.0,75.0
22704,WRAP RED APPLES ,2011-12-11,125,52.5,0.42,2011,12,4,49,11,6,75.0,50.0,81.25,75.0
21619,4 VANILLA BOTANICAL CANDLES,2011-12-11,51,69.87,1.7175,2011,12,4,49,11,6,91.0,59.0,112.5,0.0
22703,PINK CAT BOWL,2011-12-11,90,80.14,1.0892,2011,12,4,49,11,6,26.0,20.0,16.25,1.0
22701,PINK DOG BOWL,2011-12-11,70,87.03,1.684642857142857,2011,12,4,49,11,6,21.0,13.0,12.0,3.0
21620,SET OF 4 ROSE BOTANICAL CANDLES,2011-12-11,103,151.19,1.9202857142857142,2011,12,4,49,11,6,150.0,62.0,90.75,1.0
22699,ROSES REGENCY TEACUP AND SAUCER ,2011-12-11,279,913.13,4.3326158730158735,2011,12,4,49,11,6,128.0,116.0,147.25,149.0
22698,PINK REGENCY TEACUP AND SAUCER,2011-12-11,183,641.69,4.660904761904762,2011,12,4,49,11,6,131.0,87.0,110.25,5.0
22697,GREEN REGENCY TEACUP AND SAUCER,2011-12-11,254,813.8199999999999,4.3732444444444445,2011,12,4,49,11,6,155.0,101.0,131.5,151.0
21621,VINTAGE UNION JACK BUNTING,2011-12-11,15,135.63,9.51625,2011,12,4,49,11,6,33.0,25.0,29.0,23.0
22696,WICKER WREATH LARGE,2011-12-11,10,19.5,1.95,2011,12,4,49,11,6,12.0,21.0,30.0,39.0
22695,WICKER WREATH SMALL,2011-12-11,179,132.13,0.9809999999999999,2011,12,4,49,11,6,38.0,40.0,28.75,33.0
21622,VINTAGE UNION JACK CUSHION COVER,2011-12-11,1,4.95,4.95,2011,12,4,49,11,6,3.0,0.0,1.5,11.0
22694,WICKER STAR ,2011-12-11,38,96.39,2.667666666666667,2011,12,4,49,11,6,83.0,80.0,98.0,174.0
22693,GROW A FLYTRAP OR SUNFLOWER IN TIN,2011-12-11,231,271.02,2.0516666666666667,2011,12,4,49,11,6,363.0,64.0,235.5,24.0
22692,DOORMAT WELCOME TO OUR HOME,2011-12-11,14,149.01999999999998,11.043333333333333,2011,12,4,49,11,6,35.0,12.0,16.0,8.0
21623,VINTAGE UNION JACK MEMOBOARD,2011-12-11,63,548.55,9.768749999999999,2011,12,4,49,11,6,7.0,10.0,20.5,1018.0
22691,DOORMAT WELCOME SUNRISE,2011-12-11,5,48.79,10.763333333333334,2011,12,4,49,11,6,9.0,3.0,8.75,3.0
22690,DOORMAT HOME SWEET HOME BLUE ,2011-12-11,23,178.05,8.12,2011,12,4,49,11,6,12.0,9.0,14.0,21.0
22688,DOORMAT PEACE ON EARTH BLUE,2011-12-11,1,8.25,8.25,2011,12,4,49,11,6,2.0,2.0,2.25,29.0
21624,VINTAGE UNION JACK DOORSTOP,2011-12-11,1,11.63,11.63,2011,12,4,49,11,6,10.0,8.0,7.25,13.0
22686,FRENCH BLUE METAL DOOR SIGN No,2011-12-11,3,4.96,1.855,2011,12,4,49,11,6,120.0,15.0,43.0,4.0
22710,WRAP I LOVE LONDON ,2011-12-11,25,10.5,0.42,2011,12,4,49,11,6,50.0,100.0,75.0,25.0
22685,FRENCH BLUE METAL DOOR SIGN 0,2011-12-11,1,2.46,2.46,2011,12,4,49,11,6,10.0,22.0,16.0,5.0
22712,CARD DOLLY GIRL ,2011-12-11,254,94.53999999999999,0.572,2011,12,4,49,11,6,44.0,225.0,96.75,21.0
22713,CARD I LOVE LONDON ,2011-12-11,39,17.61,0.6591666666666667,2011,12,4,49,11,6,24.0,39.0,30.0,50.0
22736,RIBBON REEL MAKING SNOWMEN ,2011-12-11,41,117.27000000000001,3.3891666666666667,2011,12,4,49,11,6,40.0,64.0,81.75,60.0
21576,LETS GO SHOPPING COTTON TOTE BAG,2011-12-11,13,31.96,3.1533333333333338,2011,12,4,49,11,6,0.0,5.0,4.0,5.0
22735,RIBBON REEL SOCKS AND MITTENS,2011-12-11,10,43.84,4.6575,2011,12,4,49,11,6,13.0,32.0,50.5,38.0
22734,SET OF 6 RIBBONS VINTAGE CHRISTMAS,2011-12-11,85,350.05,4.533333333333333,2011,12,4,49,11,6,149.0,168.0,292.25,57.0
21577,SAVE THE PLANET COTTON TOTE BAG,2011-12-11,4,19.84,4.96,2011,12,4,49,11,6,13.0,17.0,13.5,38.0
22733,3D TRADITIONAL CHRISTMAS STICKERS,2011-12-11,35,48.83,1.7586666666666666,2011,12,4,49,11,6,34.0,90.0,99.0,56.0
21578,WOODLAND DESIGN  COTTON TOTE BAG,2011-12-11,1,4.96,4.96,2011,12,4,49,11,6,0.0,0.0,0.0,33.0
22732,3D VINTAGE CHRISTMAS STICKERS ,2011-12-11,39,62.370000000000005,1.6985000000000001,2011,12,4,49,11,6,45.0,135.0,114.0,52.0
21579,LOLITA  DESIGN  COTTON TOTE BAG,2011-12-11,18,40.5,2.25,2011,12,4,49,11,6,0.0,2.0,1.25,2.0
22731,3D CHRISTMAS STAMPS STICKERS ,2011-12-11,36,55.82,1.545,2011,12,4,49,11,6,27.0,79.0,53.5,63.0
22730,ALARM CLOCK BAKELIKE IVORY,2011-12-11,73,312.95,4.79,2011,12,4,49,11,6,140.0,50.0,95.75,99.0
21580,RABBIT  DESIGN  COTTON TOTE BAG,2011-12-11,1,4.96,4.96,2011,12,4,49,11,6,12.0,3.0,4.25,1.0
21581,SKULLS  DESIGN  COTTON TOTE BAG,2011-12-11,1,4.96,4.96,2011,12,4,49,11,6,0.0,11.0,4.5,11.0
22728,ALARM CLOCK BAKELIKE PINK,2011-12-11,137,543.59,5.1036,2011,12,4,49,11,6,241.0,67.0,138.75,99.0
22727,ALARM CLOCK BAKELIKE RED ,2011-12-11,937,3217.39,4.840333333333334,2011,12,4,49,11,6,266.0,147.0,223.75,149.0
21584,RETROSPOT SMALL TUBE MATCHES,2011-12-11,18,29.7,1.6499999999999997,2011,12,4,49,11,6,29.0,38.0,41.25,24.0
22726,ALARM CLOCK BAKELIKE GREEN,2011-12-11,245,1152.24,5.0762777777777774,2011,12,4,49,11,6,294.0,182.0,239.5,183.0
22725,ALARM CLOCK BAKELIKE CHOCOLATE,2011-12-11,62,318.32,6.080375,2011,12,4,49,11,6,86.0,57.0,61.5,54.0
21588,RETROSPOT GIANT TUBE MATCHES,2011-12-11,203,433.95000000000005,2.5,2011,12,4,49,11,6,50.0,49.0,76.5,47.0
22718,CARD CAT AND TREE ,2011-12-11,12,5.04,0.42,2011,12,4,49,11,6,0.0,36.0,15.0,86.0
22717,CARD DOG AND BALL ,2011-12-11,3,2.4899999999999998,0.83,2011,12,4,49,11,6,12.0,13.0,15.75,2.0
21591,COSY HOUR CIGAR BOX MATCHES ,2011-12-11,61,76.25,1.25,2011,12,4,49,11,6,0.0,50.0,94.0,63.0
22716,CARD CIRCUS PARADE,2011-12-11,70,33.5,0.6796666666666666,2011,12,4,49,11,6,29.0,38.0,27.5,65.0
22714,CARD BIRTHDAY COWBOY,2011-12-11,30,15.06,0.67625,2011,12,4,49,11,6,15.0,48.0,156.25,15.0
21592,RETROSPOT CIGAR BOX MATCHES ,2011-12-11,519,202.41000000000003,0.39,2011,12,4,49,11,6,94.0,302.0,114.0,43.0
21615,4 LAVENDER BOTANICAL DINNER CANDLES,2011-12-11,8,26.32,3.2900000000000005,2011,12,4,49,11,6,87.0,56.0,100.0,6.0
22737,RIBBON REEL CHRISTMAS PRESENT ,2011-12-11,27,62.63,2.6774999999999998,2011,12,4,49,11,6,47.0,72.0,92.25,58.0
22684,FRENCH BLUE METAL DOOR SIGN 9,2011-12-11,1,2.46,2.46,2011,12,4,49,11,6,11.0,21.0,13.5,4.0
22682,FRENCH BLUE METAL DOOR SIGN 7,2011-12-11,10,12.5,1.25,2011,12,4,49,11,6,23.0,31.0,21.5,2.0
22660,DOORMAT I LOVE LONDON,2011-12-11,10,70.8,7.08,2011,12,4,49,11,6,5.0,7.0,16.25,4.0
22659,LUNCH BOX I LOVE LONDON,2011-12-11,48,110.38,3.2816,2011,12,4,49,11,6,272.0,110.0,162.5,611.0
21669,BLUE STRIPE CERAMIC DRAWER KNOB,2011-12-11,7,21.19,2.37,2011,12,4,49,11,6,68.0,75.0,86.75,44.0
22654,DELUXE SEWING KIT ,2011-12-11,25,200.0,8.7295,2011,12,4,49,11,6,19.0,69.0,45.0,119.0
22653,BUTTON BOX ,2011-12-11,116,193.5,1.8067999999999997,2011,12,4,49,11,6,99.0,78.0,84.25,36.0
21670,BLUE SPOT CERAMIC DRAWER KNOB,2011-12-11,13,31.730000000000004,2.216666666666667,2011,12,4,49,11,6,45.0,48.0,74.25,33.0
22651,GENTLEMAN SHIRT REPAIR KIT ,2011-12-11,10,14.739999999999998,1.565,2011,12,4,49,11,6,55.0,22.0,31.5,160.0
22650,CERAMIC PIRATE CHEST MONEY BANK,2011-12-11,29,67.81,2.6766666666666667,2011,12,4,49,11,6,34.0,50.0,37.0,21.0
21671,RED SPOT CERAMIC DRAWER KNOB,2011-12-11,123,164.67000000000002,2.8133333333333335,2011,12,4,49,11,6,47.0,52.0,97.75,25.0
22649,STRAWBERRY FAIRY CAKE TEAPOT,2011-12-11,2,21.58,10.79,2011,12,4,49,11,6,43.0,2.0,17.75,40.0
22647,CERAMIC LOVE HEART MONEY BANK,2011-12-11,88,37.22,0.7525000000000001,2011,12,4,49,11,6,39.0,3.0,13.5,1.0
22646,CERAMIC STRAWBERRY CAKE MONEY BANK,2011-12-11,536,227.28,0.9346666666666665,2011,12,4,49,11,6,241.0,29.0,193.75,200.0
21672,WHITE SPOT RED CERAMIC DRAWER KNOB,2011-12-11,46,89.84,3.0716666666666668,2011,12,4,49,11,6,50.0,29.0,52.75,7.0
22645,CERAMIC HEART FAIRY CAKE MONEY BANK,2011-12-11,239,175.41,1.5579999999999998,2011,12,4,49,11,6,96.0,52.0,70.25,249.0
22644,CERAMIC CHERRY CAKE MONEY BANK,2011-12-11,540,234.26000000000002,1.077904761904762,2011,12,4,49,11,6,110.0,22.0,57.25,192.0
21673,WHITE SPOT BLUE CERAMIC DRAWER KNOB,2011-12-11,26,54.26,1.961111111111111,2011,12,4,49,11,6,66.0,51.0,59.5,34.0
22643,SET OF 4 NAPKIN CHARMS LEAVES   ,2011-12-11,42,41.52,1.31125,2011,12,4,49,11,6,6.0,18.0,9.5,0.0
22642,SET OF 4 NAPKIN CHARMS STARS   ,2011-12-11,47,45.47,1.1375000000000002,2011,12,4,49,11,6,19.0,4.0,10.25,3.0
21675,BUTTERFLIES STICKERS,2011-12-11,6,9.78,1.63,2011,12,4,49,11,6,30.0,32.0,20.5,47.0
22641,SET OF 4 NAPKIN CHARMS INSTRUMENT,2011-12-11,3,2.37,0.79,2011,12,4,49,11,6,2.0,2.0,2.25,2.0
22640,SET OF 4 NAPKIN CHARMS 3 KEYS ,2011-12-11,5,8.120000000000001,2.875,2011,12,4,49,11,6,39.0,1.0,13.0,2.0
21676,FLOWERS  STICKERS,2011-12-11,1,1.63,1.63,2011,12,4,49,11,6,15.0,2.0,6.75,26.0
22639,SET OF 4 NAPKIN CHARMS HEARTS,2011-12-11,41,40.730000000000004,1.8325,2011,12,4,49,11,6,45.0,8.0,28.5,29.0
22638,SET OF 4 NAPKIN CHARMS CROWNS ,2011-12-11,44,34.76,0.79,2011,12,4,49,11,6,11.0,4.0,7.5,6.0
21677,HEARTS  STICKERS,2011-12-11,6,9.78,1.63,2011,12,4,49,11,6,32.0,26.0,27.5,46.0
21668,RED STRIPE CERAMIC DRAWER KNOB,2011-12-11,26,52.42,2.37,2011,12,4,49,11,6,50.0,34.0,71.0,11.0
21625,VINTAGE UNION JACK APRON,2011-12-11,4,49.34,10.540000000000001,2011,12,4,49,11,6,5.0,10.0,8.25,7.0
22661,CHARLOTTE BAG DOLLY GIRL DESIGN,2011-12-11,83,73.67,1.09375,2011,12,4,49,11,6,80.0,71.0,95.5,147.0
21666,RIDGED GLASS T-LIGHT HOLDER,2011-12-11,12,7.800000000000001,0.65,2011,12,4,49,11,6,30.0,24.0,19.5,1.0
22681,FRENCH BLUE METAL DOOR SIGN 6,2011-12-11,3,7.38,2.46,2011,12,4,49,11,6,11.0,33.0,21.25,8.0
22680,FRENCH BLUE METAL DOOR SIGN 5,2011-12-11,2,4.92,2.46,2011,12,4,49,11,6,23.0,31.0,25.5,3.0
21628,TRIANGULAR POUFFE VINTAGE ,2011-12-11,1,14.95,14.95,2011,12,4,49,11,6,0.0,0.0,0.5,2.0
22679,FRENCH BLUE METAL DOOR SIGN 4,2011-12-11,4,8.629999999999999,1.855,2011,12,4,49,11,6,18.0,2.0,16.75,3.0
22678,FRENCH BLUE METAL DOOR SIGN 3,2011-12-11,5,9.879999999999999,2.0566666666666666,2011,12,4,49,11,6,31.0,14.0,21.0,6.0
22676,FRENCH BLUE METAL DOOR SIGN 1,2011-12-11,3,7.38,2.46,2011,12,4,49,11,6,45.0,72.0,42.5,5.0
21629,SQUARE FLOOR CUSHION VINTAGE RED,2011-12-11,1,7.95,7.95,2011,12,4,49,11,6,4.0,5.0,4.0,1.0
22675,FRENCH KITCHEN SIGN BLUE METAL,2011-12-11,44,62.26,2.1574999999999998,2011,12,4,49,11,6,23.0,13.0,11.25,5.0
21630,FLOOR CUSHION ELEPHANT CARNIVAL,2011-12-11,1,8.95,8.95,2011,12,4,49,11,6,0.0,2.0,1.25,4.0
22674,FRENCH TOILET SIGN BLUE METAL,2011-12-11,18,28.549999999999997,2.1574999999999998,2011,12,4,49,11,6,4.0,41.0,16.25,13.0
22673,FRENCH GARDEN SIGN BLUE METAL,2011-12-11,4,5.0,1.25,2011,12,4,49,11,6,19.0,15.0,9.25,26.0
21638,ASSORTED TUTTI FRUTTI NOTEBOOK,2011-12-11,3,6.300000000000001,2.1,2011,12,4,49,11,6,1.0,35.0,14.75,27.0
22672,FRENCH BATHROOM SIGN BLUE METAL,2011-12-11,28,52.75999999999999,2.925555555555556,2011,12,4,49,11,6,34.0,18.0,19.5,5.0
22671,FRENCH LAUNDRY SIGN BLUE METAL,2011-12-11,6,18.1,3.107777777777778,2011,12,4,49,11,6,10.0,18.0,10.25,28.0
21640,ASSORTED TUTTI FRUTTI  FOB NOTEBOOK,2011-12-11,6,5.1,0.85,2011,12,4,49,11,6,49.0,24.0,26.25,12.0
22670,FRENCH WC SIGN BLUE METAL,2011-12-11,105,142.14000000000001,1.7205555555555556,2011,12,4,49,11,6,48.0,48.0,34.5,65.0
22669,RED BABY BUNTING ,2011-12-11,17,70.03,4.606666666666667,2011,12,4,49,11,6,32.0,25.0,24.5,33.0
21642,ASSORTED TUTTI FRUTTI PEN,2011-12-11,8,7.68,0.96,2011,12,4,49,11,6,35.0,145.0,116.75,12.0
22668,PINK BABY BUNTING,2011-12-11,7,23.490000000000002,3.896666666666667,2011,12,4,49,11,6,13.0,21.0,16.5,5.0
22667,RECIPE BOX RETROSPOT ,2011-12-11,130,354.7,2.8214285714285716,2011,12,4,49,11,6,108.0,62.0,79.5,100.0
21648,ASSORTED TUTTI FRUTTI SMALL PURSE,2011-12-11,3,7.38,2.46,2011,12,4,49,11,6,4.0,1.0,23.25,48.0
22666,RECIPE BOX PANTRY YELLOW DESIGN,2011-12-11,436,1495.8400000000001,4.198545454545455,2011,12,4,49,11,6,166.0,201.0,195.25,104.0
22664,TOY TIDY DOLLY GIRL DESIGN,2011-12-11,122,103.06,1.9033333333333333,2011,12,4,49,11,6,6.0,27.0,12.5,41.0
21650,ASSORTED TUTTI FRUTTI BRACELET,2011-12-11,90,59.339999999999996,0.702,2011,12,4,49,11,6,41.0,50.0,94.75,4.0
22663,JUMBO BAG DOLLY GIRL DESIGN,2011-12-11,38,91.34,3.2416666666666663,2011,12,4,49,11,6,54.0,40.0,67.5,8.0
22662,LUNCH BAG DOLLY GIRL DESIGN,2011-12-11,53,94.89,2.5593333333333335,2011,12,4,49,11,6,66.0,136.0,123.75,91.0
POST,POSTAGE,2011-12-11,83,1892.29,27.021038095238094,2011,12,4,49,11,6,109.0,94.0,110.75,85.0
