StockCode,Description,Total_Units_Sold,Total_Revenue,Average_Price,Active_Days,On_Hand_Units,On_Order_Units,Lead_Time_Days,Daily_Demand,Weekly_Demand,Safety_Stock,Reorder_Point,Forecast_8_Week_Demand,Risk_Status,Recommended_Action,Recommended_Order_Qty,Sales_At_Risk,Capital_Locked,Stockout_Score,Overstock_Score
10002,INFLATABLE POLITICAL GLOBE ,860,759.89,1.0526521739130434,46,122,52,9,18.695652173913043,130.8695652173913,26.173913043478265,194.43478260869563,0.0,Overstock,Markdown / Clear,0.0,0.0,128.4235652173913,0.0,122.0
10080,GROOVY CACTUS INFLATABLE,303,119.08999999999999,0.41190476190476194,21,455,186,5,14.428571428571429,101.0,20.200000000000003,92.34285714285714,0.0,Overstock,Markdown / Clear,0.0,0.0,187.41666666666669,0.0,455.0
10120,DOGGY RUBBER,192,40.32,0.21,24,368,77,20,8.0,56.0,11.200000000000001,171.2,10.0,Overstock,Markdown / Clear,0.0,0.0,75.17999999999999,0.02242152466367713,33.45454545454545
10123C,HEARTS WRAPPING TAPE ,5,3.25,0.65,3,290,40,13,1.6666666666666667,11.666666666666668,2.3333333333333335,24.0,0.0,Overstock,Markdown / Clear,0.0,0.0,188.5,0.0,290.0
10124A,SPOTS ON RED BOOKCOVER TAPE,16,6.72,0.42000000000000004,5,126,195,9,3.2,22.400000000000002,4.48,33.28,0.0,Overstock,Markdown / Clear,0.0,0.0,52.92,0.0,126.0
10124G,ARMY CAMO BOOKCOVER TAPE,17,7.14,0.42,4,91,67,11,4.25,29.75,5.95,52.7,0.0,Overstock,Markdown / Clear,0.0,0.0,38.22,0.0,91.0
10125,MINI FUNKY DESIGN TAPES,1295,993.99,0.8953174603174603,63,208,7,3,20.555555555555557,143.8888888888889,28.777777777777786,90.44444444444446,13.0,Overstock,Markdown / Clear,0.0,0.0,174.58690476190475,0.06018518518518518,14.857142857142858
10133,COLOURING PENCILS BROWN TUBE,2856,1539.6,0.6815158008658009,110,40,1,16,25.963636363636365,181.74545454545455,36.34909090909091,451.76727272727277,0.0,Overstock,Markdown / Clear,0.0,0.0,27.260632034632035,0.0,40.0
10135,COLOURING PENCILS BROWN TUBE,2229,2204.89,1.4783333333333333,119,122,104,8,18.73109243697479,131.11764705882354,26.22352941176471,176.07226890756303,50.0,Overstock,Markdown / Clear,0.0,0.0,106.44,0.22026431718061673,2.392156862745098
11001,ASSTD DESIGN RACING CAR PEN,1615,2389.44,1.9547752808988763,89,141,124,9,18.146067415730336,127.02247191011236,25.404494382022474,188.7191011235955,12.5,Overstock,Markdown / Clear,0.0,0.0,251.18862359550562,0.046992481203007516,10.444444444444445
15030,FAN BLACK FRAME ,143,41.47,0.29,12,486,109,12,11.916666666666666,83.41666666666666,16.683333333333334,159.68333333333334,0.0,Overstock,Markdown / Clear,0.0,0.0,140.94,0.0,486.0
15034,PAPER POCKET TRAVELING FAN ,6591,840.0200000000001,0.3634285714285714,105,234,85,9,62.77142857142857,439.4,87.88,652.8228571428572,9.0,Overstock,Markdown / Clear,0.0,0.0,81.77142857142856,0.028125,23.4
15036,ASSORTED COLOURS SILK FAN,23826,18569.84,1.0658158866995073,232,350,168,4,102.69827586206897,718.8879310344828,143.77758620689656,554.5706896551724,78.5,Overstock,Markdown / Clear,0.0,0.0,289.36901323891624,0.151252408477842,4.40251572327044
15039,SANDALWOOD FAN,2090,1978.6399999999999,1.2299523809523807,105,478,119,6,19.904761904761905,139.33333333333334,27.86666666666667,147.2952380952381,24.0,Overstock,Markdown / Clear,0.0,0.0,558.3983809523809,0.04013377926421405,19.12
15044A,PINK PAPER PARASOL ,458,1439.0200000000002,3.660894308943089,82,107,126,19,5.585365853658536,39.09756097560975,7.819512195121951,113.94146341463413,0.0,Overstock,Markdown / Clear,0.0,0.0,391.71569105691054,0.0,107.0
15044B,BLUE PAPER PARASOL ,321,946.83,3.513076923076923,52,392,182,3,6.173076923076923,43.21153846153847,8.642307692307694,27.161538461538463,0.0,Overstock,Markdown / Clear,0.0,0.0,1377.126153846154,0.0,392.0
15044C,PURPLE PAPER PARASOL,313,1022.99,3.815238095238095,70,119,15,12,4.4714285714285715,31.3,6.260000000000001,59.917142857142856,2.0,Overstock,Markdown / Clear,0.0,0.0,446.3828571428571,0.014814814814814815,39.666666666666664
15044D,RED PAPER PARASOL,644,1819.76,3.2581481481481482,72,379,61,17,8.944444444444445,62.611111111111114,12.522222222222224,164.57777777777778,2.0,Overstock,Markdown / Clear,0.0,0.0,1228.321851851852,0.0045351473922902496,126.33333333333333
15056BL,EDWARDIAN PARASOL BLACK,2844,15828.84,6.357122895622896,198,171,112,12,14.363636363636363,100.54545454545455,20.10909090909091,192.4727272727273,40.0,Overstock,Markdown / Clear,0.0,0.0,832.7830993265994,0.14084507042253522,4.170731707317073
15056N,EDWARDIAN PARASOL NATURAL,3950,22152.690000000002,6.93586005625879,237,150,175,14,16.666666666666668,116.66666666666667,23.333333333333336,256.6666666666667,49.5,Overstock,Markdown / Clear,0.0,0.0,697.0539356540085,0.15184049079754602,2.9702970297029703
15056P,EDWARDIAN PARASOL PINK,776,4354.92,6.302628205128205,117,169,157,18,6.632478632478633,46.42735042735043,9.285470085470086,128.67008547008547,11.5,Overstock,Markdown / Clear,0.0,0.0,992.6639423076923,0.035168195718654434,13.52
15056bl,EDWARDIAN PARASOL BLACK,87,1086.88,12.482608695652175,46,328,11,11,1.891304347826087,13.23913043478261,2.647826086956522,23.45217391304348,3.5,Overstock,Markdown / Clear,0.0,0.0,4050.6065217391306,0.010294117647058823,72.88888888888889
15056n,EDWARDIAN PARASOL NATURAL,127,1585.28,12.48,52,277,34,17,2.4423076923076925,17.096153846153847,3.4192307692307695,44.938461538461546,0.0,Overstock,Markdown / Clear,0.0,0.0,3456.96,0.0,277.0
15056p,EDWARDIAN PARASOL PINK,33,412.48,12.505217391304347,23,363,10,19,1.434782608695652,10.043478260869565,2.008695652173913,29.269565217391303,1.0,Overstock,Markdown / Clear,0.0,0.0,4526.888695652174,0.00267379679144385,181.5
15058A,BLUE POLKADOT GARDEN PARASOL,200,1668.49,9.273489583333333,64,433,63,16,3.125,21.875,4.375,54.375,0.0,Overstock,Markdown / Clear,0.0,0.0,4015.4209895833333,0.0,433.0
15058B,PINK POLKADOT GARDEN PARASOL,228,1885.27,9.974179104477612,67,313,49,20,3.4029850746268657,23.82089552238806,4.764179104477612,72.82388059701492,0.0,Overstock,Markdown / Clear,0.0,0.0,3121.9180597014924,0.0,313.0
15058C,ICE CREAM DESIGN GARDEN PARASOL,240,1429.82,9.691878787878787,55,405,148,4,4.363636363636363,30.545454545454543,6.109090909090909,23.563636363636363,0.0,Overstock,Markdown / Clear,0.0,0.0,3925.210909090909,0.0,405.0
15060B,FAIRY CAKE DESIGN UMBRELLA,451,1807.55,4.927619047619047,105,211,68,6,4.295238095238095,30.066666666666666,6.013333333333334,31.784761904761908,0.0,Overstock,Markdown / Clear,0.0,0.0,1039.727619047619,0.0,211.0
15060b,FAIRY CAKE DESIGN UMBRELLA,3,24.869999999999997,8.29,3,463,47,20,1.0,7.0,1.4000000000000001,21.4,0.0,Overstock,Markdown / Clear,0.0,0.0,3838.2699999999995,0.0,463.0
16008,SMALL FOLDING SCISSOR(POINTED EDGE),2892,360.71,0.1375438596491228,57,296,19,9,50.73684210526316,355.1578947368421,71.03157894736842,527.6631578947369,312.0,Stockout Risk,Reorder Now,87.0,42.91368421052631,0.0,0.9873417721518988,0.9456869009584664
16010,FOLDING CAMPING SCISSOR W/KNIF & S,30,3.5999999999999996,0.12,3,180,100,15,10.0,70.0,14.0,164.0,0.0,Overstock,Markdown / Clear,0.0,0.0,21.599999999999998,0.0,180.0
16011,ANIMAL STICKERS,1749,367.29,0.21,45,479,194,17,38.86666666666667,272.06666666666666,54.413333333333334,715.1466666666666,24.5,Overstock,Markdown / Clear,0.0,0.0,95.445,0.03635014836795252,18.784313725490197
16012,FOOD/DRINK SPONGE STICKERS,1220,256.2,0.21,30,333,171,3,40.666666666666664,284.66666666666663,56.93333333333333,178.93333333333334,12.5,Overstock,Markdown / Clear,0.0,0.0,67.30499999999999,0.024752475247524754,24.666666666666668
16014,SMALL CHINESE STYLE SCISSOR,13328,4335.76,0.4026530612244898,49,41,160,13,272.0,1904.0,380.8,3916.8,65.5,Stockout Risk,Reorder Now,405.0,26.37377551020408,0.0,0.32425742574257427,0.6165413533834586
16015,MEDIUM CHINESE STYLE SCISSOR,662,289.98,0.4908695652173913,23,272,188,12,28.782608695652176,201.47826086956522,40.29565217391305,385.68695652173915,0.0,Overstock,Markdown / Clear,0.0,0.0,133.51652173913044,0.0,272.0
16016,LARGE CHINESE STYLE SCISSOR,1273,1053.45,0.84675,60,255,136,7,21.216666666666665,148.51666666666665,29.703333333333333,178.21999999999997,60.0,Overstock,Markdown / Clear,0.0,0.0,165.11625,0.15306122448979592,4.180327868852459
16020C,CLEAR STATIONERY BOX SET ,84,69.89999999999999,0.8334615384615384,13,364,67,18,6.461538461538462,45.23076923076923,9.046153846153848,125.35384615384615,0.0,Overstock,Markdown / Clear,0.0,0.0,303.37999999999994,0.0,364.0
16033,MINI HIGHLIGHTER PENS,840,100.80000000000001,0.12,4,68,34,13,210.0,1470.0,294.0,3024.0,0.0,Stockout Risk,Reorder Now,226.0,0.0,0.0,0.0,68.0
16043,POP ART PUSH DOWN RUBBER ,98,11.759999999999998,0.12,2,494,64,8,49.0,343.0,68.60000000000001,460.6,0.0,Overstock,Markdown / Clear,0.0,0.0,59.28,0.0,494.0
16045,POPART WOODEN PENCILS ASST,8900,380.0,0.04428571428571428,56,78,7,11,158.92857142857142,1112.5,222.5,1970.7142857142856,0.0,Stockout Risk,Reorder Now,144.0,0.0,0.0,0.0,78.0
16046,TEATIME PEN CASE & PENS,65,55.24999999999999,0.8499999999999999,13,189,44,15,5.0,35.0,7.0,82.0,1.0,Overstock,Markdown / Clear,0.0,0.0,159.79999999999998,0.004273504273504274,94.5
16048,TEATIME ROUND PENCIL SHARPENER ,1460,205.29999999999998,0.33382716049382716,54,495,86,10,27.037037037037038,189.25925925925927,37.851851851851855,308.22222222222223,1.0,Overstock,Markdown / Clear,0.0,0.0,164.91061728395061,0.001718213058419244,247.5
16049,TEATIME GEL PENS ASST,504,82.08,0.27,4,207,174,16,126.0,882.0,176.4,2192.4,0.0,Overstock,Markdown / Clear,0.0,0.0,55.89,0.0,207.0
16052,TEATIME PUSH DOWN RUBBER,479,115.3,0.6033333333333333,12,483,167,3,39.916666666666664,279.41666666666663,55.883333333333326,175.63333333333333,0.0,Overstock,Markdown / Clear,0.0,0.0,291.40999999999997,0.0,483.0
16054,POPART RECT PENCIL SHARPENER ASST,1166,140.52,0.13034482758620689,29,290,75,19,40.206896551724135,281.44827586206895,56.289655172413795,820.2206896551724,0.0,Overstock,Markdown / Clear,0.0,0.0,37.8,0.0,290.0
16151A,FLOWERS HANDBAG blue and orange,49,61.25,1.25,3,209,181,7,16.333333333333332,114.33333333333333,22.866666666666667,137.2,0.0,Overstock,Markdown / Clear,0.0,0.0,261.25,0.0,209.0
16156L,WRAP CAROUSEL,375,157.5,0.42,13,465,75,4,28.846153846153847,201.92307692307693,40.38461538461539,155.76923076923077,0.0,Overstock,Markdown / Clear,0.0,0.0,195.29999999999998,0.0,465.0
16156L,"WRAP, CAROUSEL",100,42.0,0.42,4,194,173,11,25.0,175.0,35.0,310.0,0.0,Overstock,Markdown / Clear,0.0,0.0,81.48,0.0,194.0
16156S,WRAP PINK FAIRY CAKES ,5800,2331.0,0.4170731707317073,123,465,46,6,47.15447154471545,330.08130081300817,66.01626016260164,348.94308943089436,87.5,Overstock,Markdown / Clear,0.0,0.0,157.4451219512195,0.1708984375,5.254237288135593
16161G,WRAP BAD HAIR DAY,700,70.0,0.1,21,70,14,19,33.333333333333336,233.33333333333334,46.66666666666667,680.0,0.0,Overstock,Markdown / Clear,0.0,0.0,7.0,0.0,70.0
16161M,WRAP  PINK FLOCK,25,10.5,0.42,1,383,104,19,25.0,175.0,35.0,510.0,0.0,Overstock,Markdown / Clear,0.0,0.0,160.85999999999999,0.0,383.0
16161P,WRAP ENGLISH ROSE ,7201,2980.42,0.4197101449275363,161,74,146,20,44.72670807453416,313.0869565217391,62.61739130434783,957.151552795031,87.5,Healthy,No Action,76.0,0.0,0.0,0.39592760180995473,0.8361581920903954
16161U,WRAP SUKI AND FRIENDS,4075,1687.5,0.4198095238095238,105,263,25,18,38.80952380952381,271.6666666666667,54.33333333333334,752.9047619047619,75.0,Overstock,Markdown / Clear,0.0,0.0,78.92419047619047,0.25951557093425603,3.460526315789474
16162L,THE KING GIFT BAG,20,13.0,0.65,8,339,51,10,2.5,17.5,3.5,28.5,0.0,Overstock,Markdown / Clear,0.0,0.0,220.35,0.0,339.0
16162M,THE KING GIFT BAG 25x24x12cm,28,11.76,0.42,7,150,92,13,4.0,28.0,5.6000000000000005,57.6,0.0,Overstock,Markdown / Clear,0.0,0.0,63.0,0.0,150.0
16168M,FUNKY MONKEY GIFT BAG MEDIUM,371,173.12,0.6263888888888889,36,326,149,20,10.305555555555555,72.13888888888889,14.427777777777777,220.5388888888889,14.5,Overstock,Markdown / Clear,0.0,0.0,195.12013888888887,0.03046218487394958,21.032258064516128
16169E,WRAP 50'S  CHRISTMAS,4563,1892.46,0.419578313253012,83,154,20,12,54.975903614457835,384.83132530120486,76.96626506024097,736.677108433735,0.0,Overstock,Markdown / Clear,0.0,0.0,64.61506024096384,0.0,154.0
16169K,WRAP FOLK ART,200,84.0,0.42,8,40,50,15,25.0,175.0,35.0,410.0,0.0,Overstock,Markdown / Clear,0.0,0.0,16.8,0.0,40.0
16169M,WRAP DAISY CARPET ,660,277.2,0.42,25,348,37,19,26.4,184.79999999999998,36.96,538.56,0.0,Overstock,Markdown / Clear,0.0,0.0,146.16,0.0,348.0
16169N,WRAP BLUE RUSSIAN FOLKART,25,10.5,0.42,1,186,19,20,25.0,175.0,35.0,535.0,0.0,Overstock,Markdown / Clear,0.0,0.0,78.11999999999999,0.0,186.0
16169P,WRAP GREEN RUSSIAN FOLKART ,50,21.0,0.42,2,293,156,12,25.0,175.0,35.0,335.0,0.0,Overstock,Markdown / Clear,0.0,0.0,123.06,0.0,293.0
16202A,PASTEL PINK PHOTO ALBUM ,7,3.5,0.5,2,407,178,18,3.5,24.5,4.9,67.9,0.0,Overstock,Markdown / Clear,0.0,0.0,203.5,0.0,407.0
16202B,PASTEL BLUE PHOTO ALBUM ,29,14.5,0.5,2,108,131,7,14.5,101.5,20.3,121.8,0.0,Overstock,Markdown / Clear,0.0,0.0,54.0,0.0,108.0
16202E,BLACK PHOTO ALBUM ,15,7.5,0.5,3,335,54,15,5.0,35.0,7.0,82.0,0.0,Overstock,Markdown / Clear,0.0,0.0,167.5,0.0,335.0
16206B,RED PURSE WITH PINK HEART,7,8.75,1.25,2,33,198,20,3.5,24.5,4.9,74.9,0.0,Overstock,Markdown / Clear,0.0,0.0,41.25,0.0,33.0
16207A,PINK STRAWBERRY HANDBAG ,60,163.1,2.7800000000000002,31,261,91,19,1.935483870967742,13.548387096774194,2.709677419354839,39.483870967741936,0.0,Overstock,Markdown / Clear,0.0,0.0,725.58,0.0,261.0
16207B,PINK HEART RED HANDBAG,29,76.14,2.729375,16,284,27,11,1.8125,12.6875,2.5375,22.475,0.0,Overstock,Markdown / Clear,0.0,0.0,775.1425,0.0,284.0
16216,LETTER SHAPE PENCIL SHARPENER,3333,234.0,0.143375,40,365,3,16,83.325,583.275,116.655,1449.855,105.0,Overstock,Markdown / Clear,0.0,0.0,37.2775,0.2845528455284553,3.443396226415094
16218,CARTOON  PENCIL SHARPENERS,3821,283.31,0.29763636363636364,55,72,149,19,69.47272727272727,486.30909090909086,97.26181818181817,1417.2436363636364,97.5,Healthy,No Action,123.0,0.0,0.0,0.4391891891891892,0.7309644670050761
16219,HOUSE SHAPE PENCIL SHARPENER,3048,407.71999999999997,0.5230452674897119,81,405,75,6,37.629629629629626,263.4074074074074,52.681481481481484,278.4592592592593,6.0,Overstock,Markdown / Clear,0.0,0.0,208.69506172839505,0.012474012474012475,57.857142857142854
16225,RATTLE SNAKE EGGS,813,689.35,1.5221846846846847,74,359,172,20,10.986486486486486,76.9054054054054,15.381081081081081,235.1108108108108,55.5,Overstock,Markdown / Clear,0.0,0.0,461.9830518018018,0.10432330827067669,6.353982300884955
16235,RECYCLED PENCIL WITH RABBIT ERASER,3068,695.4,0.31240677966101693,118,111,66,17,26.0,182.0,36.4,478.4,46.0,Overstock,Markdown / Clear,0.0,0.0,20.3064406779661,0.25842696629213485,2.3617021276595747
16236,KITTY PENCIL ERASERS,1438,320.09,0.30469999999999997,100,386,85,13,14.38,100.66000000000001,20.132000000000005,207.072,25.0,Overstock,Markdown / Clear,0.0,0.0,109.99669999999999,0.05296610169491525,14.846153846153847
16237,SLEEPING CAT ERASERS,4991,1047.93,0.29402111760883687,171,463,193,14,29.18713450292398,204.30994152046785,40.86198830409357,449.4818713450293,219.5,Overstock,Markdown / Clear,0.0,0.0,71.59414213775177,0.3340943683409437,2.0997732426303855
16238,PARTY TIME PENCIL ERASERS,1396,321.67,0.31357744107744107,99,474,161,11,14.1010101010101,98.7070707070707,19.74141414141414,174.85252525252525,34.0,Overstock,Markdown / Clear,0.0,0.0,137.97407407407408,0.05345911949685535,13.542857142857143
16244B,MAXWELL 2 TONE BLUE 60 PAGE PHOTO A,7,7.85,1.225,2,447,90,15,3.5,24.5,4.9,57.4,0.0,Overstock,Markdown / Clear,0.0,0.0,547.575,0.0,447.0
16248B,BLUE HOLE PUNCH,13,16.25,1.25,7,283,182,17,1.8571428571428572,13.0,2.6,34.17142857142857,0.0,Overstock,Markdown / Clear,0.0,0.0,353.75,0.0,283.0
16254,TRANSPARENT ACRYLIC TAPE DISPENSER,40,42.58,1.3088235294117647,17,450,104,17,2.3529411764705883,16.47058823529412,3.2941176470588243,43.294117647058826,0.0,Overstock,Markdown / Clear,0.0,0.0,588.9705882352941,0.0,450.0
16258A,SWIRLY CIRCULAR RUBBERS IN BAG,472,178.97,0.5868954248366013,51,54,0,7,9.254901960784315,64.78431372549021,12.956862745098043,77.74117647058824,82.5,Stockout Risk,Reorder Now,41.0,48.4188725490196,0.0,1.5,0.6467065868263473
16259,PIECE OF CAMO STATIONERY SET,3380,326.56,0.09857142857142856,28,225,71,16,120.71428571428571,845.0,169.0,2100.4285714285716,0.0,Overstock,Markdown / Clear,0.0,0.0,22.178571428571427,0.0,225.0
17001,HEAVENS SCENT FRAGRANCE OILS ASSTD,72,20.88,0.29,1,100,86,19,72.0,504.0,100.80000000000001,1468.8,0.0,Overstock,Markdown / Clear,1.0,0.0,28.999999999999996,0.0,100.0
17003,BROCADE RING PURSE ,23020,6025.95,0.3504675324675324,154,439,165,20,149.4805194805195,1046.3636363636365,209.2727272727273,3198.883116883117,203.5,Overstock,Markdown / Clear,0.0,0.0,82.53510389610389,0.33636363636363636,2.1466992665036675
17007B,S/3 POT POURI CUSHIONS BLUE COLOURS,24,50.400000000000006,2.1,2,69,5,5,12.0,84.0,16.8,76.8,0.0,Overstock,Markdown / Clear,0.0,0.0,144.9,0.0,69.0
17011F,ORIGAMI SANDLEWOOD INCENSE+FLOWER,81,66.36,1.5728571428571427,7,379,152,4,11.571428571428571,81.0,16.2,62.48571428571428,0.0,Overstock,Markdown / Clear,0.0,0.0,596.1128571428571,0.0,379.0
17012A,ORIGAMI VANILLA INCENSE/CANDLE SET ,323,375.93,1.934642857142857,56,407,144,3,5.767857142857143,40.375,8.075000000000001,25.378571428571433,5.0,Overstock,Markdown / Clear,0.0,0.0,777.7264285714285,0.009057971014492754,67.83333333333333
17012B,ORIGAMI JASMINE INCENSE/CANDLE SET,525,595.8499999999999,1.859391891891892,74,21,60,12,7.094594594594595,49.66216216216216,9.932432432432433,95.06756756756756,1.0,Overstock,Markdown / Clear,0.0,0.0,37.18783783783784,0.012195121951219513,10.5
17012C,ORIGAMI LAVENDER INCENSE/CANDL SET ,420,481.79999999999995,1.7991044776119403,67,409,11,19,6.268656716417911,43.88059701492538,8.776119402985076,127.88059701492539,10.0,Overstock,Markdown / Clear,0.0,0.0,717.8426865671642,0.023752969121140142,37.18181818181818
17012D,ORIGAMI ROSE INCENSE/CANDLE SET ,461,547.24,1.8546999999999998,75,73,5,14,6.1466666666666665,43.026666666666664,8.605333333333332,94.65866666666666,50.0,Healthy,No Action,0.0,0.0,0.0,0.6329113924050633,1.4313725490196079
17012E,ORIGAMI OPIUM INCENSE/CANDLE SET ,44,62.63999999999999,2.372142857142857,7,125,26,3,6.285714285714286,44.0,8.8,27.65714285714286,0.0,Overstock,Markdown / Clear,0.0,0.0,296.5178571428571,0.0,125.0
17012F,ORIGAMI SANDLEWOOD INCENSE/CAND SET,448,530.6,1.876712962962963,72,279,135,14,6.222222222222222,43.55555555555556,8.711111111111112,95.82222222222222,24.5,Overstock,Markdown / Clear,0.0,0.0,477.62344907407413,0.05903614457831325,10.941176470588236
17013D,ORIGAMI ROSE INCENSE IN TUBE,535,267.82,1.2453846153846153,13,329,123,19,41.15384615384615,288.0769230769231,57.61538461538462,839.5384615384615,0.0,Overstock,Markdown / Clear,0.0,0.0,409.73153846153843,0.0,329.0
17014A,ORIGAMI VANILLA INCENSE CONES,155,71.19,0.9512499999999999,8,496,105,5,19.375,135.625,27.125,124.0,0.0,Overstock,Markdown / Clear,0.0,0.0,471.81999999999994,0.0,496.0
17021,NAMASTE SWAGAT INCENSE,2391,632.34,0.2931818181818182,44,210,192,13,54.34090909090909,380.3863636363636,76.07727272727273,782.509090909091,36.0,Overstock,Markdown / Clear,0.0,0.0,51.013636363636365,0.08933002481389578,5.675675675675675
17028J,INCENSE BAZAAR PEACH,6,2.52,0.42,1,421,184,19,6.0,42.0,8.4,122.4,0.0,Overstock,Markdown / Clear,0.0,0.0,176.82,0.0,421.0
17038,PORCELAIN BUDAH INCENSE HOLDER,1525,158.06,0.42,34,237,92,5,44.85294117647059,313.9705882352941,62.79411764705882,287.05882352941177,3.0,Overstock,Markdown / Clear,0.0,0.0,98.28,0.00909090909090909,59.25
17084A,TRANQUILITY MASALA INCENSE,200,42.0,0.21,7,63,108,10,28.571428571428573,200.0,40.0,325.7142857142857,0.0,Overstock,Markdown / Clear,0.0,0.0,13.229999999999999,0.0,63.0
17084J,LOVE POTION MASALA INCENSE,225,47.25,0.21,8,181,98,6,28.125,196.875,39.375,208.125,0.0,Overstock,Markdown / Clear,0.0,0.0,38.01,0.0,181.0
17084N,FAIRY DREAMS INCENSE ,1264,313.31,0.35548780487804876,82,221,167,9,15.414634146341463,107.90243902439025,21.58048780487805,160.31219512195122,28.5,Overstock,Markdown / Clear,0.0,0.0,68.43140243902438,0.07326478149100257,7.491525423728813
17084P,DRAGONS BLOOD INCENSE,423,104.44,0.34557142857142853,35,465,141,16,12.085714285714285,84.6,16.919999999999998,210.29142857142855,27.0,Overstock,Markdown / Clear,0.0,0.0,151.3602857142857,0.044481054365733116,16.607142857142858
17084R,ASSORTED INCENSE PACK,4032,760.3199999999999,0.2023076923076923,26,289,34,16,155.07692307692307,1085.5384615384614,217.1076923076923,2698.338461538461,72.0,Overstock,Markdown / Clear,0.0,0.0,43.90076923076923,0.2222222222222222,3.958904109589041
17090A,LAVENDER INCENSE 40 CONES IN TIN,109,107.45,1.17,10,370,175,6,10.9,76.3,15.26,80.66000000000001,0.0,Overstock,Markdown / Clear,0.0,0.0,432.9,0.0,370.0
17090D,VANILLA INCENSE 40 CONES IN TIN,29,36.25,1.25,12,323,83,18,2.4166666666666665,16.916666666666664,3.383333333333333,46.88333333333333,0.0,Overstock,Markdown / Clear,0.0,0.0,403.75,0.0,323.0
17091A,LAVENDER INCENSE IN TIN,171,98.91,0.8150000000000001,20,290,55,3,8.55,59.85000000000001,11.970000000000002,37.620000000000005,0.0,Overstock,Markdown / Clear,0.0,0.0,236.35000000000002,0.0,290.0
17091J,VANILLA INCENSE IN TIN,2084,920.67,0.6806,75,475,176,19,27.786666666666665,194.50666666666666,38.90133333333333,566.848,135.0,Overstock,Markdown / Clear,0.0,0.0,231.404,0.20705521472392638,3.4926470588235294
17096,ASSORTED LAQUERED INCENSE HOLDERS,2545,455.9800000000001,0.30173913043478257,23,481,140,12,110.65217391304348,774.5652173913044,154.91304347826087,1482.7391304347825,0.0,Overstock,Markdown / Clear,0.0,0.0,145.13652173913042,0.0,481.0
17107D,FLOWER FAIRY 5 DRAWER LINERS,59,150.45,2.55,17,234,188,18,3.4705882352941178,24.294117647058826,4.858823529411765,67.32941176470588,0.0,Overstock,Markdown / Clear,0.0,0.0,596.6999999999999,0.0,234.0
17107D,FLOWER FAIRY 5 SUMMER DRAW LINERS,6,15.3,2.55,1,271,48,18,6.0,42.0,8.4,116.4,0.0,Overstock,Markdown / Clear,0.0,0.0,691.05,0.0,271.0
17107D,"FLOWER FAIRY,5 SUMMER B'DRAW LINERS",105,267.75,2.55,23,209,45,10,4.565217391304348,31.956521739130434,6.391304347826087,52.04347826086956,0.0,Overstock,Markdown / Clear,0.0,0.0,532.9499999999999,0.0,209.0
17109D,FLOWER FAIRY INCENSE BOUQUET,61,32.349999999999994,0.9039999999999999,5,315,112,9,12.2,85.39999999999999,17.08,126.88,0.0,Overstock,Markdown / Clear,0.0,0.0,284.76,0.0,315.0
17129F,BLUE GLASS GEMS IN BAG,588,553.8299999999999,1.366372549019608,51,232,189,8,11.529411764705882,80.70588235294117,16.141176470588235,108.37647058823529,1.0,Overstock,Markdown / Clear,0.0,0.0,315.6320588235294,0.002369668246445498,116.0
17136A,BLUE STONES ON WIRE FOR CANDLE,352,29.59,0.10294117647058823,17,227,135,18,20.705882352941178,144.94117647058823,28.988235294117647,401.6941176470589,0.0,Overstock,Markdown / Clear,0.0,0.0,23.36764705882353,0.0,227.0
17164B,ASS COL SMALL SAND GECKO P'WEIGHT,27,11.34,0.42,8,256,42,18,3.375,23.625,4.7250000000000005,65.475,0.0,Overstock,Markdown / Clear,0.0,0.0,107.52,0.0,256.0
17165D,ASS COL LARGE SAND FROG P'WEIGHT,27,28.35,1.05,7,357,147,9,3.857142857142857,27.0,5.4,40.114285714285714,0.0,Overstock,Markdown / Clear,0.0,0.0,374.85,0.0,357.0
17174,ASSTD RASTA KEY-CHAINS,9,3.7800000000000002,0.42,3,386,123,11,3.0,21.0,4.2,37.2,0.0,Overstock,Markdown / Clear,0.0,0.0,162.12,0.0,386.0
17191A,ROSE FLOWER CANDLE+INCENSE 16X16CM,4,15.0,3.75,2,72,96,16,2.0,14.0,2.8000000000000003,34.8,0.0,Overstock,Markdown / Clear,0.0,0.0,270.0,0.0,72.0
18007,ESSENTIAL BALM 3.5g TIN IN ENVELOPE,5884,395.61,0.2897435897435897,26,299,89,13,226.30769230769232,1584.1538461538462,316.83076923076925,3258.8307692307694,0.0,Overstock,Markdown / Clear,18.0,0.0,86.63333333333333,0.0,299.0
18094C,WHITE AND BLUE CERAMIC OIL BURNER,192,283.93,1.8864864864864863,37,429,38,16,5.1891891891891895,36.32432432432432,7.264864864864865,90.2918918918919,0.0,Overstock,Markdown / Clear,0.0,0.0,809.3027027027026,0.0,429.0
18097A,PINK TALL PORCELAIN T-LIGHT HOLDER ,5,12.75,2.55,4,236,84,9,1.25,8.75,1.75,13.0,0.0,Overstock,Markdown / Clear,0.0,0.0,601.8,0.0,236.0
18097C,WHITE TALL PORCELAIN T-LIGHT HOLDER,695,1591.01,3.1361299435028247,59,271,176,3,11.779661016949152,82.45762711864407,16.491525423728813,51.83050847457628,2.0,Overstock,Markdown / Clear,0.0,0.0,843.6189548022599,0.004464285714285714,90.33333333333333
18098C,PORCELAIN BUTTERFLY OIL BURNER,213,658.75,3.4982352941176473,34,207,191,15,6.264705882352941,43.85294117647059,8.770588235294118,102.74117647058823,0.0,Overstock,Markdown / Clear,0.0,0.0,724.134705882353,0.0,207.0
18098c,PORCELAIN BUTTERFLY OIL BURNER,52,263.12,5.06,5,399,61,5,10.4,72.8,14.56,66.56,0.0,Overstock,Markdown / Clear,0.0,0.0,2018.9399999999998,0.0,399.0
20615,BLUE POLKADOT PASSPORT COVER,309,466.99,2.4836333333333336,75,60,105,6,4.12,28.84,5.768000000000001,30.488,3.5,Overstock,Markdown / Clear,0.0,0.0,140.32528333333335,0.02108433734939759,13.333333333333334
20616,CHERRY BLOSSOM PASSPORT COVER,194,243.53,1.728606557377049,61,176,106,13,3.180327868852459,22.262295081967213,4.452459016393443,45.79672131147541,2.0,Overstock,Markdown / Clear,0.0,0.0,300.7775409836065,0.007067137809187279,58.666666666666664
20617,FIRST CLASS PASSPORT COVER ,93,194.94,2.26875,40,34,53,4,2.325,16.275000000000002,3.255000000000001,12.555000000000001,1.5,Overstock,Markdown / Clear,0.0,0.0,73.734375,0.017045454545454544,13.6
20618,QUEEN OF THE SKIES PASSPORT COVER ,148,286.39,2.0321944444444444,60,320,125,16,2.466666666666667,17.266666666666666,3.453333333333333,42.92,1.0,Overstock,Markdown / Clear,0.0,0.0,648.2700277777777,0.002242152466367713,160.0
20619,TROPICAL PASSPORT COVER ,262,439.65,2.1628112449799195,83,84,8,14,3.1566265060240966,22.096385542168676,4.419277108433735,48.612048192771084,3.0,Overstock,Markdown / Clear,0.0,0.0,175.18771084337348,0.03225806451612903,21.0
20622,VIP PASSPORT COVER ,43,94.04,2.412,15,364,87,19,2.8666666666666667,20.066666666666666,4.013333333333334,58.480000000000004,1.5,Overstock,Markdown / Clear,0.0,0.0,874.35,0.00331858407079646,145.6
20622,VIPPASSPORT COVER ,142,209.66,2.4871666666666665,30,346,36,14,4.733333333333333,33.13333333333333,6.626666666666667,72.89333333333333,0.0,Overstock,Markdown / Clear,0.0,0.0,860.5596666666667,0.0,346.0
20652,BLUE POLKADOT LUGGAGE TAG ,265,346.86,1.6336827956989246,62,28,48,14,4.274193548387097,29.91935483870968,5.983870967741936,65.8225806451613,2.0,Overstock,Markdown / Clear,0.0,0.0,42.47575268817204,0.025974025974025976,9.333333333333334
20653,CHERRY BLOSSOM LUGGAGE TAG,73,95.17999999999999,1.522258064516129,31,363,40,3,2.3548387096774195,16.483870967741936,3.296774193548387,10.361290322580645,1.0,Overstock,Markdown / Clear,0.0,0.0,551.0574193548387,0.0024752475247524753,181.5
20654,FIRST CLASS LUGGAGE TAG ,152,193.59,1.395891472868217,43,148,16,15,3.5348837209302326,24.74418604651163,4.948837209302326,57.972093023255816,2.0,Overstock,Markdown / Clear,0.0,0.0,203.8001550387597,0.012121212121212121,49.333333333333336
20655,QUEEN OF SKIES LUGGAGE TAG,197,292.29,1.7306277056277055,77,155,87,16,2.5584415584415585,17.90909090909091,3.581818181818182,44.51688311688312,5.0,Overstock,Markdown / Clear,0.0,0.0,259.5941558441558,0.0205761316872428,25.833333333333332
20657,TROPICAL LUGGAGE TAG,73,105.91,1.720909090909091,33,491,20,4,2.212121212121212,15.484848484848484,3.096969696969697,11.945454545454545,0.0,Overstock,Markdown / Clear,0.0,0.0,844.9663636363637,0.0,491.0
20658,RED RETROSPOT LUGGAGE TAG,433,652.11,1.7089240506329113,79,82,50,14,5.481012658227848,38.36708860759494,7.673417721518987,84.40759493670886,0.0,Overstock,Markdown / Clear,0.0,0.0,140.13177215189873,0.0,82.0
20659,ECONOMY LUGGAGE TAG,158,246.84,1.6129411764705883,51,158,58,18,3.0980392156862746,21.686274509803923,4.337254901960785,60.101960784313725,8.0,Overstock,Markdown / Clear,0.0,0.0,241.94117647058826,0.03686635944700461,17.555555555555557
20661,BLUE POLKADOT PURSE ,44,141.15,3.4916666666666667,30,100,166,6,1.4666666666666666,10.266666666666666,2.0533333333333332,10.853333333333332,3.0,Overstock,Markdown / Clear,0.0,0.0,338.69166666666666,0.011235955056179775,25.0
20662,FIRST CLASS HOLIDAY PURSE ,31,90.42,2.907407407407407,18,411,182,10,1.7222222222222223,12.055555555555557,2.4111111111111114,19.633333333333333,0.0,Overstock,Markdown / Clear,0.0,0.0,1194.9444444444443,0.0,411.0
20663,QUEEN OF THE SKIES HOLIDAY PURSE ,25,66.26,2.703888888888889,18,182,40,4,1.3888888888888888,9.722222222222221,1.9444444444444444,7.5,0.0,Overstock,Markdown / Clear,0.0,0.0,492.10777777777776,0.0,182.0
20664,TROPICAL HOLIDAY PURSE ,32,81.66,2.546470588235294,17,438,38,12,1.8823529411764706,13.176470588235293,2.635294117647059,25.223529411764705,0.0,Overstock,Markdown / Clear,0.0,0.0,1115.3541176470587,0.0,438.0
20665,RED RETROSPOT PURSE ,461,1546.2700000000002,4.024600550964188,121,308,140,11,3.809917355371901,26.669421487603305,5.333884297520662,47.24297520661157,4.0,Overstock,Markdown / Clear,0.0,0.0,1223.4785674931131,0.008908685968819599,61.6
20666,ECONOMY HOLIDAY PURSE,30,41.53,1.8299999999999998,15,398,191,17,2.0,14.0,2.8000000000000003,36.8,0.0,Overstock,Markdown / Clear,0.0,0.0,728.3399999999999,0.0,398.0
20667,CHERRY BLOSSOM PURSE,20,49.69,2.490625,16,280,10,15,1.25,8.75,1.75,20.5,0.0,Overstock,Markdown / Clear,0.0,0.0,697.375,0.0,280.0
20668,DISCO BALL CHRISTMAS DECORATION,12883,1501.4,0.1725983606557377,122,250,146,19,105.59836065573771,739.188524590164,147.8377049180328,2154.206557377049,1244.0,Stockout Risk,Reorder Now,1142.0,214.71236065573768,0.0,3.133501259445844,0.20080321285140562
20669,RED HEART LUGGAGE TAG,304,447.34,1.6881798245614037,76,60,138,18,4.0,28.0,5.6000000000000005,77.6,5.0,Overstock,Markdown / Clear,0.0,0.0,92.8498903508772,0.02512562814070352,10.0
20670,VIP HOLIDAY PURSE,14,44.04,3.2436363636363637,11,47,76,4,1.2727272727272727,8.909090909090908,1.7818181818181817,6.872727272727273,0.0,Overstock,Markdown / Clear,0.0,0.0,152.45090909090908,0.0,47.0
20671,BLUE TEATIME PRINT BOWL ,10,12.5,1.25,2,154,126,16,5.0,35.0,7.0,87.0,0.0,Overstock,Markdown / Clear,0.0,0.0,192.5,0.0,154.0
20674,GREEN POLKADOT BOWL,1563,2016.23,1.5471388888888888,150,220,45,5,10.42,72.94,14.588000000000001,66.688,21.0,Overstock,Markdown / Clear,0.0,0.0,307.8806388888889,0.07894736842105263,10.0
20675,BLUE POLKADOT BOWL,3120,3983.1200000000003,1.5967247474747475,198,347,44,14,15.757575757575758,110.30303030303031,22.060606060606062,242.66666666666669,25.5,Overstock,Markdown / Clear,0.0,0.0,513.3470063131313,0.06505102040816327,13.09433962264151
20676,RED RETROSPOT BOWL,5023,6374.81,1.6151913043478259,230,287,0,10,21.839130434782607,152.87391304347824,30.57478260869565,248.9660869565217,58.5,Overstock,Markdown / Clear,0.0,0.0,369.0712130434782,0.203125,4.823529411764706
20677,PINK POLKADOT BOWL,3674,4747.34,1.6176451077943614,201,437,167,4,18.27860696517413,127.95024875621891,25.590049751243782,98.7044776119403,77.5,Overstock,Markdown / Clear,0.0,0.0,581.5434162520729,0.128099173553719,5.56687898089172
20678,LARGE BLACK DIAMANTE HAIRSLIDE,4,6.6,1.65,1,52,107,6,4.0,28.0,5.6000000000000005,29.6,0.0,Overstock,Markdown / Clear,0.0,0.0,85.8,0.0,52.0
20679,EDWARDIAN PARASOL RED,1710,10021.42,6.966721354166666,192,67,18,16,8.90625,62.34375,12.46875,154.96875,26.0,Overstock,Markdown / Clear,0.0,0.0,285.6355755208333,0.3023255813953488,2.4814814814814814
20681,PINK POLKADOT CHILDRENS UMBRELLA,140,506.96000000000004,4.160285714285714,35,426,75,18,4.0,28.0,5.6000000000000005,77.6,0.0,Overstock,Markdown / Clear,0.0,0.0,1772.2817142857143,0.0,426.0
20682,RED RETROSPOT CHILDRENS UMBRELLA,1235,4171.33,3.986493670886076,158,81,71,4,7.8164556962025316,54.71518987341772,10.943037974683545,42.208860759493675,51.5,Healthy,No Action,0.0,0.0,0.0,0.3366013071895425,1.542857142857143
20684,STRAWBERRY DREAM CHILDS UMBRELLA,80,270.56,3.463333333333333,33,235,199,14,2.4242424242424243,16.96969696969697,3.393939393939394,37.33333333333333,0.0,Overstock,Markdown / Clear,0.0,0.0,813.8833333333332,0.0,235.0
20685,DOORMAT RED RETROSPOT,4088,28049.54,8.847761169332598,259,312,188,16,15.783783783783784,110.48648648648648,22.0972972972973,274.6378378378378,80.0,Overstock,Markdown / Clear,0.0,0.0,2052.680591285163,0.1596806387225549,3.8518518518518516
20686,DOLLY MIXTURE CHILDREN'S UMBRELLA,267,922.67,3.8868656716417913,67,118,108,8,3.985074626865672,27.895522388059703,5.579104477611941,37.45970149253731,1.5,Overstock,Markdown / Clear,0.0,0.0,452.8198507462687,0.006607929515418502,47.2
20694,FLORAL PINK MONSTER,43,187.54,5.16125,16,191,11,15,2.6875,18.8125,3.7625,44.075,0.0,Overstock,Markdown / Clear,0.0,0.0,985.7987499999999,0.0,191.0
20695,FLORAL BLUE MONSTER,5,21.25,4.25,4,379,188,6,1.25,8.75,1.75,9.25,0.0,Overstock,Markdown / Clear,0.0,0.0,1610.75,0.0,379.0
20696,FLORAL SOFT CAR TOY,54,230.81,4.79537037037037,27,233,160,20,2.0,14.0,2.8000000000000003,42.8,0.0,Overstock,Markdown / Clear,0.0,0.0,1117.3212962962962,0.0,233.0
20697,LITTLE GREEN MONSTER SOFT TOY,19,48.449999999999996,2.55,11,494,44,14,1.7272727272727273,12.090909090909092,2.4181818181818184,26.6,0.0,Overstock,Markdown / Clear,0.0,0.0,1259.6999999999998,0.0,494.0
20698,LITTLE PINK MONSTER SOFT TOY,17,43.349999999999994,2.55,8,54,89,10,2.125,14.875,2.975,24.225,0.0,Overstock,Markdown / Clear,0.0,0.0,137.7,0.0,54.0
20699,MOUSEY LONG LEGS SOFT TOY,97,266.03,2.9529310344827584,29,468,102,9,3.3448275862068964,23.413793103448274,4.682758620689655,34.786206896551725,1.0,Overstock,Markdown / Clear,0.0,0.0,1379.0187931034482,0.0017513134851138354,234.0
20700,GREEN CAT FLORAL CUSHION COVER ,73,345.17,5.11595744680851,47,246,196,18,1.553191489361702,10.872340425531915,2.174468085106383,30.13191489361702,0.0,Overstock,Markdown / Clear,0.0,0.0,1258.5255319148935,0.0,246.0
20701,PINK CAT FLORAL CUSHION COVER ,25,100.97,4.05875,16,120,7,8,1.5625,10.9375,2.1875,14.6875,0.0,Overstock,Markdown / Clear,0.0,0.0,487.04999999999995,0.0,120.0
20702,PINK PADDED MOBILE,134,573.54,4.353589743589743,39,450,152,13,3.4358974358974357,24.05128205128205,4.810256410256411,49.47692307692307,0.0,Overstock,Markdown / Clear,0.0,0.0,1959.1153846153843,0.0,450.0
20703,BLUE PADDED SOFT MOBILE,1,4.25,4.25,1,481,90,7,1.0,7.0,1.4000000000000001,8.4,0.0,Overstock,Markdown / Clear,0.0,0.0,2044.25,0.0,481.0
20704,MR ROBOT SOFT TOY,216,697.7,6.0802941176470595,34,150,173,18,6.352941176470588,44.470588235294116,8.894117647058824,123.2470588235294,0.0,Overstock,Markdown / Clear,0.0,0.0,912.0441176470589,0.0,150.0
20705,MRS ROBOT SOFT TOY,143,428.85,5.026923076923077,26,276,86,9,5.5,38.5,7.7,57.2,0.0,Overstock,Markdown / Clear,0.0,0.0,1387.430769230769,0.0,276.0
20707,CRAZY DAISY HEART DECORATION,464,468.39,1.1472435897435898,104,24,157,7,4.461538461538462,31.230769230769234,6.246153846153847,37.47692307692308,1.0,Overstock,Markdown / Clear,0.0,0.0,26.386602564102564,0.005494505494505495,12.0
20711,JUMBO BAG TOYS ,5007,11014.62,2.9097912468844287,220,237,174,13,22.759090909090908,159.31363636363636,31.862727272727273,327.7309090909091,18.0,Overstock,Markdown / Clear,0.0,0.0,637.2442830676899,0.043689320388349516,12.473684210526315
20712,JUMBO BAG WOODLAND ANIMALS,9773,22092.420000000002,2.7379498342111157,277,274,176,17,35.28158844765343,246.97111913357398,49.3942238267148,649.1812274368231,120.0,Overstock,Markdown / Clear,0.0,0.0,421.6442744685118,0.2660753880266075,2.2644628099173554
20713,JUMBO BAG OWLS,11429,23001.06,2.688760073260073,208,417,174,5,54.94711538461539,384.62980769230774,76.92596153846155,351.66153846153844,327.5,Healthy,No Action,0.0,0.0,0.0,0.5532094594594594,1.269406392694064
20716,PARTY FOOD SHOPPER BAG,400,469.63,1.359351851851852,54,378,83,7,7.407407407407407,51.851851851851855,10.370370370370372,62.22222222222223,0.0,Overstock,Markdown / Clear,0.0,0.0,513.835,0.0,378.0
20717,STRAWBERRY SHOPPER BAG,2855,3561.98,1.670804054054054,222,302,81,7,12.86036036036036,90.02252252252252,18.004504504504506,108.02702702702703,23.5,Overstock,Markdown / Clear,0.0,0.0,465.3189290540541,0.061197916666666664,12.326530612244898
20718,RED RETROSPOT SHOPPER BAG,4769,6604.29,1.7107478485370051,249,412,145,11,19.152610441767067,134.06827309236945,26.81365461847389,237.4923694779116,187.5,Overstock,Markdown / Clear,0.0,0.0,384.06289199655765,0.33602150537634407,2.1856763925729443
20719,WOODLAND CHARLOTTE BAG,13290,16744.45,1.237239264069264,275,226,193,17,48.32727272727273,338.2909090909091,67.65818181818183,889.2218181818182,342.5,Healthy,No Action,184.0,0.0,0.0,0.8154761904761905,0.6579330422125182
20723,STRAWBERRY CHARLOTTE BAG,9793,12548.15,1.2317476901208244,268,34,67,5,36.541044776119406,255.78731343283584,51.15746268656717,233.8626865671642,250.0,Stockout Risk,Reorder Now,267.0,307.9369225302061,0.0,2.450980392156863,0.13545816733067728
20724,RED RETROSPOT CHARLOTTE BAG,17761,21773.39,1.1429579864579864,286,365,160,8,62.1013986013986,434.7097902097902,86.94195804195805,583.7531468531469,568.0,Stockout Risk,Reorder Now,290.0,649.2001363081363,0.0,1.079847908745247,0.6414762741652021
20725,LUNCH BAG RED RETROSPOT,19232,35572.36,2.1068045299219795,298,61,126,19,64.53691275167785,451.7583892617449,90.35167785234898,1316.553020134228,290.3333333333333,Stockout Risk,Reorder Now,320.0,611.6755818540147,0.0,1.5443262411347516,0.2093821510297483
20725,LUNCH BAG RED SPOTTY,200,290.0,1.45,1,399,163,10,200.0,1400.0,280.0,2280.0,0.0,Overstock,Markdown / Clear,0.0,0.0,578.55,0.0,399.0
20726,LUNCH BAG WOODLAND,9909,18283.78,2.149771486643438,287,480,81,13,34.52613240418118,241.6829268292683,48.336585365853665,497.17630662020906,120.5,Overstock,Markdown / Clear,0.0,0.0,772.8428494483159,0.21441281138790036,3.950617283950617
20727,LUNCH BAG  BLACK SKULL.,12195,22346.96,2.132394186483227,292,198,146,8,41.763698630136986,292.3458904109589,58.469178082191775,392.57876712328766,226.0,Healthy,No Action,86.0,0.0,0.0,0.6550724637681159,0.8722466960352423
20728,LUNCH BAG CARS BLUE,11786,21699.48,2.0844906291092298,293,82,155,10,40.225255972696246,281.57679180887374,56.31535836177475,458.5679180887372,116.0,Healthy,No Action,90.0,0.0,0.0,0.48739495798319327,0.7008547008547008
20731,POSY CANDY BAG,92,109.96,1.1,14,371,167,12,6.571428571428571,46.0,9.200000000000001,88.05714285714286,0.0,Overstock,Markdown / Clear,0.0,0.0,408.1,0.0,371.0
20733,GOLD MINI TAPE MEASURE ,1234,956.36,0.8447627737226278,137,250,83,5,9.007299270072993,63.05109489051095,12.610218978102191,57.64671532846715,16.5,Overstock,Markdown / Clear,0.0,0.0,197.2521076642336,0.04940119760479042,14.285714285714286
20734,SILVER MINI TAPE MEASURE ,158,271.22,1.7851923076923077,26,260,112,16,6.076923076923077,42.53846153846153,8.507692307692308,105.73846153846154,0.0,Overstock,Markdown / Clear,0.0,0.0,464.15000000000003,0.0,260.0
20735,BLACK MINI TAPE MEASURE ,623,625.8,1.1059437751004015,83,71,75,16,7.506024096385542,52.54216867469879,10.508433734939759,130.60481927710845,3.0,Overstock,Markdown / Clear,0.0,0.0,75.2041767068273,0.02040816326530612,17.75
20748,KENSINGTON COFFEE SET,57,751.17,13.513125,32,115,121,12,1.78125,12.46875,2.4937500000000004,23.86875,1.0,Overstock,Markdown / Clear,0.0,0.0,1540.4962500000001,0.004219409282700422,57.5
20749,ASSORTED COLOUR MINI CASES,1762,12550.57,8.098558333333333,200,407,142,14,8.81,61.67,12.334000000000001,135.674,87.0,Overstock,Markdown / Clear,0.0,0.0,2591.5386666666664,0.15818181818181817,4.625
20750,RED RETROSPOT MINI CASES,1747,12634.98,8.038287301587301,210,241,40,8,8.31904761904762,58.233333333333334,11.646666666666668,78.19904761904763,28.0,Overstock,Markdown / Clear,0.0,0.0,1712.155195238095,0.09929078014184398,8.310344827586206
20751,FUNKY WASHING UP GLOVES ASSORTED,971,2041.5200000000002,2.35875,144,426,166,14,6.743055555555555,47.201388888888886,9.440277777777778,103.84305555555555,1.0,Overstock,Markdown / Clear,0.0,0.0,1002.46875,0.0016863406408094434,213.0
20752,BLUE POLKADOT WASHING UP GLOVES,407,920.45,2.404234782608696,115,250,1,16,3.5391304347826087,24.77391304347826,4.954782608695652,61.58086956521739,0.0,Overstock,Markdown / Clear,0.0,0.0,601.0586956521739,0.0,250.0
20754,RETROSPOT RED WASHING UP GLOVES,1457,3088.86,2.469355432780847,181,256,190,4,8.049723756906078,56.348066298342545,11.26961325966851,43.46850828729282,0.0,Overstock,Markdown / Clear,0.0,0.0,632.1549907918968,0.0,256.0
20755,BLUE PAISLEY POCKET BOOK,306,271.17,0.9995192307692307,52,162,28,11,5.884615384615385,41.19230769230769,8.23846153846154,72.96923076923078,12.0,Overstock,Markdown / Clear,0.0,0.0,149.92788461538458,0.06282722513089005,12.461538461538462
20756,GREEN FERN POCKET BOOK,63,53.55,0.85,20,190,104,12,3.15,22.05,4.41,42.209999999999994,0.0,Overstock,Markdown / Clear,0.0,0.0,161.5,0.0,190.0
20757,RED DAISY POCKET BOOK ,158,136.64,0.9254838709677419,31,48,193,19,5.096774193548387,35.67741935483871,7.135483870967743,103.9741935483871,0.0,Overstock,Markdown / Clear,0.0,0.0,44.42322580645161,0.0,48.0
20758,ABSTRACT CIRCLES POCKET BOOK,159,135.14999999999998,0.85,37,55,50,19,4.297297297297297,30.08108108108108,6.0162162162162165,87.66486486486487,4.0,Overstock,Markdown / Clear,0.0,0.0,43.35,0.03773584905660377,11.0
20759,CHRYSANTHEMUM POCKET BOOK ,64,54.4,0.85,19,32,74,5,3.3684210526315788,23.57894736842105,4.71578947368421,21.557894736842105,1.0,Overstock,Markdown / Clear,0.0,0.0,26.349999999999998,0.009345794392523364,16.0
20760,GARDEN PATH POCKET BOOK,69,58.64999999999999,0.85,19,179,9,3,3.6315789473684212,25.42105263157895,5.08421052631579,15.978947368421053,0.0,Overstock,Markdown / Clear,0.0,0.0,152.15,0.0,179.0
20761,BLUE PAISLEY SKETCHBOOK,120,505.97,4.496363636363637,55,346,141,14,2.1818181818181817,15.272727272727272,3.0545454545454547,33.599999999999994,2.5,Overstock,Markdown / Clear,0.0,0.0,1544.5009090909093,0.005122950819672131,98.85714285714286
20762,GREEN FERN SKETCHBOOK ,106,420.08,4.171326530612245,49,206,50,9,2.163265306122449,15.142857142857144,3.028571428571429,22.49795918367347,1.0,Overstock,Markdown / Clear,0.0,0.0,855.1219387755103,0.0038910505836575876,103.0
20763,DAISY SKETCHBOOK ,73,205.04,4.04,26,262,117,6,2.8076923076923075,19.653846153846153,3.930769230769231,20.776923076923076,1.0,Overstock,Markdown / Clear,0.0,0.0,1054.44,0.002631578947368421,131.0
20764,ABSTRACT CIRCLES SKETCHBOOK ,142,603.31,4.768203125,64,105,120,12,2.21875,15.53125,3.10625,29.73125,3.5,Overstock,Markdown / Clear,0.0,0.0,483.9726171875,0.015486725663716814,23.333333333333332
20765,CHRYSANTHEMUM SKETCHBOOK ,102,416.05,4.225980392156863,51,303,38,15,2.0,14.0,2.8000000000000003,32.8,1.0,Overstock,Markdown / Clear,0.0,0.0,1276.2460784313728,0.0029239766081871343,151.5
20766,GARDEN PATH SKETCHBOOK,122,493.57,4.410646258503402,49,85,27,4,2.489795918367347,17.42857142857143,3.485714285714286,13.444897959183674,4.0,Overstock,Markdown / Clear,0.0,0.0,357.2623469387755,0.035398230088495575,17.0
20767,BLUE PAISLEY JOURNAL ,250,656.06,2.863928571428571,70,189,2,12,3.5714285714285716,25.0,5.0,47.85714285714286,9.0,Overstock,Markdown / Clear,0.0,0.0,515.5071428571428,0.046875,18.9
20768,GREEN FERN JOURNAL ,176,438.57,2.6448936170212765,47,64,83,6,3.74468085106383,26.21276595744681,5.242553191489362,27.710638297872343,23.0,Overstock,Markdown / Clear,0.0,0.0,108.44063829787234,0.1554054054054054,2.6666666666666665
20769,DAISY JOURNAL ,80,217.56,2.782241379310345,29,81,197,20,2.7586206896551726,19.310344827586206,3.8620689655172415,59.03448275862069,7.0,Overstock,Markdown / Clear,0.0,0.0,205.8858620689655,0.025089605734767026,10.125
20770,ABSTRACT CIRCLE JOURNAL ,184,447.25,2.4985833333333334,60,460,154,7,3.066666666666667,21.46666666666667,4.293333333333334,25.76,0.0,Overstock,Markdown / Clear,0.0,0.0,1149.3483333333334,0.0,460.0
20771,CHRYSANTHEMUM  JOURNAL,102,267.13,2.7665714285714285,35,153,116,4,2.914285714285714,20.4,4.08,15.737142857142857,6.5,Overstock,Markdown / Clear,0.0,0.0,405.3027142857143,0.024074074074074074,20.4
20772,GARDEN PATH JOURNAL,247,621.19,2.7549056603773585,53,303,1,14,4.660377358490566,32.62264150943396,6.524528301886793,71.76981132075471,17.0,Overstock,Markdown / Clear,0.0,0.0,787.9030188679245,0.05573770491803279,16.833333333333332
20773,BLUE PAISLEY NOTEBOOK,56,92.39999999999999,1.65,22,47,92,19,2.5454545454545454,17.818181818181817,3.5636363636363635,51.92727272727272,0.0,Overstock,Markdown / Clear,0.0,0.0,77.55,0.0,47.0
20774,GREEN FERN NOTEBOOK,86,141.23999999999998,1.6424074074074073,36,127,165,12,2.388888888888889,16.72222222222222,3.3444444444444446,32.011111111111106,0.0,Overstock,Markdown / Clear,0.0,0.0,208.58574074074073,0.0,127.0
20775,DAISY NOTEBOOK ,134,233.54,1.745763888888889,48,63,130,4,2.7916666666666665,19.541666666666664,3.908333333333333,15.075,2.0,Overstock,Markdown / Clear,0.0,0.0,106.49159722222223,0.010309278350515464,21.0
20777,CHRYSANTHEMUM NOTEBOOK,169,282.49,1.6918888888888888,60,359,143,8,2.816666666666667,19.71666666666667,3.943333333333334,26.47666666666667,13.5,Overstock,Markdown / Clear,0.0,0.0,584.5476111111111,0.0268389662027833,24.75862068965517
20778,GARDEN PATH NOTEBOOK ,15,24.75,1.65,7,305,93,10,2.142857142857143,15.0,3.0,24.428571428571427,0.0,Overstock,Markdown / Clear,0.0,0.0,503.25,0.0,305.0
20780,BLACK EAR MUFF HEADPHONES,47,312.7,7.509652777777777,24,465,39,13,1.9583333333333333,13.708333333333332,2.7416666666666667,28.2,1.0,Overstock,Markdown / Clear,0.0,0.0,3484.478888888889,0.0019801980198019802,232.5
20781,GOLD EAR MUFF HEADPHONES,35,212.26,6.0975,24,350,1,14,1.4583333333333333,10.208333333333332,2.0416666666666665,22.458333333333332,2.0,Overstock,Markdown / Clear,0.0,0.0,2121.93,0.005681818181818182,116.66666666666667
20782,CAMOUFLAGE EAR MUFF HEADPHONES,53,368.08,7.459583333333334,24,147,80,11,2.2083333333333335,15.458333333333334,3.091666666666667,27.383333333333333,5.0,Overstock,Markdown / Clear,0.0,0.0,1059.2608333333335,0.021929824561403508,24.5
20785,FUSCHIA RETRO BAR STOOL,14,523.3000000000001,39.15,5,367,168,4,2.8,19.599999999999998,3.92,15.12,0.0,Overstock,Markdown / Clear,0.0,0.0,14368.05,0.0,367.0
20793,BLUE TILED TRAY,8,54.0,6.75,4,492,11,10,2.0,14.0,2.8000000000000003,22.8,0.0,Overstock,Markdown / Clear,0.0,0.0,3321.0,0.0,492.0
20794,BLUE  TILE HOOK,99,282.78999999999996,3.611851851851852,27,250,162,13,3.6666666666666665,25.666666666666664,5.133333333333333,52.8,2.0,Overstock,Markdown / Clear,0.0,0.0,895.7392592592593,0.004842615012106538,83.33333333333333
20795,LARGE BLUE PROVENCAL CERAMIC BALL,49,113.05,2.653636363636364,11,209,64,6,4.454545454545454,31.18181818181818,6.236363636363636,32.96363636363636,0.0,Overstock,Markdown / Clear,0.0,0.0,554.61,0.0,209.0
20796,SMALL BLUE PROVENCAL CERAMIC BALL,62,103.94,1.832222222222222,9,244,54,12,6.888888888888889,48.22222222222223,9.644444444444446,92.31111111111112,0.0,Overstock,Markdown / Clear,0.0,0.0,447.06222222222215,0.0,244.0
20798,CLEAR MILKSHAKE GLASS,36,75.60000000000001,2.1,5,404,44,18,7.2,50.4,10.08,139.68,0.0,Overstock,Markdown / Clear,0.0,0.0,848.4000000000001,0.0,404.0
20801,LARGE PINK GLASS SUNDAE DISH,1013,1157.8,1.771875,52,396,100,10,19.48076923076923,136.3653846153846,27.273076923076925,222.08076923076922,0.0,Overstock,Markdown / Clear,0.0,0.0,701.6625,0.0,396.0
20802,SMALL GLASS SUNDAE DISH CLEAR,739,984.47,2.0014285714285713,56,302,61,6,13.196428571428571,92.375,18.475,97.65357142857144,0.0,Overstock,Markdown / Clear,0.0,0.0,604.4314285714286,0.0,302.0
20803,SMALL PINK GLASS SUNDAE DISH,939,476.38,1.2238709677419355,31,465,48,12,30.29032258064516,212.03225806451613,42.406451612903226,405.89032258064515,0.0,Overstock,Markdown / Clear,0.0,0.0,569.1,0.0,465.0
20816,GOLD FLOWER CUSHION COVER ,8,15.6,1.95,1,140,126,14,8.0,56.0,11.200000000000001,123.2,0.0,Overstock,Markdown / Clear,0.0,0.0,273.0,0.0,140.0
20818,GOLD TEDDY BEAR,15,42.7,5.54,5,135,152,16,3.0,21.0,4.2,52.2,0.0,Overstock,Markdown / Clear,0.0,0.0,747.9,0.0,135.0
20819,SILVER TEDDY BEAR,64,244.72,4.000694444444444,24,480,22,18,2.6666666666666665,18.666666666666664,3.733333333333333,51.733333333333334,0.0,Overstock,Markdown / Clear,0.0,0.0,1920.3333333333333,0.0,480.0
20820,SILVER LOOKING MIRROR,5,24.75,4.95,2,252,151,20,2.5,17.5,3.5,53.5,0.0,Overstock,Markdown / Clear,0.0,0.0,1247.4,0.0,252.0
20821,GOLDIE LOOKING MIRROR,17,84.15,4.95,6,278,37,14,2.8333333333333335,19.833333333333336,3.9666666666666672,43.63333333333334,0.0,Overstock,Markdown / Clear,0.0,0.0,1376.1000000000001,0.0,278.0
20823,GOLD WINE GOBLET,164,129.56,0.79,6,378,27,20,27.333333333333332,191.33333333333331,38.266666666666666,584.9333333333333,0.0,Overstock,Markdown / Clear,0.0,0.0,298.62,0.0,378.0
20826,SILVER APERITIF GLASS,276,128.4,0.8225,8,217,20,9,34.5,241.5,48.300000000000004,358.8,0.0,Overstock,Markdown / Clear,0.0,0.0,178.48250000000002,0.0,217.0
20827,GOLD APERITIF GLASS,88,34.32,0.39,2,475,181,9,44.0,308.0,61.6,457.6,0.0,Overstock,Markdown / Clear,0.0,0.0,185.25,0.0,475.0
20828,GLITTER BUTTERFLY CLIPS,1128,3074.7799999999997,3.1686419753086414,162,430,106,11,6.962962962962963,48.74074074074074,9.748148148148148,86.34074074074074,25.0,Overstock,Markdown / Clear,0.0,0.0,1283.2999999999997,0.04655493482309125,16.53846153846154
20829,GLITTER HANGING BUTTERFLY STRING,1314,2722.95,2.4966021126760563,142,156,145,3,9.253521126760564,64.77464788732395,12.95492957746479,40.715492957746484,13.0,Overstock,Markdown / Clear,0.0,0.0,357.014102112676,0.04304635761589404,11.142857142857142
20830,SILVER PHOTO FRAME,136,409.83,2.9769791666666667,32,337,163,8,4.25,29.75,5.95,39.95,0.0,Overstock,Markdown / Clear,0.0,0.0,1003.2419791666667,0.0,337.0
20831,GOLD PHOTO FRAME,216,466.53,2.8491176470588235,34,184,98,8,6.352941176470588,44.470588235294116,8.894117647058824,59.71764705882353,48.0,Overstock,Markdown / Clear,0.0,0.0,387.48,0.1696113074204947,3.7551020408163267
20832,RED FLOCK LOVE HEART PHOTO FRAME,1067,572.67,0.7353125,64,244,172,14,16.671875,116.703125,23.340625000000003,256.746875,38.0,Overstock,Markdown / Clear,0.0,0.0,151.474375,0.09112709832134293,6.256410256410256
20835,FRENCH LATTICE CUSHION COVER ,67,65.80000000000001,2.10375,8,326,118,14,8.375,58.625,11.725000000000001,128.975,0.0,Overstock,Markdown / Clear,0.0,0.0,685.8224999999999,0.0,326.0
20836,FRENCH PAISLEY CUSHION COVER,170,141.10000000000002,0.83,16,253,72,12,10.625,74.375,14.875,142.375,0.0,Overstock,Markdown / Clear,0.0,0.0,209.98999999999998,0.0,253.0
20837,FRENCH FLORAL CUSHION COVER ,141,142.47000000000003,0.9930769230769231,13,191,180,8,10.846153846153847,75.92307692307693,15.184615384615388,101.95384615384616,0.0,Overstock,Markdown / Clear,0.0,0.0,189.6776923076923,0.0,191.0
20838,FRENCH LATTICE CUSHION COVER ,385,461.45,1.8957142857142857,49,171,121,19,7.857142857142857,55.0,11.0,160.28571428571428,0.0,Overstock,Markdown / Clear,0.0,0.0,324.16714285714284,0.0,171.0
20839,FRENCH PAISLEY CUSHION COVER ,575,840.4399999999999,2.358568376068376,78,482,29,20,7.371794871794871,51.6025641025641,10.320512820512821,157.75641025641025,18.5,Overstock,Markdown / Clear,0.0,0.0,1093.1964423076922,0.0361328125,24.71794871794872
20840,FRENCH FLORAL CUSHION COVER ,533,632.3199999999999,2.117062146892655,59,334,187,8,9.033898305084746,63.23728813559322,12.647457627118644,84.9186440677966,20.5,Overstock,Markdown / Clear,0.0,0.0,663.6989830508473,0.039272030651340994,15.534883720930232
20845,ZINC HEART LATTICE 2 WALL PLANTER,19,120.64999999999999,6.35,10,393,107,12,1.9,13.299999999999999,2.66,25.459999999999997,0.0,Overstock,Markdown / Clear,0.0,0.0,2495.5499999999997,0.0,393.0
20846,ZINC HEART LATTICE T-LIGHT HOLDER,716,957.3199999999999,1.5831400966183575,69,179,97,10,10.376811594202898,72.63768115942028,14.527536231884056,118.29565217391304,38.0,Overstock,Markdown / Clear,0.0,0.0,223.22275362318842,0.1371841155234657,4.589743589743589
20847,ZINC HEART LATTICE CHARGER LARGE,52,217.58,4.527941176470588,17,115,31,8,3.0588235294117645,21.41176470588235,4.2823529411764705,28.752941176470586,0.0,Overstock,Markdown / Clear,0.0,0.0,520.7132352941176,0.0,115.0
20848,ZINC HEART LATTICE CHARGER SMALL,21,61.95,2.95,8,491,194,9,2.625,18.375,3.6750000000000003,27.3,0.0,Overstock,Markdown / Clear,0.0,0.0,1448.45,0.0,491.0
20851,ZINC HEART LATTICE TRAY OVAL ,9,53.550000000000004,5.95,7,252,194,3,1.2857142857142858,9.0,1.8,5.6571428571428575,0.0,Overstock,Markdown / Clear,0.0,0.0,1499.4,0.0,252.0
20854,BLUE PATCH PURSE PINK HEART,242,383.02,1.675892857142857,28,199,155,20,8.642857142857142,60.5,12.100000000000001,184.95714285714283,0.0,Overstock,Markdown / Clear,0.0,0.0,333.50267857142853,0.0,199.0
20856,DENIM PATCH PURSE PINK BUTTERFLY,216,357.29,1.67578431372549,51,132,171,14,4.235294117647059,29.647058823529413,5.929411764705883,65.2235294117647,0.0,Overstock,Markdown / Clear,0.0,0.0,221.20352941176466,0.0,132.0
20857,BLUE ROSE PATCH PURSE PINK BUTTERFL,32,52.8,1.65,8,337,78,18,4.0,28.0,5.6000000000000005,77.6,0.0,Overstock,Markdown / Clear,0.0,0.0,556.05,0.0,337.0
20860,GOLD COSMETICS BAG WITH BUTTERFLY,1,2.1,2.1,1,461,40,12,1.0,7.0,1.4000000000000001,13.4,0.0,Overstock,Markdown / Clear,0.0,0.0,968.1,0.0,461.0
20861,GOLD COSMETIC BAG PINK STAR,2,4.2,2.1,2,71,62,12,1.0,7.0,1.4000000000000001,13.4,0.0,Overstock,Markdown / Clear,0.0,0.0,149.1,0.0,71.0
20866,BLUE ROSE FABRIC MIRROR,597,709.7,1.5726692708333334,64,287,22,16,9.328125,65.296875,13.059375000000001,162.309375,6.5,Overstock,Markdown / Clear,0.0,0.0,441.13373046875,0.020967741935483872,38.266666666666666
20867,PINK ROSE FABRIC MIRROR,331,393.46999999999997,1.3947916666666667,48,314,103,12,6.895833333333333,48.27083333333333,9.654166666666667,92.40416666666667,7.5,Overstock,Markdown / Clear,0.0,0.0,427.50364583333334,0.017942583732057416,36.94117647058823
20868,SILVER FABRIC MIRROR,458,219.35,0.7359722222222222,36,405,74,12,12.722222222222221,89.05555555555554,17.81111111111111,170.47777777777776,7.0,Overstock,Markdown / Clear,0.0,0.0,292.9169444444445,0.014583333333333334,50.625
20869,GOLD FABRIC MIRROR,180,86.76,0.735925925925926,27,406,47,13,6.666666666666667,46.66666666666667,9.333333333333334,96.0,0.0,Overstock,Markdown / Clear,0.0,0.0,298.78592592592594,0.0,406.0
20871,OPULENT VELVET SET/3 CANDLES,2,8.42,4.21,1,132,159,4,2.0,14.0,2.8000000000000003,10.8,0.0,Overstock,Markdown / Clear,0.0,0.0,555.72,0.0,132.0
20878,SET/9 CHRISTMAS T-LIGHTS SCENTED ,24,30.0,1.25,3,120,56,10,8.0,56.0,11.200000000000001,91.2,0.0,Overstock,Markdown / Clear,0.0,0.0,150.0,0.0,120.0
20886,BOX OF 9 PEBBLE CANDLES,485,986.23,2.4277011494252876,87,132,117,9,5.574712643678161,39.02298850574713,7.804597701149426,57.97701149425288,0.0,Overstock,Markdown / Clear,0.0,0.0,320.45655172413797,0.0,132.0
20892,SET/3 TALL GLASS CANDLE HOLDER PINK,4,89.22,21.243333333333332,3,459,99,10,1.3333333333333333,9.333333333333332,1.8666666666666665,15.2,0.0,Overstock,Markdown / Clear,0.0,0.0,9750.689999999999,0.0,459.0
20893,HANGING BAUBLE T-LIGHT HOLDER SMALL,268,609.02,3.0580769230769227,26,100,123,3,10.307692307692308,72.15384615384616,14.430769230769233,45.35384615384616,59.0,Healthy,No Action,0.0,0.0,0.0,0.26339285714285715,1.6666666666666667
20894,HANGING BAUBLE T-LIGHT HOLDER LARGE,33,108.71000000000001,3.7614285714285716,14,206,160,4,2.357142857142857,16.5,3.3000000000000003,12.72857142857143,1.0,Overstock,Markdown / Clear,0.0,0.0,771.0928571428572,0.0027247956403269754,103.0
20897,VINTAGE NOTEBOOK PARIS DAYS,107,298.27,3.0630434782608695,23,132,151,20,4.6521739130434785,32.56521739130435,6.513043478260871,99.55652173913043,0.0,Overstock,Markdown / Clear,0.0,0.0,404.32173913043476,0.0,132.0
20898,VINTAGE NOTEBOOK TRAVELOGUE,38,105.73000000000002,2.6233333333333335,12,21,166,17,3.1666666666666665,22.166666666666664,4.433333333333333,58.26666666666666,0.0,Overstock,Markdown / Clear,0.0,0.0,55.09,0.0,21.0
20901,VINTAGE KEEPSAKE BOX PINK FLOWER,19,85.13,4.533636363636363,11,149,33,3,1.7272727272727273,12.090909090909092,2.4181818181818184,7.6,0.0,Overstock,Markdown / Clear,0.0,0.0,675.5118181818182,0.0,149.0
20902,VINTAGE KEEPSAKE BOX PARIS DAYS,112,686.86,6.931666666666667,45,239,183,7,2.488888888888889,17.422222222222224,3.484444444444445,20.90666666666667,0.0,Overstock,Markdown / Clear,0.0,0.0,1656.6683333333333,0.0,239.0
20903,VINTAGE KEEPSAKE BOX TRAVELOGUE,82,441.89,5.704782608695653,46,73,155,4,1.7826086956521738,12.478260869565217,2.4956521739130437,9.626086956521739,0.0,Overstock,Markdown / Clear,0.0,0.0,416.44913043478266,0.0,73.0
20906,VINTAGE NOTEBOOK BEAUTY GIRL,3,8.850000000000001,2.95,2,362,164,5,1.5,10.5,2.1,9.6,0.0,Overstock,Markdown / Clear,0.0,0.0,1067.9,0.0,362.0
20910,VINTAGE PHOTO ALBUM PARIS DAYS,8,50.8,6.349999999999999,3,243,6,20,2.6666666666666665,18.666666666666664,3.733333333333333,57.06666666666666,0.0,Overstock,Markdown / Clear,0.0,0.0,1543.0499999999997,0.0,243.0
20914,SET/5 RED RETROSPOT LID GLASS BOWLS,6073,17623.350000000002,3.279206292919059,282,244,195,20,21.5354609929078,150.7482269503546,30.14964539007092,460.85886524822695,157.66666666666666,Healthy,No Action,0.0,0.0,0.0,0.35833333333333334,1.5378151260504203
20914,SET/5 RED SPOTTY LID GLASS BOWLS,288,734.4,2.55,1,404,164,16,288.0,2016.0,403.20000000000005,5011.2,0.0,Overstock,Markdown / Clear,0.0,0.0,1030.1999999999998,0.0,404.0
20931,BLUE POT PLANT CANDLE ,299,1060.9,4.933571428571429,56,422,55,10,5.339285714285714,37.375,7.4750000000000005,60.86785714285715,11.0,Overstock,Markdown / Clear,0.0,0.0,2027.6978571428572,0.02301255230125523,35.166666666666664
20932,PINK POT PLANT CANDLE,204,628.7900000000001,4.7234375,32,145,64,14,6.375,44.625,8.925,98.175,38.0,Overstock,Markdown / Clear,0.0,0.0,505.40781250000003,0.18095238095238095,3.717948717948718
20933,YELLOW POT PLANT CANDLE,23,71.05,3.1500000000000004,8,149,192,12,2.875,20.125,4.025,38.525,0.0,Overstock,Markdown / Clear,0.0,0.0,469.3500000000001,0.0,149.0
20934,SET/3 POT PLANT CANDLES,68,424.46000000000004,6.881666666666666,30,72,46,19,2.2666666666666666,15.866666666666667,3.173333333333334,46.239999999999995,0.0,Overstock,Markdown / Clear,0.0,0.0,495.47999999999996,0.0,72.0
20935,ROUND CACTUS CANDLE,6,17.700000000000003,2.95,4,191,147,13,1.5,10.5,2.1,21.6,0.0,Overstock,Markdown / Clear,0.0,0.0,563.45,0.0,191.0
20936,FORKED CACTUS CANDLE,100,319.66,3.716451612903226,31,237,18,4,3.225806451612903,22.58064516129032,4.516129032258064,17.419354838709676,3.0,Overstock,Markdown / Clear,0.0,0.0,869.6496774193549,0.01171875,59.25
20941,FROG CANDLE,64,83.78,1.398235294117647,17,179,156,6,3.764705882352941,26.352941176470587,5.270588235294118,27.85882352941176,0.0,Overstock,Markdown / Clear,0.0,0.0,250.28411764705882,0.0,179.0
20954,*USB Office Mirror Ball,2,16.94,8.47,1,217,187,3,2.0,14.0,2.8000000000000003,8.8,0.0,Overstock,Markdown / Clear,0.0,0.0,1837.9900000000002,0.0,217.0
20956,PORCELAIN T-LIGHT HOLDERS ASSORTED,822,1146.52,1.7368803418803418,78,435,145,17,10.538461538461538,73.76923076923077,14.753846153846155,193.90769230769232,17.0,Overstock,Markdown / Clear,0.0,0.0,726.0159829059829,0.029259896729776247,24.166666666666668
20960,WATERMELON BATH SPONGE,29,72.49,2.4899999999999998,10,266,162,15,2.9,20.3,4.0600000000000005,47.56,0.0,Overstock,Markdown / Clear,0.0,0.0,662.3399999999999,0.0,266.0
20961,STRAWBERRY BATH SPONGE ,1232,1745.43,1.7935489510489513,143,343,170,10,8.615384615384615,60.30769230769231,12.061538461538461,98.21538461538461,88.5,Overstock,Markdown / Clear,0.0,0.0,456.45820804195813,0.17217898832684825,3.8324022346368714
20963,APPLE BATH SPONGE,1336,1911.17,1.8066585081585083,143,458,125,6,9.342657342657343,65.3986013986014,13.07972027972028,69.13566433566434,89.0,Overstock,Markdown / Clear,0.0,0.0,666.6569895104896,0.1523972602739726,5.088888888888889
20964,POLYESTER FILLER PAD 60x40cm,2,5.1,2.55,1,222,138,12,2.0,14.0,2.8000000000000003,26.8,0.0,Overstock,Markdown / Clear,0.0,0.0,566.0999999999999,0.0,222.0
20966,SANDWICH BATH SPONGE,719,1022.8,2.008389937106918,53,203,48,20,13.566037735849056,94.9622641509434,18.99245283018868,290.3132075471698,0.0,Overstock,Markdown / Clear,0.0,0.0,407.70315723270437,0.0,203.0
20967,GREY FLORAL FELTCRAFT SHOULDER BAG,265,1027.94,4.190432692307692,52,142,112,7,5.096153846153846,35.67307692307692,7.134615384615384,42.80769230769231,0.0,Overstock,Markdown / Clear,0.0,0.0,595.0414423076924,0.0,142.0
20969,RED FLORAL FELTCRAFT SHOULDER BAG,1960,7229.43,4.186427325581396,172,420,37,18,11.395348837209303,79.76744186046513,15.953488372093027,221.06976744186048,33.5,Overstock,Markdown / Clear,0.0,0.0,1618.0541613372095,0.07314410480349345,12.173913043478262
20970,PINK FLORAL FELTCRAFT SHOULDER BAG,1116,4232.13,4.102176470588236,153,274,63,3,7.294117647058823,51.05882352941176,10.211764705882352,32.09411764705882,25.0,Overstock,Markdown / Clear,0.0,0.0,1021.4419411764708,0.07396449704142012,10.538461538461538
20971,PINK BLUE FELT CRAFT TRINKET BOX,10993,13828.1,1.4002384513634514,234,313,68,14,46.97863247863248,328.85042735042737,65.77008547008548,723.4709401709403,229.0,Healthy,No Action,0.0,0.0,0.0,0.599476439790576,1.3608695652173912
20972,PINK CREAM FELT CRAFT TRINKET BOX ,7337,9128.06,1.4118415788446526,244,299,135,4,30.06967213114754,210.4877049180328,42.097540983606564,162.37622950819673,142.5,Overstock,Markdown / Clear,0.0,0.0,220.9532070891881,0.3275862068965517,2.083623693379791
20973,12 PENCIL SMALL TUBE WOODLAND,4497,3210.27,0.7734672211350294,146,344,161,10,30.801369863013697,215.6095890410959,43.12191780821918,351.1356164383561,221.0,Healthy,No Action,0.0,0.0,0.0,0.4367588932806324,1.5495495495495495
20974,12 PENCILS SMALL TUBE SKULL,6976,4527.43,0.7668283333333333,200,391,175,20,34.88,244.16000000000003,48.83200000000001,746.432,12.0,Overstock,Markdown / Clear,0.0,0.0,290.62793833333336,0.021164021164021163,30.076923076923077
20975,12 PENCILS SMALL TUBE RED RETROSPOT,6633,4383.27,0.7360151515151516,165,117,115,18,40.2,281.40000000000003,56.28000000000001,779.88,173.5,Healthy,No Action,113.0,0.0,0.0,0.7446351931330472,0.670487106017192
20977,36 PENCILS TUBE WOODLAND,1739,2328.64,1.5123162729658792,127,217,183,7,13.692913385826772,95.85039370078741,19.170078740157482,115.02047244094489,0.0,Overstock,Markdown / Clear,0.0,0.0,328.1726312335958,0.0,217.0
20978,36 PENCILS TUBE SKULLS,1795,2395.05,1.5988229166666668,160,489,64,15,11.21875,78.53125,15.70625,183.9875,52.0,Overstock,Markdown / Clear,0.0,0.0,698.6856145833334,0.09386281588447654,9.226415094339623
20979,36 PENCILS TUBE RED RETROSPOT,3734,4723.7300000000005,1.5857388316151202,194,414,30,5,19.24742268041237,134.7319587628866,26.94639175257732,123.18350515463916,48.0,Overstock,Markdown / Clear,0.0,0.0,580.380412371134,0.10786516853932585,8.448979591836734
20980,36 PENCILS TUBE POSY,79,76.91,1.101764705882353,17,259,131,10,4.647058823529412,32.529411764705884,6.505882352941177,52.9764705882353,0.0,Overstock,Markdown / Clear,0.0,0.0,285.3570588235294,0.0,259.0
20981,12 PENCILS TALL TUBE WOODLAND,1974,1740.57,0.9603716216216216,148,163,112,14,13.337837837837839,93.36486486486487,18.672972972972975,205.40270270270273,38.0,Overstock,Markdown / Clear,0.0,0.0,120.0464527027027,0.13768115942028986,4.17948717948718
20982,12 PENCILS TALL TUBE SKULLS,2151,1880.6699999999998,0.9366291079812206,142,116,108,4,15.147887323943662,106.03521126760563,21.207042253521127,81.79859154929578,75.0,Healthy,No Action,0.0,0.0,0.0,0.3333333333333333,1.5263157894736843
20983,12 PENCILS TALL TUBE RED RETROSPOT,2737,2374.81,0.9329753086419753,162,220,177,13,16.895061728395063,118.26543209876544,23.65308641975309,243.28888888888892,61.5,Overstock,Markdown / Clear,0.0,0.0,147.8765864197531,0.15452261306532664,3.52
20984,12 PENCILS TALL TUBE POSY,3785,1166.07,0.44780000000000003,100,143,68,14,37.85,264.95,52.99,582.89,0.0,Overstock,Markdown / Clear,0.0,0.0,64.03540000000001,0.0,143.0
20985,HEART CALCULATOR,1179,1540.59,1.6405387205387205,99,206,157,20,11.909090909090908,83.36363636363636,16.672727272727272,254.85454545454542,16.5,Overstock,Markdown / Clear,0.0,0.0,310.88208754208756,0.04532967032967033,11.771428571428572
20986,BLUE CALCULATOR RULER,654,829.74,1.6180041152263376,81,345,119,15,8.074074074074074,56.51851851851852,11.303703703703704,132.4148148148148,25.0,Overstock,Markdown / Clear,0.0,0.0,517.761316872428,0.053763440860215055,13.26923076923077
20992,JAZZ HEARTS PURSE NOTEBOOK,4425,1944.6299999999999,0.5932348008385744,159,483,87,7,27.830188679245282,194.81132075471697,38.9622641509434,233.77358490566036,216.5,Overstock,Markdown / Clear,0.0,0.0,158.09707442348008,0.37915936952714535,2.220689655172414
20996,JAZZ HEARTS ADDRESS BOOK,3191,726.89,0.33568676122931446,141,368,186,14,22.631205673758867,158.41843971631207,31.683687943262413,348.52056737588657,123.5,Overstock,Markdown / Clear,0.0,0.0,82.07541312056739,0.22252252252252253,2.9558232931726907
20997,ROSE DU SUD CUSHION COVER ,59,257.61,4.2622580645161285,31,278,66,4,1.903225806451613,13.322580645161292,2.6645161290322585,10.27741935483871,0.0,Overstock,Markdown / Clear,0.0,0.0,1184.9077419354837,0.0,278.0
20998,ROSE DU SUD OVEN GLOVE,185,505.20000000000005,2.6732500000000003,60,167,74,7,3.0833333333333335,21.583333333333336,4.316666666666667,25.900000000000002,0.0,Overstock,Markdown / Clear,0.0,0.0,446.43275000000006,0.0,167.0
21000,ROSE DU SUD COSMETICS BAG,96,360.84,3.6144565217391302,46,271,44,9,2.0869565217391304,14.608695652173912,2.9217391304347826,21.704347826086956,2.0,Overstock,Markdown / Clear,0.0,0.0,972.288804347826,0.006329113924050633,90.33333333333333
21001,ROSE DU SUD WASHBAG ,73,348.19,4.608780487804879,41,462,3,14,1.7804878048780488,12.463414634146341,2.4926829268292683,27.41951219512195,1.0,Overstock,Markdown / Clear,0.0,0.0,2124.647804878049,0.002145922746781116,231.0
21002,ROSE DU SUD DRAWSTRING BAG,125,428.65999999999997,3.409891304347826,46,439,153,18,2.717391304347826,19.02173913043478,3.8043478260869565,52.71739130434783,0.0,Overstock,Markdown / Clear,0.0,0.0,1496.9422826086957,0.0,439.0
21003,ROSE DU SUD CUSHION COVER,78,460.58,5.901999999999999,40,422,154,10,1.95,13.65,2.7300000000000004,22.23,0.0,Overstock,Markdown / Clear,0.0,0.0,2490.644,0.0,422.0
21009,ETCHED GLASS STAR TREE DECORATION,1,1.25,1.25,1,365,173,11,1.0,7.0,1.4000000000000001,12.4,0.0,Overstock,Markdown / Clear,0.0,0.0,456.25,0.0,365.0
21011,GLITTER SNOW PEAR TREE DECORATION,20,28.999999999999996,1.45,3,470,106,17,6.666666666666667,46.66666666666667,9.333333333333334,122.66666666666667,0.0,Overstock,Markdown / Clear,0.0,0.0,681.5,0.0,470.0
21012,ANTIQUE ALL GLASS CANDLESTICK,1169,2614.05,2.32343984962406,133,166,191,7,8.789473684210526,61.52631578947368,12.305263157894736,73.83157894736841,104.0,Healthy,No Action,0.0,0.0,0.0,0.2905027932960894,1.5809523809523809
21014,SWISS CHALET TREE DECORATION ,1385,598.8199999999999,0.7283287037037037,72,167,50,15,19.23611111111111,134.65277777777777,26.930555555555557,315.47222222222223,0.0,Overstock,Markdown / Clear,0.0,0.0,121.63089351851852,0.0,167.0
21015,DARK BIRD HOUSE TREE DECORATION,1483,589.55,0.7379876543209877,81,371,49,7,18.308641975308642,128.1604938271605,25.632098765432104,153.7925925925926,80.0,Overstock,Markdown / Clear,0.0,0.0,214.7544074074074,0.19002375296912113,4.580246913580247
21018,BIRD BOX CHRISTMAS TREE DECORATION,24,22.06,1.1266666666666667,6,218,5,13,4.0,28.0,5.6000000000000005,57.6,0.0,Overstock,Markdown / Clear,0.0,0.0,245.61333333333334,0.0,218.0
21025,SPACE FROG,174,233.52,1.6422826086956521,46,327,58,12,3.782608695652174,26.47826086956522,5.295652173913044,50.686956521739134,4.0,Overstock,Markdown / Clear,0.0,0.0,530.4572826086957,0.010362694300518135,65.4
21026,SPACE OWL,255,315.75,1.560673076923077,52,436,124,15,4.903846153846154,34.32692307692308,6.865384615384617,80.42307692307692,10.0,Overstock,Markdown / Clear,0.0,0.0,664.8467307692308,0.017825311942959002,39.63636363636363
21027,NINJA RABBIT PINK,167,187.79,1.1674747474747473,33,443,142,11,5.0606060606060606,35.42424242424242,7.084848484848485,62.75151515151515,0.0,Overstock,Markdown / Clear,0.0,0.0,517.1913131313131,0.0,443.0
21028,NINJA RABBIT BLACK,187,239.24,1.6008163265306121,49,147,29,16,3.816326530612245,26.714285714285715,5.342857142857143,66.40408163265306,3.0,Overstock,Markdown / Clear,0.0,0.0,230.51755102040815,0.01694915254237288,36.75
21030,SPACE CADET RED,131,159.7,1.1875757575757575,33,58,169,20,3.9696969696969697,27.78787878787879,5.5575757575757585,84.95151515151515,0.0,Overstock,Markdown / Clear,0.0,0.0,68.87939393939394,0.0,58.0
21031,SPACE CADET BLACK,52,64.24,1.2942105263157895,19,357,121,17,2.736842105263158,19.157894736842106,3.8315789473684214,50.357894736842105,0.0,Overstock,Markdown / Clear,0.0,0.0,462.03315789473686,0.0,357.0
21032,SPACE CADET WHITE,97,117.78,1.3816666666666668,30,379,124,12,3.2333333333333334,22.633333333333333,4.526666666666666,43.32666666666666,11.0,Overstock,Markdown / Clear,0.0,0.0,508.4533333333334,0.021825396825396824,31.583333333333332
21033,JUMBO BAG CHARLIE AND LOLA TOYS,1932,4851.7300000000005,3.1400118152524166,133,148,36,9,14.526315789473685,101.6842105263158,20.33684210526316,151.07368421052632,0.0,Overstock,Markdown / Clear,0.0,0.0,464.72174865735764,0.0,148.0
21034,REX CASH+CARRY JUMBO SHOPPER,1878,1784.1,0.9499999999999998,274,286,169,10,6.854014598540146,47.97810218978102,9.595620437956205,78.13576642335765,59.0,Overstock,Markdown / Clear,0.0,0.0,215.64999999999998,0.12938596491228072,4.766666666666667
21035,SET/2 RED RETROSPOT TEA TOWELS ,2599,8536.85,4.352066334991709,201,495,123,5,12.930348258706468,90.51243781094527,18.102487562189054,82.7542288557214,73.5,Overstock,Markdown / Clear,0.0,0.0,1834.3959601990052,0.11873990306946688,6.644295302013423
21038,SET/4 MODERN VINTAGE COTTON NAPKINS,77,86.75000000000001,1.2982352941176472,17,460,100,17,4.529411764705882,31.705882352941174,6.341176470588235,83.34117647058824,0.0,Overstock,Markdown / Clear,0.0,0.0,597.1882352941177,0.0,460.0
21039,RED RETROSPOT SHOPPING BAG,523,1353.69,3.0554166666666664,72,492,34,18,7.263888888888889,50.84722222222223,10.169444444444446,140.91944444444445,6.5,Overstock,Markdown / Clear,0.0,0.0,1483.4047916666666,0.012333965844402278,65.6
21040,MODERN VINTAGE COTTON SHOPPING BAG,22,29.7,1.67,8,453,86,6,2.75,19.25,3.85,20.35,0.0,Overstock,Markdown / Clear,0.0,0.0,756.51,0.0,453.0
21041,RED RETROSPOT OVEN GLOVE DOUBLE,914,3888.98,4.372605042016807,153,170,133,8,5.973856209150327,41.81699346405229,8.363398692810458,56.15424836601307,0.0,Overstock,Markdown / Clear,0.0,0.0,743.3428571428572,0.0,170.0
21042,RED RETROSPOT APRON ,334,2199.52,7.053975247524752,101,434,195,3,3.3069306930693068,23.148514851485146,4.629702970297029,14.55049504950495,4.0,Overstock,Markdown / Clear,0.0,0.0,3033.2093564356433,0.006349206349206349,86.8
21043,APRON MODERN VINTAGE COTTON,492,1139.86,2.9597175141242937,59,497,17,6,8.338983050847459,58.37288135593221,11.674576271186442,61.708474576271186,0.0,Overstock,Markdown / Clear,0.0,0.0,1470.979604519774,0.0,497.0
21051,RIBBONS PURSE ,192,377.2,2.14575,40,317,112,13,4.8,33.6,6.720000000000001,69.12,13.0,Overstock,Markdown / Clear,0.0,0.0,652.308,0.030232558139534883,22.642857142857142
21054,NURSE'S BAG SOFT TOY,70,634.53,9.049135802469136,27,118,28,14,2.5925925925925926,18.14814814814815,3.6296296296296298,39.925925925925924,0.0,Overstock,Markdown / Clear,0.0,0.0,1067.798024691358,0.0,118.0
21055,TOOL BOX SOFT TOY ,178,1764.6399999999999,10.513760683760683,78,282,76,7,2.282051282051282,15.974358974358974,3.194871794871795,19.16923076923077,3.5,Overstock,Markdown / Clear,0.0,0.0,2928.0823504273503,0.009749303621169917,62.666666666666664
21056,DOCTOR'S BAG SOFT TOY,184,1765.3999999999999,10.03,64,271,58,18,2.875,20.125,4.025,55.775,7.0,Overstock,Markdown / Clear,0.0,0.0,2647.9199999999996,0.021212121212121213,33.875
21058,PARTY INVITES WOODLAND,1154,965.66,0.96578231292517,98,163,174,15,11.775510204081632,82.42857142857143,16.485714285714288,193.11836734693878,9.5,Overstock,Markdown / Clear,0.0,0.0,148.2475850340136,0.028106508875739646,15.523809523809524
21059,PARTY INVITES DINOSAURS,611,528.23,0.9283132530120481,83,365,125,15,7.36144578313253,51.53012048192771,10.306024096385542,120.7277108433735,10.5,Overstock,Markdown / Clear,0.0,0.0,329.0870481927711,0.021384928716904276,31.73913043478261
21060,PARTY INVITES BALLOON GIRL,405,359.28999999999996,0.9303174603174603,63,131,144,19,6.428571428571429,45.0,9.0,131.14285714285717,9.5,Overstock,Markdown / Clear,0.0,0.0,113.03357142857143,0.034420289855072464,12.476190476190476
21061,PARTY INVITES FOOTBALL,488,451.7,1.0305405405405403,74,79,108,9,6.594594594594595,46.16216216216216,9.232432432432432,68.58378378378379,33.0,Overstock,Markdown / Clear,0.0,0.0,47.404864864864855,0.17553191489361702,2.323529411764706
21062,PARTY INVITES SPACEMAN,538,457.38,0.8592424242424243,66,388,21,10,8.151515151515152,57.06060606060606,11.412121212121214,92.92727272727274,12.0,Overstock,Markdown / Clear,0.0,0.0,323.0751515151515,0.02926829268292683,29.846153846153847
21063,PARTY INVITES JAZZ HEARTS,528,458.31,0.927710843373494,83,21,67,15,6.36144578313253,44.53012048192771,8.906024096385542,104.3277108433735,14.5,Healthy,No Action,2.0,0.0,0.0,0.16292134831460675,1.3548387096774193
21064,BOOM BOX SPEAKER BOYS,296,1281.2,5.178578431372549,68,404,68,18,4.352941176470588,30.470588235294116,6.094117647058823,84.4470588235294,54.0,Overstock,Markdown / Clear,0.0,0.0,1812.5024509803923,0.11416490486257928,7.345454545454546
21065,BOOM BOX SPEAKER GIRLS,562,1160.58,4.572120098039215,68,323,164,6,8.264705882352942,57.852941176470594,11.57058823529412,61.15882352941177,13.0,Overstock,Markdown / Clear,0.0,0.0,1417.3572303921567,0.02663934426229508,23.071428571428573
21066,VINTAGE RED MUG,702,693.47,1.5437,50,273,48,10,14.04,98.28,19.656000000000002,160.05599999999998,5.0,Overstock,Markdown / Clear,0.0,0.0,413.71160000000003,0.015527950310559006,45.5
21067,VINTAGE RED TEATIME MUG,317,504.15,1.7726944444444444,60,159,140,18,5.283333333333333,36.983333333333334,7.396666666666667,102.49666666666666,0.0,Overstock,Markdown / Clear,0.0,0.0,281.85841666666664,0.0,159.0
21068,VINTAGE BILLBOARD LOVE/HATE MUG,1638,1890.33,1.678020202020202,132,472,161,12,12.409090909090908,86.86363636363636,17.37272727272727,166.28181818181818,27.0,Overstock,Markdown / Clear,0.0,0.0,746.7189898989899,0.04258675078864353,16.857142857142858
21069,VINTAGE BILLBOARD TEA MUG,1949,2250.52,1.6762857142857144,70,56,108,14,27.84285714285714,194.89999999999998,38.98,428.78,0.0,Overstock,Markdown / Clear,0.0,0.0,93.872,0.0,56.0
21070,VINTAGE BILLBOARD MUG ,1106,1184.98,1.6653571428571428,84,179,85,14,13.166666666666666,92.16666666666666,18.433333333333334,202.76666666666665,16.5,Overstock,Markdown / Clear,0.0,0.0,270.6205357142857,0.062264150943396226,10.228571428571428
21071,VINTAGE BILLBOARD DRINK ME MUG,991,1380.28,1.7656932773109244,119,28,52,7,8.327731092436975,58.294117647058826,11.658823529411766,69.95294117647059,0.0,Overstock,Markdown / Clear,0.0,0.0,49.43941176470588,0.0,28.0
21078,SET/20 STRAWBERRY PAPER NAPKINS ,2769,2531.04,1.2030032989099253,166,252,122,18,16.680722891566266,116.76506024096386,23.353012048192774,323.60602409638557,0.0,Overstock,Markdown / Clear,0.0,0.0,303.1568313253012,0.0,252.0
21080,SET/20 RED RETROSPOT PAPER NAPKINS ,13202,11312.56,1.0729152804957598,292,118,86,3,45.21232876712329,316.48630136986304,63.29726027397261,198.93424657534246,137.5,Healthy,No Action,83.0,0.0,0.0,0.6707317073170732,0.851985559566787
21082,SET/20 FRUIT SALAD PAPER NAPKINS ,88,143.44,1.63,25,166,178,11,3.52,24.64,4.928000000000001,43.647999999999996,0.0,Overstock,Markdown / Clear,0.0,0.0,270.58,0.0,166.0
21084,SET/6 COLLAGE PAPER CUPS,2610,773.14,0.5333217391304348,115,323,130,14,22.695652173913043,158.8695652173913,31.773913043478263,349.5130434782609,0.0,Overstock,Markdown / Clear,0.0,0.0,172.26292173913043,0.0,323.0
21086,SET/6 RED SPOTTY PAPER CUPS,7121,4851.5,0.9113886363636363,220,227,41,7,32.36818181818182,226.5772727272727,45.31545454545454,271.89272727272726,31.5,Overstock,Markdown / Clear,0.0,0.0,178.1764784090909,0.1171003717472119,6.984615384615385
21087,SET/6 POSIES PAPER CUPS,141,74.57000000000001,0.5933333333333334,15,150,97,5,9.4,65.8,13.16,60.16,0.0,Overstock,Markdown / Clear,0.0,0.0,89.0,0.0,150.0
21088,SET/6 FRUIT SALAD PAPER CUPS,1678,428.28000000000003,0.42721052631578943,76,423,159,7,22.07894736842105,154.55263157894737,30.910526315789475,185.46315789473684,0.0,Overstock,Markdown / Clear,0.0,0.0,180.71005263157892,0.0,423.0
21089,SET/6 GREEN SPRING PAPER CUPS,233,48.989999999999995,0.2645454545454546,22,171,108,4,10.590909090909092,74.13636363636364,14.827272727272728,57.190909090909095,0.0,Overstock,Markdown / Clear,0.0,0.0,45.23727272727273,0.0,171.0
21090,SET/6 COLLAGE PAPER PLATES,2413,1274.19,0.6670170316301703,137,73,50,16,17.613138686131386,123.2919708029197,24.658394160583942,306.4686131386861,16.0,Overstock,Markdown / Clear,0.0,0.0,38.01997080291971,0.12903225806451613,4.294117647058823
21094,SET/6 RED SPOTTY PAPER PLATES,8758,6933.26,0.9652486445881507,243,139,84,4,36.041152263374485,252.28806584362138,50.45761316872428,194.6222222222222,53.5,Overstock,Markdown / Clear,0.0,0.0,82.52875911228689,0.23883928571428573,2.55045871559633
21095,SET/6 POSIES PAPER PLATES,125,118.72999999999999,0.97,13,180,173,15,9.615384615384615,67.3076923076923,13.461538461538462,157.69230769230768,0.0,Overstock,Markdown / Clear,0.0,0.0,174.6,0.0,180.0
21096,SET/6 FRUIT SALAD  PAPER PLATES,1259,581.09,0.5835570776255707,73,427,126,9,17.246575342465754,120.72602739726028,24.14520547945206,179.36438356164382,0.0,Overstock,Markdown / Clear,0.0,0.0,249.1788721461187,0.0,427.0
21098,CHRISTMAS TOILET ROLL,3719,5078.76,1.756943432928727,102,135,20,12,36.46078431372549,255.22549019607843,51.04509803921569,488.57450980392156,121.5,Stockout Risk,Reorder Now,38.0,213.46862710084034,0.0,0.7788461538461539,1.1020408163265305
21100,CHARLIE AND LOLA CHARLOTTE BAG,65,162.21,3.214,20,94,43,15,3.25,22.75,4.55,53.3,0.0,Overstock,Markdown / Clear,0.0,0.0,302.116,0.0,94.0
21106,CREAM SLICE FLANNEL CHOCOLATE SPOT ,237,702.51,3.862916666666667,48,132,138,18,4.9375,34.5625,6.9125000000000005,95.7875,25.0,Overstock,Markdown / Clear,0.0,0.0,413.33208333333334,0.09225092250922509,5.076923076923077
21107,CREAM SLICE FLANNEL PINK SPOT ,901,2492.71,3.859090909090909,77,475,102,16,11.7012987012987,81.9090909090909,16.381818181818183,203.60259740259738,132.5,Overstock,Markdown / Clear,0.0,0.0,1321.7386363636363,0.2292387543252595,3.5580524344569286
21108,FAIRY CAKE FLANNEL ASSORTED COLOUR,10241,18056.28,2.6306944734098017,137,439,67,13,74.75182481751825,523.2627737226278,104.65255474452556,1076.426277372263,190.0,Overstock,Markdown / Clear,0.0,0.0,655.0429238790406,0.3747534516765286,2.298429319371728
21109,LARGE CAKE TOWEL CHOCOLATE SPOTS,925,2661.67,6.289010928961749,61,441,128,12,15.163934426229508,106.14754098360656,21.229508196721312,203.19672131147541,101.66666666666667,Overstock,Markdown / Clear,0.0,0.0,2134.071041894353,0.17836257309941522,4.295454545454545
21109,"LARGE CAKE TOWEL, CHOCOLATE SPOTS",11,101.53,10.16,7,123,91,8,1.5714285714285714,11.0,2.2,14.771428571428572,0.0,Overstock,Markdown / Clear,0.0,0.0,1249.68,0.0,123.0
21110,LARGE CAKE TOWEL PINK SPOTS,1105,3815.7,6.99495005807201,82,359,190,6,13.475609756097562,94.32926829268294,18.86585365853659,99.71951219512196,0.0,Overstock,Markdown / Clear,0.0,0.0,2511.1870708478514,0.0,359.0
21111,"SWISS ROLL TOWEL, CHOCOLATE  SPOTS",900,1651.02,3.149179104477612,67,273,23,3,13.432835820895523,94.02985074626866,18.805970149253735,59.10447761194031,100.0,Overstock,Markdown / Clear,0.0,0.0,544.8079850746269,0.3367003367003367,2.702970297029703
21112,SWISS ROLL TOWEL PINK  SPOTS,706,1913.69,3.673055555555555,36,246,124,9,19.61111111111111,137.27777777777777,27.455555555555556,203.95555555555555,20.333333333333332,Overstock,Markdown / Clear,0.0,0.0,828.8862037037036,0.05480682839173405,11.53125
21112,"SWISS ROLL TOWEL, PINK  SPOTS",653,971.4399999999999,2.579466666666667,25,131,140,11,26.12,182.84,36.568000000000005,323.888,0.0,Overstock,Markdown / Clear,0.0,0.0,337.91013333333336,0.0,131.0
21114,LAVENDER SCENTED FABRIC HEART,1341,1778.08,1.9051041666666666,112,492,110,10,11.973214285714286,83.8125,16.7625,136.49464285714285,15.0,Overstock,Markdown / Clear,0.0,0.0,908.7346875,0.024875621890547265,30.75
21115,ROSE CARAVAN DOORSTOP,562,3162.2400000000002,8.004649122807017,114,118,97,7,4.9298245614035086,34.50877192982456,6.901754385964913,41.410526315789475,85.0,Healthy,No Action,0.0,0.0,0.0,0.39351851851851855,1.372093023255814
21116,OWL DOORSTOP,695,4051.79,6.648687499999999,160,172,138,12,4.34375,30.40625,6.081250000000001,58.20625,12.0,Overstock,Markdown / Clear,0.0,0.0,1063.79,0.03858520900321544,13.23076923076923
21117,BLOND DOLL DOORSTOP,109,141.75,1.6428571428571428,14,368,178,13,7.785714285714286,54.5,10.9,112.11428571428571,0.0,Overstock,Markdown / Clear,0.0,0.0,604.5714285714286,0.0,368.0
21120,*Boombox Ipod Classic,1,16.98,16.98,1,421,16,17,1.0,7.0,1.4000000000000001,18.4,0.0,Overstock,Markdown / Clear,0.0,0.0,7148.58,0.0,421.0
21121,SET/10 RED POLKADOT PARTY CANDLES,6606,7998.85,1.3762633181126331,219,403,98,8,30.164383561643834,211.15068493150685,42.230136986301375,283.5452054794521,69.5,Overstock,Markdown / Clear,0.0,0.0,458.98381659056315,0.13844621513944222,5.716312056737588
21122,SET/10 PINK POLKADOT PARTY CANDLES,5325,6488.54,1.3783615136876006,207,385,81,17,25.72463768115942,180.07246376811594,36.01449275362319,473.33333333333337,66.0,Overstock,Markdown / Clear,0.0,0.0,439.6973228663446,0.14132762312633834,5.746268656716418
21123,SET/10 IVORY POLKADOT PARTY CANDLES,1143,1380.84,1.2065984848484848,110,357,103,7,10.39090909090909,72.73636363636363,14.547272727272727,87.28363636363636,26.5,Overstock,Markdown / Clear,0.0,0.0,398.7807992424242,0.057483731019522775,12.981818181818182
21124,SET/10 BLUE POLKADOT PARTY CANDLES,4011,4863.05,1.309354527938343,173,213,151,12,23.184971098265898,162.2947976878613,32.45895953757226,310.67861271676304,31.0,Overstock,Markdown / Clear,0.0,0.0,238.3025240847784,0.08493150684931507,6.65625
21125,SET 6 FOOTBALL CELEBRATION CANDLES,657,830.98,1.3131609195402298,87,329,18,14,7.551724137931035,52.862068965517246,10.57241379310345,116.29655172413794,6.5,Overstock,Markdown / Clear,0.0,0.0,423.49439655172415,0.01867816091954023,43.86666666666667
21126,SET OF 6 GIRLS CELEBRATION CANDLES,592,748.95,1.3473737373737373,99,182,164,6,5.97979797979798,41.85858585858586,8.371717171717172,44.250505050505055,14.5,Overstock,Markdown / Clear,0.0,0.0,225.685101010101,0.04178674351585014,11.741935483870968
21128,GOLD FISHING GNOME,68,546.6,10.106857142857143,35,227,84,20,1.9428571428571428,13.6,2.72,41.57714285714285,8.0,Overstock,Markdown / Clear,0.0,0.0,2213.401714285714,0.02564102564102564,25.22222222222222
21129,SILVER FISHING GNOME ,52,419.52000000000004,9.348653846153846,26,464,7,18,2.0,14.0,2.8000000000000003,38.8,0.0,Overstock,Markdown / Clear,0.0,0.0,4337.775384615385,0.0,464.0
21131,GOLD STANDING GNOME,106,398.02,5.655185185185185,27,188,27,10,3.925925925925926,27.48148148148148,5.496296296296297,44.75555555555556,30.0,Overstock,Markdown / Clear,0.0,0.0,893.5192592592592,0.1388888888888889,6.064516129032258
21132,SILVER STANDING GNOME   ,44,217.35999999999999,5.079090909090909,22,180,4,6,2.0,14.0,2.8000000000000003,14.8,2.0,Overstock,Markdown / Clear,0.0,0.0,904.0781818181819,0.010810810810810811,60.0
21135,VICTORIAN  METAL POSTCARD SPRING,2869,3206.0,1.9057283950617283,135,87,144,14,21.251851851851853,148.76296296296297,29.752592592592595,327.2785185185185,25.5,Overstock,Markdown / Clear,0.0,0.0,117.2022962962963,0.10991379310344827,3.2830188679245285
21136,PAINTED METAL PEARS ASSORTED,4687,7793.139999999999,1.7647976190476191,210,308,100,4,22.31904761904762,156.23333333333335,31.24666666666667,120.52285714285715,71.5,Overstock,Markdown / Clear,0.0,0.0,417.3746369047619,0.17481662591687042,4.248275862068965
21137,BLACK RECORD COVER FRAME,11651,40633.38,4.111864010989011,182,417,163,6,64.01648351648352,448.11538461538464,89.62307692307694,473.7219780219781,844.5,Stockout Risk,Reorder Now,517.0,3472.46915728022,0.0,1.4535283993115318,0.4931992903607333
21143,ANTIQUE GLASS HEART DECORATION ,327,707.23,2.4545833333333333,24,296,117,7,13.625,95.375,19.075,114.45,0.0,Overstock,Markdown / Clear,0.0,0.0,726.5566666666666,0.0,296.0
21144,PINK POODLE HANGING DECORATION ,5,16.8,3.36,2,323,146,5,2.5,17.5,3.5,16.0,0.0,Overstock,Markdown / Clear,0.0,0.0,1085.28,0.0,323.0
21145,ANTIQUE GLASS PLACE SETTING,122,152.5,1.25,8,423,63,11,15.25,106.75,21.35,189.1,0.0,Overstock,Markdown / Clear,0.0,0.0,528.75,0.0,423.0
21147,JINGLE BELLS TREE DECORATION,203,415.77,2.0889285714285712,56,403,90,20,3.625,25.375,5.075,77.575,12.5,Overstock,Markdown / Clear,0.0,0.0,815.7266071428571,0.025303643724696356,29.85185185185185
21154,RED RETROSPOT OVEN GLOVE ,4034,6320.51,1.9267966666666667,225,411,116,13,17.92888888888889,125.50222222222222,25.100444444444445,258.176,100.5,Overstock,Markdown / Clear,0.0,0.0,598.270365,0.1903409090909091,4.0492610837438425
21155,RED RETROSPOT PEG BAG,3155,9296.3,3.1592725409836064,244,154,97,5,12.930327868852459,90.51229508196721,18.102459016393443,82.75409836065573,44.5,Overstock,Markdown / Clear,0.0,0.0,345.9403432377049,0.1765873015873016,3.3846153846153846
21156,RETROSPOT CHILDRENS APRON,3170,6091.1,2.356535170413343,197,214,10,4,16.091370558375633,112.63959390862944,22.527918781725887,86.89340101522842,86.5,Overstock,Markdown / Clear,0.0,0.0,300.4582342277012,0.3844444444444444,2.4457142857142857
21157,RED RETROSPOT WASHBAG,78,225.5,3.1224074074074073,27,420,53,11,2.888888888888889,20.22222222222222,4.044444444444444,35.82222222222222,0.0,Overstock,Markdown / Clear,0.0,0.0,1311.411111111111,0.0,420.0
21158,MOODY GIRL DOOR HANGER ,1469,781.87,1.0498879551820728,119,147,172,16,12.344537815126051,86.41176470588236,17.282352941176473,214.79495798319329,41.0,Overstock,Markdown / Clear,0.0,0.0,111.28812324929972,0.128125,3.5
21159,MOODY BOY  DOOR HANGER ,1126,601.79,1.0227287581699347,102,52,46,6,11.03921568627451,77.27450980392157,15.454901960784316,81.69019607843137,32.5,Healthy,No Action,0.0,0.0,0.0,0.3282828282828283,1.5522388059701493
21160,KEEP OUT GIRLS DOOR HANGER ,1,3.36,3.36,1,195,139,11,1.0,7.0,1.4000000000000001,12.4,0.0,Overstock,Markdown / Clear,0.0,0.0,655.1999999999999,0.0,195.0
21161,KEEP OUT BOYS DOOR HANGER ,143,229.92,1.825,35,479,148,15,4.085714285714285,28.599999999999998,5.72,67.00571428571428,0.0,Overstock,Markdown / Clear,0.0,0.0,874.175,0.0,479.0
21162,TOXIC AREA  DOOR HANGER ,1462,792.98,1.045718954248366,102,462,138,20,14.333333333333334,100.33333333333334,20.06666666666667,306.73333333333335,59.0,Overstock,Markdown / Clear,0.0,0.0,421.42473856209153,0.09816971713810316,7.7
21163,DO NOT TOUCH MY STUFF DOOR HANGER ,1196,680.55,1.172608695652174,92,390,4,17,13.0,91.0,18.2,239.2,0.0,Overstock,Markdown / Clear,0.0,0.0,457.31739130434784,0.0,390.0
21164,HOME SWEET HOME METAL SIGN ,1766,5155.9800000000005,3.3031318681318687,182,489,183,12,9.703296703296703,67.92307692307692,13.584615384615384,130.0241758241758,40.5,Overstock,Markdown / Clear,0.0,0.0,1481.4546428571432,0.060178306092124816,11.783132530120483
21165,BEWARE OF THE CAT METAL SIGN ,4154,6935.7,2.1028669656203287,223,394,19,18,18.62780269058296,130.39461883408072,26.078923766816146,361.37937219730946,110.5,Overstock,Markdown / Clear,0.0,0.0,596.1627847533632,0.2669082125603865,3.5336322869955157
21166,COOK WITH WINE METAL SIGN ,10324,20874.440000000002,2.3951493369499697,237,41,168,14,43.561181434599156,304.9282700421941,60.985654008438814,670.842194092827,778.0,Stockout Risk,Reorder Now,798.0,1863.4261841470764,0.0,3.704761904761905,0.05263157894736842
21167,WHITE SAGE INCENSE,1432,337.14,0.34327272727272723,55,257,45,7,26.036363636363635,182.25454545454545,36.45090909090909,218.70545454545453,156.5,Healthy,No Action,0.0,0.0,0.0,0.5165016501650165,1.6317460317460317
21169,YOU'RE CONFUSING ME METAL SIGN ,4413,7301.77,2.222861111111111,216,177,11,4,20.430555555555557,143.0138888888889,28.602777777777785,110.32500000000002,168.5,Stockout Risk,Reorder Now,20.0,374.5520972222222,0.0,0.8915343915343915,1.0442477876106195
21171,BATHROOM METAL SIGN ,438,613.14,1.819239766081871,57,57,69,12,7.684210526315789,53.78947368421053,10.757894736842106,102.96842105263158,0.0,Overstock,Markdown / Clear,0.0,0.0,103.69666666666666,0.0,57.0
21172,PARTY METAL SIGN ,3485,5338.63,2.0102699953767913,206,249,16,3,16.91747572815534,118.42233009708737,23.684466019417474,74.43689320388349,64.0,Overstock,Markdown / Clear,0.0,0.0,371.8999491447064,0.24060150375939848,3.830769230769231
21174,POTTERING IN THE SHED METAL SIGN,4175,9405.76,2.6570864340338023,247,384,114,9,16.902834008097166,118.31983805668017,23.663967611336034,175.78947368421052,328.0,Healthy,No Action,0.0,0.0,0.0,0.657314629258517,1.1671732522796352
21175,GIN + TONIC DIET METAL SIGN,11709,25792.47,2.7519724887467425,268,70,146,19,43.690298507462686,305.8320895522388,61.16641791044776,891.2820895522387,72.0,Healthy,No Action,63.0,0.0,0.0,0.3317972350230415,0.958904109589041
21175,GIN AND TONIC DIET METAL SIGN,498,1237.5,3.1764423076923074,13,457,153,18,38.30769230769231,268.15384615384613,53.63076923076923,743.1692307692308,166.0,Overstock,Markdown / Clear,0.0,0.0,924.3447115384614,0.27168576104746317,2.7365269461077846
21179,NO JUNK MAIL METAL SIGN,1940,1313.79,1.3144285714285713,129,283,47,5,15.03875968992248,105.27131782945736,21.054263565891475,96.24806201550388,0.0,Overstock,Markdown / Clear,0.0,0.0,371.98328571428567,0.0,283.0
21181,PLEASE ONE PERSON METAL SIGN,12274,25225.48,2.5027380736846756,206,302,107,16,59.58252427184466,417.07766990291265,83.41553398058254,1036.735922330097,723.0,Stockout Risk,Reorder Now,504.0,1809.4796272740205,0.0,1.7634146341463415,0.4171270718232044
21186,WHITE DOVE HONEYCOMB PAPER GARLAND,2,6.72,3.36,1,46,51,12,2.0,14.0,2.8000000000000003,26.8,0.0,Overstock,Markdown / Clear,0.0,0.0,154.56,0.0,46.0
21187,WHITE BELL HONEYCOMB PAPER GARLAND ,369,648.45,2.0746296296296296,36,245,95,9,10.25,71.75,14.350000000000001,106.6,0.0,Overstock,Markdown / Clear,0.0,0.0,508.2842592592593,0.0,245.0
21188,3D HEARTS  HONEYCOMB PAPER GARLAND,326,1021.9000000000001,3.8639259259259258,45,296,69,19,7.2444444444444445,50.71111111111111,10.142222222222223,147.78666666666666,0.0,Overstock,Markdown / Clear,0.0,0.0,1143.722074074074,0.0,296.0
21189,WHITE HONEYCOMB PAPER GARLAND ,355,888.67,2.545524691358025,54,305,182,8,6.574074074074074,46.01851851851852,9.203703703703704,61.7962962962963,43.0,Overstock,Markdown / Clear,0.0,0.0,666.9274691358025,0.08811475409836066,6.931818181818182
21190,PINK HEARTS PAPER GARLAND,168,245.20000000000002,1.5833333333333333,6,116,101,6,28.0,196.0,39.2,207.2,0.0,Overstock,Markdown / Clear,0.0,0.0,183.66666666666666,0.0,116.0
21191,LARGE WHITE HONEYCOMB PAPER BELL  ,562,1451.82,2.8993809523809526,70,303,74,19,8.028571428571428,56.2,11.240000000000002,163.78285714285715,29.0,Overstock,Markdown / Clear,0.0,0.0,794.430380952381,0.07671957671957672,10.1
21192,WHITE BELL HONEYCOMB PAPER ,1092,1923.29,2.393283582089552,67,386,160,11,16.29850746268657,114.08955223880598,22.817910447761196,202.10149253731345,0.0,Overstock,Markdown / Clear,0.0,0.0,923.8074626865671,0.0,386.0
21194,PINK  HONEYCOMB PAPER FAN,498,555.97,1.766315789473684,57,467,189,6,8.736842105263158,61.1578947368421,12.23157894736842,64.65263157894736,0.0,Overstock,Markdown / Clear,0.0,0.0,824.8694736842104,0.0,467.0
21195,PINK  HONEYCOMB PAPER BALL ,693,1308.56,2.9329285714285716,56,472,150,9,12.375,86.625,17.325,128.7,0.0,Overstock,Markdown / Clear,0.0,0.0,1384.3422857142857,0.0,472.0
21196,ROUND WHITE CONFETTI IN TUBE,108,189.68,2.06,12,336,142,4,9.0,63.0,12.600000000000001,48.6,0.0,Overstock,Markdown / Clear,0.0,0.0,692.16,0.0,336.0
21197,MULTICOLOUR  CONFETTI IN TUBE,284,382.96,1.666,25,323,154,19,11.36,79.52,15.904,231.74399999999997,12.0,Overstock,Markdown / Clear,0.0,0.0,518.126,0.02510460251046025,24.846153846153847
21198,WHITE HEART CONFETTI IN TUBE,1028,1006.8199999999999,1.4534871794871793,65,166,191,10,15.815384615384616,110.70769230769231,22.141538461538463,180.29538461538462,0.0,Overstock,Markdown / Clear,0.0,0.0,241.27887179487178,0.0,166.0
21199,PINK  HEART CONFETTI IN TUBE,966,888.33,1.641730769230769,65,23,178,17,14.861538461538462,104.03076923076924,20.806153846153848,273.4523076923077,0.0,Overstock,Markdown / Clear,0.0,0.0,37.75980769230769,0.0,23.0
21200,MULTICOLOUR HONEYCOMB PAPER GARLAND,1119,1531.14,2.0549726775956283,61,54,180,17,18.34426229508197,128.40983606557378,25.68196721311476,337.53442622950826,6.0,Overstock,Markdown / Clear,0.0,0.0,98.63868852459015,0.02553191489361702,7.714285714285714
21201,TROPICAL  HONEYCOMB PAPER GARLAND ,1240,2987.82,3.135149812734082,89,211,81,10,13.932584269662922,97.52808988764045,19.50561797752809,158.8314606741573,23.0,Overstock,Markdown / Clear,0.0,0.0,589.4081647940075,0.07849829351535836,8.791666666666666
21202,DOLLY HONEYCOMB GARLAND,474,485.46000000000004,1.7524000000000002,25,68,91,18,18.96,132.72,26.544,367.824,0.0,Overstock,Markdown / Clear,0.0,0.0,119.16320000000002,0.0,68.0
21204,DAISIES  HONEYCOMB GARLAND ,499,868.4399999999999,2.0035135135135134,74,36,178,13,6.743243243243243,47.2027027027027,9.44054054054054,97.1027027027027,14.0,Overstock,Markdown / Clear,0.0,0.0,44.07729729729729,0.06511627906976744,2.4
21205,MULTICOLOUR 3D BALLS GARLAND,253,677.1899999999999,2.8545689655172413,58,191,174,4,4.362068965517241,30.534482758620687,6.106896551724137,23.555172413793102,1.0,Overstock,Markdown / Clear,0.0,0.0,542.3681034482759,0.00273224043715847,95.5
21206,STRAWBERRY HONEYCOMB  GARLAND ,1290,1610.92,1.9731481481481479,90,239,3,19,14.333333333333334,100.33333333333334,20.06666666666667,292.40000000000003,0.0,Overstock,Markdown / Clear,0.0,0.0,471.58240740740735,0.0,239.0
21207,SKULL AND CROSSBONES  GARLAND ,1067,1684.85,1.6798679867986799,101,177,134,18,10.564356435643564,73.95049504950495,14.790099009900992,204.94851485148513,7.0,Overstock,Markdown / Clear,0.0,0.0,285.57755775577556,0.022435897435897436,22.125
21208,PASTEL COLOUR HONEYCOMB FAN,940,697.77,1.3257042253521127,71,496,108,17,13.23943661971831,92.67605633802818,18.535211267605636,243.6056338028169,25.0,Overstock,Markdown / Clear,0.0,0.0,624.4066901408451,0.04132231404958678,19.076923076923077
21209,MULTICOLOUR HONEYCOMB FAN,1224,886.24,1.4559493670886074,79,65,162,15,15.49367088607595,108.45569620253166,21.69113924050633,254.0962025316456,41.0,Healthy,No Action,0.0,0.0,0.0,0.17982456140350878,1.5476190476190477
21210,SET OF 72 RETROSPOT PAPER  DOILIES,5808,8368.39,1.7718173076923078,208,392,47,17,27.923076923076923,195.46153846153845,39.09230769230769,513.7846153846153,115.5,Overstock,Markdown / Clear,0.0,0.0,489.90748557692314,0.2625,3.3648068669527897
21211,SET OF 72 SKULL PAPER  DOILIES,883,1270.07,1.766235294117647,85,25,72,6,10.388235294117647,72.71764705882353,14.543529411764707,76.87294117647059,12.0,Overstock,Markdown / Clear,2.0,0.0,22.96105882352941,0.12244897959183673,1.9230769230769231
21212,PACK OF 72 RETROSPOT CAKE CASES,36396,21246.45,0.7614567801698674,298,118,71,18,122.13422818791946,854.9395973154362,170.98791946308725,2369.4040268456374,406.0,Stockout Risk,Reorder Now,459.0,309.15145274896616,0.0,2.136842105263158,0.28992628992628994
21213,PACK OF 72 SKULL CAKE CASES,15169,8414.59,0.7899768592830391,267,399,115,14,56.81273408239701,397.68913857677904,79.53782771535582,874.9161048689139,158.0,Overstock,Markdown / Clear,0.0,0.0,190.3844230872124,0.3067961165048544,2.509433962264151
21215,IVORY PAPER CUP CAKE CASES ,1087,744.35,0.9180952380952382,105,252,172,6,10.352380952380953,72.46666666666667,14.493333333333334,76.60761904761905,1.5,Overstock,Markdown / Clear,0.0,0.0,229.98285714285717,0.0035294117647058825,100.8
21216,"SET 3 RETROSPOT TEA,COFFEE,SUGAR",2128,11382.81,7.115792868321037,213,56,80,5,9.990610328638498,69.93427230046949,13.986854460093898,63.93990610328639,44.5,Healthy,No Action,2.0,0.0,0.0,0.3248175182481752,1.2307692307692308
21217,RED RETROSPOT ROUND CAKE TINS,1088,11522.44,12.431742808798646,197,299,80,19,5.522842639593908,38.659898477157356,7.7319796954314715,112.66598984771574,26.5,Overstock,Markdown / Clear,0.0,0.0,3387.649915397631,0.06973684210526315,10.872727272727273
21218,RED SPOTTY BISCUIT TIN,2433,10116.49,5.648807823129252,196,368,112,20,12.41326530612245,86.89285714285714,17.37857142857143,265.6438775510204,35.0,Overstock,Markdown / Clear,0.0,0.0,1881.0530051020407,0.07276507276507277,10.222222222222221
21219,SET/4 BADGES BALLOON GIRL,448,561.84,1.5163571428571427,70,321,95,20,6.4,44.800000000000004,8.96,136.96,9.0,Overstock,Markdown / Clear,0.0,0.0,473.10342857142854,0.02158273381294964,32.1
21220,SET/4 BADGES DOGS,338,445.01,1.6159761904761905,70,200,71,19,4.828571428571428,33.8,6.76,98.50285714285714,12.5,Overstock,Markdown / Clear,0.0,0.0,302.9955357142857,0.04595588235294118,14.814814814814815
21221,SET/4 BADGES CUTE CREATURES,261,340.22,1.3994444444444445,48,114,146,14,5.4375,38.0625,7.612500000000001,83.7375,6.0,Overstock,Markdown / Clear,0.0,0.0,151.14000000000001,0.022988505747126436,16.285714285714285
21222,SET/4 BADGES BEETLES,265,348.19,1.5921186440677966,59,118,62,6,4.491525423728813,31.440677966101692,6.288135593220339,33.23728813559322,7.0,Overstock,Markdown / Clear,0.0,0.0,176.7251694915254,0.03867403314917127,14.75
21224,SET/4 SKULL BADGES,914,1080.0,1.0848553719008265,121,207,37,14,7.553719008264463,52.87603305785124,10.575206611570248,116.32727272727273,18.0,Overstock,Markdown / Clear,0.0,0.0,205.0376652892562,0.07346938775510205,10.894736842105264
21226,POCKET MIRROR WOODLAND,93,80.55,0.9288235294117646,17,135,66,17,5.470588235294118,38.294117647058826,7.658823529411766,100.65882352941176,0.0,Overstock,Markdown / Clear,0.0,0.0,125.39117647058822,0.0,135.0
21228,"POCKET MIRROR ""GLAMOROUS""",5,6.25,1.25,2,210,186,18,2.5,17.5,3.5,48.5,0.0,Overstock,Markdown / Clear,0.0,0.0,262.5,0.0,210.0
21231,SWEETHEART CERAMIC TRINKET BOX,6054,7617.28,1.5582337041373926,244,272,68,7,24.811475409836067,173.68032786885246,34.736065573770496,208.41639344262296,154.0,Healthy,No Action,0.0,0.0,0.0,0.45161290322580644,1.7548387096774194
21232,STRAWBERRY CERAMIC TRINKET BOX,10473,14117.58,1.6520532503457814,241,488,12,17,43.45643153526971,304.19502074688796,60.839004149377594,799.5983402489627,364.0,Healthy,No Action,0.0,0.0,0.0,0.7265469061876247,1.336986301369863
21232,STRAWBERRY CERAMIC TRINKET POT,1369,2131.2200000000003,1.7689078144078143,39,435,174,19,35.1025641025641,245.71794871794873,49.14358974358975,716.0923076923076,228.4,Healthy,No Action,0.0,0.0,0.0,0.3744262295081967,1.8962510897994769
21238,RED RETROSPOT CUP,3969,3488.44,1.0911311728395061,216,490,188,20,18.375,128.625,25.725,393.225,38.0,Overstock,Markdown / Clear,0.0,0.0,493.1912901234568,0.055964653902798235,12.564102564102564
21239,PINK  POLKADOT CUP,3016,2707.34,1.116284110535406,193,180,30,7,15.626943005181348,109.38860103626943,21.877720207253887,131.26632124352332,30.5,Overstock,Markdown / Clear,0.0,0.0,166.8844745250432,0.14454976303317535,5.714285714285714
21240,BLUE POLKADOT CUP,3570,3110.2599999999998,1.1162520729684908,201,275,113,15,17.761194029850746,124.32835820895522,24.865671641791046,291.2835820895522,24.0,Overstock,Markdown / Clear,0.0,0.0,280.1792703150912,0.061696658097686374,11.0
21242,RED RETROSPOT PLATE ,3373,5699.71,2.062189716312057,188,342,21,15,17.94148936170213,125.5904255319149,25.11808510638298,294.2404255319149,72.0,Overstock,Markdown / Clear,0.0,0.0,556.7912234042553,0.1978021978021978,4.684931506849315
21243,PINK  POLKADOT PLATE ,2065,3449.6,2.121474358974359,130,147,92,20,15.884615384615385,111.1923076923077,22.23846153846154,339.9307692307692,0.0,Overstock,Markdown / Clear,0.0,0.0,311.8567307692308,0.0,147.0
21243,PINK POLKADOT PLATE ,220,377.56,2.0618518518518516,18,37,170,16,12.222222222222221,85.55555555555554,17.11111111111111,212.66666666666666,32.0,Healthy,No Action,12.0,0.0,0.0,0.15384615384615385,1.121212121212121
21244,BLUE POLKADOT PLATE ,2282,3789.3199999999997,2.0739986491050324,141,300,66,6,16.18439716312057,113.29078014184398,22.658156028368797,119.76453900709221,2.0,Overstock,Markdown / Clear,0.0,0.0,618.0515974332997,0.005449591280653951,100.0
21245,GREEN POLKADOT PLATE ,1075,1787.2,1.9848366013071894,102,242,53,6,10.53921568627451,73.77450980392157,14.754901960784316,77.99019607843138,59.5,Overstock,Markdown / Clear,0.0,0.0,362.23267973856207,0.20101351351351351,4.0
21246,RED RETROSPOT BIG BOWL,286,1336.78,4.600641025641026,78,73,137,15,3.6666666666666665,25.666666666666664,5.133333333333333,60.13333333333333,0.0,Overstock,Markdown / Clear,0.0,0.0,335.8467948717949,0.0,73.0
21248,DOOR HANGER  MUM + DADS ROOM,205,330.71999999999997,1.849766081871345,57,77,41,14,3.5964912280701755,25.17543859649123,5.035087719298247,55.385964912280706,14.0,Overstock,Markdown / Clear,0.0,0.0,116.53526315789473,0.11764705882352941,5.133333333333334
21249,WOODLAND  HEIGHT CHART STICKERS ,724,2160.0,3.8415151515151513,99,342,63,9,7.313131313131313,51.19191919191919,10.23838383838384,76.05656565656565,5.0,Overstock,Markdown / Clear,0.0,0.0,1294.590606060606,0.012315270935960592,57.0
21250,SET OF SKULL WALL STICKERS,95,274.37,3.3773684210526316,19,379,125,14,5.0,35.0,7.0,77.0,1.0,Overstock,Markdown / Clear,0.0,0.0,1276.6452631578948,0.0019801980198019802,189.5
21251,DINOSAUR HEIGHT CHART STICKER SET,182,568.98,3.541869918699187,41,193,20,6,4.439024390243903,31.07317073170732,6.2146341463414645,32.84878048780488,0.0,Overstock,Markdown / Clear,0.0,0.0,683.5808943089431,0.0,193.0
21253,SET OF PICTURE FRAME  STICKERS,134,590.4200000000001,5.024074074074075,54,299,193,4,2.4814814814814814,17.37037037037037,3.4740740740740743,13.4,2.0,Overstock,Markdown / Clear,0.0,0.0,1492.15,0.004056795131845842,99.66666666666667
21257,VICTORIAN SEWING BOX MEDIUM,688,6901.42,10.812193548387096,155,133,168,4,4.438709677419355,31.070967741935483,6.214193548387097,23.969032258064516,36.5,Overstock,Markdown / Clear,0.0,0.0,1043.3766774193548,0.12086092715231789,3.546666666666667
21258,VICTORIAN SEWING BOX LARGE,532,7674.8,16.557850958565243,77,307,151,7,6.909090909090909,48.36363636363637,9.672727272727274,58.03636363636364,27.5,Overstock,Markdown / Clear,0.0,0.0,4627.919342918985,0.05991285403050109,10.771929824561404
21259,VICTORIAN SEWING BOX SMALL ,1179,7077.2,6.926235880398672,172,450,34,12,6.854651162790698,47.98255813953489,9.596511627906978,91.85232558139535,30.0,Overstock,Markdown / Clear,0.0,0.0,2909.0190697674425,0.061855670103092786,14.516129032258064
21260,FIRST AID TIN,1161,3722.23,3.55924,125,361,183,12,9.288,65.016,13.003200000000001,124.45920000000001,11.0,Overstock,Markdown / Clear,0.0,0.0,1245.734,0.02018348623853211,30.083333333333332
21261,GREEN GOOSE FEATHER CHRISTMAS TREE ,187,672.09,4.776447368421053,38,170,29,11,4.921052631578948,34.44736842105264,6.889473684210528,61.021052631578954,1.0,Overstock,Markdown / Clear,0.0,0.0,807.219605263158,0.005,85.0
21262,WHITE GOOSE FEATHER CHRISTMAS TREE ,332,1233.21,4.4256746031746035,63,469,56,15,5.26984126984127,36.888888888888886,7.377777777777777,86.42539682539683,5.5,Overstock,Markdown / Clear,0.0,0.0,2051.3001785714287,0.010456273764258554,72.15384615384616
21263,GREEN GOOSE FEATHER TREE 60CM,167,349.17,2.622,35,146,46,9,4.771428571428571,33.4,6.68,49.62285714285714,11.5,Overstock,Markdown / Clear,0.0,0.0,352.659,0.05958549222797927,11.68
21264,WHITE GOOSE FEATHER TREE 60CM ,283,571.65,2.346,40,174,162,7,7.075,49.525,9.905000000000001,59.43,6.0,Overstock,Markdown / Clear,0.0,0.0,394.12800000000004,0.017804154302670624,24.857142857142858
21265,PINK GOOSE FEATHER TREE 60CM,131,267.21,2.568947368421053,19,405,18,12,6.894736842105263,48.26315789473684,9.65263157894737,92.38947368421051,12.0,Overstock,Markdown / Clear,0.0,0.0,1009.5963157894738,0.02830188679245283,31.153846153846153
21268,VINTAGE BLUE TINSEL REEL,2,0.84,0.42,1,493,113,12,2.0,14.0,2.8000000000000003,26.8,0.0,Overstock,Markdown / Clear,0.0,0.0,207.06,0.0,493.0
21269,ANTIQUE CREAM CUTLERY SHELF ,29,254.98000000000002,8.97111111111111,18,292,7,8,1.6111111111111112,11.277777777777779,2.255555555555556,15.144444444444446,0.0,Overstock,Markdown / Clear,0.0,0.0,2619.5644444444442,0.0,292.0
21270,ANTIQUE CREAM CUTLERY CUPBOARD,50,530.19,11.789,30,123,25,10,1.6666666666666667,11.666666666666668,2.3333333333333335,19.0,0.0,Overstock,Markdown / Clear,0.0,0.0,1450.047,0.0,123.0
21272,SALLE DE BAIN HOOK,548,777.5699999999999,1.7468699186991872,82,436,112,3,6.682926829268292,46.78048780487805,9.356097560975611,29.40487804878049,0.0,Overstock,Markdown / Clear,0.0,0.0,761.6352845528456,0.0,436.0
21275,ZINC TOP  2 DOOR WOODEN SHELF ,13,270.08,19.985454545454544,11,412,70,19,1.1818181818181819,8.272727272727273,1.6545454545454548,24.109090909090913,0.0,Overstock,Markdown / Clear,0.0,0.0,8234.007272727273,0.0,412.0
21277,FRENCH STYLE EMBOSSED HEART CABINET,26,571.43,21.801904761904762,21,318,29,9,1.2380952380952381,8.666666666666668,1.7333333333333336,12.876190476190477,0.0,Overstock,Markdown / Clear,0.0,0.0,6933.005714285714,0.0,318.0
21278,VINTAGE KITCHEN PRINT PUDDINGS,31,79.05,2.55,7,265,134,16,4.428571428571429,31.0,6.2,77.05714285714286,0.0,Overstock,Markdown / Clear,0.0,0.0,675.75,0.0,265.0
21279,VINTAGE KITCHEN PRINT FRUITS,85,266.15000000000003,3.8774,25,195,66,19,3.4,23.8,4.760000000000001,69.36,1.0,Overstock,Markdown / Clear,0.0,0.0,752.2156,0.003816793893129771,97.5
21280,VINTAGE KITCHEN PRINT VEGETABLES,65,165.75,2.55,12,58,64,11,5.416666666666667,37.91666666666667,7.583333333333335,67.16666666666667,0.0,Overstock,Markdown / Clear,0.0,0.0,147.89999999999998,0.0,58.0
21281,VINTAGE KITCHEN PRINT SEAFOOD,43,129.63,3.7966666666666664,12,496,35,19,3.5833333333333335,25.083333333333336,5.0166666666666675,73.10000000000001,0.0,Overstock,Markdown / Clear,0.0,0.0,1883.1466666666665,0.0,496.0
21284,RETROSPOT CANDLE  SMALL,403,374.49,2.1961764705882354,34,189,24,7,11.852941176470589,82.97058823529412,16.594117647058823,99.56470588235294,124.0,Healthy,No Action,0.0,0.0,0.0,0.5794392523364486,1.512
21285,RETROSPOT CANDLE  MEDIUM,365,413.88,2.866774193548387,31,266,36,10,11.774193548387096,82.41935483870967,16.483870967741932,134.2258064516129,229.0,Healthy,No Action,0.0,0.0,0.0,0.7557755775577558,1.1565217391304348
21286,RETROSPOT CANDLE  LARGE,273,362.12,3.1962499999999996,24,45,0,8,11.375,79.625,15.925,106.925,80.5,Stockout Risk,Reorder Now,51.0,257.29812499999997,0.0,1.75,0.5521472392638037
21287,SCENTED VELVET LOUNGE CANDLE ,1790,760.15,0.5668181818181819,44,374,142,13,40.68181818181818,284.77272727272725,56.95454545454545,585.8181818181819,25.5,Overstock,Markdown / Clear,0.0,0.0,197.5361363636364,0.04932301740812379,14.11320754716981
21288,STRIPEY CHOCOLATE NESTING BOXES,355,1061.41,3.3443445692883897,89,325,36,6,3.9887640449438204,27.921348314606742,5.584269662921349,29.51685393258427,6.5,Overstock,Markdown / Clear,0.0,0.0,1065.173745318352,0.017955801104972375,43.333333333333336
21289,LARGE STRIPES CHOCOLATE GIFT BAG,567,708.75,1.25,46,428,140,20,12.326086956521738,86.28260869565217,17.256521739130434,263.7782608695652,1.0,Overstock,Markdown / Clear,0.0,0.0,533.75,0.0017574692442882249,214.0
21291,SMALL POLKADOT CHOCOLATE GIFT BAG ,943,819.64,1.0264545454545455,44,427,135,3,21.431818181818183,150.02272727272728,30.004545454545458,94.30000000000001,0.0,Overstock,Markdown / Clear,0.0,0.0,438.29609090909094,0.0,427.0
21292,SMALL STRIPES CHOCOLATE GIFT BAG ,867,594.51,0.862,25,32,132,15,34.68,242.76,48.552,568.7520000000001,96.0,Healthy,No Action,113.0,0.0,0.0,0.5818181818181818,0.32989690721649484
21293,MIRRORED DOVE WALL DECORATION,116,276.72,2.69875,24,335,187,16,4.833333333333333,33.83333333333333,6.766666666666666,84.1,0.0,Overstock,Markdown / Clear,0.0,0.0,904.08125,0.0,335.0
21294,ETCHED GLASS COASTER,1618,825.49,0.8690625,64,410,127,3,25.28125,176.96875,35.393750000000004,111.23750000000001,0.0,Overstock,Markdown / Clear,0.0,0.0,356.315625,0.0,410.0
21306,SET/4 DAISY MIRROR MAGNETS,494,192.73999999999998,1.0629268292682927,41,332,126,13,12.048780487804878,84.34146341463415,16.868292682926832,173.50243902439024,3.0,Overstock,Markdown / Clear,0.0,0.0,349.70292682926834,0.006535947712418301,83.0
21307,SET/4 BUTTERFLY MIRROR MAGNETS,79,39.199999999999996,1.3458333333333334,12,55,0,19,6.583333333333333,46.08333333333333,9.216666666666667,134.29999999999998,0.0,Overstock,Markdown / Clear,0.0,0.0,74.02083333333334,0.0,55.0
21310,CAPIZ CHANDELIER,1,29.95,29.95,1,192,163,6,1.0,7.0,1.4000000000000001,7.4,0.0,Overstock,Markdown / Clear,0.0,0.0,5750.4,0.0,192.0
21311,SET/4 BIRD MIRROR MAGNETS ,459,181.32999999999998,0.8995555555555554,45,39,34,14,10.2,71.39999999999999,14.28,157.07999999999998,5.0,Overstock,Markdown / Clear,0.0,0.0,30.584888888888884,0.06756756756756757,6.5
21313,GLASS HEART T-LIGHT HOLDER ,3321,2893.77,1.1613184931506848,146,340,193,12,22.746575342465754,159.22602739726028,31.84520547945206,304.8041095890411,50.0,Overstock,Markdown / Clear,0.0,0.0,336.7823630136986,0.09363295880149813,6.666666666666667
21314,SMALL GLASS HEART TRINKET POT,4246,9798.98,2.8014595536959557,239,283,190,8,17.765690376569037,124.35983263598325,24.87196652719665,166.99748953974895,152.0,Healthy,No Action,0.0,0.0,0.0,0.3206751054852321,1.8496732026143792
21316,SMALL CHUNKY GLASS ROMAN  BOWL,159,214.73000000000002,3.6133333333333333,12,419,103,3,13.25,92.75,18.55,58.3,0.0,Overstock,Markdown / Clear,0.0,0.0,1513.9866666666667,0.0,419.0
21317,GLASS SPHERE CANDLE STAND MEDIUM,111,684.08,6.724516129032258,31,161,22,9,3.5806451612903225,25.064516129032256,5.012903225806451,37.23870967741936,10.0,Overstock,Markdown / Clear,0.0,0.0,1015.401935483871,0.05434782608695652,14.636363636363637
21318,GLASS CHALICE BLUE SMALL ,694,421.78,1.457549019607843,34,479,8,18,20.41176470588235,142.88235294117646,28.576470588235296,395.9882352941176,0.0,Overstock,Markdown / Clear,0.0,0.0,698.1659803921568,0.0,479.0
21319,GLASS CHALICE GREEN  SMALL ,161,175.78,1.9770588235294118,17,390,33,16,9.470588235294118,66.29411764705883,13.258823529411766,164.78823529411764,0.0,Overstock,Markdown / Clear,0.0,0.0,771.0529411764705,0.0,390.0
21320,GLASS CHALICE GREEN  LARGE ,197,364.22,3.3729999999999998,15,490,173,8,13.133333333333333,91.93333333333334,18.386666666666667,123.45333333333333,0.0,Overstock,Markdown / Clear,0.0,0.0,1652.77,0.0,490.0
21324,HANGING MEDINA LANTERN SMALL,81,259.67,3.519230769230769,26,162,127,7,3.1153846153846154,21.807692307692307,4.361538461538461,26.16923076923077,0.0,Overstock,Markdown / Clear,0.0,0.0,570.1153846153846,0.0,162.0
21326,AGED GLASS SILVER T-LIGHT HOLDER,10535,6859.27,0.825986183074266,193,111,3,20,54.58549222797927,382.0984455958549,76.41968911917098,1168.1295336787564,364.0,Stockout Risk,Reorder Now,329.0,300.6589706390328,0.0,3.1652173913043478,0.3041095890410959
21327,SKULLS WRITING SET ,864,1484.1299999999999,1.9818995859213249,161,373,157,17,5.366459627329193,37.56521739130435,7.513043478260871,98.74285714285715,33.5,Overstock,Markdown / Clear,0.0,0.0,672.8549094202898,0.06308851224105462,10.81159420289855
21328,BALLOONS  WRITING SET ,1337,2410.43,2.2439416666666667,180,341,101,8,7.427777777777778,51.99444444444445,10.39888888888889,69.82111111111112,30.5,Overstock,Markdown / Clear,0.0,0.0,696.7438875,0.06884875846501129,10.825396825396826
21329,DINOSAURS  WRITING SET ,941,1723.69,2.1800864197530863,162,307,74,3,5.808641975308642,40.660493827160494,8.132098765432099,25.55802469135802,31.5,Overstock,Markdown / Clear,0.0,0.0,600.6138086419753,0.0824607329842932,9.446153846153846
21331,MOROCCAN BEATEN METAL DISH LARGE,12,165.74,14.3425,8,234,98,3,1.5,10.5,2.1,6.6,0.0,Overstock,Markdown / Clear,0.0,0.0,3356.145,0.0,234.0
21332,MOROCCAN BEATEN METAL MIRROR,19,268.1,16.092307692307692,13,466,71,15,1.4615384615384615,10.23076923076923,2.046153846153846,23.96923076923077,0.0,Overstock,Markdown / Clear,0.0,0.0,7499.015384615384,0.0,466.0
21333,CLASSIC WHITE FRAME,56,168.16000000000003,3.1473333333333335,15,361,2,5,3.7333333333333334,26.133333333333333,5.226666666666667,23.893333333333334,0.0,Overstock,Markdown / Clear,0.0,0.0,1136.1873333333333,0.0,361.0
21336,GOLD WASHBAG,27,54.57,2.026,10,70,141,12,2.7,18.900000000000002,3.7800000000000007,36.18000000000001,0.0,Overstock,Markdown / Clear,0.0,0.0,141.82,0.0,70.0
21340,CLASSIC METAL BIRDCAGE PLANT HOLDER,975,11300.02,13.461036931818182,176,172,187,5,5.5397727272727275,38.77840909090909,7.755681818181819,35.45454545454545,9.5,Overstock,Markdown / Clear,0.0,0.0,2187.4185014204545,0.02638888888888889,16.38095238095238
21344,MOROCCAN BEATEN METAL DISH,15,160.09,11.756666666666666,6,205,172,11,2.5,17.5,3.5,31.0,0.0,Overstock,Markdown / Clear,0.0,0.0,2410.1166666666663,0.0,205.0
21348,PINK SPOTS CHOCOLATE NESTING BOXES ,140,361.56,3.4219999999999997,5,82,33,10,28.0,196.0,39.2,319.2,0.0,Overstock,Markdown / Clear,0.0,0.0,280.604,0.0,82.0
21349,IVY HEART WREATH,18,155.6,8.265555555555556,9,209,44,5,2.0,14.0,2.8000000000000003,12.8,0.0,Overstock,Markdown / Clear,0.0,0.0,1727.5011111111112,0.0,209.0
21351,CINAMMON & ORANGE WREATH,104,672.88,6.66047619047619,28,144,60,15,3.7142857142857144,26.0,5.2,60.91428571428572,6.5,Overstock,Markdown / Clear,0.0,0.0,915.8154761904761,0.03170731707317073,19.2
21352,EUCALYPTUS & PINECONE  WREATH,378,1511.26,5.172551282051282,52,169,82,8,7.269230769230769,50.88461538461539,10.176923076923078,68.33076923076923,0.0,Overstock,Markdown / Clear,0.0,0.0,874.1611666666666,0.0,169.0
21354,TOAST ITS - BEST MUM,799,1007.71,1.569022222222222,75,333,122,15,10.653333333333334,74.57333333333334,14.914666666666669,174.7146666666667,24.0,Overstock,Markdown / Clear,0.0,0.0,484.82786666666664,0.05263157894736842,13.32
21355,TOAST ITS - I LOVE YOU ,789,992.58,1.3277307692307692,65,77,101,14,12.138461538461538,84.96923076923076,16.993846153846153,186.9323076923077,3.0,Overstock,Markdown / Clear,0.0,0.0,98.25207692307691,0.01675977653631285,19.25
21356,TOAST ITS - FAIRY FLOWER,642,703.3,1.2769654088050313,106,361,15,15,6.056603773584905,42.39622641509434,8.479245283018868,99.32830188679245,49.0,Overstock,Markdown / Clear,0.0,0.0,398.41320754716975,0.129973474801061,7.22
21357,TOAST ITS - DINOSAUR,19,23.75,1.25,8,324,65,4,2.375,16.625,3.325,12.825,0.0,Overstock,Markdown / Clear,0.0,0.0,405.0,0.0,324.0
21358,TOAST ITS - HAPPY BIRTHDAY,411,493.29,1.2026136363636364,88,199,167,18,4.670454545454546,32.69318181818182,6.538636363636364,90.6068181818182,4.5,Overstock,Markdown / Clear,0.0,0.0,233.90835227272729,0.01226158038147139,36.18181818181818
21359,RELAX LARGE WOOD LETTERS,129,844.28,11.851304347826087,23,189,144,8,5.608695652173913,39.26086956521739,7.852173913043479,52.721739130434784,0.0,Overstock,Markdown / Clear,0.0,0.0,2239.8965217391305,0.0,189.0
21360,JOY LARGE WOOD LETTERS,39,236.17,9.424666666666667,15,345,118,15,2.6,18.2,3.64,42.64,0.0,Overstock,Markdown / Clear,0.0,0.0,3251.51,0.0,345.0
21361,LOVE LARGE WOOD LETTERS ,106,1505.96,15.086836477987422,53,290,161,19,2.0,14.0,2.8000000000000003,40.8,0.0,Overstock,Markdown / Clear,0.0,0.0,4375.182578616353,0.0,290.0
21363,HOME SMALL WOOD LETTERS,243,1403.94,6.293039772727273,88,73,123,11,2.7613636363636362,19.329545454545453,3.8659090909090907,34.24090909090909,0.0,Overstock,Markdown / Clear,0.0,0.0,459.3919034090909,0.0,73.0
21364,PEACE SMALL WOOD LETTERS,30,222.96,7.467894736842105,19,463,143,19,1.5789473684210527,11.052631578947368,2.210526315789474,32.21052631578947,0.0,Overstock,Markdown / Clear,0.0,0.0,3457.6352631578948,0.0,463.0
21365,MIRRORED WALL ART STARS,363,447.09000000000003,1.9695744680851066,47,120,101,4,7.723404255319149,54.06382978723404,10.812765957446809,41.706382978723404,26.0,Overstock,Markdown / Clear,0.0,0.0,185.14000000000001,0.11711711711711711,4.444444444444445
21366,MIRRORED WALL ART PHOTO FRAMES,89,470.16999999999996,6.138771929824561,38,283,187,9,2.3421052631578947,16.394736842105264,3.278947368421053,24.357894736842105,3.0,Overstock,Markdown / Clear,0.0,0.0,1718.856140350877,0.006369426751592357,70.75
21367,MIRRORED WALL ART GENTS,171,199.48999999999998,2.162638888888889,36,72,65,12,4.75,33.25,6.65,63.65,7.5,Overstock,Markdown / Clear,0.0,0.0,139.49020833333333,0.05434782608695652,8.470588235294118
21368,MIRRORED WALL ART LADIES,163,143.28,1.3131034482758621,29,79,193,12,5.620689655172414,39.3448275862069,7.86896551724138,75.31724137931035,0.0,Overstock,Markdown / Clear,0.0,0.0,103.73517241379311,0.0,79.0
21369,MIRRORED WALL ART SPLODGES,101,161.49,2.3036666666666665,15,127,12,11,6.733333333333333,47.13333333333333,9.426666666666668,83.49333333333333,12.0,Overstock,Markdown / Clear,0.0,0.0,264.9216666666666,0.08571428571428572,9.76923076923077
21370,MIRRORED WALL ART FOXY,16,100.66000000000001,6.29125,8,24,183,19,2.0,14.0,2.8000000000000003,40.8,5.5,Overstock,Markdown / Clear,0.0,0.0,116.388125,0.026442307692307692,3.6923076923076925
21371,MIRRORED WALL ART POPPIES,287,319.71,1.7114285714285713,35,122,110,17,8.2,57.39999999999999,11.479999999999999,150.87999999999997,0.0,Overstock,Markdown / Clear,0.0,0.0,208.7942857142857,0.0,122.0
21372,MIRRORED WALL ART TABLE LAMP,75,107.75,1.8933333333333333,30,215,158,4,2.5,17.5,3.5,13.5,1.0,Overstock,Markdown / Clear,0.0,0.0,405.17333333333335,0.00267379679144385,107.5
21373,MIRRORED WALL ART SNOWFLAKES,512,389.04,0.8792307692307693,39,281,33,6,13.128205128205128,91.8974358974359,18.37948717948718,97.14871794871796,0.0,Overstock,Markdown / Clear,0.0,0.0,247.06384615384616,0.0,281.0
21374,MIRRORED WALL ART SKULLS,304,463.79,2.4405,40,384,38,19,7.6,53.199999999999996,10.64,155.04000000000002,36.0,Overstock,Markdown / Clear,0.0,0.0,849.2940000000001,0.0851063829787234,10.378378378378379
21375,LARGE CAMPHOR WOOD FIELD MUSHROOM ,41,312.77,8.583461538461538,26,499,194,7,1.5769230769230769,11.038461538461538,2.207692307692308,13.246153846153845,0.0,Overstock,Markdown / Clear,0.0,0.0,4283.147307692308,0.0,499.0
21376,LARGE  TALL CAMPHOR WOOD TOADSTOOL ,33,192.81,6.459411764705883,17,391,135,9,1.9411764705882353,13.588235294117647,2.7176470588235295,20.188235294117646,0.0,Overstock,Markdown / Clear,0.0,0.0,2525.63,0.0,391.0
21377,SMALL CAMPHOR WOOD FIELD  MUSHROOM,121,215.68,2.4217500000000003,40,369,119,20,3.025,21.175,4.235,64.735,15.5,Overstock,Markdown / Clear,0.0,0.0,856.0886250000001,0.03169734151329243,22.363636363636363
21378,SMALL TALL CAMPHOR WOOD TOADSTOOL,142,217.89000000000001,2.0842424242424245,33,66,125,9,4.303030303030303,30.121212121212118,6.0242424242424235,44.75151515151515,29.0,Overstock,Markdown / Clear,0.0,0.0,77.1169696969697,0.15104166666666666,2.2
21379,CAMPHOR WOOD PORTOBELLO MUSHROOM,178,246.83,1.827391304347826,46,374,54,19,3.869565217391304,27.08695652173913,5.417391304347826,78.93913043478261,13.5,Overstock,Markdown / Clear,0.0,0.0,658.7745652173913,0.03146853146853147,25.79310344827586
21380,WOODEN HAPPY BIRTHDAY GARLAND,2165,6307.51,3.4194067571162545,179,330,26,9,12.094972067039107,84.66480446927375,16.93296089385475,125.78770949720672,17.0,Overstock,Markdown / Clear,0.0,0.0,1070.2743149773876,0.047619047619047616,18.333333333333332
21381,MINI WOODEN HAPPY BIRTHDAY GARLAND,1811,3131.24,2.3872911320216708,167,443,117,6,10.844311377245509,75.91017964071857,15.182035928143714,80.24790419161677,12.0,Overstock,Markdown / Clear,0.0,0.0,1028.92247790134,0.0213903743315508,34.07692307692308
21382,SET/4 SPRING FLOWER DECORATION,1143,1376.53,2.027375886524823,94,327,52,10,12.159574468085106,85.11702127659574,17.023404255319146,138.6191489361702,0.0,Overstock,Markdown / Clear,0.0,0.0,662.9519148936172,0.0,327.0
21383,PACK OF 12 STICKY BUNNIES,991,751.28,1.0091002949852508,113,163,38,15,8.769911504424778,61.38938053097345,12.27787610619469,143.82654867256636,9.5,Overstock,Markdown / Clear,0.0,0.0,154.89689528023598,0.04702970297029703,15.523809523809524
21385,IVORY HANGING DECORATION  HEART,3883,3442.45,1.1086246200607903,188,288,64,6,20.654255319148938,144.57978723404256,28.915957446808513,152.84148936170214,50.0,Overstock,Markdown / Clear,0.0,0.0,263.8526595744681,0.141643059490085,5.647058823529412
21386,IVORY HANGING DECORATION  EGG,709,285.64,0.5388888888888889,45,389,144,8,15.755555555555556,110.28888888888889,22.05777777777778,148.10222222222222,0.0,Overstock,Markdown / Clear,0.0,0.0,209.62777777777777,0.0,389.0
21389,IVORY HANGING DECORATION  BIRD,1113,964.2299999999999,0.9545263157894736,95,143,157,7,11.715789473684211,82.01052631578948,16.402105263157896,98.41263157894737,0.0,Overstock,Markdown / Clear,0.0,0.0,136.4972631578947,0.0,143.0
21390,FILIGRIS HEART WITH BUTTERFLY,3903,4848.13,1.470236211031175,139,125,180,14,28.07913669064748,196.55395683453236,39.31079136690647,432.4187050359712,27.0,Overstock,Markdown / Clear,0.0,0.0,144.08314868105515,0.08823529411764706,4.464285714285714
21391,FRENCH LAVENDER SCENT HEART,1069,1055.59,1.6481249999999998,80,177,12,6,13.3625,93.53750000000001,18.707500000000003,98.88250000000002,0.0,Overstock,Markdown / Clear,0.0,0.0,291.718125,0.0,177.0
21392,RED POLKADOT PUDDING BOWL,34,46.39,1.657142857142857,7,166,20,11,4.857142857142857,34.0,6.800000000000001,60.22857142857143,0.0,Overstock,Markdown / Clear,0.0,0.0,275.0857142857143,0.0,166.0
21393,BLUE POLKADOT PUDDING BOWL,29,38.67,1.3671428571428572,7,164,146,6,4.142857142857143,29.000000000000004,5.800000000000001,30.657142857142862,0.0,Overstock,Markdown / Clear,0.0,0.0,224.21142857142857,0.0,164.0
21394,RED POLKADOT BEAKER ,3865,1603.77,0.6259856630824373,93,139,52,16,41.55913978494624,290.9139784946237,58.182795698924735,723.1290322580646,0.0,Overstock,Markdown / Clear,0.0,0.0,87.01200716845878,0.0,139.0
21395,BLUE POLKADOT BEAKER ,2838,1139.06,0.5435238095238095,70,338,18,7,40.542857142857144,283.8,56.760000000000005,340.56,0.0,Overstock,Markdown / Clear,0.0,0.0,183.7110476190476,0.0,338.0
21397,BLUE POLKADOT EGG CUP ,1075,550.43,1.1744999999999999,40,294,56,20,26.875,188.125,37.625,575.125,0.0,Overstock,Markdown / Clear,0.0,0.0,345.30299999999994,0.0,294.0
21398,RED POLKADOT COFFEE  MUG,1532,729.6,1.4830555555555556,42,111,24,12,36.476190476190474,255.33333333333331,51.06666666666666,488.78095238095233,0.0,Overstock,Markdown / Clear,0.0,0.0,164.61916666666667,0.0,111.0
21399,BLUE POLKADOT COFFEE MUG,2054,869.61,0.9394666666666667,50,77,30,14,41.08,287.56,57.512,632.6320000000001,0.0,Overstock,Markdown / Clear,0.0,0.0,72.33893333333333,0.0,77.0
21400,RED PUDDING SPOON,881,128.63,0.2503174603174603,63,458,80,20,13.984126984126984,97.88888888888889,19.57777777777778,299.2603174603175,0.0,Overstock,Markdown / Clear,0.0,0.0,114.64539682539683,0.0,458.0
21401,BLUE PUDDING SPOON,1052,151.19,0.25171641791044774,67,365,182,19,15.701492537313433,109.91044776119404,21.982089552238808,320.31044776119404,18.5,Overstock,Markdown / Clear,0.0,0.0,87.21973880597014,0.03375912408759124,18.71794871794872
21402,RED  EGG  SPOON,1369,185.51999999999998,0.2622222222222222,81,248,22,13,16.901234567901234,118.30864197530863,23.66172839506173,243.3777777777778,0.0,Overstock,Markdown / Clear,0.0,0.0,65.0311111111111,0.0,248.0
21403,BLUE EGG  SPOON,1857,322.18,0.24761363636363634,88,493,31,5,21.102272727272727,147.7159090909091,29.54318181818182,135.05454545454546,6.0,Overstock,Markdown / Clear,0.0,0.0,120.5878409090909,0.011428571428571429,70.42857142857143
21407,BROWN CHECK CAT DOORSTOP ,290,1421.11,5.441984567901234,108,136,189,19,2.685185185185185,18.796296296296298,3.7592592592592595,54.77777777777778,0.0,Overstock,Markdown / Clear,0.0,0.0,740.1099012345678,0.0,136.0
21408,SPOTTY PINK DUCK DOORSTOP,285,1282.81,5.990286821705427,86,337,73,3,3.313953488372093,23.197674418604652,4.6395348837209305,14.58139534883721,56.5,Overstock,Markdown / Clear,0.0,0.0,1680.2754534883722,0.13746958637469586,5.860869565217391
21410,COUNTRY COTTAGE  DOORSTOP GREEN,1,8.47,8.47,1,298,9,17,1.0,7.0,1.4000000000000001,18.4,0.0,Overstock,Markdown / Clear,0.0,0.0,2524.0600000000004,0.0,298.0
21411,GINGHAM HEART  DOORSTOP RED,785,2961.83,5.218948888888889,150,146,199,11,5.233333333333333,36.63333333333333,7.326666666666667,64.89333333333333,153.0,Healthy,No Action,14.0,0.0,0.0,0.4421965317919075,0.948051948051948
21413,PERIWINKLE T-LIGHT HOLDER,48,75.02000000000001,1.7103333333333333,15,412,53,17,3.2,22.400000000000002,4.48,58.88000000000001,0.0,Overstock,Markdown / Clear,0.0,0.0,704.6573333333333,0.0,412.0
21414,SCALLOP SHELL SOAP DISH,1,2.1,2.1,1,415,51,5,1.0,7.0,1.4000000000000001,6.4,0.0,Overstock,Markdown / Clear,0.0,0.0,871.5,0.0,415.0
21415,CLAM SHELL SMALL ,219,446.02000000000004,2.722391304347826,46,148,147,15,4.760869565217392,33.32608695652174,6.665217391304349,78.07826086956523,37.0,Overstock,Markdown / Clear,0.0,0.0,302.1854347826087,0.125,3.8947368421052633
21416,CLAM SHELL LARGE,5,18.75,3.75,4,77,159,14,1.25,8.75,1.75,19.25,0.0,Overstock,Markdown / Clear,0.0,0.0,288.75,0.0,77.0
21417,COCKLE SHELL DISH,340,629.8,3.069406779661017,59,141,113,3,5.762711864406779,40.33898305084745,8.067796610169491,25.35593220338983,143.0,Healthy,No Action,10.0,0.0,0.0,0.5607843137254902,0.9791666666666666
21418,STARFISH SOAP DISH,74,189.75,3.5959999999999996,25,20,13,19,2.96,20.72,4.144,60.384,20.0,Healthy,No Action,4.0,0.0,0.0,0.5882352941176471,0.9523809523809523
21420,OYSTER TRINKET BOX,53,120.41,4.06,18,258,177,15,2.9444444444444446,20.611111111111114,4.122222222222223,48.28888888888889,28.0,Overstock,Markdown / Clear,0.0,0.0,933.8,0.06422018348623854,8.89655172413793
21421,PORCELAIN ROSE LARGE ,299,348.43,1.3821428571428573,14,309,155,3,21.357142857142858,149.5,29.900000000000002,93.97142857142858,0.0,Overstock,Markdown / Clear,0.0,0.0,427.0821428571429,0.0,309.0
21422,PORCELAIN ROSE SMALL,1607,1295.0,1.1019811320754718,53,115,109,12,30.32075471698113,212.24528301886792,42.449056603773585,406.2981132075472,3.0,Overstock,Markdown / Clear,0.0,0.0,123.42188679245284,0.013333333333333334,28.75
21424,WOODLAND STORAGE BOX LARGE ,346,1401.02,5.32,56,145,52,17,6.178571428571429,43.25,8.65,113.6857142857143,0.0,Overstock,Markdown / Clear,0.0,0.0,771.4000000000001,0.0,145.0
21425,SKULLS STORAGE BOX LARGE,87,320.49,4.6310714285714285,28,137,151,9,3.107142857142857,21.75,4.3500000000000005,32.31428571428572,0.0,Overstock,Markdown / Clear,0.0,0.0,634.4567857142857,0.0,137.0
21426,WOODLAND STORAGE BOX SMALL,256,624.58,3.9335606060606065,44,67,78,20,5.818181818181818,40.72727272727273,8.145454545454546,124.50909090909092,4.0,Overstock,Markdown / Clear,0.0,0.0,247.8143181818182,0.0273972602739726,13.4
21427,SKULLS STORAGE BOX SMALL,96,256.44,3.268918918918919,37,108,21,18,2.5945945945945947,18.16216216216216,3.6324324324324326,50.33513513513514,6.0,Overstock,Markdown / Clear,0.0,0.0,333.42972972972973,0.046153846153846156,15.428571428571429
21428,SET3 BOOK BOX GREEN GINGHAM FLOWER ,1207,5163.63,5.520186746987952,166,256,29,16,7.271084337349397,50.89759036144578,10.179518072289156,126.51686746987951,13.5,Overstock,Markdown / Clear,0.0,0.0,1338.6452861445784,0.0472027972027972,17.655172413793103
21429,RED GINGHAM ROSE JEWELLERY BOX,1740,3391.15,2.2623025641025643,130,392,190,20,13.384615384615385,93.6923076923077,18.73846153846154,286.4307692307692,67.5,Overstock,Markdown / Clear,0.0,0.0,734.117182051282,0.11578044596912522,5.7226277372262775
21430,SET/3 RED GINGHAM ROSE STORAGE BOX,3034,11905.95,4.7482889069264065,220,404,3,9,13.790909090909091,96.53636363636363,19.30727272727273,143.42545454545456,29.0,Overstock,Markdown / Clear,0.0,0.0,1780.6083400974023,0.07107843137254902,13.466666666666667
21439,BASKET OF TOADSTOOLS,1430,1767.15,1.5571333333333335,100,291,58,19,14.3,100.10000000000001,20.020000000000003,291.71999999999997,10.5,Overstock,Markdown / Clear,0.0,0.0,436.77590000000004,0.03,25.304347826086957
21441,BLUE BIRDHOUSE DECORATION,421,292.03,1.1201851851851852,54,208,7,20,7.796296296296297,54.574074074074076,10.914814814814816,166.84074074074073,71.0,Overstock,Markdown / Clear,0.0,0.0,153.46537037037038,0.3287037037037037,2.888888888888889
21442,GREEN BIRDHOUSE DECORATION,437,307.94,1.069019607843137,51,211,11,14,8.568627450980392,59.98039215686274,11.996078431372549,131.95686274509802,140.0,Healthy,No Action,0.0,0.0,0.0,0.6278026905829597,1.49645390070922
21445,12 PINK ROSE PEG PLACE SETTINGS,214,267.5,1.25,19,466,118,10,11.263157894736842,78.84210526315789,15.76842105263158,128.4,0.0,Overstock,Markdown / Clear,0.0,0.0,582.5,0.0,466.0
21446,12 RED ROSE PEG PLACE SETTINGS,449,630.92,1.5981845238095238,84,88,158,4,5.345238095238095,37.416666666666664,7.483333333333333,28.864285714285714,10.0,Overstock,Markdown / Clear,0.0,0.0,124.65839285714286,0.04048582995951417,8.0
21447,12 IVORY ROSE PEG PLACE SETTINGS,969,1478.1,1.7175314465408806,106,297,33,9,9.141509433962264,63.99056603773585,12.798113207547171,95.07169811320756,0.0,Overstock,Markdown / Clear,0.0,0.0,510.10683962264153,0.0,297.0
21448,12 DAISY PEGS IN WOOD BOX,344,592.62,1.8985858585858584,66,368,81,6,5.212121212121212,36.484848484848484,7.296969696969697,38.56969696969697,0.0,Overstock,Markdown / Clear,0.0,0.0,698.6795959595959,0.0,368.0
21452,TOADSTOOL MONEY BOX,817,2549.11,3.6409974747474747,132,266,97,20,6.1893939393939394,43.32575757575758,8.665151515151516,132.4530303030303,18.0,Overstock,Markdown / Clear,0.0,0.0,902.9673737373737,0.04945054945054945,14.0
21454,PAINTED PINK RABBIT ,572,485.15999999999997,0.872336956521739,92,470,126,8,6.217391304347826,43.52173913043478,8.704347826086957,58.44347826086957,7.0,Overstock,Markdown / Clear,0.0,0.0,403.8920108695652,0.011725293132328308,58.75
21455,PAINTED YELLOW WOODEN DAISY,612,516.79,0.8607450980392156,85,95,74,11,7.2,50.4,10.08,89.28,0.0,Overstock,Markdown / Clear,0.0,0.0,81.77078431372549,0.0,95.0
21456,2 PICTURE BOOK EGGS EASTER CHICKS,171,222.22,1.4665263157894737,19,173,104,11,9.0,63.0,12.600000000000001,111.6,0.0,Overstock,Markdown / Clear,0.0,0.0,253.70905263157894,0.0,173.0
21457,2 PICTURE BOOK EGGS EASTER DUCKS,124,165.89,1.69,22,163,48,16,5.636363636363637,39.45454545454545,7.890909090909091,98.07272727272728,0.0,Overstock,Markdown / Clear,0.0,0.0,275.46999999999997,0.0,163.0
21458,2 PICTURE BOOK EGGS EASTER BUNNY,182,256.54,1.8045833333333332,28,454,78,10,6.5,45.5,9.1,74.1,0.0,Overstock,Markdown / Clear,0.0,0.0,819.2808333333332,0.0,454.0
21459,YELLOW EASTER EGG HUNT START POST,76,150.38,2.071111111111111,18,105,184,5,4.222222222222222,29.555555555555557,5.911111111111111,27.022222222222222,0.0,Overstock,Markdown / Clear,0.0,0.0,217.46666666666667,0.0,105.0
21460,GREEN EASTER EGG HUNT START POST,28,56.779999999999994,2.148181818181818,11,204,92,20,2.5454545454545454,17.818181818181817,3.5636363636363635,54.47272727272727,0.0,Overstock,Markdown / Clear,0.0,0.0,438.22909090909087,0.0,204.0
21461,BLUE EASTER EGG HUNT START POST,10,23.86,2.604,5,304,153,7,2.0,14.0,2.8000000000000003,16.8,0.0,Overstock,Markdown / Clear,0.0,0.0,791.616,0.0,304.0
21462,"NURSERY A,B,C PAINTED LETTERS",198,932.4,6.8405000000000005,60,481,17,16,3.3,23.099999999999998,4.62,57.419999999999995,46.0,Overstock,Markdown / Clear,0.0,0.0,2975.6175000000003,0.09218436873747494,10.23404255319149
21463,MIRRORED DISCO BALL ,649,3435.05,5.806372549019608,102,239,95,6,6.362745098039215,44.53921568627451,8.907843137254902,47.08431372549019,46.5,Overstock,Markdown / Clear,0.0,0.0,1117.7267156862745,0.13880597014925372,5.031578947368421
21464,DISCO BALL ROTATOR BATTERY OPERATED,249,1055.25,4.2441176470588236,85,88,37,9,2.929411764705882,20.505882352941175,4.101176470588235,30.465882352941176,18.0,Overstock,Markdown / Clear,0.0,0.0,297.0882352941176,0.14285714285714285,4.631578947368421
21465,PINK FLOWER CROCHET FOOD COVER,237,897.8,3.9833816425120774,69,66,86,14,3.4347826086956523,24.043478260869566,4.808695652173913,52.89565217391305,6.0,Overstock,Markdown / Clear,0.0,0.0,239.00289855072464,0.0392156862745098,9.428571428571429
21466,RED FLOWER CROCHET FOOD COVER,304,1116.89,3.9365780141843976,94,113,87,4,3.234042553191489,22.638297872340424,4.5276595744680845,17.46382978723404,8.5,Overstock,Markdown / Clear,0.0,0.0,411.37240248226954,0.04228855721393035,11.894736842105264
21467,CHERRY CROCHET FOOD COVER,264,1004.39,4.036825396825397,84,257,49,13,3.142857142857143,22.0,4.4,45.25714285714285,2.0,Overstock,Markdown / Clear,0.0,0.0,1029.3904761904762,0.006514657980456026,85.66666666666667
21468,BUTTERFLY CROCHET FOOD COVER,148,572.23,4.065057471264368,58,465,7,16,2.5517241379310347,17.862068965517242,3.5724137931034488,44.400000000000006,1.0,Overstock,Markdown / Clear,0.0,0.0,1886.186666666667,0.0021141649048625794,232.5
21469,POLKA DOT RAFFIA FOOD COVER,290,1085.32,3.8790043290043292,77,472,168,18,3.7662337662337664,26.363636363636363,5.272727272727273,73.06493506493507,7.0,Overstock,Markdown / Clear,0.0,0.0,1803.737012987013,0.0109204368174727,59.0
21470,FLOWER VINE RAFFIA FOOD COVER,381,1470.32,4.132782738095238,112,223,133,8,3.4017857142857144,23.8125,4.7625,31.976785714285715,7.5,Overstock,Markdown / Clear,0.0,0.0,890.6146800595238,0.02100840336134454,26.235294117647058
21471,STRAWBERRY RAFFIA FOOD COVER,639,2220.59,3.678403361344538,119,419,68,6,5.369747899159663,37.588235294117645,7.517647058823529,39.73613445378151,10.0,Overstock,Markdown / Clear,0.0,0.0,1504.466974789916,0.020491803278688523,38.09090909090909
21472,LADYBIRD + BEE RAFFIA FOOD COVER,123,476.41,4.183142857142857,35,237,171,17,3.5142857142857142,24.6,4.920000000000001,64.66285714285713,0.0,Overstock,Markdown / Clear,0.0,0.0,991.4048571428572,0.0,237.0
21473,SWEETHEART CREAM STEEL TABLE RECT,27,618.66,23.950499999999998,20,493,120,3,1.35,9.450000000000001,1.8900000000000003,5.940000000000001,0.0,Overstock,Markdown / Clear,0.0,0.0,11807.5965,0.0,493.0
21476,STEEL SWEETHEART ROUND TABLE CREAM,41,699.63,18.718695652173913,23,451,63,9,1.7826086956521738,12.478260869565217,2.4956521739130437,18.539130434782606,0.0,Overstock,Markdown / Clear,0.0,0.0,8442.131739130435,0.0,451.0
21479,WHITE SKULL HOT WATER BOTTLE ,3915,20582.2,5.098208510388725,163,360,156,14,24.01840490797546,168.12883435582822,33.625766871165645,369.8834355828221,209.5,Healthy,No Action,0.0,0.0,0.0,0.40522243713733075,1.7102137767220902
21481,FAWN BLUE HOT WATER BOTTLE,3307,11443.87,4.113272656781278,174,58,155,12,19.00574712643678,133.04022988505747,26.608045977011496,254.67701149425287,126.0,Healthy,No Action,95.0,0.0,0.0,0.5887850467289719,0.4566929133858268
21484,CHICK GREY HOT WATER BOTTLE,1871,8495.42,5.5263438141923436,170,119,138,7,11.005882352941176,77.04117647058824,15.408235294117649,92.44941176470589,64.5,Healthy,No Action,0.0,0.0,0.0,0.25,1.816793893129771
21485,RETROSPOT HEART HOT WATER BOTTLE,3524,17663.98,5.6246090719222295,190,308,120,14,18.54736842105263,129.83157894736843,25.966315789473686,285.62947368421055,106.0,Overstock,Markdown / Clear,0.0,0.0,1136.1710325282904,0.24708624708624707,2.878504672897196
21486,PINK HEART DOTS HOT WATER BOTTLE,36,147.88,4.0183333333333335,6,273,64,20,6.0,42.0,8.4,128.4,0.0,Overstock,Markdown / Clear,0.0,0.0,1097.005,0.0,273.0
21488,RED WHITE SCARF  HOT WATER BOTTLE,69,566.1700000000001,7.6000000000000005,8,241,106,12,8.625,60.375,12.075000000000001,115.575,0.0,Overstock,Markdown / Clear,0.0,0.0,1831.6000000000001,0.0,241.0
21491,SET OF THREE VINTAGE GIFT WRAPS,1,1.95,1.95,1,376,146,8,1.0,7.0,1.4000000000000001,9.4,0.0,Overstock,Markdown / Clear,0.0,0.0,733.1999999999999,0.0,376.0
21494,ROTATING LEAVES T-LIGHT HOLDER,1928,3571.33,2.6235592105263157,152,42,136,14,12.68421052631579,88.78947368421052,17.757894736842104,195.33684210526314,84.5,Healthy,No Action,60.0,0.0,0.0,0.4720670391061452,0.49122807017543857
21495,SKULLS AND CROSSBONES WRAP,5800,2356.0,0.41770491803278686,122,269,154,9,47.540983606557376,332.78688524590166,66.55737704918033,494.4262295081967,112.5,Overstock,Markdown / Clear,0.0,0.0,65.37081967213115,0.2653301886792453,2.3700440528634363
21497,FANCY FONTS BIRTHDAY WRAP,8550,3409.0,0.41778125,160,29,161,20,53.4375,374.0625,74.8125,1143.5625,250.0,Stockout Risk,Reorder Now,296.0,104.4453125,0.0,1.3089005235602094,0.11553784860557768
21498,RED RETROSPOT WRAP ,10526,4311.92,0.41841450777202066,193,265,171,4,54.538860103626945,381.77202072538864,76.35440414507774,294.50984455958553,262.5,Healthy,No Action,74.0,0.0,0.0,0.6006864988558352,1.0056925996204933
21499,BLUE POLKADOT WRAP,6927,2809.34,0.417755991285403,153,344,195,12,45.27450980392157,316.921568627451,63.3843137254902,606.678431372549,75.0,Overstock,Markdown / Clear,0.0,0.0,112.37636165577341,0.1388888888888889,4.526315789473684
21500,PINK POLKADOT WRAP ,6350,2593.0,0.41729847494553374,153,119,99,17,41.50326797385621,290.52287581699346,58.10457516339869,763.6601307189542,150.0,Healthy,No Action,89.0,0.0,0.0,0.684931506849315,0.7880794701986755
21503,TOYBOX  WRAP ,726,288.92,0.4163636363636364,22,309,81,14,33.0,231.0,46.2,508.2,0.0,Overstock,Markdown / Clear,0.0,0.0,128.65636363636364,0.0,309.0
21504,SKULLS GREETING CARD,1891,778.89,0.48968518518518517,90,199,142,19,21.011111111111113,147.07777777777778,29.415555555555557,428.6266666666667,36.5,Overstock,Markdown / Clear,0.0,0.0,79.57384259259258,0.1067251461988304,5.306666666666667
21506,"FANCY FONT BIRTHDAY CARD, ",4922,2085.89,0.5036459459459459,185,242,50,6,26.605405405405406,186.23783783783784,37.24756756756757,196.88,210.0,Healthy,No Action,5.0,0.0,0.0,0.7167235494880546,1.146919431279621
21507,ELEPHANT BIRTHDAY CARD ,1110,474.78000000000003,0.5321515151515152,55,413,140,9,20.181818181818183,141.27272727272728,28.254545454545458,209.8909090909091,76.33333333333333,Overstock,Markdown / Clear,0.0,0.0,179.15767676767678,0.13778580024067388,5.3405172413793105
21507,"ELEPHANT, BIRTHDAY CARD, ",2210,945.46,0.5200509259259258,108,269,82,11,20.462962962962962,143.24074074074073,28.64814814814815,253.74074074074073,0.0,Overstock,Markdown / Clear,0.0,0.0,139.89369907407405,0.0,269.0
21508,VINTAGE KID DOLLY CARD ,2478,1041.94,0.5546149425287357,145,166,176,9,17.089655172413792,119.62758620689655,23.92551724137931,177.73241379310343,32.5,Overstock,Markdown / Clear,0.0,0.0,74.0410948275862,0.09475218658892129,4.955223880597015
21509,COWBOYS AND INDIANS BIRTHDAY CARD ,3741,1572.28,0.5312049808429119,174,461,197,4,21.5,150.5,30.1,116.1,47.5,Overstock,Markdown / Clear,0.0,0.0,219.65325957854407,0.07207890743550835,9.505154639175258
21518,BANK ACCOUNT  GREETING  CARD ,318,132.44,0.489,30,115,111,8,10.6,74.2,14.840000000000002,99.64,0.0,Overstock,Markdown / Clear,0.0,0.0,56.235,0.0,115.0
21519,GIN & TONIC DIET GREETING CARD ,3299,1389.22,0.50646875,160,276,55,20,20.61875,144.33124999999998,28.866249999999997,441.24125,37.0,Overstock,Markdown / Clear,0.0,0.0,121.04603125,0.11144578313253012,7.2631578947368425
21520,BOOZE & WOMEN GREETING CARD ,504,214.19,0.5165686274509804,51,344,178,8,9.882352941176471,69.1764705882353,13.835294117647061,92.89411764705883,1.0,Overstock,Markdown / Clear,0.0,0.0,177.18303921568628,0.0019120458891013384,172.0
21523,DOORMAT FANCY FONT HOME SWEET HOME,3245,21593.74,9.624022760646108,227,23,164,15,14.295154185022026,100.06607929515418,20.013215859030836,234.44052863436121,31.5,Healthy,No Action,29.0,0.0,0.0,0.1675531914893617,0.7076923076923077
21524,DOORMAT SPOTTY HOME SWEET HOME,1752,13572.06,9.14677843915344,234,35,144,4,7.487179487179487,52.41025641025641,10.482051282051282,40.43076923076923,29.0,Healthy,No Action,4.0,0.0,0.0,0.16111111111111112,1.1666666666666667
21527,RED RETROSPOT TRADITIONAL TEAPOT ,477,3724.9900000000002,8.562121212121212,66,299,185,14,7.2272727272727275,50.59090909090909,10.118181818181819,111.30000000000001,0.0,Overstock,Markdown / Clear,0.0,0.0,2560.0742424242426,0.0,299.0
21528,DAIRY MAID TRADITIONAL TEAPOT ,215,1557.57,7.675508771929824,95,355,156,17,2.263157894736842,15.842105263157894,3.168421052631579,41.642105263157895,1.5,Overstock,Markdown / Clear,0.0,0.0,2713.292350877193,0.0029296875,142.0
21530,DAIRY MAID TOASTRACK,777,769.57,1.653139534883721,86,266,160,16,9.034883720930232,63.24418604651162,12.648837209302325,157.20697674418602,3.0,Overstock,Markdown / Clear,0.0,0.0,434.7756976744186,0.00702576112412178,66.5
21531,RED RETROSPOT SUGAR JAM BOWL,1516,3682.17,2.874761208576998,171,277,59,8,8.865497076023392,62.058479532163744,12.41169590643275,83.33567251461989,14.0,Overstock,Markdown / Clear,0.0,0.0,756.0621978557505,0.04154302670623145,18.466666666666665
21533,RETROSPOT LARGE MILK JUG,1351,6651.72,5.331472491909385,206,495,119,20,6.558252427184466,45.907766990291265,9.181553398058254,140.34660194174756,24.0,Overstock,Markdown / Clear,0.0,0.0,2511.1235436893203,0.03902439024390244,19.8
21534,DAIRY MAID LARGE MILK JUG,370,1879.18,5.5075067750677515,123,403,182,7,3.008130081300813,21.056910569105693,4.211382113821139,25.26829268292683,8.0,Overstock,Markdown / Clear,0.0,0.0,2175.465176151762,0.013651877133105802,44.77777777777778
21535,RED RETROSPOT SMALL MILK JUG,2487,5986.01,2.754443623426382,203,179,137,20,12.251231527093596,85.75862068965517,17.151724137931037,262.17635467980296,14.0,Overstock,Markdown / Clear,0.0,0.0,454.483197865353,0.04416403785488959,11.933333333333334
21537,RED RETROSPOT PUDDING BOWL,332,1387.96,4.527142857142858,56,494,174,5,5.928571428571429,41.5,8.3,37.94285714285715,10.5,Overstock,Markdown / Clear,0.0,0.0,2188.8735714285717,0.01569506726457399,42.95652173913044
21538,DAIRY MAID  PUDDING BOWL,5,18.75,3.75,2,359,22,5,2.5,17.5,3.5,16.0,0.0,Overstock,Markdown / Clear,0.0,0.0,1346.25,0.0,359.0
21539,RED RETROSPOT BUTTER DISH,969,4743.900000000001,5.441889233954452,161,171,148,12,6.0186335403726705,42.130434782608695,8.42608695652174,80.6496894409938,0.0,Overstock,Markdown / Clear,0.0,0.0,930.5630590062113,0.0,171.0
21544,SKULLS  WATER TRANSFER TATTOOS ,1972,1687.68,1.1075,127,415,12,5,15.527559055118111,108.69291338582678,21.738582677165358,99.3763779527559,76.5,Overstock,Markdown / Clear,0.0,0.0,374.88874999999996,0.17873831775700935,5.354838709677419
21547,CERAMIC BIRDHOUSE CRESTED TIT SMALL,79,253.53000000000003,3.638421052631579,19,197,100,14,4.157894736842105,29.105263157894736,5.821052631578947,64.03157894736842,0.0,Overstock,Markdown / Clear,0.0,0.0,716.768947368421,0.0,197.0
21555,CERAMIC STRAWBERRY TRINKET TRAY,137,350.47,2.6177678571428573,56,182,160,18,2.4464285714285716,17.125,3.4250000000000003,47.46071428571429,3.5,Overstock,Markdown / Clear,0.0,0.0,467.2715625,0.01020408163265306,40.44444444444444
21556,CERAMIC STRAWBERRY MONEY BOX,977,2515.52,3.341941391941392,91,399,23,19,10.736263736263735,75.15384615384615,15.03076923076923,219.01978021978022,0.0,Overstock,Markdown / Clear,0.0,0.0,1333.4346153846154,0.0,399.0
21557,SET OF 6 FUNKY BEAKERS,551,1843.6100000000001,4.190263157894737,114,52,107,9,4.833333333333333,33.83333333333333,6.766666666666666,50.266666666666666,6.0,Overstock,Markdown / Clear,0.0,0.0,192.75210526315792,0.0375,7.428571428571429
21558,SKULL LUNCH BOX WITH CUTLERY ,2131,5550.22,3.265470887918486,229,436,10,15,9.305676855895197,65.13973799126637,13.027947598253276,152.6131004366812,16.5,Overstock,Markdown / Clear,0.0,0.0,1369.8650374818048,0.03691275167785235,24.914285714285715
21559,STRAWBERRY LUNCH BOX WITH CUTLERY,3933,9735.38,3.1111908649173956,245,464,16,4,16.053061224489795,112.37142857142857,22.474285714285713,86.6865306122449,30.5,Overstock,Markdown / Clear,0.0,0.0,1348.701239941691,0.06340956340956341,14.73015873015873
21561,DINOSAUR LUNCH BOX WITH CUTLERY,1281,3127.38,3.0280422374429223,146,198,195,6,8.773972602739725,61.41780821917808,12.283561643835617,64.92739726027396,9.0,Overstock,Markdown / Clear,0.0,0.0,572.2999828767123,0.02284263959390863,19.8
21562,HAWAIIAN GRASS SKIRT ,324,380.36,1.442222222222222,27,446,174,12,12.0,84.0,16.8,160.8,0.0,Overstock,Markdown / Clear,0.0,0.0,643.2311111111111,0.0,446.0
21563,RED HEART SHAPE LOVE BUCKET ,1395,2803.13,3.330960960960961,111,120,24,9,12.567567567567568,87.97297297297298,17.594594594594597,130.7027027027027,310.0,Stockout Risk,Reorder Now,208.0,1032.597897897898,0.0,2.1379310344827585,0.3858520900321543
21564,PINK  HEART SHAPE LOVE BUCKET ,1042,1831.6200000000001,3.3276140350877195,95,287,93,19,10.968421052631578,76.77894736842104,15.35578947368421,223.7557894736842,302.0,Healthy,No Action,30.0,0.0,0.0,0.7926509186351706,0.9471947194719472
21576,LETS GO SHOPPING COTTON TOTE BAG,252,585.34,2.600390625,64,342,20,8,3.9375,27.5625,5.5125,37.0125,13.0,Overstock,Markdown / Clear,0.0,0.0,855.5285156250001,0.03581267217630854,24.428571428571427
21577,SAVE THE PLANET COTTON TOTE BAG,720,1664.9,2.7306036745406828,127,84,83,7,5.669291338582677,39.68503937007874,7.937007874015748,47.62204724409449,8.5,Overstock,Markdown / Clear,0.0,0.0,206.16057742782155,0.050595238095238096,8.842105263157896
21578,WOODLAND DESIGN  COTTON TOTE BAG,746,1657.76,2.6971134020618557,97,436,139,12,7.690721649484536,53.83505154639175,10.767010309278351,103.05567010309278,1.0,Overstock,Markdown / Clear,0.0,0.0,1173.2443298969072,0.001736111111111111,218.0
21579,LOLITA  DESIGN  COTTON TOTE BAG,176,409.72,2.5721875,48,187,36,11,3.6666666666666665,25.666666666666664,5.133333333333333,45.46666666666666,18.0,Overstock,Markdown / Clear,0.0,0.0,434.69968750000004,0.08035714285714286,9.842105263157896
21580,RABBIT  DESIGN  COTTON TOTE BAG,181,444.07,2.923921568627451,51,349,41,15,3.549019607843137,24.84313725490196,4.968627450980392,58.20392156862745,6.5,Overstock,Markdown / Clear,0.0,0.0,1001.4431372549019,0.016624040920716114,46.53333333333333
21581,SKULLS  DESIGN  COTTON TOTE BAG,252,590.67,2.93780303030303,66,62,144,8,3.8181818181818183,26.727272727272727,5.345454545454546,35.89090909090909,1.0,Overstock,Markdown / Clear,0.0,0.0,179.20598484848483,0.004830917874396135,31.0
21584,RETROSPOT SMALL TUBE MATCHES,1059,1743.35,1.6480952380952378,105,63,100,6,10.085714285714285,70.6,14.12,74.63428571428571,23.5,Overstock,Markdown / Clear,0.0,0.0,65.09976190476189,0.14329268292682926,2.5714285714285716
21586,KINGS CHOICE GIANT TUBE MATCHES,743,1721.8500000000001,2.498529411764706,51,304,47,5,14.568627450980392,101.98039215686275,20.39607843137255,93.23921568627452,0.0,Overstock,Markdown / Clear,0.0,0.0,759.5529411764705,0.0,304.0
21587,COSY HOUR GIANT TUBE MATCHES,195,475.65,2.517857142857143,14,416,102,5,13.928571428571429,97.5,19.5,89.14285714285714,0.0,Overstock,Markdown / Clear,0.0,0.0,1047.4285714285713,0.0,416.0
21588,RETROSPOT GIANT TUBE MATCHES,1494,3442.5,2.5286931818181815,88,31,27,6,16.977272727272727,118.8409090909091,23.76818181818182,125.63181818181818,126.5,Stockout Risk,Reorder Now,119.0,319.87968749999993,0.0,2.1440677966101696,0.24313725490196078
21591,COSY HOUR CIGAR BOX MATCHES ,1374,1996.1399999999999,1.2588823529411763,85,114,40,7,16.16470588235294,113.15294117647059,22.63058823529412,135.7835294117647,61.0,Healthy,No Action,0.0,0.0,0.0,0.3935483870967742,1.8387096774193548
21592,RETROSPOT CIGAR BOX MATCHES ,2149,2149.07,1.2082325581395348,129,321,98,10,16.65891472868217,116.6124031007752,23.32248062015504,189.91162790697672,306.5,Healthy,No Action,9.0,0.0,0.0,0.7297619047619047,1.0439024390243903
21594,Dr. Jam's Arouzer Stress Ball,2,8.34,4.17,2,405,46,18,1.0,7.0,1.4000000000000001,19.4,0.0,Overstock,Markdown / Clear,0.0,0.0,1688.85,0.0,405.0
21595,Dad's Cab Electronic Meter,2,16.94,8.47,2,272,145,5,1.0,7.0,1.4000000000000001,6.4,0.0,Overstock,Markdown / Clear,0.0,0.0,2303.84,0.0,272.0
21609,SET 12 LAVENDER  BOTANICAL T-LIGHTS,763,2086.69,3.039677419354839,62,261,104,14,12.306451612903226,86.14516129032258,17.229032258064517,189.51935483870966,0.0,Overstock,Markdown / Clear,0.0,0.0,793.355806451613,0.0,261.0
21613,S/12 VANILLA  BOTANICAL T-LIGHTS,227,661.9300000000001,3.1612820512820514,39,54,123,10,5.82051282051282,40.743589743589745,8.14871794871795,66.35384615384615,0.0,Overstock,Markdown / Clear,0.0,0.0,170.70923076923077,0.0,54.0
21614,SET OF 12 ROSE BOTANICAL T-LIGHTS,51,153.29000000000002,3.305,8,234,198,15,6.375,44.625,8.925,104.55,0.0,Overstock,Markdown / Clear,0.0,0.0,773.37,0.0,234.0
21615,4 LAVENDER BOTANICAL DINNER CANDLES,891,1347.92,2.2359345238095236,80,356,12,6,11.1375,77.96249999999999,15.5925,82.41749999999999,8.0,Overstock,Markdown / Clear,0.0,0.0,778.1052142857142,0.02168021680216802,39.55555555555556
21616,4 PEAR BOTANICAL DINNER CANDLES,822,1288.34,2.2462582159624414,71,109,140,16,11.577464788732394,81.04225352112675,16.208450704225353,201.44788732394366,68.0,Healthy,No Action,0.0,0.0,0.0,0.272,1.5797101449275361
21617,4 LILY  BOTANICAL DINNER CANDLES,525,1009.26,2.664121621621622,74,283,99,16,7.094594594594595,49.66216216216216,9.932432432432433,123.44594594594595,0.0,Overstock,Markdown / Clear,0.0,0.0,753.946418918919,0.0,283.0
21618,4 WILDFLOWER BOTANICAL CANDLES,404,768.37,2.688515625,64,112,30,15,6.3125,44.1875,8.8375,103.525,0.0,Overstock,Markdown / Clear,0.0,0.0,301.11375,0.0,112.0
21619,4 VANILLA BOTANICAL CANDLES,974,1476.4,2.2451544715447156,82,429,129,8,11.878048780487806,83.14634146341464,16.62926829268293,111.65365853658537,71.0,Overstock,Markdown / Clear,0.0,0.0,803.7653008130081,0.12701252236135957,5.958333333333333
21620,SET OF 4 ROSE BOTANICAL CANDLES,881,1429.49,2.361872294372294,88,477,15,19,10.011363636363637,70.07954545454545,14.01590909090909,204.2318181818182,126.5,Overstock,Markdown / Clear,0.0,0.0,827.8362391774891,0.2565922920892495,3.7411764705882353
21621,VINTAGE UNION JACK BUNTING,2787,24525.83,9.433062134502924,228,109,136,6,12.223684210526315,85.5657894736842,17.11315789473684,90.45526315789473,24.0,Overstock,Markdown / Clear,0.0,0.0,801.8102814327485,0.0975609756097561,4.36
21622,VINTAGE UNION JACK CUSHION COVER,380,1982.64,5.658645833333333,80,437,72,10,4.75,33.25,6.65,54.15,2.0,Overstock,Markdown / Clear,0.0,0.0,2461.5109374999997,0.00392156862745098,145.66666666666666
21623,VINTAGE UNION JACK MEMOBOARD,3269,22980.24,10.469002192982455,152,134,165,19,21.50657894736842,150.54605263157896,30.109210526315792,438.7342105263158,35.0,Overstock,Markdown / Clear,0.0,0.0,1036.431217105263,0.11666666666666667,3.7222222222222223
21624,VINTAGE UNION JACK DOORSTOP,216,1331.5600000000002,6.501358024691358,81,124,53,5,2.6666666666666665,18.666666666666664,3.733333333333333,17.066666666666666,5.5,Overstock,Markdown / Clear,0.0,0.0,770.4109259259259,0.03089887640449438,19.076923076923077
21625,VINTAGE UNION JACK APRON,407,2939.51,7.9492875318066165,131,410,183,19,3.1068702290076335,21.748091603053435,4.349618320610687,63.380152671755724,4.5,Overstock,Markdown / Clear,0.0,0.0,3223.436094147583,0.007575757575757576,74.54545454545455
21626,VINTAGE UNION JACK PENNANT,794,1584.8,2.262470319634703,73,215,99,11,10.876712328767123,76.13698630136986,15.227397260273973,134.87123287671233,0.0,Overstock,Markdown / Clear,0.0,0.0,486.4311187214612,0.0,215.0
21627,ELEPHANT CARNIVAL POUFFE,63,1299.83,21.943333333333335,45,333,108,4,1.4,9.799999999999999,1.96,7.56,0.0,Overstock,Markdown / Clear,0.0,0.0,7307.130000000001,0.0,333.0
21628,TRIANGULAR POUFFE VINTAGE ,63,1161.65,21.499354838709678,31,133,86,15,2.032258064516129,14.225806451612904,2.845161290322581,33.329032258064515,1.0,Overstock,Markdown / Clear,0.0,0.0,2837.9148387096775,0.004545454545454545,66.5
21629,SQUARE FLOOR CUSHION VINTAGE RED,71,672.05,10.448,40,94,172,4,1.775,12.424999999999999,2.485,9.584999999999999,2.5,Overstock,Markdown / Clear,0.0,0.0,955.9920000000001,0.009363295880149813,26.857142857142858
21630,FLOOR CUSHION ELEPHANT CARNIVAL,69,718.14,12.192647058823528,34,432,161,13,2.0294117647058822,14.205882352941176,2.8411764705882354,29.223529411764705,1.0,Overstock,Markdown / Clear,0.0,0.0,5255.03088235294,0.0016835016835016834,216.0
21631,HIPPY CHIC DECORATIVE PARASOL,169,896.01,8.742727272727272,22,395,136,17,7.681818181818182,53.77272727272727,10.754545454545456,141.34545454545454,0.0,Overstock,Markdown / Clear,0.0,0.0,3453.3772727272726,0.0,395.0
21632,VINTAGE PINK DECORATIVE PARASOL,88,489.74,8.732380952380952,14,439,7,13,6.285714285714286,44.0,8.8,90.5142857142857,0.0,Overstock,Markdown / Clear,0.0,0.0,3833.5152380952377,0.0,439.0
21633,SUNFLOWER DECORATIVE PARASOL,125,895.46,10.646857142857142,35,236,6,5,3.5714285714285716,25.0,5.0,22.857142857142858,0.0,Overstock,Markdown / Clear,0.0,0.0,2512.6582857142853,0.0,236.0
21634,ASSORTED MINI MADRAS NOTEBOOK,976,481.95,0.8406,25,296,35,5,39.04,273.28,54.656,249.856,0.0,Overstock,Markdown / Clear,0.0,0.0,248.8176,0.0,296.0
21635,MADRAS NOTEBOOK LARGE ,271,374.96000000000004,2.164,15,268,17,14,18.066666666666666,126.46666666666667,25.293333333333337,278.2266666666667,0.0,Overstock,Markdown / Clear,0.0,0.0,579.952,0.0,268.0
21636,MADRAS NOTEBOOK MEDIUM,913,705.16,0.8466949152542372,59,183,2,7,15.474576271186441,108.3220338983051,21.66440677966102,129.98644067796613,0.0,Overstock,Markdown / Clear,0.0,0.0,154.9451694915254,0.0,183.0
21637,ASSORTED SANSKRIT MINI NOTEBOOK,109,136.25,1.25,6,413,27,9,18.166666666666668,127.16666666666667,25.433333333333337,188.93333333333334,0.0,Overstock,Markdown / Clear,0.0,0.0,516.25,0.0,413.0
21638,ASSORTED TUTTI FRUTTI NOTEBOOK,247,547.76,2.5368421052631582,38,376,69,9,6.5,45.5,9.1,67.6,2.0,Overstock,Markdown / Clear,0.0,0.0,948.7789473684212,0.004484304932735426,125.33333333333333
21640,ASSORTED TUTTI FRUTTI  FOB NOTEBOOK,650,633.8299999999999,1.155151515151515,66,476,171,15,9.848484848484848,68.93939393939394,13.787878787878789,161.5151515151515,27.5,Overstock,Markdown / Clear,0.0,0.0,518.0854545454545,0.04243827160493827,16.70175438596491
21641,ASSORTED TUTTI FRUTTI KEYRING BALL,1153,451.59,1.108048780487805,41,427,148,11,28.121951219512194,196.85365853658536,39.37073170731708,348.7121951219512,0.0,Overstock,Markdown / Clear,0.0,0.0,473.13682926829273,0.0,427.0
21642,ASSORTED TUTTI FRUTTI PEN,2471,830.7299999999999,0.4810879629629629,72,211,27,15,34.31944444444444,240.2361111111111,48.04722222222222,562.8388888888888,21.5,Overstock,Markdown / Clear,0.0,0.0,91.16616898148148,0.0899581589958159,9.377777777777778
21643,ASSORTED TUTTI FRUTTI MIRROR,550,743.31,1.761470588235294,51,246,53,14,10.784313725490197,75.49019607843138,15.098039215686278,166.07843137254903,0.0,Overstock,Markdown / Clear,0.0,0.0,433.3217647058823,0.0,246.0
21644,ASSORTED TUTTI FRUTTI HEART BOX,215,268.75,1.25,30,196,181,15,7.166666666666667,50.16666666666667,10.033333333333335,117.53333333333333,0.0,Overstock,Markdown / Clear,0.0,0.0,245.0,0.0,196.0
21647,ASSORTED TUTTI FRUTTI LARGE PURSE,107,224.70000000000002,2.1,18,118,64,12,5.944444444444445,41.611111111111114,8.322222222222223,79.65555555555557,0.0,Overstock,Markdown / Clear,0.0,0.0,247.8,0.0,118.0
21648,ASSORTED TUTTI FRUTTI SMALL PURSE,729,982.79,1.8392857142857142,49,55,99,3,14.877551020408163,104.14285714285714,20.82857142857143,65.46122448979591,3.5,Overstock,Markdown / Clear,0.0,0.0,94.72321428571428,0.02258064516129032,12.222222222222221
21650,ASSORTED TUTTI FRUTTI BRACELET,2550,692.85,0.5174526315789474,95,485,20,10,26.842105263157894,187.89473684210526,37.578947368421055,306.0,65.5,Overstock,Markdown / Clear,0.0,0.0,217.07137894736843,0.12944664031620554,7.293233082706767
21651,HANGING GLASS ETCHED TEALIGHT,127,198.57000000000002,1.781,10,115,12,18,12.7,88.89999999999999,17.779999999999998,246.38,0.0,Overstock,Markdown / Clear,0.0,0.0,204.815,0.0,115.0
21654,RIDGED GLASS FINGER BOWL,974,504.68,0.9892452830188679,53,171,56,15,18.37735849056604,128.64150943396226,25.72830188679245,301.388679245283,0.0,Overstock,Markdown / Clear,0.0,0.0,169.16094339622643,0.0,171.0
21655,HANGING RIDGE GLASS T-LIGHT HOLDER,36,60.84,1.69,2,170,48,5,18.0,126.0,25.200000000000003,115.2,0.0,Overstock,Markdown / Clear,0.0,0.0,287.3,0.0,170.0
21656,RIDGED GLASS POSY VASE ,219,444.58,2.2378378378378376,37,209,117,5,5.918918918918919,41.432432432432435,8.286486486486487,37.881081081081085,0.0,Overstock,Markdown / Clear,0.0,0.0,467.7081081081081,0.0,209.0
21657,MILK BOTTLE WITH GLASS STOPPER ,30,223.46,7.947333333333334,15,243,53,7,2.0,14.0,2.8000000000000003,16.8,0.0,Overstock,Markdown / Clear,0.0,0.0,1931.2020000000002,0.0,243.0
21658,GLASS  BEURRE DISH,878,3709.7799999999997,5.3939118457300275,121,56,137,13,7.256198347107438,50.79338842975207,10.158677685950416,104.4892561983471,0.0,Overstock,Markdown / Clear,0.0,0.0,302.0590633608815,0.0,56.0
21661,VINTAGE GLASS TEA CADDY,3,17.85,5.95,3,287,52,9,1.0,7.0,1.4000000000000001,10.4,0.0,Overstock,Markdown / Clear,0.0,0.0,1707.65,0.0,287.0
21662,VINTAGE GLASS COFFEE CADDY,86,557.3000000000001,7.956363636363637,22,388,43,12,3.909090909090909,27.363636363636363,5.472727272727273,52.381818181818176,0.0,Overstock,Markdown / Clear,0.0,0.0,3087.0690909090913,0.0,388.0
21664,RIDGED GLASS STORAGE JAR CREAM LID,98,350.22,3.73875,16,202,46,12,6.125,42.875,8.575000000000001,82.075,0.0,Overstock,Markdown / Clear,0.0,0.0,755.2275,0.0,202.0
21666,RIDGED GLASS T-LIGHT HOLDER,412,283.51,0.8490476190476192,42,32,52,4,9.80952380952381,68.66666666666667,13.733333333333334,52.971428571428575,12.0,Overstock,Markdown / Clear,0.0,0.0,16.980952380952385,0.1411764705882353,2.4615384615384617
21667,GLASS CAKE COVER AND PLATE,2,29.9,14.95,1,298,73,5,2.0,14.0,2.8000000000000003,12.8,0.0,Overstock,Markdown / Clear,0.0,0.0,4455.099999999999,0.0,298.0
21668,RED STRIPE CERAMIC DRAWER KNOB,5494,7481.16,1.6560385154061623,238,236,45,10,23.084033613445378,161.58823529411765,32.31764705882353,263.1579831932773,38.0,Overstock,Markdown / Clear,0.0,0.0,327.89562605042016,0.1347517730496454,6.051282051282051
21669,BLUE STRIPE CERAMIC DRAWER KNOB,5252,7091.15,1.6097095238095238,235,374,12,13,22.348936170212767,156.44255319148937,31.288510638297875,321.8246808510638,37.5,Overstock,Markdown / Clear,0.0,0.0,541.6672547619048,0.09689922480620156,9.714285714285714
21670,BLUE SPOT CERAMIC DRAWER KNOB,4328,6083.99,1.7257414050822122,223,380,164,15,19.408071748878925,135.8565022421525,27.1713004484305,318.29237668161437,29.0,Overstock,Markdown / Clear,0.0,0.0,605.7352331838565,0.05321100917431193,12.666666666666666
21671,RED SPOT CERAMIC DRAWER KNOB,4402,6054.79,1.7323986175115207,217,305,101,9,20.285714285714285,142.0,28.400000000000002,210.97142857142856,85.0,Overstock,Markdown / Clear,0.0,0.0,381.12769585253454,0.20884520884520885,3.546511627906977
21672,WHITE SPOT RED CERAMIC DRAWER KNOB,4992,6776.0,1.6754970238095237,224,292,23,15,22.285714285714285,156.0,31.200000000000003,365.48571428571427,48.0,Overstock,Markdown / Clear,0.0,0.0,408.8212738095238,0.1518987341772152,5.959183673469388
21673,WHITE SPOT BLUE CERAMIC DRAWER KNOB,4372,6041.2,1.6901150793650794,210,388,1,4,20.81904761904762,145.73333333333335,29.146666666666672,112.42285714285715,46.0,Overstock,Markdown / Clear,0.0,0.0,578.0193571428572,0.11794871794871795,8.25531914893617
21675,BUTTERFLIES STICKERS,628,568.26,1.1178658536585364,82,81,80,8,7.658536585365853,53.609756097560975,10.721951219512196,71.99024390243902,18.0,Overstock,Markdown / Clear,0.0,0.0,70.42554878048779,0.1111111111111111,4.2631578947368425
21676,FLOWERS  STICKERS,257,245.35999999999999,1.1655555555555555,54,103,99,11,4.7592592592592595,33.31481481481482,6.662962962962964,59.01481481481482,8.0,Overstock,Markdown / Clear,0.0,0.0,110.72777777777777,0.03940886699507389,11.444444444444445
21677,HEARTS  STICKERS,835,737.8399999999999,1.028858695652174,92,387,141,4,9.076086956521738,63.53260869565217,12.706521739130435,49.01086956521739,19.0,Overstock,Markdown / Clear,0.0,0.0,378.62,0.035916824196597356,19.35
21678,PAISLEY PATTERN  STICKERS,125,111.86,1.0146428571428572,28,236,137,20,4.464285714285714,31.25,6.25,95.53571428571429,2.0,Overstock,Markdown / Clear,0.0,0.0,237.42642857142857,0.0053475935828877,78.66666666666667
21679,SKULLS  STICKERS,1140,1028.58,1.1276380471380472,99,361,162,18,11.515151515151516,80.60606060606061,16.12121212121212,223.3939393939394,23.0,Overstock,Markdown / Clear,0.0,0.0,381.14165993265993,0.04389312977099236,15.041666666666666
21680,WOODLAND  STICKERS,868,786.31,1.181474358974359,78,416,152,14,11.128205128205128,77.8974358974359,15.579487179487181,171.37435897435898,28.0,Overstock,Markdown / Clear,0.0,0.0,458.4120512820513,0.0492091388400703,14.344827586206897
21681,GIANT MEDINA STAMPED METAL BOWL ,2,19.9,9.95,2,206,130,9,1.0,7.0,1.4000000000000001,10.4,0.0,Overstock,Markdown / Clear,0.0,0.0,2049.7,0.0,206.0
21682,LARGE MEDINA STAMPED METAL BOWL ,182,930.96,5.5171698113207555,53,38,110,9,3.4339622641509435,24.037735849056606,4.807547169811322,35.713207547169816,3.0,Overstock,Markdown / Clear,0.0,0.0,193.10094339622646,0.020134228187919462,9.5
21683,MEDIUM MEDINA STAMPED METAL BOWL ,310,948.7000000000002,3.3832142857142857,56,196,101,19,5.535714285714286,38.75,7.75,112.92857142857143,6.0,Overstock,Markdown / Clear,0.0,0.0,642.8107142857143,0.020134228187919462,28.0
21684,SMALL MEDINA STAMPED METAL BOWL ,771,612.1,1.2498809523809524,42,119,16,15,18.357142857142858,128.5,25.700000000000003,301.0571428571429,8.0,Overstock,Markdown / Clear,0.0,0.0,138.73678571428573,0.058823529411764705,13.222222222222221
21686,MEDINA STAMPED METAL STOOL,35,1351.64,39.8695,20,415,11,13,1.75,12.25,2.45,25.2,0.0,Overstock,Markdown / Clear,0.0,0.0,16545.842500000002,0.0,415.0
21688,SILVER PLATE CANDLE BOWL SMALL,348,1101.2800000000002,3.8343636363636366,55,464,181,8,6.327272727272727,44.29090909090909,8.858181818181817,59.47636363636364,6.0,Overstock,Markdown / Clear,0.0,0.0,1756.1385454545457,0.009287925696594427,66.28571428571429
21689,SILVER VANILLA  FLOWER CANDLE POT,95,369.87,4.3175,24,252,115,16,3.9583333333333335,27.708333333333336,5.541666666666668,68.875,4.0,Overstock,Markdown / Clear,0.0,0.0,1070.74,0.010869565217391304,50.4
21690,SILVER  CANDLEPOT JARDIN ,22,82.5,3.75,6,422,23,8,3.6666666666666665,25.666666666666664,5.133333333333333,34.46666666666667,0.0,Overstock,Markdown / Clear,0.0,0.0,1582.5,0.0,422.0
21692,SILVER LATTICE VANILLA CANDLE POT,17,63.75,3.75,7,95,28,8,2.4285714285714284,17.0,3.4000000000000004,22.82857142857143,0.0,Overstock,Markdown / Clear,0.0,0.0,356.25,0.0,95.0
21693,SMALL HAMMERED SILVER CANDLEPOT ,361,1107.91,3.303178294573643,43,284,170,4,8.395348837209303,58.76744186046512,11.753488372093024,45.334883720930236,14.0,Overstock,Markdown / Clear,0.0,0.0,891.8581395348837,0.03076923076923077,18.933333333333334
21694,SMALL REGAL  SILVER CANDLEPOT ,307,840.33,3.4354545454545455,22,474,152,17,13.954545454545455,97.68181818181819,19.53636363636364,256.7636363636364,6.0,Overstock,Markdown / Clear,0.0,0.0,1607.7927272727272,0.009569377990430622,67.71428571428571
21695,SMALL SILVER FLOWER CANDLE POT,284,857.6800000000001,3.3984210526315795,38,303,121,19,7.473684210526316,52.31578947368421,10.463157894736844,152.46315789473684,3.5,Overstock,Markdown / Clear,0.0,0.0,1017.827105263158,0.00823529411764706,67.33333333333333
21696,SMALL SILVER TRELLIS CANDLEPOT,224,672.4000000000001,3.3241935483870972,31,225,187,10,7.225806451612903,50.58064516129032,10.116129032258065,82.3741935483871,0.0,Overstock,Markdown / Clear,0.0,0.0,747.9435483870968,0.0,225.0
21698,MOCK LOBSTER FRIDGE MAGNET,296,164.17,1.0215,40,242,89,7,7.4,51.800000000000004,10.360000000000001,62.160000000000004,15.5,Overstock,Markdown / Clear,0.0,0.0,231.36975,0.046686746987951805,14.666666666666666
21700,BIG DOUGHNUT FRIDGE MAGNETS,1726,2334.94,3.1678939393939394,121,403,64,19,14.264462809917354,99.85123966942149,19.9702479338843,290.995041322314,14.0,Overstock,Markdown / Clear,0.0,0.0,1232.3107424242423,0.029914529914529916,26.866666666666667
21703,BAG 125g SWIRLY MARBLES,9390,3528.89,0.48560428305400366,179,71,83,3,52.45810055865922,367.2067039106145,73.44134078212291,230.81564245810057,93.5,Stockout Risk,Reorder Now,96.0,45.404000465549345,0.0,0.603225806451613,0.7513227513227513
21704,BAG 250g SWIRLY MARBLES,5144,4039.2799999999997,0.9849232613908874,139,358,118,20,37.007194244604314,259.0503597122302,51.810071942446044,791.9539568345323,58.5,Overstock,Markdown / Clear,0.0,0.0,294.9845167865708,0.12264150943396226,6.016806722689076
21705,BAG 500g SWIRLY MARBLES,1459,1462.1699999999998,1.9759099616858238,87,386,155,17,16.770114942528735,117.39080459770115,23.47816091954023,308.57011494252873,424.5,Healthy,No Action,62.0,0.0,0.0,0.783210332103321,0.9071680376028202
21706,FOLDING UMBRELLA RED/WHITE POLKADOT,346,1616.81,5.1117204301075265,93,163,15,7,3.7204301075268815,26.043010752688172,5.208602150537635,31.251612903225805,4.5,Overstock,Markdown / Clear,0.0,0.0,810.2076881720429,0.025139664804469275,29.636363636363637
21707,FOLDING UMBRELLA BLACKBLUE POLKADOT,160,763.6600000000001,4.909469696969698,66,392,174,9,2.4242424242424243,16.96969696969697,3.393939393939394,25.212121212121215,0.0,Overstock,Markdown / Clear,0.0,0.0,1924.5121212121214,0.0,392.0
21708,FOLDING UMBRELLA CREAM POLKADOT,190,863.11,4.435987654320988,54,88,103,20,3.5185185185185186,24.62962962962963,4.9259259259259265,75.29629629629629,1.0,Overstock,Markdown / Clear,0.0,0.0,385.930925925926,0.005208333333333333,44.0
21709,FOLDING UMBRELLA CHOCOLATE POLKADOT,133,607.23,4.69702614379085,51,118,91,8,2.607843137254902,18.254901960784313,3.6509803921568627,24.51372549019608,1.0,Overstock,Markdown / Clear,0.0,0.0,549.5520588235294,0.004761904761904762,59.0
21710,FOLDING UMBRELLA PINKWHITE POLKADOT,107,501.98,4.728809523809524,42,415,185,7,2.5476190476190474,17.833333333333332,3.5666666666666664,21.4,0.0,Overstock,Markdown / Clear,0.0,0.0,1962.4559523809523,0.0,415.0
21711,FOLDING UMBRELLA WHITE/RED POLKADOT,104,513.02,5.28,35,44,26,12,2.9714285714285715,20.8,4.16,39.817142857142855,0.0,Overstock,Markdown / Clear,0.0,0.0,232.32000000000002,0.0,44.0
21713,CITRONELLA CANDLE FLOWERPOT,786,1817.74,2.5355140186915888,107,455,180,17,7.345794392523365,51.42056074766355,10.28411214953271,135.1626168224299,3.0,Overstock,Markdown / Clear,0.0,0.0,1146.0523364485982,0.0047169811320754715,113.75
21714,CITRONELLA CANDLE GARDEN POT,1651,3010.65,1.9277082892416224,135,398,169,12,12.22962962962963,85.60740740740741,17.12148148148148,163.87703703703704,21.5,Overstock,Markdown / Clear,0.0,0.0,725.7821708994709,0.037852112676056336,17.68888888888889
21715,GIRLS VINTAGE TIN SEASIDE BUCKET,1330,3507.17,3.2840577777777775,150,488,186,18,8.866666666666667,62.06666666666667,12.413333333333334,172.01333333333335,3.5,Overstock,Markdown / Clear,0.0,0.0,1591.125993333333,0.005185185185185185,108.44444444444444
21716,BOYS VINTAGE TIN SEASIDE BUCKET,1425,3872.92,3.458670091324201,146,72,174,14,9.76027397260274,68.32191780821918,13.664383561643838,150.3082191780822,6.0,Overstock,Markdown / Clear,0.0,0.0,228.27222602739724,0.024291497975708502,10.285714285714286
21717,EASTER TIN BUCKET,408,946.9300000000001,2.619637931034483,29,170,161,20,14.068965517241379,98.48275862068965,19.696551724137933,301.0758620689655,0.0,Overstock,Markdown / Clear,0.0,0.0,445.3384482758621,0.0,170.0
21718,RED METAL BEACH SPADE ,1493,2113.39,1.7337488738738738,148,163,164,3,10.087837837837839,70.61486486486487,14.122972972972974,44.38648648648649,11.5,Overstock,Markdown / Clear,0.0,0.0,262.6629543918919,0.0350609756097561,13.04
21719,LOVELY BONBON STICKER SHEET,345,307.44,1.0489795918367346,49,76,133,18,7.040816326530612,49.285714285714285,9.857142857142858,136.59183673469386,2.5,Overstock,Markdown / Clear,0.0,0.0,77.1,0.011904761904761904,21.714285714285715
21720,CAKE SHOP  STICKER SHEET,57,48.45,0.85,7,58,134,8,8.142857142857142,57.0,11.4,76.54285714285714,0.0,Overstock,Markdown / Clear,0.0,0.0,49.3,0.0,58.0
21721,CANDY SHOP  STICKER SHEET,195,179.45999999999998,1.0725892857142856,28,128,152,5,6.964285714285714,48.75,9.75,44.57142857142857,1.0,Overstock,Markdown / Clear,0.0,0.0,136.21883928571427,0.0035587188612099642,64.0
21722,SWEET PUDDING STICKER SHEET,98,95.52999999999999,1.1313636363636363,33,200,32,4,2.9696969696969697,20.78787878787879,4.157575757575758,16.03636363636364,2.5,Overstock,Markdown / Clear,0.0,0.0,223.44431818181818,0.01072961373390558,57.142857142857146
21723,ALPHABET HEARTS STICKER SHEET,397,350.08,1.0002884615384615,52,61,54,4,7.634615384615385,53.44230769230769,10.688461538461539,41.22692307692308,2.5,Overstock,Markdown / Clear,0.0,0.0,58.516875,0.021551724137931036,17.428571428571427
21724,PANDA AND BUNNIES STICKER SHEET,408,355.83,0.9664179104477612,67,205,185,15,6.08955223880597,42.62686567164179,8.525373134328358,99.86865671641792,11.5,Overstock,Markdown / Clear,0.0,0.0,187.00186567164178,0.029411764705882353,16.4
21725,SWEETIES  STICKERS,301,277.24,1.1353191489361703,47,442,6,11,6.404255319148936,44.82978723404255,8.96595744680851,79.4127659574468,0.0,Overstock,Markdown / Clear,0.0,0.0,501.81106382978726,0.0,442.0
21726,MULTI HEARTS  STICKERS,237,204.69,0.9175,36,417,56,18,6.583333333333333,46.08333333333333,9.216666666666667,127.71666666666667,13.0,Overstock,Markdown / Clear,0.0,0.0,370.67,0.027426160337552744,29.785714285714285
21730,GLASS STAR FROSTED T-LIGHT HOLDER,517,2514.4300000000003,5.415549019607843,85,242,125,7,6.08235294117647,42.576470588235296,8.51529411764706,51.091764705882355,11.5,Overstock,Markdown / Clear,0.0,0.0,1248.2840490196077,0.03125,19.36
21731,RED TOADSTOOL LED NIGHT LIGHT,14001,23919.78,2.3053604012424276,270,141,11,9,51.855555555555554,362.9888888888889,72.59777777777778,539.2977777777778,335.0,Stockout Risk,Reorder Now,267.0,772.2957344162132,0.0,2.189542483660131,0.41964285714285715
21733,RED HANGING HEART T-LIGHT HOLDER,7872,23199.24,3.188015968253968,250,152,15,15,31.488,220.416,44.083200000000005,516.4032,244.5,Stockout Risk,Reorder Now,137.0,779.4699042380952,0.0,1.4553571428571428,0.6191446028513238
21735,TWO DOOR CURIO CABINET,212,2577.45,12.546575342465752,73,182,42,15,2.904109589041096,20.328767123287673,4.065753424657535,47.62739726027397,0.0,Overstock,Markdown / Clear,0.0,0.0,2283.476712328767,0.0,182.0
21736,GOLD SCROLL GLASS T-LIGHT HOLDER,80,137.22,1.7580000000000002,5,234,116,9,16.0,112.0,22.400000000000002,166.4,0.0,Overstock,Markdown / Clear,0.0,0.0,411.37200000000007,0.0,234.0
21738,COSY SLIPPER SHOES SMALL  RED ,46,144.58,3.3337037037037036,18,240,134,12,2.5555555555555554,17.888888888888886,3.5777777777777775,34.24444444444444,0.0,Overstock,Markdown / Clear,0.0,0.0,800.0888888888888,0.0,240.0
21739,COSY SLIPPER SHOES SMALL GREEN,254,703.08,2.8219323671497585,69,254,110,17,3.681159420289855,25.768115942028984,5.153623188405797,67.73333333333333,15.0,Overstock,Markdown / Clear,0.0,0.0,674.4418357487923,0.0410958904109589,15.875
21741,COSY SLIPPER SHOES LARGE GREEN,147,480.1700000000001,3.7158823529411764,34,350,50,8,4.323529411764706,30.26470588235294,6.052941176470588,40.641176470588235,0.0,Overstock,Markdown / Clear,0.0,0.0,1300.5588235294117,0.0,350.0
21742,LARGE ROUND WICKER PLATTER ,194,1167.5800000000002,6.085547945205479,73,165,159,7,2.6575342465753424,18.602739726027398,3.72054794520548,22.323287671232876,18.5,Overstock,Markdown / Clear,0.0,0.0,891.5327739726027,0.05692307692307692,8.461538461538462
21743,STAR PORTABLE TABLE LIGHT ,299,887.6500000000001,3.7821052631578946,38,258,74,4,7.868421052631579,55.078947368421055,11.015789473684212,42.48947368421052,0.0,Overstock,Markdown / Clear,0.0,0.0,975.7831578947369,0.0,258.0
21744,SNOWFLAKE PORTABLE TABLE LIGHT ,529,1557.65,3.066697435897436,65,95,7,17,8.138461538461538,56.96923076923076,11.393846153846154,149.7476923076923,0.0,Overstock,Markdown / Clear,0.0,0.0,291.3362564102564,0.0,95.0
21745,GAOLERS KEYS DECORATIVE GARDEN ,935,3475.73,3.971259259259259,144,28,199,18,6.493055555555555,45.451388888888886,9.090277777777777,125.96527777777777,28.5,Healthy,No Action,10.0,0.0,0.0,0.125,0.9491525423728814
21746,SMALL RED RETROSPOT WINDMILL,3075,3766.93,1.4929543378995433,146,93,44,11,21.061643835616437,147.43150684931504,29.48630136986301,261.1643835616438,0.0,Overstock,Markdown / Clear,0.0,0.0,138.84475342465754,0.0,93.0
21747,SMALL SKULL WINDMILL,485,645.61,1.5086458333333335,48,461,58,9,10.104166666666666,70.72916666666666,14.145833333333332,105.08333333333333,0.0,Overstock,Markdown / Clear,0.0,0.0,695.4857291666667,0.0,461.0
21749,LARGE RED RETROSPOT WINDMILL,1963,3877.0899999999997,2.565756802721088,98,420,131,6,20.03061224489796,140.21428571428572,28.042857142857144,148.22653061224491,0.0,Overstock,Markdown / Clear,0.0,0.0,1077.617857142857,0.0,420.0
21750,LARGE SKULL WINDMILL,90,207.51000000000002,2.713,20,272,103,5,4.5,31.5,6.300000000000001,28.8,0.0,Overstock,Markdown / Clear,0.0,0.0,737.936,0.0,272.0
21754,HOME BUILDING BLOCK WORD,2759,16923.47,6.612392136925945,281,249,194,13,9.818505338078293,68.72953736654804,13.74590747330961,141.3864768683274,40.0,Overstock,Markdown / Clear,0.0,0.0,1381.9899566175225,0.09009009009009009,6.073170731707317
21755,LOVE BUILDING BLOCK WORD,2011,12435.86,6.794996533479292,261,26,156,3,7.704980842911877,53.93486590038314,10.786973180076629,33.90191570881226,25.5,Healthy,No Action,10.0,0.0,0.0,0.13934426229508196,0.9811320754716981
21756,BATH BUILDING BLOCK WORD,809,5006.26,6.62358988764045,178,193,156,8,4.544943820224719,31.814606741573034,6.362921348314607,42.72247191011236,13.0,Overstock,Markdown / Clear,0.0,0.0,1192.246179775281,0.037142857142857144,13.785714285714286
21757,LIGHTHOUSE PRINTED METAL SIGN,6,29.700000000000003,4.95,3,160,97,13,2.0,14.0,2.8000000000000003,28.8,0.0,Overstock,Markdown / Clear,0.0,0.0,792.0,0.0,160.0
21758,VINTAGE SHELLS PRINT,50,427.46000000000004,9.77551724137931,29,187,155,3,1.7241379310344827,12.068965517241379,2.413793103448276,7.586206896551724,2.0,Overstock,Markdown / Clear,0.0,0.0,1808.4706896551725,0.0058309037900874635,62.333333333333336
21761,WOOD AND GLASS MEDICINE CABINET,10,299.5,29.95,10,189,78,9,1.0,7.0,1.4000000000000001,10.4,1.0,Overstock,Markdown / Clear,0.0,0.0,5630.599999999999,0.0037313432835820895,94.5
21763,VINTAGE WOODEN BAR STOOL,6,169.75,27.4625,4,412,123,8,1.5,10.5,2.1,14.1,0.0,Overstock,Markdown / Clear,0.0,0.0,11314.55,0.0,412.0
21769,VINTAGE POST OFFICE CABINET,11,607.6500000000001,66.36,2,453,171,16,5.5,38.5,7.7,95.7,0.0,Overstock,Markdown / Clear,0.0,0.0,30061.079999999998,0.0,453.0
21770,OPEN CLOSED METAL SIGN,1638,7923.93,5.472222402597403,176,302,3,4,9.306818181818182,65.14772727272727,13.029545454545454,50.25681818181818,0.0,Overstock,Markdown / Clear,0.0,0.0,1652.6111655844156,0.0,302.0
21773,DECORATIVE ROSE BATHROOM BOTTLE,1170,1154.17,1.868546783625731,114,141,89,6,10.263157894736842,71.84210526315789,14.368421052631579,75.94736842105263,5.5,Overstock,Markdown / Clear,0.0,0.0,253.18808918128656,0.023809523809523808,21.692307692307693
21774,DECORATIVE CATS BATHROOM BOTTLE,1095,1152.4,1.954475065616798,127,213,103,13,8.622047244094489,60.35433070866142,12.070866141732285,124.15748031496064,7.0,Overstock,Markdown / Clear,0.0,0.0,402.6218635170604,0.022082018927444796,26.625
21775,DECORATIVE FLORE BATHROOM BOTTLE,515,716.86,1.9269753086419754,108,24,136,17,4.768518518518518,33.379629629629626,6.675925925925926,87.74074074074073,4.0,Overstock,Markdown / Clear,0.0,0.0,38.53950617283951,0.024844720496894408,4.8
21777,RECIPE BOX WITH METAL HEART,12,95.4,7.95,2,48,118,20,6.0,42.0,8.4,128.4,0.0,Overstock,Markdown / Clear,0.0,0.0,381.6,0.0,48.0
21781,MA CAMPAGNE CUTLERY BOX,168,2661.8,16.700452380952377,70,184,132,3,2.4,16.8,3.3600000000000003,10.559999999999999,0.0,Overstock,Markdown / Clear,0.0,0.0,3072.8832380952376,0.0,184.0
21784,SHOE SHINE BOX ,57,633.0699999999999,11.51952380952381,42,441,55,5,1.3571428571428572,9.5,1.9000000000000001,8.685714285714287,0.0,Overstock,Markdown / Clear,0.0,0.0,5080.11,0.0,441.0
21785,RAIN PONCHO ,411,268.76,1.0025,4,358,95,5,102.75,719.25,143.85,657.6,0.0,Overstock,Markdown / Clear,0.0,0.0,358.895,0.0,358.0
21786,POLKADOT RAIN HAT ,1937,916.99,0.6620419501133786,147,155,177,9,13.17687074829932,92.23809523809524,18.44761904761905,137.03945578231293,49.5,Overstock,Markdown / Clear,0.0,0.0,69.84542573696145,0.14864864864864866,3.0693069306930694
21787,RAIN PONCHO RETROSPOT,8875,7161.099999999999,1.0532974683544303,158,384,74,3,56.17088607594937,393.19620253164555,78.63924050632912,247.15189873417722,626.5,Stockout Risk,Reorder Now,321.0,659.8908639240506,0.0,1.3649237472766884,0.6119521912350597
21788,KIDS RAIN MAC BLUE,1293,1029.24,0.9127631578947369,76,340,142,13,17.013157894736842,119.09210526315789,23.818421052631578,244.98947368421054,24.0,Overstock,Markdown / Clear,0.0,0.0,288.4331578947369,0.049689440993788817,13.6
21789,KIDS RAIN MAC PINK,925,803.65,0.9442291666666666,80,361,31,8,11.5625,80.9375,16.1875,108.6875,27.0,Overstock,Markdown / Clear,0.0,0.0,315.3725416666666,0.06870229007633588,12.892857142857142
21790,VINTAGE SNAP CARDS,14521,12510.01,1.010036325378852,281,164,27,5,51.67615658362989,361.7330960854092,72.34661921708185,330.72740213523133,455.0,Stockout Risk,Reorder Now,363.0,459.5665280473777,0.0,2.3697916666666665,0.35964912280701755
21791,VINTAGE HEADS AND TAILS CARD GAME ,7864,10504.4,1.4880617773858513,243,346,21,4,32.36213991769547,226.53497942386832,45.30699588477367,174.75555555555556,224.5,Healthy,No Action,0.0,0.0,0.0,0.6100543478260869,1.5343680709534369
21792,CLASSIC FRENCH STYLE BASKET GREEN ,344,1497.72,5.279870689655173,58,236,16,20,5.931034482758621,41.51724137931035,8.30344827586207,126.92413793103448,0.0,Overstock,Markdown / Clear,0.0,0.0,1246.0494827586208,0.0,236.0
21793,CLASSIC FRENCH STYLE BASKET BROWN,304,1296.6100000000001,4.621379310344828,58,320,58,14,5.241379310344827,36.689655172413794,7.337931034482759,80.71724137931035,0.0,Overstock,Markdown / Clear,0.0,0.0,1478.841379310345,0.0,320.0
21794,CLASSIC FRENCH STYLE BASKET NATURAL,522,2213.42,5.075459770114943,87,151,89,12,6.0,42.0,8.4,80.4,0.0,Overstock,Markdown / Clear,0.0,0.0,766.3944252873564,0.0,151.0
21801,CHRISTMAS TREE DECORATION WITH BELL,1251,530.26,0.42236111111111113,78,311,198,7,16.03846153846154,112.26923076923077,22.453846153846158,134.72307692307692,0.0,Overstock,Markdown / Clear,0.0,0.0,131.35430555555556,0.0,311.0
21802,CHRISTMAS TREE HEART DECORATION,2122,919.14,0.4522021604938271,108,89,105,11,19.64814814814815,137.53703703703704,27.50740740740741,243.63703703703706,0.0,Overstock,Markdown / Clear,0.0,0.0,40.24599228395061,0.0,89.0
21803,CHRISTMAS TREE STAR DECORATION,2353,1016.02,0.44934941520467836,114,271,184,4,20.640350877192983,144.48245614035088,28.896491228070175,111.4578947368421,12.0,Overstock,Markdown / Clear,0.0,0.0,116.3814985380117,0.02631578947368421,20.846153846153847
21804,WHITE CHRISTMAS GARLAND STARS TREES,225,830.03,3.849111111111111,45,434,25,4,5.0,35.0,7.0,27.0,19.0,Overstock,Markdown / Clear,0.0,0.0,1597.381111111111,0.041304347826086954,21.7
21807,WHITE CHRISTMAS STAR DECORATION,438,189.0,0.49,24,294,24,8,18.25,127.75,25.55,171.55,0.0,Overstock,Markdown / Clear,0.0,0.0,144.06,0.0,294.0
21808,"CHRISTMAS GARLAND STARS,TREES",180,637.83,3.566341463414634,41,464,137,12,4.390243902439025,30.731707317073173,6.146341463414635,58.82926829268293,6.0,Overstock,Markdown / Clear,0.0,0.0,1633.3843902439025,0.009966777408637873,66.28571428571429
21809,CHRISTMAS HANGING TREE WITH BELL,1964,1117.92,1.0648695652173914,69,383,44,20,28.463768115942027,199.2463768115942,39.84927536231884,609.1246376811594,18.0,Overstock,Markdown / Clear,0.0,0.0,388.67739130434785,0.04205607476635514,20.157894736842106
21810,CHRISTMAS HANGING STAR WITH BELL,5840,2981.84,0.9201875334403424,89,201,82,14,65.61797752808988,459.32584269662914,91.86516853932584,1010.5168539325841,372.5,Stockout Risk,Reorder Now,263.0,342.76985620652755,0.0,1.3116197183098592,0.5381526104417671
21811,CHRISTMAS HANGING HEART WITH BELL,231,307.59999999999997,1.7065384615384613,13,186,10,6,17.76923076923077,124.38461538461539,24.876923076923077,131.4923076923077,0.0,Overstock,Markdown / Clear,0.0,0.0,317.4161538461538,0.0,186.0
21811,HANGING HEART WITH BELL,4619,2374.7999999999997,1.2610235783633843,103,110,180,19,44.84466019417476,313.9126213592233,62.782524271844665,914.831067961165,0.0,Overstock,Markdown / Clear,0.0,0.0,138.71259361997227,0.0,110.0
21812,GARLAND WITH HEARTS AND BELLS,393,1746.27,5.388333333333334,71,221,199,17,5.535211267605634,38.74647887323944,7.749295774647888,101.84788732394367,13.0,Overstock,Markdown / Clear,0.0,0.0,1120.7733333333333,0.030878859857482184,15.785714285714286
21813,GARLAND WITH STARS AND BELLS,549,2280.4700000000003,4.641422222222222,75,365,103,8,7.32,51.24,10.248000000000001,68.808,50.5,Overstock,Markdown / Clear,0.0,0.0,1459.727288888889,0.10767590618336886,7.087378640776699
21814,HEART T-LIGHT HOLDER ,74,111.77,1.7692857142857144,14,38,67,18,5.285714285714286,37.0,7.4,102.54285714285714,1.0,Overstock,Markdown / Clear,0.0,0.0,65.46357142857143,0.009433962264150943,19.0
21815,STAR  T-LIGHT HOLDER ,158,270.22999999999996,1.9769565217391303,23,58,94,19,6.869565217391305,48.08695652173913,9.617391304347827,140.1391304347826,0.0,Overstock,Markdown / Clear,0.0,0.0,114.66347826086955,0.0,58.0
21816,CHRISTMAS TREE T-LIGHT HOLDER,33,47.849999999999994,1.45,7,145,155,5,4.714285714285714,33.0,6.6000000000000005,30.171428571428574,0.0,Overstock,Markdown / Clear,0.0,0.0,210.25,0.0,145.0
21817,GLITTER CHRISTMAS TREE,906,410.91,0.6128378378378379,37,470,64,12,24.486486486486488,171.40540540540542,34.28108108108108,328.11891891891895,0.0,Overstock,Markdown / Clear,0.0,0.0,288.0337837837838,0.0,470.0
21818,GLITTER CHRISTMAS HEART ,268,231.82,0.9723076923076923,13,192,48,7,20.615384615384617,144.30769230769232,28.861538461538466,173.16923076923078,0.0,Overstock,Markdown / Clear,0.0,0.0,186.68307692307692,0.0,192.0
21818,GLITTER HEART DECORATION,2469,1088.59,0.6910964912280702,76,160,174,16,32.48684210526316,227.4078947368421,45.481578947368426,565.271052631579,53.0,Overstock,Markdown / Clear,0.0,0.0,73.9473245614035,0.1582089552238806,2.962962962962963
21819,GLITTER CHRISTMAS STAR ,2470,1066.65,0.5920491803278689,61,261,51,15,40.49180327868852,283.44262295081967,56.68852459016394,664.0655737704918,145.5,Healthy,No Action,0.0,0.0,0.0,0.46485623003194887,1.7815699658703072
21820,GLITTER HEART GARLAND WITH BELLS ,329,1368.47,5.075380952380952,70,239,101,8,4.7,32.9,6.58,44.18,17.0,Overstock,Markdown / Clear,0.0,0.0,1126.7345714285714,0.04985337243401759,13.277777777777779
21821,GLITTER STAR GARLAND WITH BELLS ,251,1037.05,4.841702127659574,47,145,181,14,5.340425531914893,37.38297872340425,7.47659574468085,82.24255319148935,4.0,Overstock,Markdown / Clear,0.0,0.0,682.68,0.012232415902140673,29.0
21822,GLITTER CHRISTMAS TREE WITH BELLS,698,719.3,1.4052339181286548,57,77,187,10,12.24561403508772,85.71929824561403,17.143859649122806,139.6,82.5,Healthy,No Action,23.0,0.0,0.0,0.3113207547169811,0.9221556886227545
21823,PAINTED METAL HEART WITH HOLLY BELL,1372,854.35,1.0695733333333333,50,167,56,7,27.44,192.08,38.416000000000004,230.496,0.0,Overstock,Markdown / Clear,0.0,0.0,178.61874666666665,0.0,167.0
21824,PAINTED METAL STAR WITH HOLLY BELLS,1916,1102.42,0.893143722943723,55,495,46,17,34.836363636363636,243.85454545454544,48.77090909090909,640.9890909090909,0.0,Overstock,Markdown / Clear,0.0,0.0,442.1061428571429,0.0,495.0
21826,EIGHT PIECE DINOSAUR SET,125,185.18,1.5629999999999997,25,475,158,18,5.0,35.0,7.0,97.0,0.0,Overstock,Markdown / Clear,0.0,0.0,742.4249999999998,0.0,475.0
21827,EIGHT PIECE CREEPY CRAWLIE SET,6,7.5,1.25,3,336,173,3,2.0,14.0,2.8000000000000003,8.8,0.0,Overstock,Markdown / Clear,0.0,0.0,420.0,0.0,336.0
21828,EIGHT PIECE SNAKE  SET,330,435.79,1.4487247474747473,66,402,25,18,5.0,35.0,7.0,97.0,13.0,Overstock,Markdown / Clear,0.0,0.0,563.5539267676767,0.030373831775700934,28.714285714285715
21829,DINOSAUR KEYRINGS ASSORTED,6765,1460.74,0.2599935897435897,130,380,113,7,52.03846153846154,364.2692307692308,72.85384615384616,437.12307692307695,0.0,Overstock,Markdown / Clear,0.0,0.0,98.7975641025641,0.0,380.0
21830,ASSORTED CREEPY CRAWLIES,2621,1107.07,0.4750602409638554,83,442,4,5,31.57831325301205,221.04819277108433,44.209638554216866,202.10120481927711,0.0,Overstock,Markdown / Clear,0.0,0.0,209.9766265060241,0.0,442.0
21832,CHOCOLATE CALCULATOR,954,1790.1,2.3509775910364143,119,20,83,17,8.016806722689076,56.11764705882353,11.223529411764707,147.50924369747898,23.0,Healthy,No Action,14.0,0.0,0.0,0.22115384615384615,0.8333333333333334
21833,CAMOUFLAGE LED TORCH,2726,4594.43,2.0810060060060063,111,406,51,15,24.55855855855856,171.9099099099099,34.38198198198199,402.7603603603604,58.5,Overstock,Markdown / Clear,0.0,0.0,723.1495870870872,0.1277292576419214,6.823529411764706
21836,GINGHAM OVEN GLOVE RED HEART ,5,26.490000000000002,5.04,3,480,104,18,1.6666666666666667,11.666666666666668,2.3333333333333335,32.333333333333336,0.0,Overstock,Markdown / Clear,0.0,0.0,2419.2,0.0,480.0
21839,MUMMY MOUSE RED GINGHAM RIBBON,1,5.45,5.45,1,367,53,13,1.0,7.0,1.4000000000000001,14.4,0.0,Overstock,Markdown / Clear,0.0,0.0,2000.15,0.0,367.0
21841,BABY MOUSE RED GINGHAM DRESS,73,310.25,4.25,19,209,160,4,3.8421052631578947,26.894736842105264,5.378947368421053,20.74736842105263,0.0,Overstock,Markdown / Clear,0.0,0.0,888.25,0.0,209.0
21843,RED RETROSPOT CAKE STAND,2012,21354.3,12.515833333333333,242,210,177,8,8.314049586776859,58.19834710743801,11.639669421487604,78.15206611570247,53.0,Overstock,Markdown / Clear,0.0,0.0,1964.9858333333334,0.13659793814432988,3.888888888888889
21844,RED RETROSPOT MUG,1847,5167.6900000000005,3.27948717948718,130,388,165,8,14.207692307692307,99.45384615384614,19.89076923076923,133.5523076923077,1.5,Overstock,Markdown / Clear,0.0,0.0,1267.521794871795,0.002707581227436823,155.2
21845,DAIRY MAID STRIPE MUG,1906,1720.3000000000002,1.143939393939394,66,428,154,16,28.87878787878788,202.15151515151516,40.43030303030304,502.4909090909091,36.0,Overstock,Markdown / Clear,0.0,0.0,448.42424242424244,0.06174957118353345,11.567567567567568
21846,PINK DIAMANTE PEN IN GIFT BOX,424,1206.97,4.416711111111111,75,331,14,13,5.653333333333333,39.57333333333333,7.914666666666666,81.408,4.0,Overstock,Markdown / Clear,0.0,0.0,1444.2645333333332,0.011560693641618497,66.2
21847,GREEN  DIAMANTE PEN IN GIFT BOX,76,178.89,2.950714285714286,28,436,60,10,2.7142857142857144,19.0,3.8000000000000003,30.942857142857147,0.0,Overstock,Markdown / Clear,0.0,0.0,1286.5114285714287,0.0,436.0
21849,SILVER DIAMANTE PEN IN GIFT BOX,173,548.93,3.912830188679245,53,441,121,10,3.2641509433962264,22.849056603773583,4.569811320754717,37.21132075471698,6.0,Overstock,Markdown / Clear,0.0,0.0,1702.0811320754717,0.010657193605683837,63.0
21850,BLUE  DIAMANTE PEN IN GIFT BOX,129,488.13,4.572616279069767,43,136,20,3,3.0,21.0,4.2,13.2,4.0,Overstock,Markdown / Clear,0.0,0.0,603.5853488372093,0.025477707006369428,27.2
21851,LILAC DIAMANTE PEN IN GIFT BOX,141,454.99,4.4331249999999995,48,153,45,9,2.9375,20.5625,4.1125,30.55,1.0,Overstock,Markdown / Clear,0.0,0.0,673.8349999999999,0.005025125628140704,76.5
21864,UNION JACK FLAG PASSPORT COVER ,828,2041.69,2.8633622047244094,127,77,196,8,6.519685039370079,45.63779527559055,9.12755905511811,61.28503937007874,32.0,Overstock,Markdown / Clear,0.0,0.0,128.85129921259843,0.11678832116788321,2.3333333333333335
21865,PINK UNION JACK  PASSPORT COVER ,271,618.9300000000001,2.542355072463768,92,63,133,10,2.9456521739130435,20.619565217391305,4.123913043478261,33.58043478260869,3.5,Overstock,Markdown / Clear,0.0,0.0,151.2701268115942,0.017766497461928935,14.0
21866,UNION JACK FLAG LUGGAGE TAG,747,1292.3799999999999,1.8756399864910502,141,192,37,10,5.297872340425532,37.08510638297872,7.417021276595745,60.39574468085107,27.0,Overstock,Markdown / Clear,0.0,0.0,309.48059777102327,0.11739130434782609,6.857142857142857
21867,PINK UNION JACK  LUGGAGE TAG,348,480.25,1.6112673611111112,96,179,61,16,3.625,25.375,5.075,63.075,7.0,Overstock,Markdown / Clear,0.0,0.0,277.13798611111116,0.029045643153526972,22.375
21868,POTTING SHED TEA MUG,2477,3259.75,1.7596748466257668,163,192,85,20,15.196319018404909,106.37423312883436,21.274846625766873,325.2012269938651,27.5,Overstock,Markdown / Clear,0.0,0.0,289.4665122699386,0.09892086330935251,6.7368421052631575
21870,I CAN ONLY PLEASE ONE PERSON MUG,1407,1851.46,1.5843602693602692,99,336,189,18,14.212121212121213,99.48484848484848,19.8969696969697,275.71515151515155,0.0,Overstock,Markdown / Clear,0.0,0.0,532.3450505050505,0.0,336.0
21871,SAVE THE PLANET MUG,5453,6679.56,1.776680595238095,200,322,77,11,27.265,190.85500000000002,38.17100000000001,338.086,98.5,Overstock,Markdown / Clear,0.0,0.0,397.08811303571423,0.24625,3.236180904522613
21872,GLAMOROUS  MUG,1292,1454.98,1.6429464285714286,112,168,45,17,11.535714285714286,80.75,16.150000000000002,212.25714285714287,32.5,Overstock,Markdown / Clear,0.0,0.0,222.61924107142858,0.15186915887850466,5.014925373134329
21873,IF YOU CAN'T STAND THE HEAT MUG,1618,1834.3,1.6234239130434782,92,99,140,12,17.58695652173913,123.1086956521739,24.621739130434783,235.66521739130434,9.0,Overstock,Markdown / Clear,0.0,0.0,146.10815217391303,0.0375,9.9
21874,GIN AND TONIC MUG,2974,4141.179999999999,1.9269394319131163,171,393,2,18,17.391812865497077,121.74269005847954,24.348538011695908,337.4011695906433,67.5,Overstock,Markdown / Clear,0.0,0.0,627.2187850877194,0.17045454545454544,5.737226277372263
21875,KINGS CHOICE MUG,2055,2429.38,1.7615013774104684,121,232,5,6,16.983471074380166,118.88429752066116,23.776859504132233,125.67768595041323,56.5,Overstock,Markdown / Clear,0.0,0.0,309.1434917355372,0.23739495798319327,4.034782608695652
21876,POTTERING MUG,3789,4825.36,1.9929701086956522,184,222,92,15,20.592391304347824,144.14673913043478,28.82934782608696,337.71521739130435,76.0,Overstock,Markdown / Clear,0.0,0.0,290.9736358695652,0.24126984126984127,2.883116883116883
21877,HOME SWEET HOME MUG,5411,6932.78,1.7210134920634919,210,271,7,7,25.766666666666666,180.36666666666667,36.07333333333334,216.44,41.5,Overstock,Markdown / Clear,0.0,0.0,394.97259642857136,0.14874551971326164,6.376470588235295
21878,PACK OF 6 SANDCASTLE FLAGS ASSORTED,2523,2172.2,1.1176071428571428,140,248,171,9,18.021428571428572,126.15,25.230000000000004,187.42285714285714,4.5,Overstock,Markdown / Clear,0.0,0.0,272.1373392857143,0.010714285714285714,45.09090909090909
21879,HEARTS GIFT TAPE,1176,385.47,0.6804591194968553,53,183,107,11,22.18867924528302,155.32075471698113,31.06415094339623,275.13962264150945,8.0,Overstock,Markdown / Clear,0.0,0.0,119.08034591194968,0.027491408934707903,20.333333333333332
21880,RED RETROSPOT TAPE,1903,858.7800000000001,0.48820312499999996,160,246,160,10,11.89375,83.25625000000001,16.65125,135.58875,13.5,Overstock,Markdown / Clear,0.0,0.0,113.5072265625,0.033169533169533166,16.96551724137931
21881,CUTE CATS TAPE,1102,383.11,0.7388333333333333,60,166,74,18,18.366666666666667,128.56666666666666,25.713333333333335,356.31333333333333,7.5,Overstock,Markdown / Clear,0.0,0.0,117.10508333333334,0.03112033195020747,19.529411764705884
21882,SKULLS TAPE,704,251.17000000000002,0.6955769230769231,52,39,76,8,13.538461538461538,94.76923076923077,18.953846153846154,127.26153846153846,12.0,Overstock,Markdown / Clear,0.0,0.0,18.780576923076925,0.10344827586206896,3.0
21883,STARS GIFT TAPE ,1653,725.4200000000001,0.6843127705627705,88,460,49,18,18.78409090909091,131.48863636363637,26.297727272727276,364.41136363636366,7.5,Overstock,Markdown / Clear,0.0,0.0,309.65152867965367,0.014705882352941176,54.11764705882353
21884,CAKES AND BOWS GIFT  TAPE,1166,413.76,0.8602303921568627,68,421,10,8,17.147058823529413,120.02941176470588,24.00588235294118,161.18235294117648,13.0,Overstock,Markdown / Clear,0.0,0.0,350.974,0.03009259259259259,30.071428571428573
21888,BINGO SET,1688,6659.54,4.628997807017544,190,66,94,16,8.884210526315789,62.18947368421052,12.437894736842104,154.58526315789473,20.5,Overstock,Markdown / Clear,0.0,0.0,210.61940021929826,0.12732919254658384,3.0697674418604652
21889,WOODEN BOX OF DOMINOES,6390,8847.29,1.5568230477919418,217,252,155,3,29.447004608294932,206.1290322580645,41.225806451612904,129.5668202764977,201.0,Healthy,No Action,0.0,0.0,0.0,0.49264705882352944,1.2475247524752475
21890,S/6 WOODEN SKITTLES IN COTTON BAG,1147,3674.11,3.7183971631205672,141,324,69,11,8.134751773049645,56.94326241134752,11.388652482269505,100.8709219858156,19.0,Overstock,Markdown / Clear,0.0,0.0,1134.111134751773,0.048223350253807105,16.2
21891,TRADITIONAL WOODEN SKIPPING ROPE,8130,10504.85,1.5757200348432054,205,33,168,15,39.65853658536585,277.609756097561,55.521951219512204,650.4,321.5,Stockout Risk,Reorder Now,344.0,506.59399120209054,0.0,1.5915841584158417,0.10232558139534884
21892,TRADITIONAL WOODEN CATCH CUP GAME ,3192,4317.16,1.5681683333333334,200,162,15,19,15.96,111.72,22.344,325.584,125.0,Healthy,No Action,0.0,0.0,0.0,0.702247191011236,1.2857142857142858
21894,POTTING SHED SEED ENVELOPES,592,902.08,1.8124410774410775,99,434,67,13,5.97979797979798,41.85858585858586,8.371717171717172,86.10909090909092,11.0,Overstock,Markdown / Clear,0.0,0.0,766.6625757575758,0.021912350597609563,36.166666666666664
21895,POTTING SHED SOW 'N' GROW SET,2,12.72,6.36,2,20,98,10,1.0,7.0,1.4000000000000001,11.4,0.0,Overstock,Markdown / Clear,0.0,0.0,127.2,0.0,20.0
21896,POTTING SHED TWINE,980,2272.7900000000004,2.4132600732600733,91,392,47,7,10.76923076923077,75.38461538461539,15.076923076923078,90.46153846153847,2.0,Overstock,Markdown / Clear,0.0,0.0,941.1714285714286,0.004545454545454545,130.66666666666666
21897,POTTING SHED CANDLE CITRONELLA,405,1268.1899999999998,3.85,3,73,183,12,135.0,945.0,189.0,1809.0,0.0,Overstock,Markdown / Clear,116.0,0.0,281.05,0.0,73.0
21898,POTTING SHED ROSE CANDLE,493,1541.1100000000001,2.651842105263158,19,393,63,9,25.94736842105263,181.6315789473684,36.32631578947368,269.85263157894735,0.0,Overstock,Markdown / Clear,0.0,0.0,1042.173947368421,0.0,393.0
21899,GARAGE KEY FOB,777,565.8100000000001,0.8968148148148147,90,278,186,12,8.633333333333333,60.43333333333333,12.086666666666666,115.68666666666667,36.75,Overstock,Markdown / Clear,0.0,0.0,216.35657407407405,0.07903225806451612,7.364238410596027
21899,"KEY FOB , GARAGE DESIGN",1902,1192.16,0.8694302325581396,86,163,89,6,22.11627906976744,154.81395348837208,30.962790697674418,163.66046511627906,0.0,Overstock,Markdown / Clear,0.0,0.0,141.71712790697674,0.0,163.0
21900,"KEY FOB , SHED",3228,2197.17,0.949219512195122,205,490,189,11,15.746341463414634,110.22439024390243,22.04487804878049,195.25463414634146,48.0,Overstock,Markdown / Clear,0.0,0.0,419.55502439024394,0.07058823529411765,10.0
21901,"KEY FOB , BACK DOOR ",1828,1277.89,0.8893629629629629,180,460,75,16,10.155555555555555,71.08888888888889,14.217777777777778,176.70666666666665,37.5,Overstock,Markdown / Clear,0.0,0.0,375.75585185185184,0.06996268656716417,11.948051948051948
21902,"KEY FOB , FRONT  DOOR ",1962,1262.3700000000001,0.8810955710955711,143,478,138,4,13.72027972027972,96.04195804195804,19.208391608391608,74.08951048951049,21.5,Overstock,Markdown / Clear,0.0,0.0,402.2201282051282,0.03484602917341977,21.244444444444444
21903,MAN FLU METAL SIGN,1160,2490.13,2.4557711442786068,134,31,100,11,8.656716417910447,60.59701492537313,12.119402985074627,107.34328358208954,47.0,Healthy,No Action,28.0,0.0,0.0,0.3560606060606061,0.6458333333333334
21904,HOUSE WRECKING METAL SIGN ,50,105.0,2.1,22,349,88,3,2.272727272727273,15.90909090909091,3.181818181818182,10.0,0.0,Overstock,Markdown / Clear,0.0,0.0,732.9,0.0,349.0
21905,MORE BUTTER METAL SIGN ,760,821.61,1.4173622047244094,127,243,17,12,5.984251968503937,41.889763779527556,8.377952755905511,80.18897637795276,45.5,Overstock,Markdown / Clear,0.0,0.0,279.92903543307085,0.1743295019157088,5.225806451612903
21906,PHARMACIE FIRST AID TIN,581,4470.8099999999995,9.6301968503937,127,291,18,12,4.574803149606299,32.023622047244096,6.40472440944882,61.3023622047244,3.5,Overstock,Markdown / Clear,0.0,0.0,2768.6815944881887,0.01129032258064516,64.66666666666667
21907,I'M ON HOLIDAY METAL SIGN,2371,5027.18,2.2843902439024393,205,475,54,5,11.565853658536586,80.9609756097561,16.192195121951222,74.02146341463416,47.0,Overstock,Markdown / Clear,0.0,0.0,977.719024390244,0.08867924528301886,9.895833333333334
21908,CHOCOLATE THIS WAY METAL SIGN,3771,7752.22,2.52727688172043,248,377,101,8,15.205645161290322,106.43951612903226,21.287903225806453,142.93306451612904,145.5,Overstock,Markdown / Clear,0.0,0.0,585.0645981182796,0.3037578288100209,2.573378839590444
21910,WAY OUT METAL SIGN ,36,59.400000000000006,1.65,8,479,117,8,4.5,31.5,6.300000000000001,42.3,0.0,Overstock,Markdown / Clear,0.0,0.0,790.3499999999999,0.0,479.0
21911,GARDEN METAL SIGN ,114,203.20999999999998,2.2544,25,427,153,4,4.56,31.919999999999998,6.384,24.624,0.0,Overstock,Markdown / Clear,0.0,0.0,962.6288,0.0,427.0
21912,VINTAGE SNAKES & LADDERS,1786,7047.7,4.997265892002734,209,175,133,20,8.545454545454545,59.81818181818181,11.963636363636363,182.87272727272727,156.5,Healthy,No Action,0.0,0.0,0.0,0.5064724919093851,1.1111111111111112
21913,VINTAGE SEASIDE JIGSAW PUZZLES,398,1565.83,4.403377581120944,113,392,3,4,3.52212389380531,24.654867256637168,4.930973451327434,19.019469026548673,3.5,Overstock,Markdown / Clear,0.0,0.0,1710.7121902654867,0.008838383838383838,87.11111111111111
21914,BLUE HARMONICA IN BOX ,7876,10339.81,1.405252503625743,213,27,107,14,36.97652582159625,258.83568075117375,51.767136150234755,569.4384976525822,356.5,Stockout Risk,Reorder Now,381.0,500.9725175425774,0.0,2.640740740740741,0.07552447552447553
21915,RED  HARMONICA IN BOX ,21903,26294.08,1.415802470920892,247,141,114,7,88.67611336032388,620.7327935222672,124.14655870445345,744.8793522267207,561.0,Stockout Risk,Reorder Now,544.0,794.2651861866204,0.0,2.19140625,0.2508896797153025
21916,SET 12 RETRO WHITE CHALK STICKS,4599,1973.49,0.5357168284789644,206,367,28,9,22.325242718446603,156.27669902912623,31.255339805825248,232.18252427184467,52.0,Overstock,Markdown / Clear,0.0,0.0,168.7508009708738,0.13131313131313133,6.9245283018867925
21917,SET 12 KIDS  WHITE CHALK STICKS,4151,1701.93,0.49775862068965515,145,183,58,18,28.627586206896552,200.39310344827587,40.078620689655175,555.3751724137932,31.5,Overstock,Markdown / Clear,0.0,0.0,75.41043103448276,0.13016528925619836,5.630769230769231
21918,SET 12 KIDS COLOUR  CHALK STICKS,7199,2950.25,0.5101901172529313,199,109,124,3,36.175879396984925,253.23115577889448,50.6462311557789,159.17386934673368,68.5,Healthy,No Action,10.0,0.0,0.0,0.29273504273504275,1.5683453237410072
21922,UNION STRIPE WITH FRINGE  HAMMOCK,898,6944.360000000001,9.21551703163017,137,155,97,3,6.554744525547445,45.88321167883211,9.176642335766422,28.840875912408755,5.0,Overstock,Markdown / Clear,0.0,0.0,1382.3275547445255,0.019762845849802372,25.833333333333332
21925,UNION STRIPE CUSHION COVER ,403,503.75,1.25,56,205,16,19,7.196428571428571,50.375,10.075000000000001,146.80714285714285,4.0,Overstock,Markdown / Clear,0.0,0.0,251.25,0.018018018018018018,41.0
21926,RED/CREAM STRIPE CUSHION COVER ,414,509.9,1.2466071428571428,56,335,106,3,7.392857142857143,51.75,10.350000000000001,32.52857142857143,0.0,Overstock,Markdown / Clear,0.0,0.0,417.61339285714286,0.0,335.0
21927,BLUE/CREAM STRIPE CUSHION COVER ,623,771.15,1.2478651685393258,89,197,42,15,7.0,49.0,9.8,114.8,13.0,Overstock,Markdown / Clear,0.0,0.0,229.60719101123595,0.05416666666666667,14.071428571428571
21928,JUMBO BAG SCANDINAVIAN BLUE PAISLEY,8411,17239.69,2.579316799176246,217,47,79,11,38.76036866359447,271.3225806451613,54.26451612903226,480.62857142857143,173.0,Stockout Risk,Reorder Now,180.0,446.2218062574906,0.0,1.3622047244094488,0.27011494252873564
21928,JUMBO BAG SCANDINAVIAN PAISLEY,2057,3904.72,2.532585034013606,56,239,193,17,36.732142857142854,257.125,51.425000000000004,675.8714285714285,0.0,Overstock,Markdown / Clear,0.0,0.0,605.2878231292518,0.0,239.0
21929,JUMBO BAG PINK VINTAGE PAISLEY,11006,23179.06,2.670629842976617,279,376,161,5,39.448028673835125,276.1362007168459,55.22724014336919,252.4673835125448,139.0,Overstock,Markdown / Clear,0.0,0.0,632.9392727854582,0.258364312267658,2.6857142857142855
21930,JUMBO STORAGE BAG SKULLS,6438,14006.2,2.6989363678804854,255,60,7,16,25.24705882352941,176.72941176470587,35.345882352941175,439.2988235294117,186.5,Stockout Risk,Reorder Now,162.0,503.3516326097105,0.0,2.7426470588235294,0.32
21931,JUMBO STORAGE BAG SUKI,13651,30764.01,2.632399644190165,289,247,140,13,47.23529411764706,330.6470588235294,66.12941176470588,680.1882352941176,217.5,Healthy,No Action,37.0,0.0,0.0,0.5605670103092784,1.1304347826086956
21932,SCANDINAVIAN PAISLEY PICNIC BAG,2720,4995.38,2.213735844586591,201,211,105,14,13.532338308457712,94.72636815920399,18.9452736318408,208.39800995024876,38.0,Overstock,Markdown / Clear,0.0,0.0,382.97630111348025,0.11987381703470032,5.410256410256411
21933,PINK VINTAGE PAISLEY PICNIC BAG,2672,4957.43,2.1910969053469054,185,430,7,15,14.443243243243243,101.1027027027027,20.22054054054054,236.86918918918917,35.5,Overstock,Markdown / Clear,0.0,0.0,864.3877291593542,0.08105022831050228,11.780821917808218
21934,SKULL SHOULDER BAG,2421,4480.28,2.1919563681932104,209,466,95,15,11.583732057416269,81.08612440191388,16.217224880382776,189.97320574162683,82.5,Overstock,Markdown / Clear,0.0,0.0,840.6152672020962,0.14679715302491103,5.580838323353293
21935,SUKI  SHOULDER BAG,3393,6298.61,2.2866536162250446,231,164,93,3,14.688311688311689,102.81818181818183,20.563636363636366,64.62857142857143,143.5,Healthy,No Action,0.0,0.0,0.0,0.5562015503875969,1.1349480968858132
21936,RED RETROSPOT PICNIC BAG,3985,11665.19,3.7249571292904626,216,220,64,12,18.449074074074073,129.1435185185185,25.828703703703702,247.21759259259255,22.5,Overstock,Markdown / Clear,0.0,0.0,735.6790330348664,0.07894736842105263,9.361702127659575
21937,STRAWBERRY   PICNIC BAG,1707,4898.849999999999,3.324197174894423,109,436,170,5,15.660550458715596,109.62385321100918,21.924770642201835,100.22752293577982,4.0,Overstock,Markdown / Clear,0.0,0.0,1436.0531795543907,0.006589785831960461,87.2
21942,SKULLS DESIGN FLANNEL,287,313.01,1.2954398148148147,72,231,38,6,3.986111111111111,27.90277777777778,5.580555555555556,29.497222222222224,23.0,Overstock,Markdown / Clear,0.0,0.0,269.45148148148144,0.08518518518518518,9.625
21943,CAKES AND RABBITS DESIGN FLANNEL ,119,134.48999999999998,1.3004444444444443,45,480,80,18,2.6444444444444444,18.51111111111111,3.702222222222222,51.30222222222223,2.0,Overstock,Markdown / Clear,0.0,0.0,621.6124444444443,0.0035650623885918,160.0
21944,KITTENS DESIGN FLANNEL,337,310.19,1.2205092592592592,72,239,186,10,4.680555555555555,32.763888888888886,6.552777777777777,53.358333333333334,36.0,Overstock,Markdown / Clear,0.0,0.0,247.76337962962964,0.08450704225352113,6.45945945945946
21945,STRAWBERRIES  DESIGN FLANNEL ,358,373.34,1.305513698630137,73,259,83,18,4.904109589041096,34.32876712328767,6.865753424657534,95.13972602739727,17.0,Overstock,Markdown / Clear,0.0,0.0,315.93431506849316,0.04956268221574344,14.38888888888889
21946,PARTY TIME DESIGN FLANNEL,86,75.35,1.0136,25,432,87,19,3.44,24.08,4.816,70.176,6.0,Overstock,Markdown / Clear,0.0,0.0,431.7936,0.011538461538461539,61.714285714285715
21947,SET OF 6 HEART CHOPSTICKS,811,1139.65,1.7596666666666665,105,416,85,17,7.723809523809524,54.06666666666667,10.813333333333334,142.11809523809524,6.0,Overstock,Markdown / Clear,0.0,0.0,721.4633333333333,0.01195219123505976,59.42857142857143
21948,SET OF 6 CAKE CHOPSTICKS,640,978.23,1.8784774774774775,111,65,92,18,5.7657657657657655,40.36036036036036,8.072072072072073,111.85585585585585,5.5,Overstock,Markdown / Clear,0.0,0.0,111.76940990990991,0.03481012658227848,10.0
21949,SET OF 6 STRAWBERRY CHOPSTICKS,801,1054.44,1.8121440972222222,96,54,85,17,8.34375,58.40625,11.68125,153.525,6.5,Overstock,Markdown / Clear,0.0,0.0,86.07684461805556,0.04642857142857143,7.2
21955,DOORMAT UNION JACK GUNS AND ROSES,1228,7580.82,9.297005555555556,150,272,43,4,8.186666666666667,57.30666666666667,11.461333333333336,44.208000000000006,7.0,Overstock,Markdown / Clear,0.0,0.0,2463.706472222222,0.022151898734177215,34.0
21967,PACK OF 12 SKULL TISSUES,5271,1582.1499999999999,0.43795973154362416,149,409,136,13,35.375838926174495,247.63087248322148,49.5261744966443,509.41208053691275,28.0,Overstock,Markdown / Clear,0.0,0.0,166.8626577181208,0.05128205128205128,14.10344827586207
21972,SET OF 36 DINOSAUR PAPER DOILIES,335,499.08,1.7465094339622642,53,101,164,3,6.320754716981132,44.24528301886792,8.849056603773585,27.81132075471698,0.0,Overstock,Markdown / Clear,0.0,0.0,176.39745283018868,0.0,101.0
21973,SET OF 36 MUSHROOM PAPER DOILIES,159,230.54999999999998,1.45,30,390,73,17,5.3,37.1,7.420000000000001,97.52,0.0,Overstock,Markdown / Clear,0.0,0.0,565.5,0.0,390.0
21974,SET OF 36 PAISLEY FLOWER DOILIES,2219,3545.6,2.0866683087027913,203,275,35,6,10.931034482758621,76.51724137931035,15.30344827586207,80.8896551724138,54.5,Overstock,Markdown / Clear,0.0,0.0,460.11036206896546,0.1752411575562701,4.954954954954955
21975,PACK OF 60 DINOSAUR CAKE CASES,12312,6102.51,0.6297529644268776,253,216,100,13,48.66403162055336,340.6482213438735,68.1296442687747,700.7620553359683,86.0,Overstock,Markdown / Clear,0.0,0.0,81.86788537549408,0.27129337539432175,2.4827586206896552
21976,PACK OF 60 MUSHROOM CAKE CASES,5199,2869.9,0.8369887892376682,223,322,155,7,23.31390134529148,163.19730941704037,32.639461883408075,195.83677130044845,51.0,Overstock,Markdown / Clear,0.0,0.0,226.8239618834081,0.10669456066945607,6.1923076923076925
21977,PACK OF 60 PINK PAISLEY CAKE CASES,24820,12226.32,0.7203000188740262,277,428,169,5,89.6028880866426,627.2202166064982,125.44404332129965,573.4584837545126,222.5,Healthy,No Action,0.0,0.0,0.0,0.3720735785953177,1.9149888143176734
21980,PACK OF 12 RED RETROSPOT TISSUES ,6685,2121.18,0.40523443223443223,182,469,170,15,36.73076923076923,257.11538461538464,51.423076923076934,602.3846153846154,48.0,Overstock,Markdown / Clear,0.0,0.0,170.60369597069598,0.075,9.571428571428571
21981,PACK OF 12 WOODLAND TISSUES ,5468,1651.3,0.4662556237218814,163,29,169,12,33.54601226993865,234.82208588957056,46.964417177914115,449.51656441717796,38.5,Healthy,No Action,56.0,0.0,0.0,0.1934673366834171,0.7341772151898734
21982,PACK OF 12 SUKI TISSUES ,7173,2215.61,0.4600160744500846,197,331,103,13,36.411167512690355,254.87817258883248,50.9756345177665,524.3208121827411,67.0,Overstock,Markdown / Clear,0.0,0.0,121.44424365482233,0.15402298850574714,4.867647058823529
21983,PACK OF 12 BLUE PAISLEY TISSUES ,2301,777.67,0.44663888888888886,120,305,65,20,19.175,134.225,26.845,410.345,36.0,Overstock,Markdown / Clear,0.0,0.0,120.1458611111111,0.09703504043126684,8.243243243243244
21984,PACK OF 12 PINK PAISLEY TISSUES ,3458,1112.6,0.467008658008658,154,261,54,4,22.454545454545453,157.1818181818182,31.436363636363637,121.25454545454545,22.5,Overstock,Markdown / Clear,0.0,0.0,111.38156493506493,0.07120253164556962,11.106382978723405
21985,PACK OF 12 HEARTS DESIGN TISSUES ,8775,2729.5099999999998,0.41528134556574925,218,270,199,9,40.25229357798165,281.76605504587155,56.353211009174316,418.6238532110092,86.5,Overstock,Markdown / Clear,0.0,0.0,76.20412691131499,0.18404255319148935,3.085714285714286
21986,PACK OF 12 PINK POLKADOT TISSUES,4067,1197.73,0.4117156862745098,136,384,175,11,29.904411764705884,209.3308823529412,41.86617647058824,370.814705882353,20.0,Overstock,Markdown / Clear,0.0,0.0,149.86450980392155,0.03571428571428571,18.285714285714285
21987,PACK OF 6 SKULL PAPER CUPS,2113,1346.65,0.7798507462686567,134,24,90,12,15.76865671641791,110.38059701492537,22.076119402985075,211.3,14.0,Healthy,No Action,12.0,0.0,0.0,0.12173913043478261,1.6
21988,PACK OF 6 SKULL PAPER PLATES,2321,1862.75,1.005948905109489,137,138,21,20,16.94160583941606,118.59124087591242,23.718248175182485,362.5503649635037,13.5,Overstock,Markdown / Clear,0.0,0.0,125.24063868613138,0.084375,9.517241379310345
21989,PACK OF 20 SKULL PAPER NAPKINS,2409,2233.1,1.125766830870279,203,308,100,9,11.866995073891626,83.06896551724138,16.613793103448277,123.41674876847291,29.5,Overstock,Markdown / Clear,0.0,0.0,313.5260623973727,0.07212713936430318,10.098360655737705
21990,MODERN FLORAL STATIONERY SET,1672,2870.0,2.0601696900982613,189,393,154,9,8.846560846560847,61.925925925925924,12.385185185185186,92.0042328042328,72.5,Overstock,Markdown / Clear,0.0,0.0,660.2843856764928,0.1322992700729927,5.346938775510204
21991,BOHEMIAN COLLAGE STATIONERY SET,635,1080.82,2.0251842723004696,142,84,120,5,4.471830985915493,31.302816901408452,6.260563380281691,28.619718309859156,30.0,Overstock,Markdown / Clear,0.0,0.0,109.35995070422535,0.14634146341463414,2.7096774193548385
21992,VINTAGE PAISLEY STATIONERY SET,1901,3510.72,2.1652660859465738,205,165,92,14,9.273170731707317,64.91219512195121,12.982439024390244,142.80682926829266,0.0,Overstock,Markdown / Clear,0.0,0.0,357.26890418118467,0.0,165.0
21993,FLORAL FOLK STATIONERY SET,1937,3355.84,2.100828857279792,214,243,194,9,9.051401869158878,63.35981308411215,12.67196261682243,94.13457943925233,93.0,Overstock,Markdown / Clear,0.0,0.0,315.1243285919688,0.21232876712328766,2.5851063829787235
22016,Dotcomgiftshop Gift Voucher £100.00,1,83.33,83.33,1,258,107,19,1.0,7.0,1.4000000000000001,20.4,0.0,Overstock,Markdown / Clear,0.0,0.0,21499.14,0.0,258.0
22021,BLUE FELT EASTER EGG BASKET,365,610.45,1.7152272727272726,44,196,140,3,8.295454545454545,58.06818181818181,11.613636363636363,36.5,0.0,Overstock,Markdown / Clear,0.0,0.0,336.18454545454546,0.0,196.0
22023,EMPIRE BIRTHDAY CARD,1206,538.72,0.607463768115942,115,286,172,7,10.486956521739131,73.40869565217392,14.681739130434785,88.0904347826087,14.5,Overstock,Markdown / Clear,0.0,0.0,164.92641304347828,0.03159041394335512,18.451612903225808
22024,RAINY LADIES BIRTHDAY CARD,2406,1023.73,0.5844580498866213,147,360,9,18,16.367346938775512,114.57142857142858,22.914285714285718,317.5265306122449,18.0,Overstock,Markdown / Clear,0.0,0.0,199.8846530612245,0.04864864864864865,18.94736842105263
22025,RING OF ROSES BIRTHDAY CARD,1835,761.05,0.5547169811320755,106,301,8,17,17.31132075471698,121.17924528301887,24.235849056603776,318.52830188679246,9.5,Overstock,Markdown / Clear,0.0,0.0,161.7,0.03064516129032258,28.666666666666668
22026,BANQUET BIRTHDAY  CARD  ,1644,712.08,0.5715762273901809,129,82,181,4,12.744186046511627,89.20930232558139,17.84186046511628,68.81860465116279,20.0,Overstock,Markdown / Clear,0.0,0.0,35.43772609819121,0.07575757575757576,3.9047619047619047
22027,TEA PARTY BIRTHDAY CARD,4368,1873.71,0.5377555555555555,210,236,154,11,20.8,145.6,29.12,257.92,57.0,Overstock,Markdown / Clear,0.0,0.0,96.25824444444444,0.14578005115089515,4.068965517241379
22028,PENNY FARTHING BIRTHDAY CARD,3042,1304.14,0.5401546906187624,167,361,33,9,18.21556886227545,127.50898203592816,25.501796407185633,189.4419161676647,52.0,Overstock,Markdown / Clear,0.0,0.0,166.9077994011976,0.13164556962025317,6.811320754716981
22029,SPACEBOY BIRTHDAY CARD,8161,3387.57,0.5148906882591093,247,334,128,6,33.040485829959515,231.2834008097166,46.25668016194332,244.4995951417004,202.5,Healthy,No Action,0.0,0.0,0.0,0.4373650107991361,1.6412776412776413
22030,SWALLOWS GREETING CARD,5527,2237.89,0.46805729166666665,160,302,159,20,34.54375,241.80625000000003,48.36125000000001,739.23625,369.0,Healthy,No Action,115.0,0.0,0.0,0.7987012987012987,0.8162162162162162
22031,BOTANICAL LAVENDER BIRTHDAY CARD,504,225.59,0.5271923076923076,65,196,88,6,7.753846153846154,54.276923076923076,10.855384615384615,57.378461538461536,14.0,Overstock,Markdown / Clear,0.0,0.0,95.94899999999998,0.04912280701754386,13.066666666666666
22032,BOTANICAL LILY GREETING CARD,427,181.98,0.4509375,48,480,92,15,8.895833333333334,62.270833333333336,12.454166666666667,145.89166666666668,0.0,Overstock,Markdown / Clear,0.0,0.0,216.45,0.0,480.0
22033,BOTANICAL ROSE GREETING CARD,337,141.95,0.43863636363636366,22,436,70,3,15.318181818181818,107.22727272727273,21.44545454545455,67.4,0.0,Overstock,Markdown / Clear,0.0,0.0,191.24545454545455,0.0,436.0
22034,ROBIN CHRISTMAS CARD,10,5.02,0.625,4,117,66,5,2.5,17.5,3.5,16.0,0.0,Overstock,Markdown / Clear,0.0,0.0,73.125,0.0,117.0
22035,VINTAGE CARAVAN GREETING CARD ,1452,617.32,0.5800082508250824,101,124,147,18,14.376237623762377,100.63366336633663,20.126732673267327,278.8990099009901,0.0,Overstock,Markdown / Clear,0.0,0.0,71.92102310231023,0.0,124.0
22037,ROBOT BIRTHDAY CARD,3929,1695.32,0.5325626102292769,189,118,116,6,20.788359788359788,145.5185185185185,29.1037037037037,153.83386243386244,165.5,Healthy,No Action,77.0,0.0,0.0,0.7042553191489361,0.7087087087087087
22038,BOTANICAL LAVENDER GIFT WRAP ,475,199.5,0.42,19,404,93,18,25.0,175.0,35.0,485.0,0.0,Overstock,Markdown / Clear,0.0,0.0,169.68,0.0,404.0
22039,BOTANICAL LILY GIFT WRAP,250,105.0,0.42,7,424,162,3,35.714285714285715,250.0,50.0,157.14285714285714,0.0,Overstock,Markdown / Clear,0.0,0.0,178.07999999999998,0.0,424.0
22040,BOTANICAL ROSE GIFT WRAP,725,304.5,0.42,27,330,98,7,26.85185185185185,187.96296296296296,37.592592592592595,225.55555555555554,0.0,Overstock,Markdown / Clear,0.0,0.0,138.6,0.0,330.0
22041,"RECORD FRAME 7"" SINGLE SIZE ",4374,11354.56,3.5854409671084926,194,25,112,13,22.54639175257732,157.82474226804123,31.56494845360825,324.6680412371134,88.0,Healthy,No Action,95.0,0.0,0.0,0.6376811594202898,0.2808988764044944
22042,CHRISTMAS CARD SINGING ANGEL,399,168.33,0.43516129032258066,31,495,102,15,12.870967741935484,90.09677419354838,18.019354838709678,211.08387096774194,30.0,Overstock,Markdown / Clear,0.0,0.0,202.35,0.05016722408026756,15.96774193548387
22043,CHRISTMAS CARD SCREEN PRINT ,1238,304.5,0.309,55,484,90,7,22.509090909090908,157.56363636363636,31.512727272727275,189.07636363636362,98.0,Overstock,Markdown / Clear,0.0,0.0,119.274,0.17043478260869566,4.888888888888889
22044,CHRISTMAS CARD STACK OF PRESENTS,816,196.44,0.26666666666666666,24,216,89,6,34.0,238.0,47.6,251.6,0.0,Overstock,Markdown / Clear,0.0,0.0,57.6,0.0,216.0
22045,SPACEBOY GIFT WRAP,6527,2673.34,0.4188965517241379,145,370,16,6,45.01379310344828,315.09655172413795,63.019310344827595,333.1020689655173,75.0,Overstock,Markdown / Clear,0.0,0.0,123.57448275862069,0.1937984496124031,4.868421052631579
22046,TEA PARTY  WRAPPING PAPER ,2250,929.0,0.419375,64,152,17,6,35.15625,246.09375,49.21875,260.15625,0.0,Overstock,Markdown / Clear,0.0,0.0,63.745,0.0,152.0
22047,EMPIRE GIFT WRAP,3375,1373.5,0.4174117647058823,85,377,172,6,39.705882352941174,277.94117647058823,55.58823529411765,293.8235294117647,0.0,Overstock,Markdown / Clear,0.0,0.0,157.36423529411763,0.0,377.0
22048,BIRTHDAY BANQUET GIFT WRAP,975,393.5,0.41724137931034483,29,278,115,20,33.62068965517241,235.3448275862069,47.06896551724138,719.4827586206897,25.0,Overstock,Markdown / Clear,0.0,0.0,105.56206896551724,0.06345177664974619,10.692307692307692
22049,WRAP CHRISTMAS SCREEN PRINT,1050,291.5,0.27999999999999997,23,456,92,20,45.65217391304348,319.5652173913043,63.91304347826087,976.9565217391304,0.0,Overstock,Markdown / Clear,0.0,0.0,127.67999999999999,0.0,456.0
22050,PINK PAISLEY ROSE GIFT WRAP,1225,498.5,0.41888888888888887,36,42,180,18,34.02777777777778,238.19444444444446,47.63888888888889,660.1388888888889,25.0,Healthy,No Action,31.0,0.0,0.0,0.11210762331838565,1.6153846153846154
22051,BLUE SCANDINAVIAN PAISLEY WRAP,975,409.5,0.42,38,72,90,11,25.657894736842106,179.60526315789474,35.92105263157895,318.15789473684214,0.0,Overstock,Markdown / Clear,0.0,0.0,30.24,0.0,72.0
22052,VINTAGE CARAVAN GIFT WRAP,650,273.0,0.42,24,184,81,20,27.083333333333332,189.58333333333331,37.916666666666664,579.5833333333333,0.0,Overstock,Markdown / Clear,0.0,0.0,77.28,0.0,184.0
22053,EMPIRE DESIGN ROSETTE,4244,3606.42,1.2298076923076924,26,221,67,4,163.23076923076923,1142.6153846153845,228.52307692307693,881.4461538461538,0.0,Overstock,Markdown / Clear,8.0,0.0,271.7875,0.0,221.0
22055,MINI CAKE STAND  HANGING STRAWBERY,1375,2083.19,2.1147283950617286,135,477,192,6,10.185185185185185,71.29629629629629,14.25925925925926,75.37037037037038,240.0,Healthy,No Action,0.0,0.0,0.0,0.3582089552238806,1.979253112033195
22057,CERAMIC PLATE STRAWBERRY DESIGN,584,667.92,1.5154166666666666,48,102,113,14,12.166666666666666,85.16666666666666,17.03333333333333,187.36666666666665,160.0,Healthy,No Action,75.0,0.0,0.0,0.7407407407407407,0.6335403726708074
22059,CERAMIC STRAWBERRY DESIGN MUG,1780,2081.54,1.7568428184281843,123,164,0,9,14.471544715447154,101.30081300813008,20.260162601626018,150.5040650406504,267.0,Stockout Risk,Reorder Now,123.0,469.07703252032525,0.0,1.6181818181818182,0.6119402985074627
22060,LARGE CAKE STAND HANGING HEARTS,231,1111.05,5.740384615384615,26,104,57,17,8.884615384615385,62.19230769230769,12.438461538461539,163.47692307692307,0.0,Overstock,Markdown / Clear,0.0,0.0,597.0,0.0,104.0
22061,LARGE CAKE STAND  HANGING STRAWBERY,582,4218.0599999999995,10.701710144927535,115,97,153,9,5.060869565217391,35.42608695652174,7.085217391304349,52.633043478260866,111.5,Healthy,No Action,22.0,0.0,0.0,0.4442231075697211,0.8622222222222222
22062,CERAMIC BOWL WITH LOVE HEART DESIGN,583,677.86,1.622226775956284,61,476,108,19,9.557377049180328,66.90163934426229,13.38032786885246,194.9704918032787,0.0,Overstock,Markdown / Clear,0.0,0.0,772.1799453551912,0.0,476.0
22063,CERAMIC BOWL WITH STRAWBERRY DESIGN,583,1367.45,3.6194845360824743,97,385,147,18,6.010309278350515,42.072164948453604,8.414432989690722,116.60000000000001,182.0,Overstock,Markdown / Clear,0.0,0.0,734.7553608247423,0.34146341463414637,2.1038251366120218
22064,PINK DOUGHNUT TRINKET POT ,1728,2546.3,2.18619427402863,163,20,115,11,10.60122699386503,74.20858895705521,14.841717791411043,131.45521472392636,219.5,Stockout Risk,Reorder Now,214.0,479.8696431492843,0.0,1.6139705882352942,0.09070294784580499
22065,CHRISTMAS PUDDING TRINKET POT ,6729,3462.25,1.3278790476190476,100,70,86,16,67.29,471.03000000000003,94.20600000000002,1170.846,302.0,Stockout Risk,Reorder Now,326.0,401.0194723809524,0.0,1.9235668789808917,0.23102310231023102
22066,LOVE HEART TRINKET POT,2239,1044.81,0.6794339622641509,106,192,9,19,21.12264150943396,147.85849056603774,29.57169811320755,430.90188679245284,0.0,Overstock,Markdown / Clear,0.0,0.0,130.45132075471696,0.0,192.0
22067,CHOC TRUFFLE GOLD TRINKET POT ,408,638.62,2.098888888888889,63,224,58,7,6.476190476190476,45.333333333333336,9.066666666666668,54.400000000000006,26.5,Overstock,Markdown / Clear,0.0,0.0,414.53055555555557,0.09363957597173145,8.145454545454545
22068,BLACK PIRATE TREASURE CHEST,526,856.39,2.52536858974359,104,279,40,4,5.0576923076923075,35.40384615384615,7.080769230769231,27.31153846153846,85.5,Overstock,Markdown / Clear,0.0,0.0,488.6588221153846,0.2671875,3.2254335260115607
22069,BROWN  PIRATE TREASURE CHEST ,414,993.5,3.2656498316498315,99,465,104,18,4.181818181818182,29.272727272727273,5.854545454545455,81.12727272727273,62.0,Overstock,Markdown / Clear,0.0,0.0,1316.056882154882,0.10877192982456141,7.380952380952381
22070,SMALL RED RETROSPOT MUG IN BOX ,948,2354.4,4.298058943089431,82,468,132,16,11.560975609756097,80.92682926829268,16.185365853658535,201.1609756097561,6.0,Overstock,Markdown / Clear,0.0,0.0,1985.703231707317,0.009983361064891847,66.85714285714286
22071,SMALL WHITE RETROSPOT MUG IN BOX ,729,1384.3,3.9355952380952384,70,388,121,16,10.414285714285715,72.9,14.580000000000002,181.20857142857145,6.0,Overstock,Markdown / Clear,0.0,0.0,1503.3973809523811,0.011764705882352941,55.42857142857143
22072,RED RETROSPOT TEA CUP AND SAUCER ,848,2811.17,4.0821604938271605,108,307,192,3,7.851851851851852,54.96296296296296,10.992592592592594,34.54814814814815,102.5,Overstock,Markdown / Clear,0.0,0.0,834.8018209876543,0.205,2.966183574879227
22073,RED RETROSPOT STORAGE JAR,334,1336.14,5.073301282051282,52,53,144,5,6.423076923076923,44.96153846153847,8.992307692307694,41.107692307692304,0.0,Overstock,Markdown / Clear,0.0,0.0,268.88496794871793,0.0,53.0
22074,6 RIBBONS SHIMMERING PINKS ,1402,1239.67,1.535385831381733,122,367,21,9,11.491803278688524,80.44262295081967,16.088524590163935,119.51475409836064,105.0,Overstock,Markdown / Clear,0.0,0.0,402.27108782201407,0.2699228791773779,3.4622641509433962
22075,6 RIBBONS ELEGANT CHRISTMAS ,1773,2489.0299999999997,1.9287342079689018,98,114,97,17,18.091836734693878,126.64285714285714,25.32857142857143,332.8897959183673,285.0,Stockout Risk,Reorder Now,196.0,549.689249271137,0.0,1.3443396226415094,0.3986013986013986
22076,6 RIBBONS EMPIRE  ,1259,1667.88,1.7359305555555555,140,91,168,4,8.992857142857142,62.949999999999996,12.59,48.561428571428564,201.5,Healthy,No Action,123.0,0.0,0.0,0.775,0.44938271604938274
22077,6 RIBBONS RUSTIC CHARM,9172,17186.62,2.1908291446208112,288,58,67,11,31.84722222222222,222.93055555555554,44.58611111111111,394.90555555555557,171.5,Stockout Risk,Reorder Now,158.0,375.7271983024691,0.0,1.3611111111111112,0.336231884057971
22078,RIBBON REEL LACE DESIGN ,1369,2923.21,2.6710941475826973,131,173,196,7,10.450381679389313,73.1526717557252,14.63053435114504,87.78320610687024,26.0,Overstock,Markdown / Clear,0.0,0.0,392.6508396946565,0.07027027027027027,6.407407407407407
22079,RIBBON REEL HEARTS DESIGN ,1897,3325.29,2.054257207207207,185,269,138,20,10.254054054054054,71.77837837837838,14.355675675675677,219.43675675675675,41.0,Overstock,Markdown / Clear,0.0,0.0,468.37064324324325,0.10049019607843138,6.404761904761905
22080,RIBBON REEL POLKADOTS ,1206,2003.48,1.9954814814814814,90,181,55,18,13.4,93.8,18.76,259.96000000000004,37.0,Overstock,Markdown / Clear,0.0,0.0,287.34933333333333,0.15611814345991562,4.7631578947368425
22081,RIBBON REEL FLORA + FAUNA ,644,1176.5,2.3420748299319727,98,457,178,6,6.571428571428571,46.0,9.200000000000001,48.62857142857143,18.5,Overstock,Markdown / Clear,0.0,0.0,1026.99981292517,0.02908805031446541,23.435897435897434
22082,RIBBON REEL STRIPES DESIGN ,2680,4661.88,1.9912580342481818,203,137,148,14,13.201970443349754,92.41379310344828,18.48275862068966,203.31034482758622,74.5,Healthy,No Action,0.0,0.0,0.0,0.26048951048951047,1.814569536423841
22083,PAPER CHAIN KIT RETROSPOT,4616,14051.640000000001,3.724606162464986,255,278,98,9,18.101960784313725,126.71372549019608,25.342745098039217,188.26039215686274,115.0,Overstock,Markdown / Clear,0.0,0.0,607.1108044817927,0.3050397877984085,2.396551724137931
22084,PAPER CHAIN KIT EMPIRE,5181,15099.37,3.2930876088931647,135,398,75,16,38.37777777777778,268.64444444444445,53.72888888888889,667.7733333333333,11.0,Overstock,Markdown / Clear,0.0,0.0,1274.4249046416546,0.023206751054852322,33.166666666666664
22085,PAPER CHAIN KIT SKULLS ,548,1566.99,3.1650196078431376,85,325,25,14,6.447058823529412,45.129411764705885,9.025882352941178,99.28470588235295,11.0,Overstock,Markdown / Clear,0.0,0.0,993.8161568627452,0.03133903133903134,27.083333333333332
22086,PAPER CHAIN KIT 50'S CHRISTMAS ,19329,64875.590000000004,3.675551404835083,161,287,114,5,120.05590062111801,840.3913043478261,168.07826086956524,768.3577639751553,1527.0,Stockout Risk,Reorder Now,1408.0,5612.5669951831715,0.0,3.798507462686567,0.18782722513089006
22087,PAPER BUNTING WHITE LACE,4082,11872.58,3.4314939958592134,115,468,146,7,35.495652173913044,248.4695652173913,49.69391304347826,298.16347826086957,46.0,Overstock,Markdown / Clear,0.0,0.0,1448.0904662525882,0.07479674796747968,9.957446808510639
22088,PAPER BUNTING COLOURED LACE,1893,5661.05,3.5221845730027552,121,73,108,19,15.644628099173554,109.51239669421487,21.902479338842976,319.1504132231405,0.0,Overstock,Markdown / Clear,0.0,0.0,257.1194738292011,0.0,73.0
22089,PAPER BUNTING VINTAGE PAISLEY,1423,4457.43,3.452328748890861,161,255,187,12,8.838509316770187,61.86956521739131,12.373913043478263,118.43602484472052,9.0,Overstock,Markdown / Clear,0.0,0.0,849.2728722271518,0.020316027088036117,25.5
22090,PAPER BUNTING RETROSPOT,7562,22785.06,3.668340170349245,261,408,198,12,28.973180076628353,202.81226053639847,40.5624521072797,388.2406130268199,59.5,Overstock,Markdown / Clear,0.0,0.0,1278.416549366712,0.09802306425041186,6.743801652892562
22091,EMPIRE TISSUE BOX,1983,1030.1,0.9602847222222223,120,497,46,13,16.525,115.67499999999998,23.134999999999998,237.95999999999998,13.0,Overstock,Markdown / Clear,0.0,0.0,464.7778055555556,0.02389705882352941,35.5
22092,BLUE PAISLEY TISSUE BOX,670,321.4,0.5677611940298507,67,241,70,19,10.0,70.0,14.0,204.0,5.5,Overstock,Markdown / Clear,0.0,0.0,133.70776119402984,0.017628205128205128,37.07692307692308
22093,MOTORING TISSUE BOX,1830,822.13,0.6373979591836735,98,270,153,7,18.6734693877551,130.71428571428572,26.142857142857146,156.85714285714286,34.0,Overstock,Markdown / Clear,0.0,0.0,150.42591836734695,0.08018867924528301,7.714285714285714
22094,RED RETROSPOT TISSUE BOX,2166,1135.0,1.164209923664122,131,332,39,15,16.53435114503817,115.74045801526718,23.148091603053437,271.163358778626,51.5,Overstock,Markdown / Clear,0.0,0.0,326.5608835877862,0.13844086021505375,6.3238095238095235
22095,LADS ONLY TISSUE BOX,1643,1605.96,1.1112735507246376,92,420,132,12,17.858695652173914,125.0108695652174,25.00217391304348,239.30652173913046,81.0,Overstock,Markdown / Clear,0.0,0.0,376.7217336956522,0.14647377938517178,5.121951219512195
22096,PINK PAISLEY SQUARE TISSUE BOX ,1366,584.09,0.7105625,80,131,148,11,17.075,119.52499999999999,23.905,211.73,113.0,Healthy,No Action,6.0,0.0,0.0,0.4035714285714286,1.1491228070175439
22097,SWALLOW SQUARE TISSUE BOX,1596,732.39,0.7695601851851852,108,274,131,19,14.777777777777779,103.44444444444446,20.688888888888894,301.46666666666664,112.0,Overstock,Markdown / Clear,0.0,0.0,124.66875,0.27586206896551724,2.424778761061947
22098,BOUDOIR SQUARE TISSUE BOX,1992,1001.55,1.0459563164108618,121,322,22,3,16.462809917355372,115.2396694214876,23.04793388429752,72.43636363636364,72.0,Overstock,Markdown / Clear,0.0,0.0,261.48907910271544,0.20869565217391303,4.410958904109589
22099,CARAVAN SQUARE TISSUE BOX,1440,800.59,0.9708259587020649,113,426,105,6,12.743362831858407,89.20353982300885,17.840707964601773,94.30088495575222,13.5,Overstock,Markdown / Clear,0.0,0.0,400.4657079646018,0.02537593984962406,29.379310344827587
22100,SKULLS SQUARE TISSUE BOX,755,354.82,1.0891176470588235,51,226,83,6,14.803921568627452,103.62745098039215,20.725490196078432,109.54901960784315,55.5,Overstock,Markdown / Clear,0.0,0.0,185.6945588235294,0.17903225806451614,4.0
22101,MIRROR MOSAIC VOTIVE HOLDER,1438,2053.17,2.2777575757575756,55,248,142,20,26.145454545454545,183.0181818181818,36.60363636363636,559.5127272727273,16.0,Overstock,Markdown / Clear,0.0,0.0,528.4397575757575,0.04092071611253197,14.588235294117647
22102,MIRROR MOSAIC T-LIGHT HOLDER ,1622,831.84,2.1614285714285715,28,360,115,11,57.92857142857143,405.5,81.10000000000001,718.3142857142858,0.0,Overstock,Markdown / Clear,0.0,0.0,778.1142857142858,0.0,360.0
22103,MIRROR MOSAIC T-LIGHT HOLDER ROUND,1248,908.24,2.2552173913043476,23,417,108,20,54.26086956521739,379.82608695652175,75.96521739130435,1161.182608695652,0.0,Overstock,Markdown / Clear,0.0,0.0,940.4256521739129,0.0,417.0
22104,MIRROR MOSAIC CANDLE PLATE,288,343.71,1.574259259259259,54,85,135,16,5.333333333333333,37.33333333333333,7.466666666666666,92.8,11.0,Overstock,Markdown / Clear,0.0,0.0,116.49518518518516,0.049773755656108594,7.083333333333333
22105,MIRROR MOSAIC GOBLET CANDLE HOLDER,574,847.82,4.062,30,94,40,17,19.133333333333333,133.93333333333334,26.78666666666667,352.05333333333334,3.5,Overstock,Markdown / Clear,0.0,0.0,367.61100000000005,0.025925925925925925,20.88888888888889
22106,MIRROR MOSAIC HURRICANE LAMP ,349,898.38,5.218414634146341,41,454,111,8,8.512195121951219,59.58536585365853,11.917073170731706,80.01463414634146,5.0,Overstock,Markdown / Clear,0.0,0.0,2343.068170731707,0.0088339222614841,75.66666666666667
22107,PIZZA PLATE IN BOX,592,2153.06,4.269802752293578,109,122,146,12,5.431192660550459,38.018348623853214,7.6036697247706435,72.77798165137615,82.0,Healthy,No Action,0.0,0.0,0.0,0.3048327137546468,1.4698795180722892
22108,PING! MICROWAVE PLATE,152,415.09,3.1449019607843134,51,441,111,17,2.980392156862745,20.862745098039216,4.172549019607843,54.839215686274514,32.0,Overstock,Markdown / Clear,0.0,0.0,1286.264901960784,0.05786618444846293,13.363636363636363
22109,FULL ENGLISH BREAKFAST PLATE,1640,6921.15,5.558632696390658,157,211,102,6,10.445859872611464,73.12101910828025,14.624203821656051,77.29936305732484,102.0,Overstock,Markdown / Clear,0.0,0.0,605.8909639065818,0.3248407643312102,2.0485436893203883
22110,BIRD HOUSE HOT WATER BOTTLE,1172,4912.14,4.326689795918368,140,271,45,20,8.371428571428572,58.6,11.72,179.14857142857144,94.0,Overstock,Markdown / Clear,0.0,0.0,765.824093877551,0.29652996845425866,2.8526315789473684
22111,SCOTTIE DOG HOT WATER BOTTLE,4655,24455.390000000003,5.993279385088596,190,245,155,20,24.5,171.5,34.300000000000004,524.3,273.5,Healthy,No Action,63.0,0.0,0.0,0.6820448877805486,0.8925318761384335
22112,CHOCOLATE HOT WATER BOTTLE,6017,32826.58,6.667307855432855,222,313,67,19,27.103603603603602,189.72522522522522,37.94504504504504,552.9135135135135,391.5,Stockout Risk,Reorder Now,116.0,2610.251025401963,0.0,1.0275590551181102,0.7974522292993631
22113,GREY HEART HOT WATER BOTTLE,3220,12763.08,4.3347582109919065,184,325,121,14,17.5,122.5,24.5,269.5,97.5,Overstock,Markdown / Clear,0.0,0.0,986.1574930006587,0.2181208053691275,3.299492385786802
22114,HOT WATER BOTTLE TEA AND SYMPATHY,5740,32973.44,5.096331670229106,117,117,14,9,49.05982905982906,343.41880341880346,68.6837606837607,510.22222222222223,461.5,Stockout Risk,Reorder Now,413.0,2351.9570658107323,0.0,3.496212121212121,0.252972972972973
22115,METAL SIGN EMPIRE TEA,1549,2020.91,2.4891666666666667,156,357,164,18,9.929487179487179,69.50641025641025,13.90128205128205,192.63205128205126,42.0,Overstock,Markdown / Clear,0.0,0.0,784.0875,0.08045977011494253,8.30232558139535
22116,METAL SIGN HIS DINNER IS SERVED,575,620.42,1.500905172413793,116,305,128,13,4.956896551724138,34.69827586206897,6.939655172413794,71.37931034482759,9.0,Overstock,Markdown / Clear,0.0,0.0,444.26793103448273,0.020737327188940093,30.5
22117,METAL SIGN HER DINNER IS SERVED ,1320,3896.4500000000003,2.9626160337552743,79,354,194,16,16.70886075949367,116.9620253164557,23.39240506329114,290.7341772151899,4.0,Overstock,Markdown / Clear,0.0,0.0,1036.915611814346,0.007285974499089253,70.8
22118,JOY WOODEN BLOCK LETTERS,230,895.26,5.698825396825397,63,366,110,5,3.6507936507936507,25.555555555555554,5.111111111111111,23.365079365079364,49.0,Overstock,Markdown / Clear,0.0,0.0,1806.5276507936508,0.10272536687631027,7.32
22119,PEACE WOODEN BLOCK LETTERS,345,1734.8700000000001,6.834380281690141,71,454,23,20,4.859154929577465,34.014084507042256,6.802816901408452,103.98591549295774,70.5,Overstock,Markdown / Clear,0.0,0.0,2620.984838028169,0.14748953974895398,6.34965034965035
22120,WELCOME  WOODEN BLOCK LETTERS,523,5247.09,11.163773148148147,144,466,26,12,3.6319444444444446,25.423611111111114,5.084722222222223,48.66805555555556,4.5,Overstock,Markdown / Clear,0.0,0.0,5152.0813078703695,0.009127789046653144,84.72727272727273
22121,NOEL WOODEN BLOCK LETTERS ,352,2159.7000000000003,6.816526104417671,83,327,39,8,4.240963855421687,29.68674698795181,5.937349397590363,39.86506024096386,8.0,Overstock,Markdown / Clear,0.0,0.0,2174.471827309237,0.021798365122615803,36.333333333333336
22123,PING MICROWAVE APRON,508,1068.3799999999999,3.163028673835125,93,268,190,15,5.462365591397849,38.236559139784944,7.647311827956989,89.58279569892471,57.0,Overstock,Markdown / Clear,0.0,0.0,667.3990501792114,0.12418300653594772,4.620689655172414
22124,SET OF 2 TEA TOWELS PING MICROWAVE,149,306.16,2.489179894179894,63,185,188,12,2.365079365079365,16.555555555555557,3.311111111111112,31.69206349206349,33.0,Overstock,Markdown / Clear,0.0,0.0,378.3553439153439,0.08823529411764706,5.4411764705882355
22125,UNION JACK HOT WATER BOTTLE ,13,139.86,10.453333333333333,3,491,163,20,4.333333333333333,30.333333333333332,6.066666666666666,92.73333333333332,0.0,Overstock,Markdown / Clear,0.0,0.0,5132.586666666666,0.0,491.0
22127,PARTY CONES CARNIVAL ASSORTED,404,504.88,2.5729411764705885,17,354,23,18,23.764705882352942,166.3529411764706,33.27058823529412,461.035294117647,0.0,Overstock,Markdown / Clear,0.0,0.0,910.8211764705883,0.0,354.0
22128,PARTY CONES CANDY ASSORTED,1762,2127.53,1.4169402985074626,67,49,23,8,26.29850746268657,184.089552238806,36.8179104477612,247.20597014925374,0.0,Overstock,Markdown / Clear,0.0,0.0,69.43007462686566,0.0,49.0
22129,PARTY CONES CANDY DECORATION,454,621.96,2.3289772727272724,44,266,3,15,10.318181818181818,72.22727272727273,14.445454545454547,169.21818181818182,0.0,Overstock,Markdown / Clear,0.0,0.0,619.5079545454545,0.0,266.0
22129,PARTY CONES CANDY TREE DECORATION,734,604.4599999999999,1.3675,28,125,66,6,26.214285714285715,183.5,36.7,193.98571428571427,0.0,Overstock,Markdown / Clear,0.0,0.0,170.9375,0.0,125.0
22130,PARTY CONE CHRISTMAS DECORATION ,2277,2664.63,1.5435666666666668,70,70,33,16,32.52857142857143,227.70000000000002,45.540000000000006,565.9971428571429,45.0,Healthy,No Action,21.0,0.0,0.0,0.4326923076923077,1.5217391304347827
22131,FOOD CONTAINER SET 3 LOVE HEART ,2031,3936.59,2.7472171428571426,175,100,184,3,11.605714285714285,81.24,16.248,51.06514285714286,20.5,Overstock,Markdown / Clear,0.0,0.0,218.40376285714282,0.07192982456140351,4.651162790697675
22132,RED LOVE HEART SHAPE CUP,1038,939.03,1.2016666666666667,117,152,176,7,8.871794871794872,62.1025641025641,12.42051282051282,74.52307692307693,12.0,Overstock,Markdown / Clear,0.0,0.0,168.23333333333332,0.0364741641337386,11.692307692307692
22133,PINK LOVE HEART SHAPE CUP,816,770.73,1.316173469387755,98,304,180,10,8.326530612244898,58.28571428571429,11.657142857142858,94.92244897959183,12.0,Overstock,Markdown / Clear,0.0,0.0,384.32265306122446,0.024742268041237112,23.384615384615383
22134,LADLE LOVE HEART RED ,24,17.82,0.7885714285714285,7,407,115,14,3.4285714285714284,24.0,4.800000000000001,52.8,0.0,Overstock,Markdown / Clear,0.0,0.0,320.94857142857137,0.0,407.0
22134,MINI LADLE LOVE HEART RED ,865,401.18,0.6423598130841122,107,157,22,4,8.08411214953271,56.58878504672897,11.317757009345796,43.65420560747664,160.5,Healthy,No Action,15.0,0.0,0.0,0.8916666666666667,0.9721362229102167
22135,LADLE LOVE HEART PINK,39,24.98,0.7783333333333333,8,203,108,14,4.875,34.125,6.825,75.075,0.0,Overstock,Markdown / Clear,0.0,0.0,158.00166666666667,0.0,203.0
22135,MINI LADLE LOVE HEART PINK,528,297.4,0.6634336283185841,113,420,68,7,4.672566371681416,32.707964601769916,6.541592920353984,39.2495575221239,20.5,Overstock,Markdown / Clear,0.0,0.0,265.0417345132743,0.041922290388548056,19.53488372093023
22136,LOVE HEART SOCK HANGER,378,679.28,2.2468840579710143,69,349,94,7,5.478260869565218,38.34782608695652,7.669565217391305,46.017391304347825,2.0,Overstock,Markdown / Clear,0.0,0.0,779.6687681159419,0.0045045045045045045,116.33333333333333
22137,BATHROOM SET LOVE HEART DESIGN,82,237.98000000000002,3.1376923076923076,13,292,180,15,6.3076923076923075,44.15384615384615,8.830769230769231,103.44615384615385,0.0,Overstock,Markdown / Clear,0.0,0.0,916.2061538461538,0.0,292.0
22138,BAKING SET 9 PIECE RETROSPOT ,4937,24185.27,5.339681057440823,256,359,61,11,19.28515625,134.99609375,26.99921875,239.1359375,0.0,Overstock,Markdown / Clear,0.0,0.0,1916.9454996212555,0.0,359.0
22139,RETROSPOT TEA SET CERAMIC 11 PC ,4518,22868.260000000002,5.7205140390382025,269,491,168,12,16.79553903345725,117.56877323420075,23.51375464684015,225.06022304832715,153.5,Overstock,Markdown / Clear,0.0,0.0,1930.6734881753935,0.23257575757575757,3.177993527508091
22141,CHRISTMAS CRAFT TREE TOP ANGEL,2791,6463.79,2.643873991673172,122,88,56,3,22.87704918032787,160.13934426229508,32.027868852459015,100.65901639344261,114.5,Stockout Risk,Reorder Now,59.0,302.7235720465782,0.0,0.7896551724137931,0.7619047619047619
22142,CHRISTMAS CRAFT WHITE FAIRY ,3247,4946.19,1.7701448489781824,117,53,187,5,27.752136752136753,194.26495726495727,38.85299145299146,177.61367521367524,94.5,Healthy,No Action,80.0,0.0,0.0,0.3921161825726141,0.5549738219895288
22144,CHRISTMAS CRAFT LITTLE FRIENDS,4073,9662.28,2.724533790082703,138,281,53,20,29.514492753623188,206.6014492753623,41.32028985507247,631.6101449275362,213.0,Healthy,No Action,0.0,0.0,0.0,0.6358208955223881,1.3130841121495327
22145,CHRISTMAS CRAFT HEART STOCKING ,30,63.0,2.1,1,72,69,14,30.0,210.0,42.0,462.0,0.0,Overstock,Markdown / Clear,0.0,0.0,151.20000000000002,0.0,72.0
22146,EASTER CRAFT IVY WREATH WITH CHICK,1,1.95,1.95,1,469,100,5,1.0,7.0,1.4000000000000001,6.4,0.0,Overstock,Markdown / Clear,0.0,0.0,914.55,0.0,469.0
22147,FELTCRAFT BUTTERFLY HEARTS,6226,8621.14,1.615924000805396,215,224,56,11,28.95813953488372,202.70697674418605,40.54139534883721,359.08093023255816,33.0,Overstock,Markdown / Clear,0.0,0.0,308.6414841538307,0.11743772241992882,6.588235294117647
22148,EASTER CRAFT 4 CHICKS ,1933,3917.45,2.2541340996168584,87,145,137,4,22.2183908045977,155.5287356321839,31.105747126436782,119.97931034482758,0.0,Overstock,Markdown / Clear,0.0,0.0,326.8494444444445,0.0,145.0
22149,FELTCRAFT 6 FLOWER FRIENDS,6070,12357.08,2.4356367880485528,221,254,167,5,27.466063348416288,192.262443438914,38.452488687782804,175.78280542986425,0.0,Overstock,Markdown / Clear,0.0,0.0,618.6517441643324,0.0,254.0
22150,3 STRIPEY MICE FELTCRAFT,3021,5907.84,2.2427661255411255,220,62,134,16,13.731818181818182,96.12272727272727,19.224545454545456,238.93363636363637,135.5,Healthy,No Action,93.0,0.0,0.0,0.6878172588832487,0.4542124542124542
22151,PLACE SETTING WHITE HEART,15126,6322.21,0.5931976549413734,199,259,102,6,76.01005025125629,532.070351758794,106.41407035175881,562.4743718592965,213.5,Healthy,No Action,61.0,0.0,0.0,0.5897790055248618,1.2074592074592074
22152,PLACE SETTING WHITE STAR,2407,1053.08,0.5739240506329113,79,478,165,15,30.468354430379748,213.27848101265823,42.65569620253165,499.68101265822787,20.0,Overstock,Markdown / Clear,0.0,0.0,262.8572151898734,0.031055900621118012,22.761904761904763
22153,ANGEL DECORATION STARS ON DRESS,2593,1109.05,0.5373076923076923,78,390,84,9,33.243589743589745,232.7051282051282,46.54102564102564,345.73333333333335,157.5,Overstock,Markdown / Clear,0.0,0.0,124.92403846153846,0.33157894736842103,2.4605678233438484
22154,ANGEL DECORATION 3 BUTTONS ,3745,1636.67,0.5613647817460318,80,130,60,14,46.8125,327.6875,65.53750000000001,720.9125,133.5,Stockout Risk,Reorder Now,69.0,74.94219836309524,0.0,0.6989528795811518,0.966542750929368
22155,STAR DECORATION RUSTIC,2452,1133.61,0.5950253164556962,79,268,2,5,31.037974683544302,217.26582278481013,43.45316455696203,198.64303797468355,92.0,Overstock,Markdown / Clear,0.0,0.0,104.72445569620254,0.33948339483394835,2.881720430107527
22156,HEART DECORATION WITH PEARLS ,2196,2113.13,1.161741967871486,166,170,127,11,13.228915662650602,92.6024096385542,18.520481927710843,164.03855421686745,55.5,Overstock,Markdown / Clear,0.0,0.0,133.01945532128514,0.18624161073825504,3.0088495575221237
22157,ANGEL DECORATION WITH LACE PADDED,212,180.2,0.85,9,202,178,4,23.555555555555557,164.8888888888889,32.97777777777778,127.20000000000002,0.0,Overstock,Markdown / Clear,0.0,0.0,171.7,0.0,202.0
22158,3 HEARTS HANGING DECORATION RUSTIC,3413,11797.380000000001,3.4608346666666665,125,355,85,11,27.304,191.128,38.2256,338.5696,109.0,Overstock,Markdown / Clear,0.0,0.0,851.365328,0.2471655328798186,3.227272727272727
22161,HEART DECORATION RUSTIC HANGING ,5083,1645.75,0.65328125,192,114,46,14,26.473958333333332,185.31770833333331,37.063541666666666,407.6989583333333,76.0,Healthy,No Action,0.0,0.0,0.0,0.4720496894409938,1.4805194805194806
22162,HEART GARLAND RUSTIC PADDED,264,841.24,3.2182179487179488,65,478,195,14,4.061538461538461,28.43076923076923,5.686153846153847,62.5476923076923,0.0,Overstock,Markdown / Clear,0.0,0.0,1538.3081794871796,0.0,478.0
22163,HEART STRING MEMO HOLDER HANGING,875,1042.78,1.989328947368421,76,393,75,17,11.513157894736842,80.59210526315789,16.11842105263158,211.84210526315792,43.5,Overstock,Markdown / Clear,0.0,0.0,695.2704671052632,0.09275053304904052,8.831460674157304
22164,STRING OF STARS CARD HOLDER,78,250.22000000000003,3.4699999999999998,14,419,37,4,5.571428571428571,39.0,7.800000000000001,30.085714285714285,24.0,Overstock,Markdown / Clear,0.0,0.0,1370.6499999999999,0.0525164113785558,16.76
22165,"DIAMANTE HEART SHAPED WALL MIRROR, ",415,3328.2000000000003,11.81934323432343,101,27,163,20,4.108910891089109,28.762376237623762,5.752475247524753,87.93069306930694,101.5,Healthy,No Action,80.0,0.0,0.0,0.5314136125654451,0.2634146341463415
22166,WALL MIRROR RECTANGLE DIAMANTE PINK,207,1614.4,11.409261904761905,70,407,168,15,2.9571428571428573,20.700000000000003,4.140000000000001,48.49714285714286,50.5,Overstock,Markdown / Clear,0.0,0.0,4067.401869047619,0.0876736111111111,7.902912621359223
22167, OVAL WALL MIRROR DIAMANTE ,236,2391.12,10.258655462184874,119,379,196,16,1.9831932773109244,13.882352941176471,2.7764705882352945,34.50756302521008,5.0,Overstock,Markdown / Clear,0.0,0.0,3836.737142857143,0.008680555555555556,63.166666666666664
22168,ORGANISER WOOD ANTIQUE WHITE ,143,1205.3,8.491981132075471,53,407,140,7,2.69811320754717,18.88679245283019,3.777358490566038,22.664150943396226,0.0,Overstock,Markdown / Clear,0.0,0.0,3456.236320754717,0.0,407.0
22169,FAMILY ALBUM WHITE PICTURE FRAME,1197,10345.76,9.974065891472868,215,203,86,12,5.567441860465117,38.972093023255816,7.794418604651163,74.60372093023256,36.0,Overstock,Markdown / Clear,0.0,0.0,1665.669003875969,0.12413793103448276,5.486486486486487
22170,PICTURE FRAME WOOD TRIPLE PORTRAIT,1068,6977.6,7.671443202979516,179,300,57,14,5.966480446927374,41.765363128491614,8.353072625698323,91.88379888268155,24.5,Overstock,Markdown / Clear,0.0,0.0,2113.4826024208564,0.06843575418994413,11.764705882352942
22171,3 HOOK PHOTO SHELF ANTIQUE WHITE,1794,13611.81,9.963683493589743,208,214,49,12,8.625,60.375,12.075000000000001,115.575,23.5,Overstock,Markdown / Clear,0.0,0.0,1898.081705528846,0.08901515151515152,8.73469387755102
22173,METAL 4 HOOK HANGER FRENCH CHATEAU,2444,7767.8,3.8321441213653604,226,371,29,13,10.814159292035399,75.69911504424779,15.13982300884956,155.72389380530976,40.0,Overstock,Markdown / Clear,0.0,0.0,1268.4397041719344,0.09975062344139651,9.048780487804878
22174,PHOTO CUBE,3218,5978.78,2.6381516853932583,178,214,189,4,18.078651685393258,126.5505617977528,25.310112359550562,97.62471910112359,91.0,Overstock,Markdown / Clear,0.0,0.0,324.4926573033708,0.22524752475247525,2.3260869565217392
22175,PINK OWL SOFT TOY,877,2594.23,3.4635958005249345,127,174,100,7,6.905511811023622,48.338582677165356,9.667716535433073,58.00629921259843,45.5,Overstock,Markdown / Clear,0.0,0.0,445.07206036745407,0.16545454545454547,3.7419354838709675
22176,BLUE OWL SOFT TOY,512,1536.88,3.3548028673835124,93,112,24,9,5.505376344086022,38.53763440860215,7.7075268817204305,57.25591397849463,0.0,Overstock,Markdown / Clear,0.0,0.0,375.7379211469534,0.0,112.0
22178,VICTORIAN GLASS HANGING T-LIGHT,24275,33146.82,1.6375342737722047,290,179,111,8,83.70689655172414,585.948275862069,117.1896551724138,786.844827586207,702.5,Stockout Risk,Reorder Now,641.0,1150.3678273249739,0.0,2.4140893470790377,0.2544420753375977
22179,SET 10 LIGHTS NIGHT OWL,461,3317.4700000000003,8.706727699530518,71,453,154,5,6.492957746478873,45.45070422535211,9.090140845070422,41.55492957746479,0.0,Overstock,Markdown / Clear,0.0,0.0,3944.1476478873246,0.0,453.0
22179,SET 10 NIGHT OWL LIGHTS,505,3908.73,8.865868589743588,104,80,178,15,4.855769230769231,33.99038461538461,6.798076923076923,79.63461538461539,39.0,Overstock,Markdown / Clear,0.0,0.0,363.5006121794871,0.15057915057915058,2.0
22180,RETROSPOT LAMP,330,3521.54,11.564586666666667,125,141,184,5,2.64,18.48,3.696,16.896,0.0,Overstock,Markdown / Clear,0.0,0.0,1630.60672,0.0,141.0
22181,SNOWSTORM PHOTO FRAME FRIDGE MAGNET,591,500.90999999999997,0.993921568627451,51,70,125,8,11.588235294117647,81.11764705882352,16.223529411764705,108.92941176470588,20.0,Overstock,Markdown / Clear,0.0,0.0,49.69607843137255,0.10204081632653061,3.3333333333333335
22182,CAKE STAND VICTORIAN FILIGREE SMALL,372,1420.58,4.3488945578231295,98,422,122,13,3.795918367346939,26.571428571428573,5.314285714285715,54.66122448979593,41.5,Overstock,Markdown / Clear,0.0,0.0,1654.7543792517008,0.07614678899082569,9.929411764705883
22183,CAKE STAND VICTORIAN FILIGREE MED,322,1916.01,5.916707317073171,82,296,46,19,3.926829268292683,27.48780487804878,5.4975609756097565,80.10731707317073,0.0,Overstock,Markdown / Clear,0.0,0.0,1751.3453658536587,0.0,296.0
22184,CAKE STAND VICTORIAN FILIGREE LARGE,56,471.86,8.420729166666666,24,24,117,12,2.3333333333333335,16.333333333333336,3.2666666666666675,31.266666666666666,0.0,Overstock,Markdown / Clear,0.0,0.0,202.09749999999997,0.0,24.0
22185,SLATE TILE NATURAL HANGING,1472,2235.94,2.010014749262537,113,485,38,14,13.026548672566372,91.1858407079646,18.23716814159292,200.60884955752212,161.5,Overstock,Markdown / Clear,0.0,0.0,650.2397713864307,0.30820610687022904,2.9846153846153847
22186,RED STAR CARD HOLDER,848,1997.48,3.1188070175438596,76,111,15,19,11.157894736842104,78.10526315789473,15.621052631578946,227.62105263157892,37.5,Overstock,Markdown / Clear,0.0,0.0,229.2323157894737,0.2952755905511811,2.883116883116883
22187,GREEN CHRISTMAS TREE CARD HOLDER,1266,3245.68,4.22066156462585,84,189,21,6,15.071428571428571,105.5,21.1,111.52857142857144,48.0,Overstock,Markdown / Clear,0.0,0.0,595.1132806122448,0.22748815165876776,3.857142857142857
22188,BLACK HEART CARD HOLDER,4870,12483.22,4.353553086419754,135,336,53,4,36.074074074074076,252.51851851851853,50.50370370370371,194.8,176.5,Healthy,No Action,0.0,0.0,0.0,0.45256410256410257,1.8929577464788732
22189,CREAM HEART CARD HOLDER,8284,23435.82,4.432281632653062,245,41,148,13,33.81224489795918,236.68571428571428,47.33714285714286,486.8963265306122,207.0,Stockout Risk,Reorder Now,213.0,917.4822979591838,0.0,1.0894736842105264,0.1971153846153846
22190,LOCAL CAFE MUG,676,1057.71,2.1991570881226052,87,424,199,9,7.7701149425287355,54.39080459770115,10.87816091954023,80.80919540229885,74.5,Overstock,Markdown / Clear,0.0,0.0,768.6054022988505,0.11939102564102565,5.6158940397351
22191,IVORY DINER WALL CLOCK,1445,11911.65,8.80762443438914,221,345,15,4,6.538461538461538,45.76923076923077,9.153846153846153,35.30769230769231,24.5,Overstock,Markdown / Clear,0.0,0.0,2822.8436312217195,0.06786703601108034,13.529411764705882
22192,BLUE DINER WALL CLOCK,954,8189.29,8.95871048513302,213,20,58,20,4.47887323943662,31.35211267605634,6.270422535211268,95.84788732394367,21.0,Healthy,No Action,7.0,0.0,0.0,0.26582278481012656,0.9090909090909091
22193,RED DINER WALL CLOCK,1400,11857.07,9.19441170212766,235,152,30,6,5.957446808510638,41.702127659574465,8.340425531914894,44.08510638297872,42.0,Overstock,Markdown / Clear,0.0,0.0,1011.3852872340426,0.22950819672131148,3.5348837209302326
22194,BLACK DINER WALL CLOCK,66,625.69,9.894878048780487,41,252,169,10,1.6097560975609757,11.26829268292683,2.253658536585366,18.351219512195122,0.0,Overstock,Markdown / Clear,0.0,0.0,2493.509268292683,0.0,252.0
22195,LARGE HEART MEASURING SPOONS,1976,3720.66,2.3150212585034016,196,31,31,16,10.081632653061224,70.57142857142857,14.114285714285714,175.42040816326528,55.0,Stockout Risk,Reorder Now,38.0,127.32616921768708,0.0,0.873015873015873,0.5535714285714286
22196,SMALL HEART MEASURING SPOONS,2847,2754.16,1.1919512117346938,224,365,186,14,12.709821428571429,88.96875,17.79375,195.73125,118.5,Overstock,Markdown / Clear,0.0,0.0,293.81597369260203,0.21467391304347827,3.0543933054393304
22197,POPCORN HOLDER,36749,34288.67,1.0057727788100272,152,65,161,20,241.76973684210526,1692.3881578947369,338.4776315789474,5173.872368421053,2851.75,Stockout Risk,Reorder Now,3125.0,2868.2125219714953,0.0,12.562775330396477,0.02278503198667952
22197,SMALL POPCORN HOLDER,20149,17045.8,1.0345965553087264,152,53,8,13,132.55921052631578,927.9144736842104,185.5828947368421,1908.8526315789472,74.0,Stockout Risk,Reorder Now,207.0,76.56014509284576,0.0,1.1935483870967742,0.7066666666666667
22198,LARGE POPCORN HOLDER ,1025,1870.9099999999999,2.257284271284271,33,452,138,10,31.060606060606062,217.42424242424244,43.48484848484849,354.0909090909091,0.0,Overstock,Markdown / Clear,0.0,0.0,1020.2924906204904,0.0,452.0
22199,FRYING PAN RED POLKADOT ,1,4.25,4.25,1,97,9,4,1.0,7.0,1.4000000000000001,5.4,0.0,Overstock,Markdown / Clear,0.0,0.0,412.25,0.0,97.0
22199,FRYING PAN RED RETROSPOT,466,1922.34,5.41041046831956,121,237,16,17,3.8512396694214877,26.958677685950413,5.391735537190083,70.86280991735538,34.666666666666664,Overstock,Markdown / Clear,0.0,0.0,1094.7063847566576,0.13648293963254593,6.644859813084112
22200,FRYING PAN PINK POLKADOT,398,1809.48,5.8333012820512815,104,320,67,11,3.826923076923077,26.78846153846154,5.357692307692308,47.45384615384616,25.0,Overstock,Markdown / Clear,0.0,0.0,1720.823878205128,0.06443298969072164,12.307692307692308
22201,FRYING PAN BLUE POLKADOT,193,716.8,4.48189552238806,67,430,47,10,2.8805970149253732,20.16417910447761,4.032835820895523,32.83880597014925,24.0,Overstock,Markdown / Clear,0.0,0.0,1819.6495820895523,0.0502092050209205,17.2
22202,MILK PAN PINK POLKADOT,64,319.35,5.70037037037037,27,92,179,7,2.3703703703703702,16.59259259259259,3.3185185185185184,19.91111111111111,0.0,Overstock,Markdown / Clear,0.0,0.0,524.434074074074,0.0,92.0
22203,MILK PAN RED RETROSPOT,403,1483.13,4.508463302752293,109,301,110,13,3.697247706422018,25.880733944954127,5.176146788990826,53.24036697247706,41.5,Overstock,Markdown / Clear,0.0,0.0,1169.94622706422,0.10072815533980582,7.08235294117647
22204,MILK PAN BLUE POLKADOT,197,669.54,3.7618360655737706,61,268,152,17,3.2295081967213113,22.606557377049178,4.521311475409836,59.42295081967213,0.0,Overstock,Markdown / Clear,0.0,0.0,1008.1720655737705,0.0,268.0
22206,"MUG , DOTCOMGIFTSHOP.COM ",5,4.17,0.834,5,66,122,10,1.0,7.0,1.4000000000000001,11.4,0.0,Overstock,Markdown / Clear,0.0,0.0,55.044,0.0,66.0
22207,FRYING PAN UNION FLAG,1333,5833.59,6.023415384615385,130,140,148,10,10.253846153846155,71.77692307692308,14.355384615384617,116.89384615384617,52.5,Overstock,Markdown / Clear,0.0,0.0,527.0488461538462,0.18166089965397925,2.616822429906542
22208,WOOD STAMP SET THANK YOU,1509,1571.49,1.287249605802586,151,233,100,20,9.993377483443709,69.95364238410596,13.990728476821193,213.85827814569538,41.0,Overstock,Markdown / Clear,0.0,0.0,247.1519243140965,0.12275449101796407,5.5476190476190474
22209,WOOD STAMP SET HAPPY BIRTHDAY,945,964.22,1.238285123966942,121,258,101,12,7.809917355371901,54.66942148760331,10.933884297520663,104.65289256198348,48.0,Overstock,Markdown / Clear,0.0,0.0,260.0398760330578,0.13333333333333333,5.26530612244898
22210,WOOD STAMP SET BEST WISHES,1017,958.04,1.1626521739130433,115,75,64,9,8.843478260869565,61.904347826086955,12.380869565217392,91.97217391304348,56.0,Healthy,No Action,0.0,0.0,0.0,0.4,1.3157894736842106
22211,WOOD STAMP SET FLOWERS,1008,1122.3899999999999,1.3391653543307085,127,369,190,11,7.937007874015748,55.55905511811024,11.111811023622048,98.41889763779528,16.0,Overstock,Markdown / Clear,0.0,0.0,472.72537007874007,0.02857142857142857,21.705882352941178
22212,FOUR HOOK  WHITE LOVEBIRDS,1609,3700.94,2.7470958845076496,221,126,50,3,7.280542986425339,50.963800904977376,10.192760180995476,32.03438914027149,48.5,Overstock,Markdown / Clear,0.0,0.0,212.89993104934285,0.2740112994350282,2.5454545454545454
22214,CANDLE PLATE LACE WHITE,193,416.6,2.8460714285714284,42,338,35,7,4.595238095238095,32.166666666666664,6.433333333333334,38.599999999999994,0.0,Overstock,Markdown / Clear,0.0,0.0,961.9721428571428,0.0,338.0
22215,CAKE STAND WHITE TWO TIER LACE,343,2471.39,9.184303797468354,79,67,80,3,4.341772151898734,30.39240506329114,6.078481012658228,19.10379746835443,46.5,Healthy,No Action,0.0,0.0,0.0,0.3141891891891892,1.4105263157894736
22216,T-LIGHT HOLDER WHITE LACE,588,512.93,1.1667924528301885,53,80,126,17,11.09433962264151,77.66037735849056,15.532075471698114,204.13584905660377,97.0,Healthy,No Action,33.0,0.0,0.0,0.46859903381642515,0.8163265306122449
22217,T-LIGHT HOLDER HANGING LACE,839,831.26,1.4723611111111112,60,356,87,18,13.983333333333333,97.88333333333333,19.576666666666668,271.27666666666664,186.0,Healthy,No Action,0.0,0.0,0.0,0.4189189189189189,1.9037433155080214
22218,CAKE STAND LACE WHITE,1,4.25,4.25,1,45,193,9,1.0,7.0,1.4000000000000001,10.4,0.0,Overstock,Markdown / Clear,0.0,0.0,191.25,0.0,45.0
22219,LOVEBIRD HANGING DECORATION WHITE ,4133,4033.73,1.1771391657438168,258,311,103,14,16.01937984496124,112.13565891472868,22.427131782945736,246.6984496124031,48.0,Overstock,Markdown / Clear,0.0,0.0,309.5876005906238,0.11566265060240964,6.346938775510204
22220,CAKE STAND LOVEBIRD 2 TIER WHITE,231,1849.25,10.911666666666667,69,276,14,10,3.347826086956522,23.434782608695652,4.6869565217391305,38.16521739130435,43.5,Overstock,Markdown / Clear,0.0,0.0,2536.9625,0.14948453608247422,6.202247191011236
22221,CAKE STAND LOVEBIRD 2 TIER PINK,131,1104.54,10.928068181818182,44,27,95,7,2.977272727272727,20.84090909090909,4.168181818181818,25.009090909090908,24.0,Healthy,No Action,1.0,0.0,0.0,0.1951219512195122,1.08
22222,CAKE PLATE LOVEBIRD WHITE,1057,3880.2,5.659924768518518,144,132,166,12,7.340277777777778,51.38194444444444,10.276388888888889,98.35972222222222,7.0,Overstock,Markdown / Clear,0.0,0.0,707.4905960648148,0.023411371237458192,16.5
22223,CAKE PLATE LOVEBIRD PINK,441,1821.61,5.429244791666667,64,374,122,7,6.890625,48.234375,9.646875000000001,57.88125,1.0,Overstock,Markdown / Clear,0.0,0.0,2025.1083072916667,0.002012072434607646,187.0
22224,WHITE LOVEBIRD LANTERN,834,2764.06,3.6981842818428183,123,272,197,19,6.780487804878049,47.46341463414634,9.492682926829268,138.3219512195122,16.0,Overstock,Markdown / Clear,0.0,0.0,946.7351761517615,0.03404255319148936,16.0
22227,HANGING HEART MIRROR DECORATION ,2341,1708.07,0.8930645161290324,186,199,0,7,12.586021505376344,88.1021505376344,17.620430107526882,105.72258064516129,57.0,Overstock,Markdown / Clear,0.0,0.0,126.81516129032259,0.285,3.4310344827586206
22228,BUNNY WOODEN PAINTED WITH BIRD ,1000,777.78,0.859297385620915,102,226,150,17,9.803921568627452,68.62745098039215,13.725490196078432,180.3921568627451,27.0,Overstock,Markdown / Clear,0.0,0.0,171.00017973856208,0.07161803713527852,8.071428571428571
22229,BUNNY WOODEN PAINTED WITH FLOWER ,568,432.46,0.8637179487179488,78,322,121,15,7.282051282051282,50.97435897435897,10.194871794871794,119.42564102564103,1.0,Overstock,Markdown / Clear,0.0,0.0,277.2534615384616,0.0022522522522522522,161.0
22230,JIGSAW TREE WITH WATERING CAN,1047,480.63,0.7953413654618474,83,146,166,3,12.614457831325302,88.30120481927712,17.660240963855426,55.50361445783133,0.0,Overstock,Markdown / Clear,0.0,0.0,116.11983935742973,0.0,146.0
22231,JIGSAW TREE WITH BIRDHOUSE,998,1027.72,1.2627830188679243,106,75,125,13,9.415094339622641,65.90566037735849,13.181132075471698,135.57735849056604,17.0,Overstock,Markdown / Clear,0.0,0.0,73.24141509433962,0.0845771144278607,4.166666666666667
22232,JIGSAW TOADSTOOLS 3 PIECE,690,604.4599999999999,1.1184375,64,233,56,3,10.78125,75.46875,15.09375,47.4375,14.0,Overstock,Markdown / Clear,0.0,0.0,244.9378125,0.04827586206896552,15.533333333333333
22233,JIGSAW RABBIT AND BIRDHOUSE,596,607.14,1.3710843373493975,83,33,80,13,7.180722891566265,50.265060240963855,10.053012048192771,103.4024096385542,5.0,Overstock,Markdown / Clear,0.0,0.0,38.39036144578313,0.043859649122807015,5.5
22236,CAKE STAND 3 TIER MAGIC GARDEN,308,3624.5999999999995,12.51,75,493,161,20,4.1066666666666665,28.746666666666666,5.749333333333333,87.88266666666667,0.0,Overstock,Markdown / Clear,0.0,0.0,6167.43,0.0,493.0
22241,GARLAND WOODEN HAPPY EASTER,1952,2609.43,1.6078728956228956,99,47,168,20,19.717171717171716,138.02020202020202,27.604040404040404,421.9474747474747,0.0,Overstock,Markdown / Clear,0.0,0.0,75.57002609427609,0.0,47.0
22242,5 HOOK HANGER MAGIC TOADSTOOL,640,994.38,1.98375,24,490,72,18,26.666666666666668,186.66666666666669,37.333333333333336,517.3333333333334,0.0,Overstock,Markdown / Clear,0.0,0.0,972.0374999999999,0.0,490.0
22243,5 HOOK HANGER RED MAGIC TOADSTOOL,3098,4751.639999999999,1.877263157894737,95,97,140,15,32.61052631578947,228.2736842105263,45.654736842105265,534.8126315789474,1.0,Overstock,Markdown / Clear,0.0,0.0,180.21726315789476,0.004201680672268907,48.5
22244,3 HOOK HANGER MAGIC GARDEN,1703,3276.2099999999996,2.789159544159544,117,235,69,9,14.555555555555555,101.88888888888889,20.37777777777778,151.3777777777778,0.0,Overstock,Markdown / Clear,0.0,0.0,655.4524928774928,0.0,235.0
22245,"HOOK, 1 HANGER ,MAGIC GARDEN",1262,1070.0,1.1730285714285713,70,405,5,3,18.02857142857143,126.2,25.240000000000002,79.3257142857143,0.0,Overstock,Markdown / Clear,0.0,0.0,475.07657142857136,0.0,405.0
22246,"GARLAND, MAGIC GARDEN 1.8M",12,23.4,1.95,1,384,83,18,12.0,84.0,16.8,232.8,0.0,Overstock,Markdown / Clear,0.0,0.0,748.8,0.0,384.0
22246,MAGIC GARDEN FELT GARLAND ,419,939.37,2.8438647342995167,69,173,51,3,6.072463768115942,42.507246376811594,8.501449275362319,26.718840579710147,12.0,Overstock,Markdown / Clear,0.0,0.0,457.8622222222222,0.05333333333333334,13.307692307692308
22247,BUNNY DECORATION MAGIC GARDEN,668,591.4399999999999,1.0138333333333331,78,33,2,19,8.564102564102564,59.94871794871795,11.98974358974359,174.7076923076923,0.0,Overstock,Markdown / Clear,0.0,0.0,33.45649999999999,0.0,33.0
22248,DECORATION  PINK CHICK MAGIC GARDEN,593,525.09,1.0466772151898733,79,206,80,8,7.506329113924051,52.54430379746835,10.508860759493672,70.55949367088607,1.0,Overstock,Markdown / Clear,0.0,0.0,214.56882911392404,0.003484320557491289,103.0
22249,DECORATION WHITE CHICK MAGIC GARDEN,928,812.86,0.9953152610441767,83,331,62,4,11.180722891566266,78.26506024096386,15.653012048192773,60.37590361445783,0.0,Overstock,Markdown / Clear,0.0,0.0,329.44935140562245,0.0,331.0
22250,DECORATION  BUTTERFLY  MAGIC GARDEN,819,730.95,1.0990120274914088,97,390,48,19,8.443298969072165,59.103092783505154,11.820618556701032,172.24329896907216,2.0,Overstock,Markdown / Clear,0.0,0.0,426.41666666666663,0.004555808656036446,130.0
22251,BIRDHOUSE DECORATION MAGIC GARDEN,712,889.49,1.5602699999999998,100,26,75,8,7.12,49.84,9.968000000000002,66.928,4.0,Overstock,Markdown / Clear,0.0,0.0,34.325939999999996,0.0392156862745098,5.2
22252,BIRDCAGE DECORATION TEALIGHT HOLDER,643,761.57,1.2344262295081967,61,22,111,16,10.540983606557377,73.78688524590164,14.757377049180329,183.41311475409836,12.0,Healthy,No Action,5.0,0.0,0.0,0.08955223880597014,1.6923076923076923
22254,FELT TOADSTOOL LARGE,657,836.8000000000001,1.5660377358490567,53,130,174,20,12.39622641509434,86.77358490566039,17.35471698113208,265.2792452830189,12.0,Overstock,Markdown / Clear,0.0,0.0,184.7924528301887,0.03934426229508197,10.0
22255,FELT TOADSTOOL  SMALL,629,602.63,1.180806451612903,62,426,108,8,10.14516129032258,71.01612903225806,14.203225806451613,95.36451612903225,12.0,Overstock,Markdown / Clear,0.0,0.0,488.8538709677419,0.022429906542056073,32.76923076923077
22256,FELT FARM ANIMAL CHICKEN,286,387.9,1.6373170731707316,41,257,182,12,6.975609756097561,48.829268292682926,9.765853658536585,93.47317073170731,0.0,Overstock,Markdown / Clear,0.0,0.0,420.790487804878,0.0,257.0
22257,FELT FARM ANIMAL SHEEP,373,280.42,1.1397058823529411,34,382,191,20,10.970588235294118,76.79411764705883,15.358823529411765,234.7705882352941,0.0,Overstock,Markdown / Clear,0.0,0.0,435.36764705882354,0.0,382.0
22258,FELT FARM ANIMAL RABBIT,912,743.89,1.3502222222222222,48,258,64,11,19.0,133.0,26.6,235.6,0.0,Overstock,Markdown / Clear,0.0,0.0,348.3573333333333,0.0,258.0
22259,FELT FARM ANIMAL HEN,481,332.84,1.0837444444444444,30,293,80,10,16.033333333333335,112.23333333333335,22.446666666666673,182.78000000000003,0.0,Overstock,Markdown / Clear,0.0,0.0,317.5371222222222,0.0,293.0
22260,FELT EGG COSY BLUE RABBIT ,552,577.4399999999999,1.2547826086956522,69,313,194,12,8.0,56.0,11.200000000000001,107.2,12.0,Overstock,Markdown / Clear,0.0,0.0,377.6895652173913,0.023622047244094488,24.076923076923077
22261,FELT EGG COSY WHITE RABBIT ,579,544.71,1.1081818181818182,77,246,14,19,7.51948051948052,52.63636363636364,10.52727272727273,153.39740259740262,7.0,Overstock,Markdown / Clear,0.0,0.0,264.85545454545456,0.02681992337164751,30.75
22262,FELT EGG COSY CHICKEN,1023,950.4599999999999,1.0924226804123711,97,390,99,8,10.54639175257732,73.82474226804123,14.764948453608248,99.13608247422681,5.5,Overstock,Markdown / Clear,0.0,0.0,420.0365206185567,0.011224489795918367,60.0
22263,FELT EGG COSY LADYBIRD ,326,195.97,1.117751937984496,43,34,31,16,7.5813953488372094,53.06976744186046,10.613953488372093,131.91627906976746,1.0,Overstock,Markdown / Clear,0.0,0.0,36.885813953488366,0.015151515151515152,17.0
22264,FELT FARM ANIMAL WHITE BUNNY ,1561,736.98,1.0623825136612022,61,211,95,8,25.59016393442623,179.1311475409836,35.82622950819672,240.54754098360655,1.0,Overstock,Markdown / Clear,0.0,0.0,223.10032786885245,0.003257328990228013,105.5
22265,EASTER DECORATION NATURAL CHICK,536,363.55,0.7758333333333334,48,492,127,9,11.166666666666666,78.16666666666666,15.633333333333333,116.13333333333333,4.0,Overstock,Markdown / Clear,0.0,0.0,378.6066666666667,0.0064516129032258064,98.4
22266,EASTER DECORATION HANGING BUNNY,1887,595.85,0.5653947368421053,76,138,195,14,24.82894736842105,173.80263157894737,34.76052631578948,382.36578947368423,0.0,Overstock,Markdown / Clear,0.0,0.0,78.02447368421053,0.0,138.0
22267,EASTER DECORATION EGG BUNNY ,836,673.17,1.0583846153846155,65,47,145,5,12.861538461538462,90.03076923076924,18.006153846153847,82.31384615384616,0.0,Overstock,Markdown / Clear,0.0,0.0,49.744076923076925,0.0,47.0
22268,DECORATION SITTING BUNNY,1480,349.53999999999996,0.41830601092896175,61,221,112,16,24.262295081967213,169.8360655737705,33.9672131147541,422.1639344262295,0.0,Overstock,Markdown / Clear,0.0,0.0,92.44562841530055,0.0,221.0
22268,EASTER DECORATION SITTING BUNNY,529,452.8,1.0412735849056605,53,58,82,18,9.981132075471699,69.8679245283019,13.973584905660381,193.63396226415094,0.0,Overstock,Markdown / Clear,0.0,0.0,60.39386792452831,0.0,58.0
22269,EGG CUP NATURAL CHICKEN,932,621.49,1.068,100,460,42,9,9.32,65.24000000000001,13.048000000000002,96.928,34.0,Overstock,Markdown / Clear,0.0,0.0,454.968,0.06759443339960239,13.142857142857142
22270,HAPPY EASTER HANGING DECORATION,243,942.2,4.3220833333333335,44,292,115,10,5.5227272727272725,38.65909090909091,7.7318181818181815,62.95909090909091,0.0,Overstock,Markdown / Clear,0.0,0.0,1262.0483333333334,0.0,292.0
22271,FELTCRAFT DOLL ROSIE,1701,5007.35,3.3241409523809526,175,250,162,20,9.72,68.04,13.608000000000002,208.008,0.0,Overstock,Markdown / Clear,0.0,0.0,831.0352380952381,0.0,250.0
22272,FELTCRAFT DOLL MARIA,196,564.9200000000001,3.0654285714285714,35,105,77,15,5.6,39.199999999999996,7.84,91.84,0.0,Overstock,Markdown / Clear,0.0,0.0,321.87,0.0,105.0
22273,FELTCRAFT DOLL MOLLY,4509,12001.59,3.273825479930192,191,493,57,11,23.607329842931936,165.25130890052355,33.05026178010471,292.730890052356,63.5,Overstock,Markdown / Clear,0.0,0.0,1406.1080436300174,0.11524500907441017,7.6434108527131785
22274,FELTCRAFT DOLL EMILY,1340,3953.4800000000005,3.29051804670913,157,145,32,12,8.535031847133759,59.74522292993631,11.949044585987263,114.36942675159237,62.5,Overstock,Markdown / Clear,0.0,0.0,271.46773885350325,0.351123595505618,2.283464566929134
22275,WEEKEND BAG VINTAGE ROSE PAISLEY,69,527.85,7.65,1,319,13,11,69.0,483.0,96.60000000000001,855.6,0.0,Overstock,Markdown / Clear,0.0,0.0,2440.35,0.0,319.0
22276,WASH BAG VINTAGE ROSE PAISLEY,290,838.86,3.2964788732394363,71,44,161,17,4.084507042253521,28.591549295774648,5.71830985915493,75.15492957746478,6.0,Overstock,Markdown / Clear,0.0,0.0,125.26619718309858,0.02912621359223301,6.285714285714286
22277,COSMETIC BAG VINTAGE ROSE PAISLEY,417,897.74,2.6667469879518073,83,164,188,4,5.024096385542169,35.168674698795186,7.033734939759038,27.13012048192771,10.5,Overstock,Markdown / Clear,0.0,0.0,409.34566265060243,0.029745042492917848,14.26086956521739
22278,OVERNIGHT BAG VINTAGE ROSE PAISLEY,405,2704.35,7.425852459016393,122,32,131,15,3.319672131147541,23.237704918032787,4.647540983606557,54.44262295081967,28.0,Healthy,No Action,1.0,0.0,0.0,0.17073170731707318,1.103448275862069
22279,POCKET BAG BLUE PAISLEY RED SPOT,831,1003.4,1.434731182795699,93,231,58,4,8.935483870967742,62.54838709677419,12.509677419354839,48.251612903225805,13.0,Overstock,Markdown / Clear,0.0,0.0,312.7713978494624,0.04482758620689655,16.5
22280,POCKET BAG PINK PAISELY BROWN SPOT,468,509.59,1.3684722222222223,72,44,156,4,6.5,45.5,9.1,35.1,7.0,Overstock,Markdown / Clear,0.0,0.0,50.633472222222224,0.03482587064676617,5.5
22281,EASTER TREE YELLOW BIRDS,131,929.44,7.8214,50,87,82,5,2.62,18.34,3.668,16.768,0.0,Overstock,Markdown / Clear,0.0,0.0,680.4617999999999,0.0,87.0
22282,12 EGG HOUSE PAINTED WOOD,149,2378.52,16.699725738396626,79,413,133,8,1.8860759493670887,13.202531645569621,2.6405063291139244,17.729113924050633,3.0,Overstock,Markdown / Clear,0.0,0.0,6846.887552742617,0.005484460694698354,103.25
22283,6 EGG HOUSE PAINTED WOOD,299,2726.43,9.860940860215054,124,86,120,5,2.411290322580645,16.879032258064516,3.3758064516129034,15.432258064516127,7.0,Overstock,Markdown / Clear,0.0,0.0,779.0143279569893,0.033816425120772944,10.75
22284,HEN HOUSE DECORATION,927,1597.07,1.9826163108921728,87,252,176,12,10.655172413793103,74.58620689655172,14.917241379310344,142.7793103448276,12.5,Overstock,Markdown / Clear,0.0,0.0,474.8366064586754,0.029137529137529136,18.666666666666668
22285,"DECORATION HEN ON NEST, HANGING",42,74.43,2.334,5,128,167,8,8.4,58.800000000000004,11.760000000000002,78.96000000000001,0.0,Overstock,Markdown / Clear,0.0,0.0,298.752,0.0,128.0
22285,HANGING HEN ON NEST DECORATION,828,1418.82,1.987982683982684,77,165,82,18,10.753246753246753,75.27272727272727,15.054545454545455,208.61298701298702,10.0,Overstock,Markdown / Clear,0.0,0.0,308.13731601731604,0.04032258064516129,15.0
22286,"DECORATION , WOBBLY RABBIT , METAL ",293,518.03,2.1605882352941173,34,130,192,19,8.617647058823529,60.3235294117647,12.064705882352941,175.79999999999998,0.0,Overstock,Markdown / Clear,0.0,0.0,280.87647058823524,0.0,130.0
22286,DECORATION WOBBLY RABBIT METAL ,830,504.46,1.0799496855345911,53,247,196,5,15.660377358490566,109.62264150943396,21.924528301886795,100.22641509433963,0.0,Overstock,Markdown / Clear,0.0,0.0,266.747572327044,0.0,247.0
22287,"DECORATION , WOBBLY CHICKEN, METAL ",234,397.72,2.01962962962963,27,130,26,20,8.666666666666666,60.666666666666664,12.133333333333333,185.46666666666664,0.0,Overstock,Markdown / Clear,0.0,0.0,262.5518518518519,0.0,130.0
22287,DECORATION WOBBLY CHICKEN,560,319.14,1.0674358974358975,39,489,79,9,14.35897435897436,100.51282051282051,20.102564102564102,149.33333333333331,0.0,Overstock,Markdown / Clear,0.0,0.0,521.9761538461539,0.0,489.0
22288,HANGING METAL RABBIT DECORATION,474,616.95,1.650204081632653,49,53,133,11,9.673469387755102,67.71428571428571,13.542857142857143,119.95102040816326,2.0,Overstock,Markdown / Clear,0.0,0.0,84.1604081632653,0.0106951871657754,17.666666666666668
22289,HANGING METAL CHICKEN DECORATION,148,193.52,1.5162499999999999,32,130,12,14,4.625,32.375,6.4750000000000005,71.225,0.0,Overstock,Markdown / Clear,0.0,0.0,197.11249999999998,0.0,130.0
22291,HANGING CHICK CREAM DECORATION,1289,1906.0199999999998,1.5804177215189872,79,283,63,7,16.31645569620253,114.21518987341773,22.843037974683547,137.05822784810127,0.0,Overstock,Markdown / Clear,0.0,0.0,447.2582151898734,0.0,283.0
22292,HANGING CHICK  YELLOW DECORATION,1136,1604.51,1.5922895833333333,80,443,189,5,14.2,99.39999999999999,19.88,90.88,0.0,Overstock,Markdown / Clear,0.0,0.0,705.3842854166667,0.0,443.0
22293,HANGING CHICK GREEN DECORATION,903,1335.87,1.6931404494382023,89,388,146,13,10.146067415730338,71.02247191011236,14.204494382022473,146.10337078651685,0.0,Overstock,Markdown / Clear,0.0,0.0,656.9384943820224,0.0,388.0
22294,HEART FILIGREE DOVE  SMALL,5457,6805.08,1.4467796296296294,180,255,79,6,30.316666666666666,212.21666666666667,42.443333333333335,224.34333333333333,65.0,Overstock,Markdown / Clear,0.0,0.0,274.8881296296296,0.19402985074626866,3.8636363636363638
22295,HEART FILIGREE DOVE LARGE,2789,4613.97,1.8850580645161288,155,102,122,7,17.993548387096773,125.9548387096774,25.19096774193548,151.14580645161288,26.5,Overstock,Markdown / Clear,0.0,0.0,142.32188387096772,0.11777777777777777,3.709090909090909
22296,HEART IVORY TRELLIS LARGE,3140,5247.72,1.9150243055555556,192,61,42,3,16.354166666666668,114.47916666666667,22.895833333333336,71.95833333333334,31.5,Healthy,No Action,0.0,0.0,0.0,0.30288461538461536,1.876923076923077
22297,HEART IVORY TRELLIS SMALL,4164,5459.91,1.7140812395309883,199,444,88,20,20.92462311557789,146.47236180904522,29.294472361809046,447.78693467336683,53.5,Overstock,Markdown / Clear,0.0,0.0,669.348724036851,0.10037523452157598,8.146788990825687
22299,PIG KEYRING WITH LIGHT & SOUND ,1379,1386.97,1.7783333333333333,60,120,147,14,22.983333333333334,160.88333333333333,32.17666666666667,353.9433333333333,313.5,Stockout Risk,Reorder Now,226.0,557.5075,0.0,1.169776119402985,0.3815580286168522
22300,COFFEE MUG DOG + BALL DESIGN,1528,3409.21,3.1168766404199473,127,25,94,15,12.031496062992126,84.22047244094489,16.84409448818898,197.31653543307087,30.0,Healthy,No Action,22.0,0.0,0.0,0.25,0.8064516129032258
22301,COFFEE MUG CAT + BIRD DESIGN,2205,4980.83,3.1401482683982684,154,199,195,11,14.318181818181818,100.22727272727273,20.045454545454547,177.54545454545456,33.5,Overstock,Markdown / Clear,0.0,0.0,519.6945384199134,0.08481012658227848,5.768115942028985
22302,COFFEE MUG PEARS  DESIGN,2329,5134.29,2.717539149888143,149,301,171,4,15.630872483221477,109.41610738255034,21.88322147651007,84.40671140939598,0.0,Overstock,Markdown / Clear,0.0,0.0,817.9792841163311,0.0,301.0
22303,COFFEE MUG APPLES DESIGN,2816,6338.25,2.7387306201550388,172,339,150,7,16.372093023255815,114.6046511627907,22.920930232558142,137.52558139534884,0.0,Overstock,Markdown / Clear,0.0,0.0,928.4296802325581,0.0,339.0
22304,COFFEE MUG BLUE PAISLEY DESIGN,761,1352.8799999999999,3.1405974842767295,53,245,1,15,14.358490566037736,100.50943396226415,20.10188679245283,235.47924528301886,22.0,Overstock,Markdown / Clear,0.0,0.0,700.3532389937106,0.08906882591093117,10.652173913043478
22305,COFFEE MUG PINK PAISLEY DESIGN,693,1604.5800000000002,3.0295918367346935,49,462,119,18,14.142857142857142,99.0,19.8,274.37142857142857,7.0,Overstock,Markdown / Clear,0.0,0.0,1378.4642857142856,0.012027491408934709,57.75
22306,SILVER MUG BONE CHINA TREE OF LIFE,1162,1415.85,1.9956818181818183,66,459,21,18,17.606060606060606,123.24242424242424,24.64848484848485,341.5575757575757,61.5,Overstock,Markdown / Clear,0.0,0.0,793.2835227272728,0.12785862785862787,7.344
22307,GOLD MUG BONE CHINA TREE OF LIFE,770,969.64,2.212019230769231,52,334,114,5,14.807692307692308,103.65384615384616,20.730769230769234,94.76923076923077,30.5,Overstock,Markdown / Clear,0.0,0.0,671.3478365384616,0.06792873051224944,10.603174603174603
22308,TEA COSY BLUE STRIPE,250,877.38,4.133947916666666,80,384,56,6,3.125,21.875,4.375,23.125,8.5,Overstock,Markdown / Clear,0.0,0.0,1552.2974427083332,0.01927437641723356,40.421052631578945
22309,TEA COSY RED  STRIPE,369,1091.05,3.730333333333333,90,473,71,13,4.1,28.699999999999996,5.739999999999999,59.04,8.0,Overstock,Markdown / Clear,0.0,0.0,1734.6049999999998,0.014678899082568808,52.55555555555556
22310,IVORY KNITTED MUG COSY ,668,1296.23,2.5800602409638556,83,248,6,16,8.048192771084338,56.337349397590366,11.267469879518075,140.03855421686748,13.0,Overstock,Markdown / Clear,0.0,0.0,606.314156626506,0.050980392156862744,17.714285714285715
22311,OFFICE MUG WARMER BLACK+SILVER ,1132,3403.76,3.878076190476191,105,396,183,5,10.780952380952382,75.46666666666667,15.093333333333334,68.99809523809525,83.5,Overstock,Markdown / Clear,0.0,0.0,1211.8988095238096,0.14396551724137932,4.686390532544379
22312,OFFICE MUG WARMER POLKADOT,645,1950.4900000000002,3.593185567010309,97,308,118,18,6.649484536082475,46.54639175257732,9.309278350515465,129.0,30.5,Overstock,Markdown / Clear,0.0,0.0,997.1089948453607,0.07142857142857142,9.777777777777779
22313,OFFICE MUG WARMER PINK,565,1564.8300000000002,3.51187134502924,57,456,194,17,9.912280701754385,69.3859649122807,13.87719298245614,182.38596491228068,16.5,Overstock,Markdown / Clear,0.0,0.0,1543.467456140351,0.02534562211981567,26.057142857142857
22314,OFFICE MUG WARMER CHOC+BLUE,570,1759.1200000000001,3.82825222396651,91,169,113,12,6.263736263736264,43.84615384615385,8.76923076923077,83.93406593406594,54.5,Overstock,Markdown / Clear,0.0,0.0,438.3348796441654,0.19257950530035337,3.045045045045045
22315,200 RED + WHITE BENDY STRAWS,916,1218.93,1.4533471074380164,121,296,15,11,7.570247933884297,52.99173553719008,10.598347107438016,93.87107438016528,2.0,Overstock,Markdown / Clear,0.0,0.0,427.2840495867768,0.00641025641025641,98.66666666666667
22316,200 BENDY SKULL STRAWS,660,742.37,1.3847999999999998,50,217,82,13,13.2,92.39999999999999,18.48,190.07999999999998,2.0,Overstock,Markdown / Clear,0.0,0.0,297.73199999999997,0.006666666666666667,72.33333333333333
22317,FIVE CATS HANGING DECORATION,286,879.6700000000001,3.743912037037037,72,89,178,18,3.9722222222222223,27.805555555555557,5.561111111111112,77.06111111111112,4.0,Overstock,Markdown / Clear,0.0,0.0,318.2325231481481,0.014925373134328358,17.8
22318,FIVE HEART HANGING DECORATION,462,1541.6200000000001,3.8999382716049382,108,131,71,12,4.277777777777778,29.944444444444443,5.988888888888889,57.322222222222216,2.5,Overstock,Markdown / Clear,0.0,0.0,501.14206790123455,0.012315270935960592,37.42857142857143
22319,HAIRCLIPS FORTIES FABRIC ASSORTED,1322,572.26,0.604,50,23,123,19,26.44,185.08,37.016000000000005,539.376,624.0,Stockout Risk,Reorder Now,638.0,376.896,0.0,4.244897959183674,0.0368
22320,BIRDS MOBILE VINTAGE DESIGN,189,1147.27,6.243015873015873,63,369,112,4,3.0,21.0,4.2,16.2,3.0,Overstock,Markdown / Clear,0.0,0.0,2284.9438095238093,0.006224066390041493,92.25
22321,BIRD DECORATION RED RETROSPOT,893,860.93,1.30257,100,350,11,4,8.93,62.51,12.502,48.222,2.5,Overstock,Markdown / Clear,0.0,0.0,452.643075,0.006906077348066298,100.0
22322,BIRD DECORATION GREEN POLKADOT,820,747.81,1.1732616487455196,93,465,125,8,8.817204301075268,61.72043010752688,12.344086021505376,82.88172043010752,0.0,Overstock,Markdown / Clear,0.0,0.0,545.5666666666666,0.0,465.0
22323,PINK POLKADOT KIDS BAG,1,1.95,1.95,1,337,52,10,1.0,7.0,1.4000000000000001,11.4,0.0,Overstock,Markdown / Clear,0.0,0.0,657.15,0.0,337.0
22324,BLUE POLKADOT KIDS BAG,286,688.3,3.4511290322580646,62,369,74,5,4.612903225806452,32.29032258064517,6.458064516129034,29.522580645161295,6.0,Overstock,Markdown / Clear,0.0,0.0,1252.7598387096775,0.013513513513513514,52.714285714285715
22325,MOBILE VINTAGE HEARTS ,249,1146.3500000000001,5.3620833333333335,72,114,132,16,3.4583333333333335,24.208333333333336,4.841666666666668,60.175000000000004,3.0,Overstock,Markdown / Clear,0.0,0.0,595.19125,0.012145748987854251,28.5
22326,ROUND SNACK BOXES SET OF4 WOODLAND ,8535,24364.870000000003,3.4897694859038144,268,171,26,18,31.847014925373134,222.92910447761193,44.58582089552239,617.8320895522388,189.0,Stockout Risk,Reorder Now,63.0,659.5664328358209,0.0,0.9545454545454546,0.9
22327,ROUND SNACK BOXES SET OF 4 SKULLS,1167,4304.25,4.317351351351352,185,330,139,3,6.308108108108108,44.15675675675676,8.831351351351351,27.755675675675676,56.5,Overstock,Markdown / Clear,0.0,0.0,1180.7955945945948,0.1202127659574468,5.739130434782608
22328,ROUND SNACK BOXES SET OF 4 FRUITS ,6835,19094.97,3.3023822393822395,259,156,144,5,26.38996138996139,184.7297297297297,36.945945945945944,168.89575289575288,92.0,Healthy,No Action,0.0,0.0,0.0,0.30564784053156147,1.6774193548387097
22329,ROUND CONTAINER SET OF 5 RETROSPOT,1603,2661.89,2.0694807692307693,156,266,133,20,10.275641025641026,71.92948717948718,14.385897435897437,219.89871794871794,9.0,Overstock,Markdown / Clear,0.0,0.0,531.8565576923077,0.0225,26.6
22331,WOODLAND PARTY BAG + STICKER SET,1840,2975.14,2.0214197530864197,135,406,96,11,13.62962962962963,95.4074074074074,19.081481481481482,169.0074074074074,10.5,Overstock,Markdown / Clear,0.0,0.0,799.471512345679,0.020874751491053677,35.30434782608695
22332,SKULLS PARTY BAG + STICKER SET,1032,1678.0,1.7934173669467786,119,262,4,8,8.672268907563025,60.705882352941174,12.141176470588235,81.51932773109243,8.0,Overstock,Markdown / Clear,0.0,0.0,455.52801120448174,0.0299625468164794,29.11111111111111
22333,RETROSPOT PARTY BAG + STICKER SET,4492,7043.94,1.8776948590381424,201,50,56,3,22.34825870646766,156.4378109452736,31.287562189054725,98.33233830845771,12.0,Overstock,Markdown / Clear,0.0,0.0,71.3524046434494,0.11214953271028037,3.8461538461538463
22334,DINOSAUR PARTY BAG + STICKER SET,707,1160.71,1.7916666666666667,84,59,155,12,8.416666666666666,58.916666666666664,11.783333333333333,112.78333333333333,4.5,Overstock,Markdown / Clear,0.0,0.0,97.64583333333334,0.020930232558139535,10.727272727272727
22335,HEART DECORATION PAINTED ZINC ,2380,1668.89,0.9055369127516779,149,248,77,8,15.973154362416107,111.81208053691275,22.36241610738255,150.1476510067114,40.0,Overstock,Markdown / Clear,0.0,0.0,188.351677852349,0.12269938650306748,6.048780487804878
22336,DOVE DECORATION PAINTED ZINC ,2381,754.0300000000001,0.6930802469135803,54,55,68,14,44.092592592592595,308.64814814814815,61.729629629629635,679.0259259259259,0.0,Overstock,Markdown / Clear,7.0,0.0,38.11941358024691,0.0,55.0
22337,ANGEL DECORATION PAINTED ZINC ,912,574.54,0.7094791666666667,48,427,117,6,19.0,133.0,26.6,140.6,4.0,Overstock,Markdown / Clear,0.0,0.0,300.1096875,0.007339449541284404,85.4
22338,STAR DECORATION PAINTED ZINC ,4679,1233.91,0.5248985776128633,77,242,119,15,60.76623376623377,425.3636363636364,85.07272727272728,996.5662337662338,406.0,Stockout Risk,Reorder Now,249.0,213.1088225108225,0.0,1.1215469613259668,0.5945945945945946
22339,CHRISTMAS TREE PAINTED ZINC ,2468,683.3100000000001,0.5026376811594203,46,25,58,19,53.65217391304348,375.5652173913043,75.11304347826086,1094.5043478260868,0.0,Overstock,Markdown / Clear,50.0,0.0,12.565942028985507,0.0,25.0
22340,NOEL GARLAND PAINTED ZINC ,1398,787.21,0.9010252525252526,66,341,32,10,21.181818181818183,148.27272727272728,29.654545454545456,241.4727272727273,79.0,Overstock,Markdown / Clear,0.0,0.0,236.06861616161618,0.21122994652406418,4.2625
22341,LOVE GARLAND PAINTED ZINC ,453,827.63,2.42734375,64,487,61,5,7.078125,49.546875,9.909375,45.3,3.0,Overstock,Markdown / Clear,0.0,0.0,1174.834375,0.00546448087431694,121.75
22342,HOME GARLAND PAINTED ZINC ,997,1111.58,1.889371287128713,101,239,49,14,9.871287128712872,69.0990099009901,13.81980198019802,152.0178217821782,16.5,Overstock,Markdown / Clear,0.0,0.0,420.38511138613865,0.05709342560553633,13.657142857142857
22343,PARTY PIZZA DISH RED RETROSPOT,1974,873.33,0.6918407960199005,67,94,111,9,29.46268656716418,206.23880597014926,41.247761194029856,306.4119402985075,186.5,Stockout Risk,Reorder Now,134.0,129.02830845771143,0.0,0.9053398058252428,0.5013333333333333
22344,PARTY PIZZA DISH PINK POLKADOT,1225,459.81,0.7036206896551724,58,23,18,14,21.120689655172413,147.8448275862069,29.56896551724138,325.2586206896552,112.5,Stockout Risk,Reorder Now,119.0,79.1573275862069,0.0,2.6785714285714284,0.2026431718061674
22345,PARTY PIZZA DISH BLUE POLKADOT,1117,399.05,0.6600961538461537,52,354,196,4,21.48076923076923,150.3653846153846,30.073076923076925,115.99615384615385,120.0,Overstock,Markdown / Clear,0.0,0.0,154.46249999999998,0.2177858439201452,2.925619834710744
22346,PARTY PIZZA DISH GREEN POLKADOT,1034,381.09,0.6398611111111111,48,153,122,16,21.541666666666668,150.79166666666669,30.15833333333334,374.82500000000005,115.5,Healthy,No Action,0.0,0.0,0.0,0.41847826086956524,1.3133047210300428
22348,TEA BAG PLATE RED RETROSPOT,4084,3583.29,1.0650970149253731,201,137,193,7,20.318407960199004,142.22885572139302,28.445771144278606,170.67462686567163,64.5,Overstock,Markdown / Clear,0.0,0.0,77.21953358208955,0.19486404833836857,2.0916030534351147
22349,DOG BOWL CHASING BALL DESIGN,1366,5381.5199999999995,4.092925531914894,94,388,46,11,14.53191489361702,101.72340425531914,20.344680851063828,180.19574468085105,13.0,Overstock,Markdown / Clear,0.0,0.0,1534.847074468085,0.029885057471264367,27.714285714285715
22350,ILLUSTRATED CAT BOWL ,1410,3822.1200000000003,3.0871180555555555,96,113,166,13,14.6875,102.8125,20.5625,211.5,14.0,Overstock,Markdown / Clear,0.0,0.0,305.6246875,0.05,7.533333333333333
22351,DOTCOMGIFTSHOP TEA TOWEL,13,23.09,2.4699999999999998,2,454,195,7,6.5,45.5,9.1,54.6,0.0,Overstock,Markdown / Clear,0.0,0.0,1121.3799999999999,0.0,454.0
22352,LUNCH BOX WITH CUTLERY RETROSPOT ,3088,7860.97,3.2514845167233557,224,81,32,5,13.785714285714286,96.5,19.3,88.22857142857143,27.0,Overstock,Markdown / Clear,0.0,0.0,175.58016390306122,0.23684210526315788,2.892857142857143
22353,LUNCH BOX WITH CUTLERY FAIRY CAKES ,60,153.0,2.55,19,460,140,19,3.1578947368421053,22.105263157894736,4.421052631578948,64.42105263157895,0.0,Overstock,Markdown / Clear,0.0,0.0,1173.0,0.0,460.0
22354,RETROSPOT PADDED SEAT CUSHION,750,2860.98,4.5303571428571425,70,213,83,4,10.714285714285714,75.0,15.0,57.857142857142854,1.0,Overstock,Markdown / Clear,0.0,0.0,960.4357142857142,0.003367003367003367,106.5
22355,CHARLOTTE BAG SUKI DESIGN,18124,29254.15,1.1977607288423078,285,354,181,3,63.59298245614035,445.1508771929824,89.03017543859649,279.8091228070175,719.5,Stockout Risk,Reorder Now,455.0,861.7888444020405,0.0,1.3423507462686568,0.4913254684247051
22356,CHARLOTTE BAG PINK POLKADOT,9716,11417.74,1.2484369357408391,269,222,134,9,36.11895910780669,252.83271375464682,50.566542750929365,375.6371747211896,197.5,Healthy,No Action,26.0,0.0,0.0,0.5532212885154062,1.1183879093198992
22357,KINGS CHOICE BISCUIT TIN,468,2175.04,5.3255078125,128,411,78,16,3.65625,25.59375,5.11875,63.61875,22.5,Overstock,Markdown / Clear,0.0,0.0,2068.95978515625,0.04591836734693878,17.48936170212766
22358,KINGS CHOICE TEA CADDY ,698,2551.2200000000003,4.226758483033932,167,45,13,7,4.179640718562874,29.25748502994012,5.8514970059880245,35.10898203592814,16.5,Overstock,Markdown / Clear,0.0,0.0,120.46261676646706,0.2796610169491525,2.5714285714285716
22359,GLASS JAR KINGS CHOICE,183,605.7700000000001,3.690093896713615,71,454,146,13,2.5774647887323945,18.04225352112676,3.608450704225352,37.11549295774648,3.5,Overstock,Markdown / Clear,0.0,0.0,1662.3873004694835,0.005823627287853577,100.88888888888889
22360,GLASS JAR ENGLISH CONFECTIONERY,1010,3192.82,3.8642068965517247,145,192,127,4,6.9655172413793105,48.758620689655174,9.751724137931035,37.61379310344827,12.5,Overstock,Markdown / Clear,0.0,0.0,693.6251379310346,0.0390625,14.222222222222221
22361,GLASS JAR DAISY FRESH COTTON WOOL,727,2592.33,4.382808943089431,164,319,53,10,4.432926829268292,31.030487804878046,6.20609756097561,50.53536585365853,20.0,Overstock,Markdown / Clear,0.0,0.0,1310.45987398374,0.05361930294906166,15.19047619047619
22362,GLASS JAR PEACOCK BATH SALTS,408,1329.44,4.062190476190477,105,152,147,11,3.8857142857142857,27.2,5.44,48.18285714285714,5.5,Overstock,Markdown / Clear,0.0,0.0,595.1109047619049,0.018333333333333333,23.384615384615383
22363,GLASS JAR MARMALADE ,480,1380.8,3.8276,75,345,28,5,6.4,44.800000000000004,8.96,40.96,3.5,Overstock,Markdown / Clear,0.0,0.0,1307.1254,0.009358288770053475,76.66666666666667
22364,GLASS JAR DIGESTIVE BISCUITS,616,2001.3200000000002,4.158693989071039,122,429,23,4,5.049180327868853,35.34426229508197,7.068852459016394,27.265573770491805,6.0,Overstock,Markdown / Clear,0.0,0.0,1759.1275573770495,0.013245033112582781,61.285714285714285
22365,DOORMAT RESPECTABLE HOUSE,789,5754.03,10.119906666666665,125,137,81,9,6.312,44.184000000000005,8.836800000000002,65.6448,7.5,Overstock,Markdown / Clear,0.0,0.0,1310.5279133333331,0.03424657534246575,16.11764705882353
22366,DOORMAT AIRMAIL ,800,6034.9,9.644763440860215,155,343,62,7,5.161290322580645,36.12903225806451,7.225806451612903,43.354838709677416,8.0,Overstock,Markdown / Clear,0.0,0.0,3230.995752688172,0.019704433497536946,38.111111111111114
22367,CHILDRENS APRON SPACEBOY DESIGN,3749,7508.58,2.3516023425499233,248,294,104,7,15.116935483870968,105.81854838709677,21.163709677419355,126.98225806451612,82.0,Overstock,Markdown / Clear,0.0,0.0,498.53969662058375,0.20551378446115287,3.5421686746987953
22371,AIRLINE BAG VINTAGE TOKYO 78,1086,5072.32,5.106833217189315,205,231,56,15,5.297560975609756,37.082926829268295,7.41658536585366,86.88000000000001,42.0,Overstock,Markdown / Clear,0.0,0.0,965.1914780487806,0.14583333333333334,5.372093023255814
22372,AIRLINE BAG VINTAGE WORLD CHAMPION ,279,1289.49,4.96735632183908,116,244,135,8,2.4051724137931036,16.836206896551726,3.3672413793103453,22.608620689655176,11.5,Overstock,Markdown / Clear,0.0,0.0,1154.9103448275862,0.030263157894736843,19.52
22374,AIRLINE BAG VINTAGE JET SET RED,546,2427.52,4.7986293859649125,152,39,61,20,3.5921052631578947,25.144736842105264,5.028947368421053,76.87105263157895,12.0,Overstock,Markdown / Clear,0.0,0.0,129.56299342105262,0.1188118811881188,3.0
22375,AIRLINE BAG VINTAGE JET SET BROWN,346,1626.54,5.211443569553806,127,132,156,4,2.7244094488188977,19.070866141732285,3.814173228346457,14.711811023622047,7.5,Overstock,Markdown / Clear,0.0,0.0,648.8247244094489,0.025951557093425604,15.529411764705882
22376,AIRLINE BAG VINTAGE JET SET WHITE,252,1133.2,4.753818770226537,103,159,16,8,2.4466019417475726,17.126213592233007,3.4252427184466017,22.99805825242718,6.0,Overstock,Markdown / Clear,0.0,0.0,727.3342718446601,0.03409090909090909,22.714285714285715
22377,BOTTLE BAG RETROSPOT ,1330,2171.53,2.586314536340852,133,66,65,11,10.0,70.0,14.0,124.0,6.0,Overstock,Markdown / Clear,0.0,0.0,155.17887218045112,0.045454545454545456,9.428571428571429
22378,WALL TIDY RETROSPOT ,2283,3638.57,3.0784711934156377,162,20,5,5,14.092592592592593,98.64814814814815,19.72962962962963,90.19259259259259,18.0,Stockout Risk,Reorder Now,18.0,55.41248148148148,0.0,0.6923076923076923,1.0526315789473684
22379,RECYCLING BAG RETROSPOT ,6896,15607.59,3.0382185406481987,263,109,57,3,26.220532319391634,183.54372623574145,36.70874524714829,115.3703422053232,97.5,Healthy,No Action,25.0,0.0,0.0,0.5838323353293413,1.1065989847715736
22380,TOY TIDY SPACEBOY  ,1312,2815.46,2.687650273224044,183,161,68,3,7.169398907103825,50.185792349726775,10.037158469945355,31.54535519125683,62.5,Overstock,Markdown / Clear,0.0,0.0,264.7335519125683,0.2717391304347826,2.5354330708661417
22381,TOY TIDY PINK POLKADOT,3439,7433.74,2.9529209401709404,234,339,155,7,14.696581196581196,102.87606837606837,20.575213675213675,123.45128205128205,36.5,Overstock,Markdown / Clear,0.0,0.0,893.2585844017095,0.07373737373737374,9.04
22382,LUNCH BAG SPACEBOY DESIGN ,10427,18031.31,1.9922246170983011,285,57,61,15,36.5859649122807,256.1017543859649,51.220350877192985,600.0098245614035,112.5,Stockout Risk,Reorder Now,107.0,224.12526942355888,0.0,0.9453781512605042,0.5022026431718062
22383,LUNCH BAG SUKI  DESIGN ,2217,3786.91,2.254333836351442,71,312,168,14,31.225352112676056,218.57746478873239,43.71549295774648,480.8704225352112,0.0,Overstock,Markdown / Clear,0.0,0.0,703.3521569416498,0.0,312.0
22383,LUNCH BAG SUKI DESIGN ,10301,18699.43,2.1200765321739348,231,401,196,18,44.59307359307359,312.1515151515151,62.43030303030303,865.1056277056276,181.0,Overstock,Markdown / Clear,0.0,0.0,466.41683707826564,0.30267558528428096,2.2032967032967035
22384,LUNCH BAG PINK POLKADOT,10487,17388.99,2.0850609989325743,292,158,81,5,35.91438356164384,251.40068493150687,50.28013698630138,229.85205479452057,121.5,Healthy,No Action,14.0,0.0,0.0,0.50625,1.2897959183673469
22385,JUMBO BAG SPACEBOY DESIGN,8666,17071.59,2.5301858328393596,241,375,168,14,35.95850622406639,251.70954356846474,50.34190871369295,553.7609958506224,201.5,Healthy,No Action,0.0,0.0,0.0,0.3704044117647059,1.8518518518518519
22386,JUMBO BAG PINK POLKADOT,21448,42401.01,2.476869354222787,288,352,176,7,74.47222222222223,521.3055555555557,104.26111111111113,625.5666666666668,269.0,Healthy,No Action,21.0,0.0,0.0,0.5085066162570888,1.3037037037037038
22389,PAPERWEIGHT SAVE THE PLANET,338,641.5500000000001,2.628963963963964,37,278,176,4,9.135135135135135,63.945945945945944,12.78918918918919,49.32972972972973,47.0,Overstock,Markdown / Clear,0.0,0.0,607.2906756756756,0.10329670329670329,5.791666666666667
22390,PAPERWEIGHT CHILDHOOD MEMORIES,266,440.34000000000003,2.8465625,32,180,70,9,8.3125,58.1875,11.637500000000001,86.45,25.5,Overstock,Markdown / Clear,0.0,0.0,439.79390625,0.10159362549800798,6.7924528301886795
22391,PAPERWEIGHT HOME SWEET HOME,158,245.58,2.8731034482758617,29,409,130,15,5.448275862068965,38.137931034482754,7.627586206896551,89.35172413793103,39.0,Overstock,Markdown / Clear,0.0,0.0,1063.0482758620687,0.07222222222222222,10.225
22393,PAPERWEIGHT VINTAGE COLLAGE,510,736.88,3.052277777777778,54,197,9,17,9.444444444444445,66.11111111111111,13.222222222222223,173.7777777777778,128.0,Healthy,No Action,0.0,0.0,0.0,0.6183574879227053,1.5271317829457365
22394,PAPERWEIGHT KINGS CHOICE ,168,230.68,2.78725,20,29,97,5,8.4,58.800000000000004,11.760000000000002,53.760000000000005,17.5,Healthy,No Action,0.0,0.0,0.0,0.1377952755905512,1.5675675675675675
22395,PAPERWEIGHT VINTAGE PAISLEY,152,220.04,3.6221153846153844,26,280,88,7,5.846153846153846,40.92307692307692,8.184615384615384,49.107692307692304,43.0,Overstock,Markdown / Clear,0.0,0.0,858.4413461538461,0.11653116531165311,6.363636363636363
22396,MAGNETS PACK OF 4 RETRO PHOTO,1226,630.37,0.7608168316831684,101,426,34,10,12.138613861386139,84.97029702970298,16.994059405940597,138.38019801980198,38.0,Overstock,Markdown / Clear,0.0,0.0,295.1969306930693,0.0824295010845987,10.923076923076923
22398,MAGNETS PACK OF 4 SWALLOWS,2575,1589.12,0.8540728476821192,151,157,1,3,17.05298013245033,119.37086092715231,23.874172185430464,75.03311258278146,106.0,Healthy,No Action,0.0,0.0,0.0,0.6666666666666666,1.4672897196261683
22399,MAGNETS PACK OF 4 CHILDHOOD MEMORY,1152,1347.08,1.3253529411764706,85,191,123,10,13.552941176470588,94.87058823529412,18.974117647058826,154.5035294117647,24.0,Overstock,Markdown / Clear,0.0,0.0,221.3339411764706,0.0761904761904762,7.64
22400,MAGNETS PACK OF 4 HOME SWEET HOME,1393,729.09,0.7182710280373832,107,405,23,20,13.018691588785046,91.13084112149532,18.226168224299066,278.59999999999997,31.0,Overstock,Markdown / Clear,0.0,0.0,268.6333644859813,0.07226107226107226,12.65625
22402,MAGNETS PACK OF 4 VINTAGE COLLAGE,1719,1033.16,0.7502102803738318,107,32,73,18,16.065420560747665,112.45794392523365,22.49158878504673,311.66915887850473,43.0,Healthy,No Action,33.0,0.0,0.0,0.4056603773584906,0.7272727272727273
22403,MAGNETS PACK OF 4 VINTAGE LABELS ,1322,689.28,0.9036917562724015,93,187,165,20,14.21505376344086,99.50537634408602,19.901075268817205,304.2021505376344,19.0,Overstock,Markdown / Clear,0.0,0.0,151.82021505376346,0.053824362606232294,9.35
22405,MONEY BOX POCKET MONEY DESIGN,372,415.36,1.4660169491525425,59,149,21,14,6.305084745762712,44.13559322033898,8.827118644067797,97.09830508474576,49.5,Overstock,Markdown / Clear,0.0,0.0,145.86868644067798,0.2894736842105263,2.9504950495049505
22406,MONEY BOX KINGS CHOICE DESIGN,346,403.46,1.567217391304348,69,103,153,15,5.0144927536231885,35.10144927536232,7.020289855072464,82.23768115942029,55.0,Healthy,No Action,0.0,0.0,0.0,0.2140077821011673,1.8392857142857142
22407,MONEY BOX FIRST ADE DESIGN,50,62.5,1.25,13,340,170,15,3.8461538461538463,26.923076923076923,5.384615384615385,63.07692307692308,0.0,Overstock,Markdown / Clear,0.0,0.0,425.0,0.0,340.0
22407,MONEY BOX FIRST AID DESIGN,44,36.78,1.3136363636363635,11,338,182,12,4.0,28.0,5.6000000000000005,53.6,0.0,Overstock,Markdown / Clear,0.0,0.0,444.00909090909084,0.0,338.0
22408,MONEY BOX CONFECTIONERY DESIGN,145,162.44,1.5785185185185184,27,120,38,9,5.37037037037037,37.592592592592595,7.518518518518519,55.85185185185185,24.5,Overstock,Markdown / Clear,0.0,0.0,150.74851851851852,0.1540880503144654,4.705882352941177
22409,MONEY BOX BISCUITS DESIGN,228,299.72,1.499259259259259,54,348,156,16,4.222222222222222,29.555555555555557,5.911111111111111,73.46666666666667,1.5,Overstock,Markdown / Clear,0.0,0.0,519.4933333333332,0.0029702970297029703,139.2
22410,MONEY BOX HOUSEKEEPING DESIGN,237,247.42000000000002,1.4723584905660376,53,292,19,18,4.471698113207547,31.30188679245283,6.260377358490566,86.75094339622642,0.0,Overstock,Markdown / Clear,0.0,0.0,429.928679245283,0.0,292.0
22411,JUMBO SHOPPER VINTAGE RED PAISLEY,12574,28577.1,2.5772160665674653,286,284,40,17,43.96503496503497,307.75524475524475,61.551048951048955,808.9566433566434,325.5,Stockout Risk,Reorder Now,103.0,838.88382966771,0.0,1.0015384615384615,0.8698315467075038
22412,METAL SIGN NEIGHBOURHOOD WITCH ,911,1931.8500000000001,2.5710014619883044,114,478,181,14,7.991228070175438,55.93859649122807,11.187719298245614,123.06491228070175,0.0,Overstock,Markdown / Clear,0.0,0.0,1228.9386988304095,0.0,478.0
22413,METAL SIGN TAKE IT OR LEAVE IT ,3774,11095.94,3.33491452991453,234,418,147,11,16.128205128205128,112.8974358974359,22.57948717948718,199.9897435897436,731.5,Stockout Risk,Reorder Now,336.0,2439.4899786324786,0.0,1.2924028268551238,0.5706484641638225
22414,DOORMAT NEIGHBOURHOOD WITCH ,279,2038.39,10.068675213675213,78,427,107,10,3.576923076923077,25.03846153846154,5.0076923076923086,40.77692307692308,8.5,Overstock,Markdown / Clear,0.0,0.0,4213.740576923076,0.01588785046728972,44.94736842105263
22415,WHITE TISSUE REAM,19,151.05,7.95,12,57,146,20,1.5833333333333333,11.083333333333332,2.2166666666666663,33.88333333333333,0.0,Overstock,Markdown / Clear,0.0,0.0,453.15000000000003,0.0,57.0
22416,SET OF 36 DOILIES SPACEBOY DESIGN ,817,1135.4,1.5975806451612902,62,438,83,20,13.17741935483871,92.24193548387098,18.448387096774194,281.9967741935484,0.0,Overstock,Markdown / Clear,0.0,0.0,699.740322580645,0.0,438.0
22416,SET OF 36 SPACEBOY PAPER DOILIES,51,75.42,1.63375,8,113,110,15,6.375,44.625,8.925,104.55,18.0,Overstock,Markdown / Clear,0.0,0.0,155.20625,0.08035714285714286,5.947368421052632
22417,PACK OF 60 SPACEBOY CAKE CASES,8420,4563.24,0.8036853464963222,246,114,65,20,34.22764227642276,239.59349593495935,47.91869918699187,732.4715447154471,100.0,Healthy,No Action,34.0,0.0,0.0,0.5555555555555556,1.1287128712871286
22418,10 COLOUR SPACEBOY PEN,6564,5585.45,1.049072599531616,183,324,157,17,35.868852459016395,251.08196721311475,50.21639344262295,659.9868852459016,85.5,Overstock,Markdown / Clear,0.0,0.0,250.2038149882904,0.17738589211618258,3.745664739884393
22419,LIPSTICK PEN RED,3338,1673.1,0.5996721854304635,151,88,52,6,22.105960264900663,154.74172185430464,30.94834437086093,163.5841059602649,212.0,Stockout Risk,Reorder Now,155.0,127.13050331125827,0.0,1.50354609929078,0.4131455399061033
22420,LIPSTICK PEN BABY PINK,1333,611.3,0.5965217391304347,92,337,33,19,14.48913043478261,101.42391304347827,20.284782608695654,295.5782608695652,26.5,Overstock,Markdown / Clear,0.0,0.0,185.21999999999997,0.07142857142857142,12.254545454545454
22421,LIPSTICK PEN FUSCHIA,2597,1347.1,0.6187769953051643,142,463,149,7,18.288732394366196,128.02112676056336,25.604225352112675,153.62535211267604,51.0,Overstock,Markdown / Clear,0.0,0.0,254.9361220657277,0.08319738988580751,8.903846153846153
22422,TOOTHPASTE TUBE PEN,1273,776.1,1.063292,125,255,66,18,10.184,71.288,14.2576,197.56959999999998,291.0,Healthy,No Action,50.0,0.0,0.0,0.9037267080745341,0.8732876712328768
22423,REGENCY CAKESTAND 3 TIER,13851,174156.54,13.963521654986602,301,453,133,11,46.01661129568107,322.1162790697675,64.4232558139535,570.6059800664452,305.5,Healthy,No Action,0.0,0.0,0.0,0.520442930153322,1.4779771615008157
22424,ENAMEL BREAD BIN CREAM,873,12358.33,15.728603260869566,230,353,26,12,3.7956521739130435,26.569565217391304,5.313913043478261,50.86173913043478,16.5,Overstock,Markdown / Clear,0.0,0.0,5292.674997282609,0.04342105263157895,20.17142857142857
22425,ENAMEL COLANDER CREAM,460,2346.12,5.823354341736695,119,392,9,20,3.865546218487395,27.058823529411764,5.411764705882353,82.72268907563024,4.5,Overstock,Markdown / Clear,0.0,0.0,2256.5498074229695,0.011194029850746268,71.27272727272727
22426,ENAMEL WASH BOWL CREAM,742,2855.21,5.018374125874126,143,395,72,19,5.188811188811189,36.32167832167833,7.264335664335666,105.85174825174826,5.5,Overstock,Markdown / Clear,0.0,0.0,1954.6567220279721,0.011752136752136752,60.76923076923077
22427,ENAMEL FLOWER JUG CREAM,2106,12647.26,6.645128138528139,210,478,95,20,10.028571428571428,70.2,14.040000000000001,214.61142857142855,12.0,Overstock,Markdown / Clear,0.0,0.0,3096.6297125541128,0.020905923344947737,36.76923076923077
22428,ENAMEL FIRE BUCKET CREAM,246,1854.76,8.18526164874552,93,156,47,9,2.6451612903225805,18.516129032258064,3.703225806451613,27.509677419354837,3.5,Overstock,Markdown / Clear,0.0,0.0,1248.2524014336918,0.01715686274509804,34.666666666666664
22429,ENAMEL MEASURING JUG CREAM,1262,5507.18,4.875428120063191,211,437,69,6,5.981042654028436,41.867298578199055,8.373459715639811,44.25971563981043,16.0,Overstock,Markdown / Clear,0.0,0.0,2052.5552385466035,0.03155818540433925,25.705882352941178
22430,ENAMEL WATERING CAN CREAM,617,3241.34,5.8041481481481485,135,95,186,7,4.57037037037037,31.992592592592594,6.398518518518519,38.391111111111115,1.5,Overstock,Markdown / Clear,0.0,0.0,542.6878518518519,0.005319148936170213,38.0
22431,WATERING CAN BLUE ELEPHANT,2058,3998.7099999999996,2.3565953654188947,187,54,99,18,11.005347593582888,77.03743315508022,15.407486631016045,213.50374331550802,10.5,Overstock,Markdown / Clear,0.0,0.0,102.51189839572191,0.06818181818181818,4.695652173913044
22432,WATERING CAN PINK BUNNY,1716,3342.8199999999997,2.2328700336700336,165,20,58,5,10.4,72.8,14.56,66.56,31.0,Healthy,No Action,26.0,0.0,0.0,0.3924050632911392,0.625
22433,WATERING CAN GREEN DINOSAUR,1394,2667.5,2.348742092457421,137,315,1,20,10.175182481751825,71.22627737226279,14.245255474452557,217.74890510948907,8.0,Overstock,Markdown / Clear,0.0,0.0,721.0638223844282,0.025236593059936908,35.0
22434,BALLOON PUMP WITH 10 BALLOONS,793,1570.4099999999999,2.1165695792880257,103,339,156,16,7.699029126213592,53.89320388349515,10.77864077669903,133.9631067961165,20.0,Overstock,Markdown / Clear,0.0,0.0,675.1856957928802,0.04032258064516129,16.142857142857142
22435,SET OF 9 HEART SHAPED BALLOONS,2757,3445.5,1.478777777777778,177,425,195,17,15.576271186440678,109.03389830508475,21.80677966101695,286.6033898305085,89.5,Overstock,Markdown / Clear,0.0,0.0,496.1299444444445,0.14412238325281804,4.696132596685083
22436,12 COLOURED PARTY BALLOONS,2134,1398.51,0.7071311475409836,122,79,64,19,17.491803278688526,122.44262295081968,24.488524590163937,356.8327868852459,72.0,Healthy,No Action,17.0,0.0,0.0,0.5,1.082191780821918
22437,SET OF 9 BLACK SKULL BALLOONS,2828,2417.24,1.0181515151515153,165,339,82,3,17.13939393939394,119.97575757575758,23.99515151515152,75.41333333333334,56.0,Overstock,Markdown / Clear,0.0,0.0,288.1368787878788,0.13270142180094788,5.947368421052632
22438,BALLOON ART MAKE YOUR OWN FLOWERS,1009,1034.9,1.9834929577464788,71,368,153,19,14.211267605633802,99.47887323943661,19.895774647887322,289.90985915492956,303.5,Healthy,No Action,0.0,0.0,0.0,0.5814176245210728,1.2085385878489328
22439,6 ROCKET BALLOONS ,1898,1293.22,0.7667857142857143,140,347,9,13,13.557142857142857,94.9,18.98,195.22285714285712,69.0,Overstock,Markdown / Clear,0.0,0.0,213.16642857142858,0.19327731092436976,4.957142857142857
22440,BALLOON WATER BOMB PACK OF 35,6010,2375.04,0.45266081871345026,114,286,52,19,52.719298245614034,369.03508771929825,73.80701754385966,1075.4736842105262,76.5,Overstock,Markdown / Clear,0.0,0.0,94.83244152046782,0.22566371681415928,3.6903225806451614
22441,GROW YOUR OWN BASIL IN ENAMEL MUG,1047,2292.91,2.51571509009009,148,380,78,16,7.074324324324325,49.520270270270274,9.904054054054056,123.09324324324325,40.0,Overstock,Markdown / Clear,0.0,0.0,855.3431306306306,0.08714596949891068,9.268292682926829
22442,GROW YOUR OWN FLOWERS SET OF 3,296,1241.3,7.857142857142857,56,248,58,9,5.285714285714286,37.0,7.4,54.97142857142857,96.5,Overstock,Markdown / Clear,0.0,0.0,1190.357142857143,0.31433224755700323,2.5435897435897434
22443,GROW YOUR OWN HERBS SET OF 3,164,1391.74,8.67147619047619,70,289,149,15,2.342857142857143,16.400000000000002,3.2800000000000007,38.42285714285715,0.0,Overstock,Markdown / Clear,0.0,0.0,2506.056619047619,0.0,289.0
22444,GROW YOUR OWN PLANT IN A CAN ,838,1106.62,1.8214473684210528,38,335,178,20,22.05263157894737,154.3684210526316,30.87368421052632,471.92631578947373,0.0,Overstock,Markdown / Clear,0.0,0.0,610.1848684210527,0.0,335.0
22445,PENCIL CASE LIFE IS BEAUTIFUL,534,1615.91,3.486521739130435,92,305,47,16,5.804347826086956,40.630434782608695,8.126086956521739,100.99565217391304,7.5,Overstock,Markdown / Clear,0.0,0.0,1037.2402173913044,0.021246458923512748,35.88235294117647
22446,PIN CUSHION BABUSHKA PINK,439,1135.18,2.8923166666666664,90,310,148,3,4.877777777777778,34.144444444444446,6.82888888888889,21.462222222222223,62.5,Overstock,Markdown / Clear,0.0,0.0,715.8483749999999,0.13616557734204793,4.881889763779528
22447,PIN CUSHION BABUSHKA BLUE,137,410.81,3.4285,35,232,122,9,3.914285714285714,27.4,5.48,40.70857142857143,19.0,Overstock,Markdown / Clear,0.0,0.0,730.2705,0.05352112676056338,11.6
22448,PIN CUSHION BABUSHKA RED,201,656.4300000000001,3.8859259259259264,36,184,21,10,5.583333333333333,39.08333333333333,7.816666666666666,63.64999999999999,19.5,Overstock,Markdown / Clear,0.0,0.0,639.2348148148149,0.09466019417475728,8.975609756097562
22449,SILK PURSE BABUSHKA PINK,491,1583.95,3.293510204081633,98,24,99,20,5.010204081632653,35.07142857142858,7.014285714285716,107.21836734693879,0.0,Overstock,Markdown / Clear,0.0,0.0,79.04424489795919,0.0,24.0
22450,SILK PURSE BABUSHKA BLUE,194,657.76,3.4804444444444447,45,358,97,11,4.311111111111111,30.177777777777777,6.035555555555556,53.45777777777777,5.0,Overstock,Markdown / Clear,0.0,0.0,1228.596888888889,0.010964912280701754,59.666666666666664
22451,SILK PURSE BABUSHKA RED,222,775.8000000000001,3.809766666666667,30,398,157,3,7.4,51.800000000000004,10.360000000000001,32.56,0.0,Overstock,Markdown / Clear,0.0,0.0,1516.2871333333335,0.0,398.0
22452,MEASURING TAPE BABUSHKA PINK,722,1760.3100000000002,2.4530260416666665,96,97,24,19,7.520833333333333,52.64583333333333,10.529166666666667,153.42499999999998,2.0,Overstock,Markdown / Clear,0.0,0.0,233.03747395833332,0.01639344262295082,32.333333333333336
22453,MEASURING TAPE BABUSHKA BLUE,442,1185.79,2.8214327485380117,57,429,27,8,7.754385964912281,54.280701754385966,10.856140350877194,72.89122807017544,24.0,Overstock,Markdown / Clear,0.0,0.0,1142.6802631578948,0.0525164113785558,17.16
22454,MEASURING TAPE BABUSHKA RED,266,757.02,2.995,32,81,192,5,8.3125,58.1875,11.637500000000001,53.2,0.0,Overstock,Markdown / Clear,0.0,0.0,242.595,0.0,81.0
22456,NATURAL SLATE CHALKBOARD LARGE ,1727,9534.67,6.443133149397098,233,151,112,7,7.412017167381975,51.88412017167382,10.376824034334765,62.26094420600859,24.0,Overstock,Markdown / Clear,0.0,0.0,818.2779099734314,0.09090909090909091,6.04
22457,NATURAL SLATE HEART CHALKBOARD ,9119,27991.61,3.5232111009080707,297,108,44,4,30.703703703703702,214.92592592592592,42.98518518518519,165.8,508.0,Stockout Risk,Reorder Now,443.0,1789.7912392613,0.0,3.320261437908497,0.21218074656188604
22458,CAST IRON HOOK GARDEN FORK,523,1421.83,3.4502380952380953,21,256,67,6,24.904761904761905,174.33333333333334,34.86666666666667,184.29523809523812,0.0,Overstock,Markdown / Clear,0.0,0.0,883.2609523809524,0.0,256.0
22459,CAST IRON HOOK GARDEN TROWEL,386,1018.19,3.5536363636363633,22,61,6,12,17.545454545454547,122.81818181818183,24.563636363636366,235.10909090909092,0.0,Overstock,Markdown / Clear,0.0,0.0,216.77181818181816,0.0,61.0
22460,EMBOSSED GLASS TEALIGHT HOLDER,2546,3273.5,1.5542185430463575,151,108,48,12,16.86092715231788,118.02649006622516,23.605298013245033,225.9364238410596,48.5,Overstock,Markdown / Clear,0.0,0.0,92.47600331125827,0.3089171974522293,2.1818181818181817
22461,SAVOY ART DECO CLOCK,239,1453.58,10.479484126984127,42,421,136,13,5.690476190476191,39.833333333333336,7.966666666666668,81.94285714285715,0.0,Overstock,Markdown / Clear,0.0,0.0,4411.862817460317,0.0,421.0
22464,HANGING METAL HEART LANTERN,3402,5485.63,1.9647177672955976,212,315,163,18,16.047169811320753,112.33018867924527,22.466037735849056,311.3150943396226,276.0,Healthy,No Action,0.0,0.0,0.0,0.5762004175365344,1.1371841155234657
22465,HANGING METAL STAR LANTERN,2053,3141.54,1.9949527777777776,120,347,82,19,17.108333333333334,119.75833333333334,23.951666666666668,349.01,232.5,Healthy,No Action,0.0,0.0,0.0,0.5406976744186046,1.4860813704496787
22466,FAIRY TALE COTTAGE NIGHT LIGHT,976,1979.34,2.596083333333333,60,314,128,18,16.266666666666666,113.86666666666666,22.773333333333333,315.57333333333327,82.875,Overstock,Markdown / Clear,0.0,0.0,600.0197604166666,0.1870767494356659,3.743666169895678
22466,FAIRY TALE COTTAGE NIGHTLIGHT,2093,3626.45,2.357,75,123,137,9,27.906666666666666,195.34666666666666,39.06933333333333,290.22933333333333,0.0,Overstock,Markdown / Clear,0.0,0.0,289.911,0.0,123.0
22467,GUMBALL COAT RACK,7926,18798.670000000002,2.873251516822945,259,33,163,18,30.602316602316602,214.21621621621622,42.84324324324325,593.6849420849421,211.5,Stockout Risk,Reorder Now,221.0,607.6926958080529,0.0,1.0736040609137056,0.15529411764705883
22468,BABUSHKA LIGHTS STRING OF 10,517,3633.17,8.14177966101695,118,307,72,5,4.38135593220339,30.66949152542373,6.133898305084746,28.040677966101697,11.0,Overstock,Markdown / Clear,0.0,0.0,2409.966779661017,0.02894736842105263,25.583333333333332
22469,HEART OF WICKER SMALL,17963,32094.6,1.9708998912371003,258,198,45,18,69.62403100775194,487.3682170542636,97.47364341085273,1350.7062015503875,453.0,Stockout Risk,Reorder Now,352.0,892.8176507304064,0.0,1.8565573770491803,0.43612334801762115
22470,HEART OF WICKER LARGE,9887,30098.11,3.339999215367966,240,144,105,10,41.19583333333333,288.37083333333334,57.67416666666667,469.6325,461.5,Stockout Risk,Reorder Now,375.0,1541.4096378923161,0.0,1.846,0.31135135135135134
22471,TV DINNER TRAY AIR HOSTESS ,419,1502.02,5.710131578947368,76,441,159,14,5.5131578947368425,38.5921052631579,7.71842105263158,84.90263157894738,27.0,Overstock,Markdown / Clear,0.0,0.0,2363.9944736842103,0.04492512479201331,15.75
22472,TV DINNER TRAY DOLLY GIRL,320,1527.01,6.117465811965812,78,372,31,5,4.102564102564102,28.717948717948715,5.743589743589744,26.256410256410255,38.5,Overstock,Markdown / Clear,0.0,0.0,2040.1748482905982,0.0952970297029703,9.417721518987342
22473,TV DINNER TRAY VINTAGE PAISLEY,503,1623.04,5.519725738396625,79,42,5,19,6.367088607594937,44.56962025316456,8.913924050632913,129.8886075949367,22.5,Healthy,No Action,0.0,0.0,0.0,0.46875,1.7872340425531914
22474,SPACEBOY TV DINNER TRAY,303,1636.27,6.738844086021505,93,82,175,20,3.2580645161290325,22.806451612903228,4.561290322580645,69.7225806451613,39.5,Overstock,Markdown / Clear,0.0,0.0,286.400873655914,0.15310077519379844,2.0246913580246915
22475,SKULL DESIGN TV DINNER TRAY,313,1590.82,5.990753205128205,104,162,165,13,3.0096153846153846,21.067307692307693,4.213461538461539,43.33846153846154,30.0,Overstock,Markdown / Clear,0.0,0.0,790.7794230769231,0.09146341463414634,5.225806451612903
22476,EMPIRE UNION JACK TV DINNER TRAY,880,2839.21,6.808248226950354,94,172,144,6,9.361702127659575,65.53191489361703,13.106382978723406,69.27659574468085,316.5,Stockout Risk,Reorder Now,158.0,2154.810563829787,0.0,0.998422712933754,0.5417322834645669
22477,WATERING CAN GARDEN MARKER,1364,1967.9,1.7670506535947714,102,164,73,18,13.372549019607844,93.6078431372549,18.72156862745098,259.42745098039217,35.5,Overstock,Markdown / Clear,0.0,0.0,227.06600898692813,0.14915966386554622,4.493150684931507
22478,BIRDHOUSE GARDEN MARKER ,1537,2210.62,1.7932575757575757,110,244,113,19,13.972727272727273,97.80909090909091,19.561818181818182,285.0436363636364,29.5,Overstock,Markdown / Clear,0.0,0.0,384.65375,0.0824022346368715,8.0
22479,DAISY GARDEN MARKER,1139,1658.57,1.7734839357429717,83,469,26,11,13.72289156626506,96.06024096385542,19.212048192771086,170.16385542168675,6.0,Overstock,Markdown / Clear,0.0,0.0,821.1230622489959,0.012096774193548387,67.0
22480,RED TEA TOWEL CLASSIC DESIGN,630,755.96,1.2783333333333333,58,481,53,8,10.862068965517242,76.0344827586207,15.20689655172414,102.10344827586208,0.0,Overstock,Markdown / Clear,0.0,0.0,614.8783333333333,0.0,481.0
22481,BLACK TEA TOWEL CLASSIC DESIGN,825,747.3,1.1114122807017544,95,328,177,4,8.68421052631579,60.78947368421053,12.157894736842106,46.89473684210526,72.0,Overstock,Markdown / Clear,0.0,0.0,284.5215438596491,0.1422924901185771,4.493150684931507
22482,BLUE TEA TOWEL CLASSIC DESIGN,478,565.86,1.2534883720930232,43,123,162,11,11.116279069767442,77.81395348837209,15.56279069767442,137.8418604651163,0.0,Overstock,Markdown / Clear,0.0,0.0,154.17906976744186,0.0,123.0
22483,RED GINGHAM TEDDY BEAR ,770,2302.94,3.5960582010582014,126,123,84,8,6.111111111111111,42.77777777777777,8.555555555555555,57.44444444444444,39.0,Overstock,Markdown / Clear,0.0,0.0,302.0688888888889,0.1875,3.075
22485,SET OF 2 WOODEN MARKET CRATES,526,7190.35,15.000408163265305,147,454,126,5,3.578231292517007,25.047619047619047,5.0095238095238095,22.900680272108843,18.0,Overstock,Markdown / Clear,0.0,0.0,6540.177959183673,0.03098106712564544,23.894736842105264
22486,PLASMATRONIC LAMP,71,446.45,8.213181818181818,22,58,152,8,3.227272727272727,22.59090909090909,4.5181818181818185,30.336363636363636,21.0,Overstock,Markdown / Clear,0.0,0.0,303.88772727272726,0.0995260663507109,2.6363636363636362
22487,WHITE WOOD GARDEN PLANT LADDER,784,7909.28,11.064274814814814,225,454,155,9,3.4844444444444442,24.39111111111111,4.878222222222222,36.23822222222222,10.5,Overstock,Markdown / Clear,0.0,0.0,4907.00588037037,0.01721311475409836,39.47826086956522
22488,NATURAL SLATE RECTANGLE CHALKBOARD,3195,5573.679999999999,2.0616283974777128,219,217,110,3,14.58904109589041,102.12328767123287,20.424657534246577,64.1917808219178,19.5,Overstock,Markdown / Clear,0.0,0.0,407.17160850184825,0.05945121951219512,10.585365853658537
22489,PACK OF 12 TRADITIONAL CRAYONS,9719,4072.13,0.5334103139013453,223,153,14,3,43.582959641255606,305.0807174887892,61.016143497757845,191.76502242152466,264.0,Stockout Risk,Reorder Now,172.0,140.82032286995516,0.0,1.5714285714285714,0.5773584905660377
22491,PACK OF 12 COLOURED PENCILS,3947,3183.63,0.9208605664488017,153,86,131,7,25.797385620915033,180.58169934640523,36.11633986928105,216.69803921568626,24.0,Overstock,Markdown / Clear,0.0,0.0,57.0933551198257,0.11009174311926606,3.44
22492,MINI PAINT SET VINTAGE ,26633,16937.82,0.7620192307692307,208,410,92,8,128.04326923076923,896.3028846153845,179.2605769230769,1203.6067307692308,260.5,Healthy,No Action,30.0,0.0,0.0,0.5178926441351889,1.5678776290630976
22493,PAINT YOUR OWN CANVAS SET,2461,3986.64,1.8752825607064016,151,198,122,15,16.29801324503311,114.08609271523179,22.81721854304636,267.28741721854306,69.0,Overstock,Markdown / Clear,0.0,0.0,241.91145033112582,0.21495327102803738,2.8285714285714287
22494,EMERGENCY FIRST AID TIN ,1088,1572.27,1.8617465069860277,167,475,72,4,6.514970059880239,45.604790419161674,9.120958083832335,35.18083832335329,14.0,Overstock,Markdown / Clear,0.0,0.0,858.2651397205588,0.025547445255474453,31.666666666666668
22495,SET OF 2 ROUND TINS CAMEMBERT ,282,748.82,3.726666666666667,74,61,154,17,3.810810810810811,26.675675675675677,5.335135135135136,70.11891891891892,97.0,Healthy,No Action,41.0,0.0,0.0,0.44907407407407407,0.6224489795918368
22496,SET OF 2 ROUND TINS DUTCH CHEESE,253,535.11,3.111058201058201,63,467,153,17,4.015873015873016,28.11111111111111,5.622222222222223,73.89206349206349,58.0,Overstock,Markdown / Clear,0.0,0.0,1272.4228042328043,0.09339774557165861,7.915254237288136
22497,SET OF 2 TINS VINTAGE BATHROOM ,224,1140.9,5.737283950617283,81,34,146,15,2.765432098765432,19.358024691358025,3.8716049382716053,45.35308641975308,1.0,Overstock,Markdown / Clear,0.0,0.0,189.33037037037036,0.0055248618784530384,17.0
22498,WOODEN REGATTA BUNTING,333,2116.04,6.934868421052632,114,130,91,16,2.9210526315789473,20.44736842105263,4.089473684210526,50.82631578947368,2.0,Overstock,Markdown / Clear,0.0,0.0,887.6631578947369,0.009009009009009009,43.333333333333336
22499,WOODEN UNION JACK BUNTING,2091,12792.25,6.738857184712157,181,176,16,9,11.552486187845304,80.86740331491713,16.173480662983426,120.14585635359116,16.0,Overstock,Markdown / Clear,0.0,0.0,1078.217149553945,0.08290155440414508,10.352941176470589
22500,SET OF 2 TINS JARDIN DE PROVENCE,248,967.05,5.474666666666667,75,308,42,16,3.3066666666666666,23.14666666666667,4.629333333333334,57.536,46.0,Overstock,Markdown / Clear,0.0,0.0,1434.3626666666667,0.13105413105413105,6.553191489361702
22501,PICNIC BASKET WICKER LARGE,1602,19302.26,14.25824860884292,167,497,120,12,9.592814371257486,67.1497005988024,13.42994011976048,128.5437125748503,0.0,Overstock,Markdown / Clear,0.0,0.0,7086.349558594931,0.0,497.0
22502,PICNIC BASKET WICKER 60 PIECES,61,39619.5,649.5,1,250,40,19,61.0,427.0,85.4,1244.4,0.0,Overstock,Markdown / Clear,0.0,0.0,162375.0,0.0,250.0
22502,PICNIC BASKET WICKER SMALL,1876,11789.27,7.497526455026455,162,430,169,16,11.580246913580247,81.06172839506172,16.212345679012344,201.4962962962963,0.0,Overstock,Markdown / Clear,0.0,0.0,3223.9363756613757,0.0,430.0
22503,CABIN BAG VINTAGE PAISLEY,99,2010.12,22.8784375,32,439,177,10,3.09375,21.65625,4.33125,35.26875,0.0,Overstock,Markdown / Clear,0.0,0.0,10043.6340625,0.0,439.0
22504,CABIN BAG VINTAGE RETROSPOT,247,4674.62,23.100192307692307,52,176,167,6,4.75,33.25,6.65,35.15,3.0,Overstock,Markdown / Clear,0.0,0.0,3996.333269230769,0.00872093023255814,44.0
22505,MEMO BOARD COTTAGE DESIGN,1457,7084.42,5.576671029668412,191,57,38,18,7.628272251308901,53.397905759162306,10.679581151832462,147.98848167539268,14.0,Overstock,Markdown / Clear,0.0,0.0,239.7968542757417,0.14583333333333334,3.8
22507,MEMO BOARD RETROSPOT  DESIGN,2960,14193.35,6.218059734513274,226,460,112,15,13.097345132743364,91.68141592920355,18.33628318584071,214.79646017699116,35.0,Overstock,Markdown / Clear,0.0,0.0,2642.6753871681417,0.06108202443280977,12.777777777777779
22508,DOORSTOP RETROSPOT HEART,1594,6525.88,4.600244623655914,186,116,150,20,8.56989247311828,59.98924731182796,11.997849462365593,183.3956989247312,18.5,Overstock,Markdown / Clear,0.0,0.0,448.52385080645155,0.06928838951310862,5.948717948717949
22509,SEWING BOX RETROSPOT DESIGN ,209,2124.54,17.2209649122807,57,430,110,16,3.6666666666666665,25.666666666666664,5.133333333333333,63.8,57.0,Overstock,Markdown / Clear,0.0,0.0,6423.419912280701,0.10536044362292052,7.413793103448276
22510,GINGHAM BABUSHKA DOORSTOP,210,402.74,2.7255555555555553,33,458,179,20,6.363636363636363,44.54545454545455,8.90909090909091,136.1818181818182,20.0,Overstock,Markdown / Clear,0.0,0.0,1193.7933333333333,0.03134796238244514,21.80952380952381
22511,RETROSPOT BABUSHKA DOORSTOP,251,495.2,3.0476744186046516,43,308,46,7,5.837209302325581,40.860465116279066,8.172093023255814,49.03255813953488,15.0,Overstock,Markdown / Clear,0.0,0.0,892.9686046511629,0.04225352112676056,19.25
22512,DOORSTOP RACING CAR DESIGN,122,269.71,3.6198387096774196,31,273,62,11,3.935483870967742,27.548387096774192,5.509677419354839,48.8,22.0,Overstock,Markdown / Clear,0.0,0.0,908.5795161290323,0.06547619047619048,11.869565217391305
22513,DOORSTOP FOOTBALL DESIGN,152,539.9,4.979439393939394,55,215,109,5,2.7636363636363637,19.345454545454544,3.869090909090909,17.687272727272727,56.0,Overstock,Markdown / Clear,0.0,0.0,791.7308636363637,0.1723076923076923,3.7719298245614037
22514,CHILDS GARDEN SPADE BLUE,302,704.45,2.528127572016461,81,105,68,10,3.728395061728395,26.098765432098766,5.219753086419754,42.50370370370371,14.5,Overstock,Markdown / Clear,0.0,0.0,228.7955452674897,0.08333333333333333,6.774193548387097
22515,CHILDS GARDEN SPADE PINK,266,608.95,2.613726851851852,72,341,42,12,3.6944444444444446,25.861111111111114,5.172222222222223,49.50555555555556,8.0,Overstock,Markdown / Clear,0.0,0.0,870.3710416666667,0.020833333333333332,37.888888888888886
22516,CHILDS GARDEN RAKE BLUE,206,494.89,2.708090909090909,55,29,175,5,3.7454545454545456,26.21818181818182,5.243636363636364,23.97090909090909,10.0,Overstock,Markdown / Clear,0.0,0.0,51.45372727272727,0.04878048780487805,2.6363636363636362
22517,CHILDS GARDEN RAKE PINK,199,447.63,2.5078225806451617,62,24,33,13,3.2096774193548385,22.46774193548387,4.493548387096774,46.21935483870968,5.5,Overstock,Markdown / Clear,0.0,0.0,46.394717741935494,0.09482758620689655,3.6923076923076925
22518,CHILDS GARDEN BRUSH BLUE,363,783.5400000000001,2.5049393939393942,55,142,39,13,6.6,46.199999999999996,9.24,95.03999999999999,0.0,Overstock,Markdown / Clear,0.0,0.0,355.701393939394,0.0,142.0
22519,CHILDS GARDEN BRUSH PINK,411,906.7500000000001,2.499985632183908,58,349,60,19,7.086206896551724,49.60344827586207,9.920689655172415,144.55862068965519,0.0,Overstock,Markdown / Clear,0.0,0.0,872.4949856321839,0.0,349.0
22520,CHILDS GARDEN TROWEL BLUE ,719,622.1,0.9241891891891892,74,372,177,18,9.716216216216216,68.01351351351352,13.602702702702704,188.4945945945946,0.0,Overstock,Markdown / Clear,0.0,0.0,343.7983783783784,0.0,372.0
22521,CHILDS GARDEN TROWEL PINK,609,525.51,0.9402380952380952,63,137,194,9,9.666666666666666,67.66666666666666,13.533333333333331,100.53333333333333,0.0,Overstock,Markdown / Clear,0.0,0.0,128.81261904761905,0.0,137.0
22522,CHILDS GARDEN FORK BLUE ,930,772.59,0.9012371134020619,97,313,61,6,9.587628865979381,67.11340206185567,13.422680412371134,70.94845360824742,0.0,Overstock,Markdown / Clear,0.0,0.0,282.0872164948454,0.0,313.0
22523,CHILDS GARDEN FORK PINK,864,750.81,0.9643877551020408,98,416,57,14,8.816326530612244,61.71428571428571,12.342857142857142,135.77142857142854,13.0,Overstock,Markdown / Clear,0.0,0.0,388.6482653061224,0.027426160337552744,29.714285714285715
22524,CHILDRENS GARDEN GLOVES BLUE,642,883.1999999999999,1.60046875,64,178,160,17,10.03125,70.21875,14.043750000000001,184.575,0.0,Overstock,Markdown / Clear,0.0,0.0,284.8834375,0.0,178.0
22525,CHILDRENS GARDEN GLOVES PINK,489,648.97,1.7284134615384614,52,322,74,13,9.403846153846153,65.82692307692307,13.165384615384614,135.41538461538462,0.0,Overstock,Markdown / Clear,0.0,0.0,556.5491346153846,0.0,322.0
22526,WHEELBARROW FOR CHILDREN ,125,1720.26,14.339565217391304,69,247,15,7,1.8115942028985508,12.681159420289855,2.536231884057971,15.217391304347826,3.0,Overstock,Markdown / Clear,0.0,0.0,3498.853913043478,0.011406844106463879,61.75
22528,GARDENERS KNEELING PAD,1,3.36,3.36,1,384,81,7,1.0,7.0,1.4000000000000001,8.4,0.0,Overstock,Markdown / Clear,0.0,0.0,1290.24,0.0,384.0
22529,MAGIC DRAWING SLATE GO TO THE FAIR ,851,349.03,0.4632768361581921,59,235,93,17,14.423728813559322,100.96610169491525,20.193220338983053,265.3966101694915,28.5,Overstock,Markdown / Clear,0.0,0.0,95.66666666666667,0.08662613981762918,7.966101694915254
22530,MAGIC DRAWING SLATE DOLLY GIRL ,3628,1516.46,0.4997657004830917,138,455,47,20,26.28985507246377,184.02898550724638,36.80579710144928,562.6028985507246,88.5,Overstock,Markdown / Clear,0.0,0.0,183.1641292270531,0.17594433399602386,5.083798882681564
22531,MAGIC DRAWING SLATE CIRCUS PARADE  ,3382,1412.41,0.4964691358024691,135,203,137,13,25.05185185185185,175.36296296296297,35.07259259259259,360.7466666666666,45.5,Overstock,Markdown / Clear,0.0,0.0,78.19388888888888,0.13343108504398826,4.365591397849462
22532,MAGIC DRAWING SLATE LEAP FROG ,1072,366.75,0.45058333333333334,60,34,81,14,17.866666666666667,125.06666666666666,25.013333333333335,275.14666666666665,20.0,Healthy,No Action,11.0,0.0,0.0,0.1724137931034483,1.619047619047619
22533,MAGIC DRAWING SLATE BAKE A CAKE ,1782,644.39,0.4614084507042253,71,176,37,4,25.098591549295776,175.69014084507043,35.138028169014085,135.5323943661972,4.5,Overstock,Markdown / Clear,0.0,0.0,79.13154929577465,0.02102803738317757,32.0
22534,MAGIC DRAWING SLATE SPACEBOY ,4496,1871.1200000000001,0.503358024691358,162,155,126,17,27.753086419753085,194.2716049382716,38.85432098765432,510.65679012345674,80.5,Healthy,No Action,0.0,0.0,0.0,0.2854609929078014,1.901840490797546
22535,MAGIC DRAWING SLATE BUNNIES ,1763,669.75,0.48430817610062893,106,280,18,6,16.632075471698112,116.42452830188678,23.28490566037736,123.07735849056603,0.0,Overstock,Markdown / Clear,0.0,0.0,135.6062893081761,0.0,280.0
22536,MAGIC DRAWING SLATE PURDEY,4752,1803.95,0.4368347953216374,114,176,163,20,41.68421052631579,291.7894736842105,58.357894736842105,892.0421052631579,30.0,Overstock,Markdown / Clear,0.0,0.0,63.77788011695906,0.08823529411764706,5.67741935483871
22537,MAGIC DRAWING SLATE DINOSAUR,1929,844.0,0.50042,125,66,186,8,15.432,108.024,21.6048,145.0608,45.5,Healthy,No Action,1.0,0.0,0.0,0.17984189723320157,1.4193548387096775
22538,MINI JIGSAW GO TO THE FAIR,402,164.42,0.557051282051282,39,343,62,13,10.307692307692308,72.15384615384616,14.430769230769233,148.43076923076924,48.0,Overstock,Markdown / Clear,0.0,0.0,164.33012820512818,0.11822660098522167,7.0
22539,MINI JIGSAW DOLLY GIRL,2918,1129.32,0.5662735849056604,106,351,76,4,27.528301886792452,192.69811320754715,38.53962264150943,148.65283018867925,201.0,Healthy,No Action,0.0,0.0,0.0,0.4696261682242991,1.7376237623762376
22540,MINI JIGSAW CIRCUS PARADE ,2519,960.86,0.5284121621621621,74,192,173,10,34.04054054054054,238.28378378378378,47.65675675675676,388.06216216216217,129.0,Healthy,No Action,0.0,0.0,0.0,0.3524590163934426,1.476923076923077
22541,MINI JIGSAW LEAP FROG,503,201.95,0.5600520833333333,32,149,130,13,15.71875,110.03125,22.00625,226.35,6.0,Overstock,Markdown / Clear,0.0,0.0,80.08744791666666,0.02142857142857143,21.285714285714285
22543,MINI JIGSAW BAKE A CAKE ,1453,530.8,0.5080851063829787,47,430,101,7,30.914893617021278,216.40425531914894,43.28085106382979,259.68510638297874,126.0,Overstock,Markdown / Clear,0.0,0.0,154.45787234042552,0.23684210526315788,3.3858267716535435
22544,MINI JIGSAW SPACEBOY,4518,1714.92,0.5298636363636364,121,114,64,20,37.33884297520661,261.3719008264463,52.27438016528926,799.0512396694214,327.5,Stockout Risk,Reorder Now,266.0,173.53034090909094,0.0,1.829608938547486,0.3470319634703196
22545,MINI JIGSAW BUNNIES,1142,435.66999999999996,0.5545454545454546,66,134,119,20,17.303030303030305,121.12121212121212,24.224242424242426,370.28484848484857,85.5,Healthy,No Action,0.0,0.0,0.0,0.33661417322834647,1.5491329479768785
22546,MINI JIGSAW PURDEY,2103,799.9799999999999,0.526150234741784,71,262,90,16,29.619718309859156,207.33802816901408,41.46760563380282,515.3830985915494,67.5,Overstock,Markdown / Clear,0.0,0.0,102.336220657277,0.19121813031161472,3.8248175182481754
22547,MINI JIGSAW DINOSAUR ,809,338.23,0.6343229166666666,80,439,7,12,10.1125,70.78750000000001,14.157500000000002,135.50750000000002,97.0,Overstock,Markdown / Clear,0.0,0.0,216.9384375,0.21700223713646533,4.479591836734694
22548,HEADS AND TAILS SPORTING FUN,1975,2348.94,1.3952144607843138,136,311,178,5,14.522058823529411,101.65441176470588,20.330882352941178,92.94117647058823,0.0,Overstock,Markdown / Clear,0.0,0.0,433.9116973039216,0.0,311.0
22549,PICTURE DOMINOES,3188,4798.38,1.9086397996357012,183,301,72,11,17.420765027322403,121.94535519125682,24.389071038251366,216.0174863387978,137.0,Overstock,Markdown / Clear,0.0,0.0,313.016927140255,0.3663101604278075,2.181159420289855
22550,HOLIDAY FUN LUDO,1162,4194.89,4.367819248826291,142,318,133,5,8.183098591549296,57.28169014084507,11.456338028169014,52.371830985915494,19.5,Overstock,Markdown / Clear,0.0,0.0,1303.7940457746479,0.04314159292035398,15.512195121951219
22551,PLASTERS IN TIN SPACEBOY,8074,13602.109999999999,1.8488927159796724,253,302,106,13,31.91304347826087,223.3913043478261,44.67826086956522,459.54782608695655,181.5,Healthy,No Action,0.0,0.0,0.0,0.44376528117359415,1.6547945205479453
22553,PLASTERS IN TIN SKULLS,4242,7132.12,1.9627856138235886,237,88,88,14,17.89873417721519,125.29113924050633,25.058227848101268,275.6405063291139,105.0,Healthy,No Action,42.0,0.0,0.0,0.5932203389830508,0.8301886792452831
22554,PLASTERS IN TIN WOODLAND ANIMALS,7803,13328.269999999999,1.9060564273689273,264,167,38,14,29.556818181818183,206.89772727272728,41.37954545454546,455.175,117.5,Healthy,No Action,0.0,0.0,0.0,0.5703883495145631,1.409282700421941
22555,PLASTERS IN TIN STRONGMAN,6010,9841.83,1.8455416065416064,231,30,112,5,26.017316017316016,182.12121212121212,36.42424242424243,166.51082251082252,123.0,Stockout Risk,Reorder Now,129.0,227.0016176046176,0.0,0.8601398601398601,0.24193548387096775
22556,PLASTERS IN TIN CIRCUS PARADE ,6113,10061.859999999999,1.791991642371234,245,273,187,9,24.951020408163266,174.65714285714287,34.931428571428576,259.490612244898,146.5,Healthy,No Action,0.0,0.0,0.0,0.31778741865509763,1.8508474576271186
22557,PLASTERS IN TIN VINTAGE PAISLEY ,4712,7762.24,1.8769615160349853,245,349,27,16,19.23265306122449,134.62857142857143,26.92571428571429,334.6481632653061,105.0,Overstock,Markdown / Clear,0.0,0.0,457.9786099125364,0.27851458885941643,3.292452830188679
22558,CLOTHES PEGS RETROSPOT PACK 24 ,8676,13325.869999999999,1.8298449792960663,276,379,96,13,31.434782608695652,220.04347826086956,44.00869565217391,452.6608695652174,216.0,Healthy,No Action,0.0,0.0,0.0,0.453781512605042,1.7465437788018434
22559,SEASIDE FLYING DISC,505,626.53,1.613661971830986,71,57,181,9,7.112676056338028,49.78873239436619,9.95774647887324,73.97183098591549,3.0,Overstock,Markdown / Clear,0.0,0.0,87.13774647887324,0.012552301255230125,14.25
22560,TRADITIONAL MODELLING CLAY,8144,9572.32,1.4175610917537746,205,153,36,12,39.72682926829268,278.08780487804876,55.617560975609756,532.339512195122,677.0,Stockout Risk,Reorder Now,580.0,959.6888591173055,0.0,3.5631578947368423,0.22566371681415928
22561,WOODEN SCHOOL COLOURING SET,5883,9741.57,1.7759388997608174,219,219,136,13,26.863013698630137,188.04109589041096,37.608219178082194,386.827397260274,165.0,Healthy,No Action,0.0,0.0,0.0,0.46348314606741575,1.319277108433735
22562,MONSTERS STENCIL CRAFT,1413,1763.3700000000001,1.361190476190476,133,42,81,17,10.62406015037594,74.36842105263158,14.873684210526315,195.4827067669173,55.0,Healthy,No Action,28.0,0.0,0.0,0.4435483870967742,0.75
22563,HAPPY STENCIL CRAFT,2823,3348.18,1.3431891615541922,163,322,55,18,17.319018404907975,121.23312883435582,24.246625766871166,335.9889570552147,194.5,Healthy,No Action,0.0,0.0,0.0,0.5145502645502645,1.6470588235294117
22564,ALPHABET STENCIL CRAFT,2697,3057.27,1.3322628726287264,123,365,186,14,21.926829268292682,153.48780487804876,30.697560975609754,337.6731707317073,33.0,Overstock,Markdown / Clear,0.0,0.0,442.3112737127372,0.059782608695652176,10.735294117647058
22565,FELTCRAFT HAIRBANDS PINK AND WHITE ,933,872.67,1.095093457943925,107,321,84,20,8.719626168224298,61.03738317757009,12.20747663551402,186.59999999999997,31.5,Overstock,Markdown / Clear,0.0,0.0,317.02955607476633,0.07758620689655173,9.876923076923077
22566,FELTCRAFT HAIRBAND PINK AND PURPLE,873,789.78,1.0431818181818182,110,382,1,15,7.9363636363636365,55.554545454545455,11.110909090909091,130.15636363636364,42.5,Overstock,Markdown / Clear,0.0,0.0,354.1602272727273,0.11067708333333333,8.781609195402298
22567,20 DOLLY PEGS RETROSPOT,2448,3251.6,1.5878863636363636,154,415,188,7,15.896103896103897,111.27272727272728,22.254545454545458,133.52727272727273,29.5,Overstock,Markdown / Clear,0.0,0.0,612.1301931818182,0.048841059602649006,13.60655737704918
22568,FELTCRAFT CUSHION OWL,3373,12413.89,4.177983836056416,217,237,57,6,15.543778801843319,108.80645161290323,21.76129032258065,115.02396313364056,12.5,Overstock,Markdown / Clear,0.0,0.0,937.9573711946655,0.0423728813559322,17.555555555555557
22569,FELTCRAFT CUSHION BUTTERFLY,2759,10110.83,4.202097975553858,187,160,106,16,14.754010695187166,103.27807486631016,20.655614973262033,256.7197860962567,0.0,Overstock,Markdown / Clear,0.0,0.0,672.3356760886173,0.0,160.0
22570,FELTCRAFT CUSHION RABBIT,3086,11204.97,4.25568487394958,187,123,122,10,16.502673796791445,115.51871657754012,23.103743315508027,188.13048128342245,0.0,Overstock,Markdown / Clear,0.0,0.0,523.4492394957983,0.0,123.0
22571,ROCKING HORSE RED CHRISTMAS ,2434,2185.48,1.0756315086782378,107,465,187,11,22.747663551401867,159.23364485981307,31.846728971962616,282.07102803738314,152.5,Overstock,Markdown / Clear,0.0,0.0,336.1348464619493,0.2335375191424196,3.029315960912052
22572,ROCKING HORSE GREEN CHRISTMAS ,1380,1244.67,1.0842196078431372,85,229,167,5,16.235294117647058,113.6470588235294,22.729411764705883,103.90588235294118,6.0,Overstock,Markdown / Clear,0.0,0.0,241.7809725490196,0.015113350125944584,32.714285714285715
22573,STAR WOODEN CHRISTMAS DECORATION,2684,2423.0,1.124596757852077,94,492,163,7,28.5531914893617,199.87234042553192,39.97446808510639,239.8468085106383,218.0,Overstock,Markdown / Clear,0.0,0.0,308.1395116514691,0.3323170731707317,2.2465753424657535
22574,HEART WOODEN CHRISTMAS DECORATION,2333,2199.59,1.1280060738581148,98,130,113,20,23.806122448979593,166.64285714285717,33.328571428571436,509.4510204081633,249.5,Stockout Risk,Reorder Now,153.0,281.43751542759964,0.0,1.0225409836065573,0.5189620758483033
22575,METAL MERRY CHRISTMAS WREATH,636,1216.22,2.176348717948718,65,123,106,3,9.784615384615385,68.49230769230769,13.698461538461538,43.05230769230769,1.0,Overstock,Markdown / Clear,0.0,0.0,265.5145435897436,0.004347826086956522,61.5
22576,SWALLOW WOODEN CHRISTMAS DECORATION,1538,1414.46,1.0745588235294117,85,335,36,10,18.094117647058823,126.65882352941176,25.331764705882353,206.2729411764706,126.5,Overstock,Markdown / Clear,0.0,0.0,224.04551470588234,0.3400537634408602,2.627450980392157
22577,WOODEN HEART CHRISTMAS SCANDINAVIAN,10608,4075.3599999999997,0.6847998901451282,126,190,78,19,84.19047619047619,589.3333333333334,117.86666666666667,1717.4857142857145,706.0,Stockout Risk,Reorder Now,634.0,483.4687224424605,0.0,2.62453531598513,0.26874115983026875
22578,WOODEN STAR CHRISTMAS SCANDINAVIAN,10460,3876.54,0.6328438336040376,98,479,91,19,106.73469387755102,747.1428571428571,149.42857142857142,2177.387755102041,878.5,Stockout Risk,Reorder Now,549.0,555.9533078211471,0.0,1.5385288966725044,0.5446276293348493
22579,WOODEN TREE CHRISTMAS SCANDINAVIAN,5167,1988.02,0.681900023671108,83,375,17,13,62.25301204819277,435.7710843373494,87.15421686746988,896.443373493976,17.0,Overstock,Markdown / Clear,0.0,0.0,244.12020847425669,0.043256997455470736,20.833333333333332
22580,ADVENT CALENDAR GINGHAM SACK,1311,6848.1900000000005,5.8614344849050735,102,343,97,4,12.852941176470589,89.97058823529412,17.994117647058825,69.40588235294118,79.5,Overstock,Markdown / Clear,0.0,0.0,1544.487986772487,0.18027210884353742,4.260869565217392
22581,WOOD STOCKING CHRISTMAS SCANDISPOT,1569,1137.28,0.9339873417721518,79,152,62,8,19.860759493670887,139.0253164556962,27.805063291139245,186.69113924050635,270.0,Stockout Risk,Reorder Now,146.0,252.176582278481,0.0,1.255813953488372,0.5608856088560885
22582,PACK OF 6 SWEETIE GIFT BOXES,1061,2649.35,3.1102642276422765,82,395,149,16,12.939024390243903,90.57317073170732,18.114634146341466,225.13902439024392,10.5,Overstock,Markdown / Clear,0.0,0.0,1195.8965955284552,0.01926605504587156,34.34782608695652
22583,PACK OF 6 HANDBAG GIFT BOXES,573,1570.4,3.2865543071161047,89,312,138,5,6.438202247191011,45.067415730337075,9.013483146067415,41.204494382022474,3.0,Overstock,Markdown / Clear,0.0,0.0,1015.5452808988764,0.0066518847006651885,78.0
22584,PACK OF 6 PANETTONE GIFT BOXES,233,548.63,3.2906666666666666,10,347,185,14,23.3,163.1,32.62,358.82,28.0,Overstock,Markdown / Clear,0.0,0.0,1049.7226666666666,0.0525328330206379,11.96551724137931
22584,PACK OF 6 PANNETONE GIFT BOXES,2097,5398.33,3.1140769230769227,130,146,184,6,16.130769230769232,112.91538461538462,22.583076923076927,119.36769230769232,0.0,Overstock,Markdown / Clear,0.0,0.0,454.65523076923074,0.0,146.0
22585,PACK OF 6 BIRDY GIFT TAGS,6221,7547.89,1.461121095750128,186,125,3,14,33.446236559139784,234.1236559139785,46.8247311827957,515.0720430107527,90.5,Stockout Risk,Reorder Now,12.0,132.23145916538658,0.0,0.7015503875968992,1.366120218579235
22586,FELTCRAFT HAIRBAND PINK AND BLUE,856,774.55,1.0635405405405405,111,111,134,15,7.711711711711712,53.98198198198198,10.796396396396396,126.47207207207208,28.0,Overstock,Markdown / Clear,0.0,0.0,88.27386486486486,0.11382113821138211,3.8275862068965516
22587,FELTCRAFT HAIRBAND RED AND BLUE,918,830.52,1.0298190476190476,105,306,60,4,8.742857142857142,61.199999999999996,12.24,47.21142857142857,42.5,Overstock,Markdown / Clear,0.0,0.0,271.35731904761906,0.11580381471389646,7.0344827586206895
22588,CARD HOLDER GINGHAM HEART,684,2141.32,3.4639265536723163,118,397,106,4,5.796610169491525,40.57627118644068,8.115254237288136,31.301694915254238,11.5,Overstock,Markdown / Clear,0.0,0.0,1335.3436864406779,0.022817460317460316,31.76
22589,CARDHOLDER GINGHAM STAR,379,1212.82,3.596858974358974,52,412,53,17,7.288461538461538,51.01923076923077,10.203846153846154,134.1076923076923,17.0,Overstock,Markdown / Clear,0.0,0.0,1420.7592948717947,0.03648068669527897,22.88888888888889
22591,CARDHOLDER GINGHAM CHRISTMAS TREE,413,1509.41,4.416315789473684,57,70,87,19,7.245614035087719,50.719298245614034,10.143859649122808,147.81052631578947,10.0,Overstock,Markdown / Clear,0.0,0.0,264.978947368421,0.06329113924050633,6.363636363636363
22592,CARDHOLDER HOLLY WREATH METAL,658,3021.12,5.060237012987013,77,48,67,9,8.545454545454545,59.81818181818181,11.963636363636363,88.87272727272727,54.0,Healthy,No Action,18.0,0.0,0.0,0.46551724137931033,0.8727272727272727
22593,CHRISTMAS GINGHAM STAR,2263,2085.64,1.1407216117216117,91,481,128,16,24.86813186813187,174.0769230769231,34.81538461538462,432.7054945054945,123.0,Overstock,Markdown / Clear,0.0,0.0,408.378336996337,0.20163934426229507,3.879032258064516
22594,CHRISTMAS GINGHAM TREE,2006,1905.77,1.1635289855072464,92,315,54,14,21.804347826086957,152.6304347826087,30.526086956521738,335.7869565217391,141.0,Overstock,Markdown / Clear,0.0,0.0,202.45404347826087,0.3810810810810811,2.2183098591549295
22595,CHRISTMAS GINGHAM HEART,649,605.8,1.1962894736842105,19,316,2,19,34.1578947368421,239.1052631578947,47.821052631578944,696.8210526315789,0.0,Overstock,Markdown / Clear,0.0,0.0,378.0274736842105,0.0,316.0
22595,GINGHAM HEART DECORATION,6139,5114.41,1.0275589318600369,181,233,165,16,33.9171270718232,237.41988950276243,47.48397790055249,590.1580110497238,81.5,Overstock,Markdown / Clear,0.0,0.0,155.67517817679558,0.20426065162907267,2.824242424242424
22596,CHRISTMAS STAR WISH LIST CHALKBOARD,3476,4110.42,1.3671212511446884,96,286,120,8,36.208333333333336,253.45833333333334,50.69166666666667,340.35833333333335,0.0,Overstock,Markdown / Clear,0.0,0.0,390.9966778273809,0.0,286.0
22597,CHRISTMAS MUSICAL ZINC HEART ,58,67.89999999999999,1.2892857142857144,7,426,128,8,8.285714285714286,58.00000000000001,11.600000000000001,77.8857142857143,0.0,Overstock,Markdown / Clear,0.0,0.0,549.2357142857143,0.0,426.0
22597,MUSICAL ZINC HEART DECORATION ,2763,1179.59,0.7513856619570904,91,276,101,20,30.36263736263736,212.53846153846152,42.50769230769231,649.7604395604395,208.5,Healthy,No Action,0.0,0.0,0.0,0.5515873015873016,1.3174224343675418
22598,CHRISTMAS MUSICAL ZINC TREE,990,446.2,0.7015804597701149,58,321,37,7,17.06896551724138,119.48275862068967,23.896551724137936,143.37931034482762,61.5,Overstock,Markdown / Clear,0.0,0.0,182.0601293103448,0.1713091922005571,5.136
22599,CHRISTMAS MUSICAL ZINC STAR,1953,967.76,0.7052604166666666,64,120,84,8,30.515625,213.609375,42.721875000000004,286.846875,149.0,Healthy,No Action,72.0,0.0,0.0,0.7268292682926829,0.8
22600,CHRISTMAS RETROSPOT STAR WOOD,1698,1543.23,1.0698537414965985,98,424,156,4,17.3265306122449,121.28571428571429,24.25714285714286,93.56326530612245,97.5,Overstock,Markdown / Clear,0.0,0.0,349.30724659863944,0.16781411359724613,4.304568527918781
22601,CHRISTMAS RETROSPOT ANGEL WOOD,2479,2219.83,1.0715970873786407,103,365,132,10,24.067961165048544,168.47572815533982,33.695145631067966,274.3747572815534,91.0,Overstock,Markdown / Clear,0.0,0.0,293.6176019417475,0.1827309236947791,3.967391304347826
22602,CHRISTMAS RETROSPOT HEART WOOD,139,137.59,1.4044642857142855,14,129,91,17,9.928571428571429,69.5,13.9,182.68571428571428,0.0,Overstock,Markdown / Clear,0.0,0.0,181.17589285714283,0.0,129.0
22602,RETROSPOT WOODEN HEART DECORATION,2076,1886.28,1.1103600135089498,141,439,20,17,14.72340425531915,103.06382978723404,20.61276595744681,270.9106382978723,86.0,Overstock,Markdown / Clear,0.0,0.0,391.9570847686593,0.18695652173913044,5.045977011494253
22603,CHRISTMAS RETROSPOT TREE WOOD,1387,1235.3799999999999,1.0791954022988506,87,201,198,13,15.942528735632184,111.59770114942529,22.31954022988506,229.57241379310346,67.5,Overstock,Markdown / Clear,0.0,0.0,144.07258620689655,0.16875,2.934306569343066
22604,SET OF 4 NAPKIN CHARMS CUTLERY,1251,3039.6600000000003,2.841245791245791,99,490,194,3,12.636363636363637,88.45454545454545,17.69090909090909,55.599999999999994,21.5,Overstock,Markdown / Clear,0.0,0.0,1331.123653198653,0.031386861313868614,21.77777777777778
22605,WOODEN CROQUET GARDEN SET,782,11276.21,16.078783143939393,176,332,108,20,4.443181818181818,31.102272727272727,6.220454545454546,95.08409090909092,16.0,Overstock,Markdown / Clear,0.0,0.0,5080.8954734848485,0.036281179138321996,19.529411764705884
22606,WOODEN SKITTLES GARDEN SET,313,4638.46,16.85075471698113,106,20,46,14,2.952830188679245,20.669811320754718,4.133962264150944,45.47358490566038,4.0,Overstock,Markdown / Clear,0.0,0.0,269.61207547169806,0.05970149253731343,4.0
22607,WOODEN ROUNDERS GARDEN SET ,1327,12531.57,10.778835858585857,198,338,83,14,6.702020202020202,46.91414141414142,9.382828282828283,103.21111111111112,29.5,Overstock,Markdown / Clear,0.0,0.0,3325.270862373737,0.06990521327014218,11.081967213114755
22608,PENS ASSORTED FUNKY JEWELED ,5211,1114.64,0.34167499999999995,100,457,82,13,52.11,364.77,72.954,750.3839999999999,139.0,Overstock,Markdown / Clear,0.0,0.0,108.65264999999998,0.2574074074074074,3.2642857142857142
22609,PENS ASSORTED SPACEBALL,5874,1368.1,0.4385046728971963,107,74,34,10,54.89719626168224,384.2803738317757,76.85607476635515,625.8280373831775,112.5,Stockout Risk,Reorder Now,115.0,49.331775700934585,0.0,1.0321100917431192,0.6519823788546255
22610,PENS ASSORTED FUNNY FACE,9572,2571.4,0.44577937649880095,139,390,195,9,68.86330935251799,482.0431654676259,96.40863309352518,716.178417266187,144.0,Overstock,Markdown / Clear,0.0,0.0,109.66172661870503,0.24573378839590443,2.689655172413793
22611,VINTAGE UNION JACK SHOPPING BAG,225,1077.03,5.59625,36,443,68,4,6.25,43.75,8.75,33.75,0.0,Overstock,Markdown / Clear,0.0,0.0,2479.13875,0.0,443.0
22613,PACK OF 20 SPACEBOY NAPKINS,1538,1222.6100000000001,0.9950826446280991,121,418,128,13,12.710743801652892,88.97520661157024,17.79504132231405,183.03471074380167,25.0,Overstock,Markdown / Clear,0.0,0.0,391.067479338843,0.04570383912248629,16.076923076923077
22614,PACK OF 12 SPACEBOY TISSUES,3032,1024.22,0.4271990407673861,139,168,195,12,21.81294964028777,152.69064748201438,30.538129496402878,292.2935251798561,54.0,Overstock,Markdown / Clear,0.0,0.0,48.70069064748201,0.14835164835164835,3.0545454545454547
22615,PACK OF 12 CIRCUS PARADE TISSUES ,2073,660.15,0.4871317829457364,86,450,139,5,24.1046511627907,168.7325581395349,33.746511627906976,154.26976744186047,18.5,Overstock,Markdown / Clear,0.0,0.0,210.19736434108526,0.03135593220338983,23.076923076923077
22616,PACK OF 12 LONDON TISSUES ,26119,7975.98,0.4463824467025304,239,476,187,12,109.28451882845188,764.9916317991632,152.99832635983265,1464.4125523012551,600.5,Stockout Risk,Reorder Now,277.0,268.0526592448695,0.0,0.9043674698795181,0.7913549459684123
22617,BAKING SET SPACEBOY DESIGN,2209,10745.050000000001,5.397214502164502,220,328,26,20,10.040909090909091,70.28636363636363,14.057272727272727,214.87545454545455,64.5,Overstock,Markdown / Clear,0.0,0.0,1422.1660213203463,0.18169014084507043,5.00763358778626
22618,COOKING SET RETROSPOT,69,671.53,10.793636363636363,22,156,55,16,3.1363636363636362,21.954545454545453,4.390909090909091,54.57272727272727,0.0,Overstock,Markdown / Clear,0.0,0.0,1683.8072727272727,0.0,156.0
22619,SET OF 6 SOLDIER SKITTLES,2480,9895.04,4.538822725129656,202,221,22,20,12.277227722772277,85.94059405940594,17.18811881188119,262.73267326732673,122.5,Healthy,No Action,0.0,0.0,0.0,0.5020491803278688,1.7894736842105263
22620,4 TRADITIONAL SPINNING TOPS,4889,6782.21,1.6287569537160658,214,455,152,10,22.845794392523363,159.92056074766353,31.984112149532706,260.44205607476636,127.0,Overstock,Markdown / Clear,0.0,0.0,534.2322808188695,0.20888157894736842,3.5546875
22621,TRADITIONAL KNITTING NANCY,6148,10053.65,1.8367052275455638,238,332,20,12,25.831932773109244,180.8235294117647,36.16470588235294,346.1478991596639,216.5,Healthy,No Action,0.0,0.0,0.0,0.613314447592068,1.5264367816091955
22622,BOX OF VINTAGE ALPHABET BLOCKS,1342,13931.31,12.090539633244601,161,136,60,15,8.335403726708075,58.34782608695652,11.669565217391305,136.7006211180124,21.5,Overstock,Markdown / Clear,0.0,0.0,1384.3667880065068,0.10913705583756345,6.044444444444444
22623,BOX OF VINTAGE JIGSAW BLOCKS ,937,5236.31,6.123934240362812,147,173,62,10,6.374149659863946,44.61904761904762,8.923809523809524,72.66530612244898,15.5,Overstock,Markdown / Clear,0.0,0.0,964.5196428571428,0.06567796610169492,10.484848484848484
22624,IVORY KITCHEN SCALES,1883,16378.71,9.440701938213302,242,444,121,6,7.7809917355371905,54.46694214876033,10.893388429752067,57.579338842975204,42.5,Overstock,Markdown / Clear,0.0,0.0,3790.4418281926405,0.07508833922261485,10.206896551724139
22625,RED KITCHEN SCALES,1620,14082.2,9.613933191998262,219,310,51,6,7.397260273972603,51.78082191780822,10.356164383561644,54.73972602739727,37.5,Overstock,Markdown / Clear,0.0,0.0,2619.7967948195264,0.10359116022099447,8.051948051948052
22626,BLACK KITCHEN SCALES,517,4401.860000000001,9.153995271867613,141,82,87,7,3.6666666666666665,25.666666666666664,5.133333333333333,30.799999999999997,12.5,Overstock,Markdown / Clear,0.0,0.0,636.2026713947992,0.07352941176470588,6.074074074074074
22627,MINT KITCHEN SCALES,852,7521.89,9.350964962121212,176,263,152,3,4.840909090909091,33.88636363636363,6.777272727272727,21.3,24.5,Overstock,Markdown / Clear,0.0,0.0,2230.2051434659093,0.05889423076923077,10.313725490196079
22628,PICNIC BOXES SET OF 3 RETROSPOT ,965,4620.91,5.72505,130,44,54,19,7.423076923076923,51.96153846153847,10.392307692307694,151.43076923076924,22.5,Healthy,No Action,0.0,0.0,0.0,0.22727272727272727,1.872340425531915
22629,SPACEBOY LUNCH BOX ,14249,25719.02,2.167024261424617,281,109,45,4,50.70818505338078,354.9572953736655,70.9914590747331,273.82419928825624,263.0,Stockout Risk,Reorder Now,225.0,569.9273807546743,0.0,1.696774193548387,0.4128787878787879
22630,DOLLY GIRL LUNCH BOX,11780,21609.79,2.3014974682824145,279,94,31,10,42.22222222222222,295.55555555555554,59.111111111111114,481.33333333333337,126.0,Stockout Risk,Reorder Now,91.0,289.98868100358425,0.0,1.0,0.7401574803149606
22631,CIRCUS PARADE LUNCH BOX ,3677,7199.57,2.6016279069767445,215,313,54,9,17.10232558139535,119.71627906976744,23.94325581395349,177.86418604651163,47.0,Overstock,Markdown / Clear,0.0,0.0,692.033023255814,0.12771739130434784,6.520833333333333
22632,HAND WARMER RED POLKA DOT,120,225.0,1.9333333333333336,3,405,95,17,40.0,280.0,56.0,736.0,0.0,Overstock,Markdown / Clear,0.0,0.0,783.0000000000001,0.0,405.0
22632,HAND WARMER RED RETROSPOT,4348,8757.83,2.2106653476924754,103,410,132,7,42.213592233009706,295.49514563106794,59.099029126213594,354.5941747572815,178.66666666666666,Overstock,Markdown / Clear,0.0,0.0,511.40058376619265,0.32903621853898096,2.282003710575139
22633,HAND WARMER UNION JACK,4851,10023.720000000001,2.20219098668627,106,229,35,4,45.764150943396224,320.3490566037736,64.06981132075472,247.12641509433962,302.5,Stockout Risk,Reorder Now,138.0,666.1627734725967,0.0,1.1415094339622642,0.7545304777594728
22634,CHILDS BREAKFAST SET SPACEBOY ,763,7161.3,10.395059139784946,155,494,109,9,4.922580645161291,34.458064516129035,6.891612903225807,51.19483870967742,27.5,Overstock,Markdown / Clear,0.0,0.0,4849.295088709678,0.04552980132450331,17.333333333333332
22635,CHILDS BREAKFAST SET DOLLY GIRL ,681,6412.33,10.250557644110275,133,437,176,10,5.120300751879699,35.8421052631579,7.1684210526315795,58.371428571428574,13.5,Overstock,Markdown / Clear,0.0,0.0,4341.111162280701,0.021986970684039087,30.137931034482758
22636,CHILDS BREAKFAST SET CIRCUS PARADE,595,5009.56,8.870206896551725,145,366,105,9,4.103448275862069,28.724137931034484,5.744827586206897,42.67586206896552,13.0,Overstock,Markdown / Clear,0.0,0.0,3131.183034482759,0.02754237288135593,26.142857142857142
22637,PIGGY BANK RETROSPOT ,2760,7111.18,3.126256076388889,192,36,57,9,14.375,100.625,20.125,149.5,0.0,Overstock,Markdown / Clear,0.0,0.0,112.54521875,0.0,36.0
22638,SET OF 4 NAPKIN CHARMS CROWNS ,300,481.88,2.302142857142857,42,147,38,16,7.142857142857143,50.0,10.0,124.28571428571429,27.5,Overstock,Markdown / Clear,0.0,0.0,275.1060714285714,0.1478494623655914,5.157894736842105
22639,SET OF 4 NAPKIN CHARMS HEARTS,805,1935.16,2.8199107142857143,112,446,79,20,7.1875,50.3125,10.0625,153.8125,43.0,Overstock,Markdown / Clear,0.0,0.0,1136.4240178571429,0.0817490494296578,10.136363636363637
22640,SET OF 4 NAPKIN CHARMS 3 KEYS ,237,446.84,2.5672448979591835,49,462,96,8,4.836734693877551,33.857142857142854,6.771428571428571,45.46530612244898,22.0,Overstock,Markdown / Clear,0.0,0.0,1129.5877551020408,0.03935599284436494,20.08695652173913
22641,SET OF 4 NAPKIN CHARMS INSTRUMENT,139,303.73,2.646,35,383,112,6,3.9714285714285715,27.8,5.5600000000000005,29.38857142857143,2.5,Overstock,Markdown / Clear,0.0,0.0,1006.803,0.005040322580645161,109.42857142857143
22642,SET OF 4 NAPKIN CHARMS STARS   ,269,596.36,2.7708749999999998,40,270,60,12,6.725,47.074999999999996,9.415,90.11499999999998,33.0,Overstock,Markdown / Clear,0.0,0.0,656.697375,0.09969788519637462,7.9411764705882355
22643,SET OF 4 NAPKIN CHARMS LEAVES   ,238,441.83,2.2371794871794872,39,198,136,20,6.102564102564102,42.717948717948715,8.543589743589743,130.59487179487178,24.0,Overstock,Markdown / Clear,0.0,0.0,389.2692307692308,0.07164179104477612,7.92
22644,CERAMIC CHERRY CAKE MONEY BANK,2214,2986.97,2.2340760777683855,169,201,5,14,13.100591715976332,91.70414201183432,18.340828402366864,201.7491124260355,325.0,Stockout Risk,Reorder Now,142.0,726.0747252747253,0.0,1.570048309178744,0.6165644171779141
22645,CERAMIC HEART FAIRY CAKE MONEY BANK,2354,4709.74,2.343672619047619,188,171,108,18,12.52127659574468,87.64893617021276,17.529787234042555,242.9127659574468,167.5,Healthy,No Action,14.0,0.0,0.0,0.5982142857142857,1.0148367952522255
22646,CERAMIC STRAWBERRY CAKE MONEY BANK,4160,5684.17,2.1363502595350936,211,44,34,9,19.71563981042654,138.00947867298578,27.601895734597157,205.04265402843603,388.5,Stockout Risk,Reorder Now,372.0,829.9720758293838,0.0,4.917721518987341,0.11296534017971759
22647,CERAMIC LOVE HEART MONEY BANK,732,466.18,1.442,40,474,38,8,18.3,128.1,25.62,172.02,88.0,Overstock,Markdown / Clear,0.0,0.0,556.612,0.17153996101364521,5.325842696629214
22649,STRAWBERRY FAIRY CAKE TEAPOT,795,4132.88,5.920116421568628,136,199,149,7,5.845588235294118,40.919117647058826,8.183823529411766,49.102941176470594,22.5,Overstock,Markdown / Clear,0.0,0.0,1044.900548406863,0.06446991404011461,8.46808510638298
22650,CERAMIC PIRATE CHEST MONEY BANK,851,1320.7,1.8794554455445542,101,217,168,5,8.425742574257425,58.980198019801975,11.796039603960395,53.92475247524752,31.5,Overstock,Markdown / Clear,0.0,0.0,348.6389851485148,0.08160621761658031,6.676923076923077
22651,GENTLEMAN SHIRT REPAIR KIT ,2166,1837.47,1.1034017094017092,117,363,117,14,18.512820512820515,129.5897435897436,25.91794871794872,285.0974358974359,32.5,Overstock,Markdown / Clear,0.0,0.0,364.6742649572649,0.06756756756756757,10.835820895522389
22652,TRAVEL SEWING KIT,5091,8612.07,1.989638248847926,217,180,4,17,23.46082949308756,164.22580645161293,32.84516129032259,431.6792626728111,0.0,Overstock,Markdown / Clear,0.0,0.0,358.1348847926267,0.0,180.0
22653,BUTTON BOX ,1876,3378.5,1.984030231829574,152,196,169,12,12.342105263157896,86.39473684210527,17.278947368421054,165.3842105263158,107.5,Healthy,No Action,0.0,0.0,0.0,0.2937158469945355,1.8064516129032258
22654,DELUXE SEWING KIT ,1411,9893.0,7.664941199684294,181,304,86,18,7.795580110497237,54.56906077348066,10.913812154696132,151.2342541436464,22.0,Overstock,Markdown / Clear,0.0,0.0,2161.513418310971,0.056265984654731455,13.217391304347826
22655,VINTAGE RED KITCHEN CABINET,60,8125.0,141.5625,32,82,75,13,1.875,13.125,2.625,27.0,0.0,Overstock,Markdown / Clear,0.0,0.0,11608.125,0.0,82.0
22656,VINTAGE BLUE KITCHEN CABINET,26,3685.0,149.16666666666666,18,169,194,10,1.4444444444444444,10.11111111111111,2.022222222222222,16.46666666666667,0.0,Overstock,Markdown / Clear,0.0,0.0,25209.166666666664,0.0,169.0
22659,LUNCH BOX I LOVE LONDON,11504,20781.649999999998,2.279077686922131,270,173,157,5,42.60740740740741,298.2518518518518,59.65037037037037,272.6874074074074,160.0,Healthy,No Action,47.0,0.0,0.0,0.48338368580060426,1.0745341614906831
22660,DOORMAT I LOVE LONDON,364,2678.96,9.889464285714286,84,175,56,9,4.333333333333333,30.333333333333332,6.066666666666666,45.06666666666666,7.5,Overstock,Markdown / Clear,0.0,0.0,1656.4852678571428,0.032327586206896554,20.58823529411765
22661,CHARLOTTE BAG DOLLY GIRL DESIGN,5194,4214.95,0.9696466973886328,217,389,126,9,23.93548387096774,167.54838709677418,33.50967741935484,248.9290322580645,81.5,Overstock,Markdown / Clear,0.0,0.0,298.1663594470046,0.15794573643410853,4.715151515151515
22662,LUNCH BAG DOLLY GIRL DESIGN,6706,11060.88,1.9337257805325987,264,488,28,16,25.401515151515152,177.81060606060606,35.56212121212121,441.98636363636365,59.5,Overstock,Markdown / Clear,0.0,0.0,828.6014969582185,0.11508704061895551,8.066115702479339
22663,JUMBO BAG DOLLY GIRL DESIGN,3419,7051.2,2.551363528138528,220,68,164,4,15.540909090909091,108.78636363636363,21.757272727272728,83.92090909090909,46.0,Healthy,No Action,0.0,0.0,0.0,0.19742489270386265,1.446808510638298
22664,TOY TIDY DOLLY GIRL DESIGN,713,1472.85,2.8044729344729347,117,474,86,12,6.094017094017094,42.65811965811966,8.531623931623932,81.65982905982905,64.0,Overstock,Markdown / Clear,0.0,0.0,1149.8339031339033,0.1140819964349376,7.292307692307692
22665,RECIPE BOX BLUE SKETCHBOOK DESIGN,1516,5192.08,4.152230576441102,190,356,140,11,7.978947368421053,55.85263157894737,11.170526315789473,98.93894736842105,0.0,Overstock,Markdown / Clear,0.0,0.0,1478.1940852130324,0.0,356.0
22666,RECIPE BOX PANTRY YELLOW DESIGN,8269,26219.95,3.722127325244672,294,103,159,18,28.125850340136054,196.88095238095238,39.37619047619048,545.6414965986395,301.0,Stockout Risk,Reorder Now,237.0,1120.3603248986462,0.0,1.144486692015209,0.34105960264900664
22667,RECIPE BOX RETROSPOT ,2882,8045.1,3.03997285484242,207,380,45,20,13.922705314009661,97.45893719806763,19.491787439613528,297.94589371980675,119.0,Overstock,Markdown / Clear,0.0,0.0,793.4329151138717,0.2793427230046948,3.1666666666666665
22668,PINK BABY BUNTING,2179,6677.97,4.044385325558795,196,196,115,11,11.11734693877551,77.82142857142857,15.564285714285715,137.85510204081632,10.0,Overstock,Markdown / Clear,0.0,0.0,752.2556705539359,0.03205128205128205,17.818181818181817
22669,RED BABY BUNTING ,1128,3559.0,3.7414083885209712,151,167,111,18,7.470198675496689,52.29139072847682,10.458278145695365,144.92185430463576,24.5,Overstock,Markdown / Clear,0.0,0.0,533.1506953642383,0.08781362007168458,6.549019607843137
22670,FRENCH WC SIGN BLUE METAL,1882,2516.75,1.6267115384615383,182,137,150,15,10.340659340659341,72.38461538461539,14.476923076923079,169.5868131868132,76.5,Healthy,No Action,0.0,0.0,0.0,0.265625,1.767741935483871
22671,FRENCH LAUNDRY SIGN BLUE METAL,962,1608.7,2.1663055555555553,120,361,44,12,8.016666666666667,56.116666666666674,11.223333333333336,107.42333333333335,8.0,Overstock,Markdown / Clear,0.0,0.0,764.7058611111111,0.019704433497536946,40.111111111111114
22672,FRENCH BATHROOM SIGN BLUE METAL,1476,2511.22,2.0930757575757575,154,495,144,16,9.584415584415584,67.0909090909091,13.41818181818182,166.76883116883116,31.0,Overstock,Markdown / Clear,0.0,0.0,971.1871515151515,0.0484375,15.46875
22673,FRENCH GARDEN SIGN BLUE METAL,791,1016.08,1.5142265372168284,103,82,103,14,7.679611650485437,53.75728155339806,10.751456310679613,118.26601941747573,11.5,Overstock,Markdown / Clear,0.0,0.0,106.75297087378641,0.06182795698924731,6.56
22674,FRENCH TOILET SIGN BLUE METAL,1346,1692.72,1.520190476190476,140,208,84,9,9.614285714285714,67.3,13.46,99.98857142857142,11.0,Overstock,Markdown / Clear,0.0,0.0,299.4775238095238,0.03754266211604096,17.333333333333332
22675,FRENCH KITCHEN SIGN BLUE METAL,1240,1555.16,1.5467521367521369,117,379,193,17,10.598290598290598,74.18803418803418,14.837606837606836,195.008547008547,33.5,Overstock,Markdown / Clear,0.0,0.0,534.4028632478633,0.05846422338568935,10.985507246376812
22676,FRENCH BLUE METAL DOOR SIGN 1,1155,1578.39,1.619,139,68,133,18,8.309352517985612,58.16546762589928,11.633093525179858,161.20143884892087,24.0,Overstock,Markdown / Clear,0.0,0.0,71.236,0.1188118811881188,2.72
22677,FRENCH BLUE METAL DOOR SIGN 2,1001,1389.07,1.7212884615384614,130,346,107,10,7.7,53.9,10.780000000000001,87.78,0.0,Overstock,Markdown / Clear,0.0,0.0,595.5658076923077,0.0,346.0
22678,FRENCH BLUE METAL DOOR SIGN 3,843,1151.56,1.6771212121212122,121,276,17,12,6.966942148760331,48.768595041322314,9.753719008264463,93.35702479338843,18.0,Overstock,Markdown / Clear,0.0,0.0,432.6972727272728,0.061224489795918366,14.526315789473685
22679,FRENCH BLUE METAL DOOR SIGN 4,740,1023.03,1.723778735632184,116,243,93,6,6.379310344827586,44.6551724137931,8.931034482758621,47.206896551724135,4.0,Overstock,Markdown / Clear,0.0,0.0,411.983117816092,0.011869436201780416,48.6
22680,FRENCH BLUE METAL DOOR SIGN 5,842,1157.79,1.6125221238938054,113,160,149,17,7.451327433628318,52.159292035398224,10.431858407079645,137.10442477876106,12.5,Overstock,Markdown / Clear,0.0,0.0,237.8470132743363,0.04032258064516129,11.851851851851851
22681,FRENCH BLUE METAL DOOR SIGN 6,710,973.15,1.699904761904762,105,497,32,16,6.761904761904762,47.333333333333336,9.466666666666667,117.65714285714286,3.0,Overstock,Markdown / Clear,0.0,0.0,839.7529523809525,0.005660377358490566,124.25
22682,FRENCH BLUE METAL DOOR SIGN 7,677,896.75,1.60904214559387,87,234,157,3,7.781609195402299,54.4712643678161,10.89425287356322,34.239080459770115,10.0,Overstock,Markdown / Clear,0.0,0.0,360.42544061302686,0.025510204081632654,21.272727272727273
22683,FRENCH BLUE METAL DOOR SIGN 8,644,871.49,1.6249166666666668,100,454,125,18,6.44,45.080000000000005,9.016000000000002,124.936,0.0,Overstock,Markdown / Clear,0.0,0.0,737.7121666666667,0.0,454.0
22684,FRENCH BLUE METAL DOOR SIGN 9,531,726.07,1.7102880658436215,81,398,159,12,6.555555555555555,45.888888888888886,9.177777777777777,87.84444444444443,6.0,Overstock,Markdown / Clear,0.0,0.0,670.4329218106997,0.010752688172043012,56.857142857142854
22685,FRENCH BLUE METAL DOOR SIGN 0,594,780.8,1.50809670781893,81,459,169,5,7.333333333333333,51.33333333333333,10.266666666666666,46.93333333333333,1.0,Overstock,Markdown / Clear,0.0,0.0,690.70829218107,0.001589825119236884,229.5
22686,FRENCH BLUE METAL DOOR SIGN No,993,1308.38,1.8633114754098359,122,230,121,7,8.139344262295081,56.975409836065566,11.395081967213114,68.37049180327868,61.5,Overstock,Markdown / Clear,0.0,0.0,313.96798360655737,0.1747159090909091,3.68
22687,DOORMAT CHRISTMAS VILLAGE,590,3354.22,11.40296875,32,337,137,11,18.4375,129.0625,25.8125,228.625,0.0,Overstock,Markdown / Clear,0.0,0.0,3842.8004687499997,0.0,337.0
22688,DOORMAT PEACE ON EARTH BLUE,705,3519.66,9.665692307692307,26,51,114,20,27.115384615384617,189.80769230769232,37.96153846153847,580.2692307692308,1.5,Overstock,Markdown / Clear,0.0,0.0,478.45176923076923,0.009036144578313253,20.4
22689,DOORMAT MERRY CHRISTMAS RED ,673,5176.25,10.898175105485231,79,177,163,13,8.518987341772151,59.632911392405056,11.926582278481012,122.67341772151897,0.0,Overstock,Markdown / Clear,0.0,0.0,1928.976993670886,0.0,177.0
22690,DOORMAT HOME SWEET HOME BLUE ,1619,9943.7,8.406847826086958,184,304,161,18,8.798913043478262,61.59239130434783,12.318478260869567,170.69891304347829,17.5,Overstock,Markdown / Clear,0.0,0.0,2408.5619021739135,0.03755364806866953,16.43243243243243
22691,DOORMAT WELCOME SUNRISE,371,2678.77,9.40585910652921,97,324,27,4,3.8247422680412373,26.77319587628866,5.3546391752577325,20.65360824742268,5.0,Overstock,Markdown / Clear,0.0,0.0,3000.469054982818,0.014204545454545454,54.0
22692,DOORMAT WELCOME TO OUR HOME,1522,11539.06,9.571480349344979,229,448,10,14,6.646288209606987,46.52401746724891,9.304803493449782,102.3528384279476,24.5,Overstock,Markdown / Clear,0.0,0.0,4053.5219279475987,0.05337690631808279,17.568627450980394
22693,GROW A FLYTRAP OR SUNFLOWER IN TIN,16244,17927.45,1.4708380681818183,176,496,166,8,92.29545454545455,646.0681818181819,129.21363636363637,867.5772727272728,231.0,Overstock,Markdown / Clear,0.0,0.0,389.77208806818186,0.34841628959276016,2.1379310344827585
22694,WICKER STAR ,1842,4251.72,2.6371082129481005,178,305,46,13,10.348314606741573,72.43820224719101,14.487640449438203,149.01573033707865,60.5,Overstock,Markdown / Clear,0.0,0.0,644.7729580658106,0.171875,4.959349593495935
22695,WICKER WREATH SMALL,741,1001.49,1.7828024691358026,81,163,126,10,9.148148148148149,64.03703703703704,12.807407407407409,104.2888888888889,108.5,Healthy,No Action,0.0,0.0,0.0,0.3741379310344828,1.4885844748858448
22696,WICKER WREATH LARGE,729,1452.55,2.389745704467354,97,443,146,14,7.515463917525773,52.608247422680414,10.521649484536084,115.73814432989691,11.0,Overstock,Markdown / Clear,0.0,0.0,1032.370144329897,0.01864406779661017,36.916666666666664
22697,GREEN REGENCY TEACUP AND SAUCER,7278,22755.5,3.8186092162355143,289,38,117,4,25.18339100346021,176.28373702422147,35.2567474048443,135.99031141868514,204.5,Stockout Risk,Reorder Now,202.0,780.9055847201627,0.0,1.310897435897436,0.18491484184914841
22698,PINK REGENCY TEACUP AND SAUCER,5788,17445.56,3.7537436048799684,242,37,142,11,23.917355371900825,167.42148760330576,33.48429752066115,296.5752066115702,183.0,Stockout Risk,Reorder Now,179.0,686.9350796930343,0.0,1.0166666666666666,0.20108695652173914
22699,ROSES REGENCY TEACUP AND SAUCER ,9864,29056.920000000002,3.610116485399171,283,276,125,17,34.85512367491166,243.98586572438163,48.797173144876325,641.3342756183745,203.5,Healthy,No Action,0.0,0.0,0.0,0.5062189054726368,1.3496332518337408
22700,BLACK AND WHITE DOG BOWL,1196,2602.18,2.732073170731707,41,97,155,4,29.170731707317074,204.1951219512195,40.83902439024391,157.5219512195122,0.0,Overstock,Markdown / Clear,0.0,0.0,265.0110975609756,0.0,97.0
22701,PINK DOG BOWL,549,922.89,2.7297829131652662,85,390,151,3,6.458823529411765,45.21176470588235,9.042352941176471,28.418823529411764,45.5,Overstock,Markdown / Clear,0.0,0.0,940.4102135854342,0.08394833948339483,8.387096774193548
22702,BLACK AND WHITE CAT BOWL,1363,2684.6499999999996,2.1282608695652177,46,194,71,12,29.630434782608695,207.41304347826087,41.482608695652175,397.04782608695655,4.0,Overstock,Markdown / Clear,0.0,0.0,404.36956521739137,0.015037593984962405,38.8
22703,PINK CAT BOWL,360,583.3299999999999,1.8865426356589146,86,213,106,4,4.186046511627907,29.30232558139535,5.86046511627907,22.6046511627907,90.0,Overstock,Markdown / Clear,0.0,0.0,232.0447441860465,0.28125,2.340659340659341
22704,WRAP RED APPLES ,5253,2158.26,0.41873015873015873,126,495,136,14,41.69047619047619,291.8333333333333,58.36666666666667,642.0333333333333,100.0,Overstock,Markdown / Clear,0.0,0.0,165.3984126984127,0.15822784810126583,4.900990099009901
22705,WRAP GREEN PEARS ,1883,790.86,0.42,66,132,174,10,28.53030303030303,199.71212121212122,39.942424242424245,325.24545454545455,25.0,Overstock,Markdown / Clear,0.0,0.0,44.94,0.08143322475570032,5.076923076923077
22706,WRAP COWBOYS  ,2057,847.94,0.41956284153005463,61,133,32,7,33.721311475409834,236.04918032786884,47.20983606557377,283.2590163934426,50.0,Overstock,Markdown / Clear,0.0,0.0,34.82371584699453,0.30120481927710846,2.607843137254902
22707,WRAP MONSTER FUN ,1257,527.94,0.42,45,241,189,3,27.933333333333334,195.53333333333333,39.10666666666667,122.90666666666667,0.0,Overstock,Markdown / Clear,0.0,0.0,101.22,0.0,241.0
22708,WRAP DOLLY GIRL,2800,1160.0,0.4189873417721519,79,185,18,17,35.44303797468354,248.1012658227848,49.620253164556964,652.1518987341772,50.0,Overstock,Markdown / Clear,0.0,0.0,56.563291139240505,0.24509803921568626,3.627450980392157
22709,WRAP WEDDING DAY,1325,528.5,0.4161111111111111,36,454,194,8,36.80555555555556,257.6388888888889,51.527777777777786,345.97222222222223,0.0,Overstock,Markdown / Clear,0.0,0.0,188.91444444444443,0.0,454.0
22710,WRAP I LOVE LONDON ,4501,1774.42,0.4161363636363636,88,338,73,14,51.14772727272727,358.03409090909093,71.60681818181818,787.6750000000001,25.0,Overstock,Markdown / Clear,0.0,0.0,130.2506818181818,0.06067961165048544,13.0
22711,WRAP CIRCUS PARADE,2902,1202.84,0.41905882352941176,85,151,167,10,34.141176470588235,238.98823529411766,47.797647058823536,389.20941176470586,0.0,Overstock,Markdown / Clear,0.0,0.0,63.27788235294118,0.0,151.0
22712,CARD DOLLY GIRL ,4435,1822.2,0.5436842105263158,171,404,174,15,25.935672514619885,181.5497076023392,36.30994152046784,425.34502923976606,149.0,Overstock,Markdown / Clear,0.0,0.0,138.63947368421051,0.25734024179620035,2.6933333333333334
22713,CARD I LOVE LONDON ,3441,1437.36,0.5423037280701755,152,283,192,3,22.638157894736842,158.4671052631579,31.693421052631578,99.6078947368421,31.5,Overstock,Markdown / Clear,0.0,0.0,136.38938760964913,0.0661764705882353,8.707692307692307
22714,CARD BIRTHDAY COWBOY,3487,1415.73,0.5402015250544662,153,432,156,13,22.790849673202615,159.5359477124183,31.907189542483664,328.18823529411765,22.5,Overstock,Markdown / Clear,0.0,0.0,221.2125245098039,0.038200339558573854,18.382978723404257
22715,CARD WEDDING DAY,1543,645.64,0.5207333333333333,100,74,177,3,15.43,108.00999999999999,21.602,67.892,0.0,Overstock,Markdown / Clear,0.0,0.0,38.53426666666666,0.0,74.0
22716,CARD CIRCUS PARADE,3201,1360.91,0.5289371428571428,175,378,97,10,18.291428571428572,128.04,25.608,208.52228571428572,49.5,Overstock,Markdown / Clear,0.0,0.0,173.7558514285714,0.10399159663865547,7.485148514851486
22717,CARD DOG AND BALL ,1229,535.78,0.563186274509804,102,150,140,7,12.049019607843137,84.34313725490196,16.868627450980394,101.21176470588236,7.5,Overstock,Markdown / Clear,0.0,0.0,80.25404411764707,0.02577319587628866,17.647058823529413
22718,CARD CAT AND TREE ,1633,717.23,0.5660674931129476,121,307,128,19,13.49586776859504,94.47107438016528,18.894214876033057,275.3157024793388,12.0,Overstock,Markdown / Clear,0.0,0.0,166.98991046831952,0.027522935779816515,23.615384615384617
22719,GUMBALL MONOCHROME COAT RACK,620,895.72,1.9603333333333335,60,285,161,10,10.333333333333334,72.33333333333334,14.466666666666669,117.80000000000001,0.0,Overstock,Markdown / Clear,0.0,0.0,558.695,0.0,285.0
22720,SET OF 3 CAKE TINS PANTRY DESIGN ,7483,38108.89,5.855152342674289,262,477,92,12,28.561068702290076,199.92748091603053,39.98549618320611,382.71832061068704,0.0,Overstock,Markdown / Clear,0.0,0.0,2792.907667455636,0.0,477.0
22721,SET OF 3 CAKE TINS SKETCHBOOK,1020,4671.81,5.630997080824667,174,486,175,4,5.862068965517241,41.03448275862069,8.206896551724139,31.655172413793103,0.0,Overstock,Markdown / Clear,0.0,0.0,2736.664581280788,0.0,486.0
22722,SET OF 6 SPICE TINS PANTRY DESIGN,5966,24436.260000000002,4.6798583274105665,201,385,47,11,29.681592039800996,207.77114427860698,41.5542288557214,368.05174129353236,0.0,Overstock,Markdown / Clear,0.0,0.0,1801.7454560530682,0.0,385.0
22723,SET OF 6 HERB TINS SKETCHBOOK,1164,4262.820000000001,4.395881355932204,177,181,176,5,6.576271186440678,46.03389830508475,9.20677966101695,42.08813559322034,0.0,Overstock,Markdown / Clear,0.0,0.0,795.654525423729,0.0,181.0
22725,ALARM CLOCK BAKELIKE CHOCOLATE,1980,8153.599999999999,4.750443410852713,215,399,63,20,9.209302325581396,64.46511627906978,12.893023255813956,197.07906976744187,74.0,Overstock,Markdown / Clear,0.0,0.0,1543.894108527132,0.15982721382289417,5.32
22726,ALARM CLOCK BAKELIKE GREEN,6419,27155.28,4.57334341991342,250,106,60,9,25.676,179.732,35.946400000000004,267.0304,269.5,Stockout Risk,Reorder Now,199.0,1232.5160516666667,0.0,1.6137724550898203,0.39186691312384475
22727,ALARM CLOCK BAKELIKE RED ,7800,30644.87,4.4120504094564446,290,74,156,17,26.896551724137932,188.27586206896552,37.6551724137931,494.8965517241379,601.5,Stockout Risk,Reorder Now,565.0,2653.8483212880515,0.0,2.603896103896104,0.12282157676348547
22728,ALARM CLOCK BAKELIKE PINK,5356,20672.15,4.55309322875452,279,495,38,20,19.197132616487455,134.37992831541217,26.875985663082435,410.8186379928315,189.0,Overstock,Markdown / Clear,0.0,0.0,1393.246527998883,0.3539325842696629,2.6052631578947367
22729,ALARM CLOCK BAKELIKE ORANGE,2323,9068.95,4.63378,225,307,127,5,10.324444444444444,72.27111111111111,14.454222222222223,66.07644444444445,8.0,Overstock,Markdown / Clear,0.0,0.0,1385.50022,0.01839080459770115,34.111111111111114
22730,ALARM CLOCK BAKELIKE IVORY,2885,11453.4,4.349065873015873,240,197,87,16,12.020833333333334,84.14583333333334,16.82916666666667,209.16250000000002,106.5,Healthy,No Action,0.0,0.0,0.0,0.3736842105263158,1.8325581395348838
22731,3D CHRISTMAS STAMPS STICKERS ,1172,1536.24,1.5059708333333333,80,410,25,4,14.65,102.55,20.51,79.11,31.5,Overstock,Markdown / Clear,0.0,0.0,570.0099604166667,0.07224770642201835,12.615384615384615
22732,3D VINTAGE CHRISTMAS STICKERS ,1645,2162.75,1.5596907216494844,97,368,16,16,16.95876288659794,118.71134020618557,23.742268041237114,295.08247422680415,42.0,Overstock,Markdown / Clear,0.0,0.0,508.45917525773194,0.10909090909090909,8.55813953488372
22733,3D TRADITIONAL CHRISTMAS STICKERS,1583,2095.08,1.5647977528089887,89,27,70,13,17.786516853932586,124.5056179775281,24.901123595505624,256.1258426966292,34.5,Healthy,No Action,32.0,0.0,0.0,0.3520408163265306,0.7605633802816901
22734,SET OF 6 RIBBONS VINTAGE CHRISTMAS,3261,10610.04,3.6723062558356676,119,340,12,18,27.403361344537814,191.8235294117647,38.36470588235294,531.6252100840336,117.0,Overstock,Markdown / Clear,0.0,0.0,818.9242950513539,0.3314447592067989,2.8813559322033897
22735,RIBBON REEL SOCKS AND MITTENS,741,1379.21,2.653260273972603,73,332,68,10,10.150684931506849,71.05479452054794,14.210958904109589,115.71780821917807,11.5,Overstock,Markdown / Clear,0.0,0.0,850.3699178082192,0.028678304239401497,26.56
22736,RIBBON REEL MAKING SNOWMEN ,1222,2297.1,2.3869021413596885,106,266,25,9,11.528301886792454,80.69811320754718,16.139622641509437,119.89433962264151,40.5,Overstock,Markdown / Clear,0.0,0.0,538.2464328766098,0.1386986301369863,6.409638554216867
22737,RIBBON REEL CHRISTMAS PRESENT ,1388,2694.15,2.371948377581121,113,342,48,13,12.283185840707965,85.98230088495575,17.19646017699115,176.8778761061947,37.0,Overstock,Markdown / Clear,0.0,0.0,723.4442551622419,0.09462915601023018,9.0
22738,RIBBON REEL SNOWY VILLAGE,2173,3829.67,2.3349805194805198,110,491,194,5,19.754545454545454,138.28181818181818,27.656363636363636,126.4290909090909,61.5,Overstock,Markdown / Clear,0.0,0.0,1002.8741331168833,0.08965014577259475,7.856
22739,RIBBON REEL CHRISTMAS SOCK BAUBLE,1818,3556.9700000000003,2.4769614603174603,125,490,6,19,14.544,101.808,20.361600000000003,296.6976,67.5,Overstock,Markdown / Clear,0.0,0.0,1046.516216984127,0.1358148893360161,7.153284671532846
22740,POLKADOT PEN,6842,5793.62,1.1149836601307188,102,462,57,16,67.07843137254902,469.54901960784315,93.90980392156864,1167.164705882353,0.0,Overstock,Markdown / Clear,0.0,0.0,515.122450980392,0.0,462.0
22741,FUNKY DIVA PEN,8547,7363.86,1.0716774193548386,155,274,48,8,55.14193548387097,385.9935483870968,77.19870967741936,518.3341935483871,188.5,Healthy,No Action,0.0,0.0,0.0,0.5835913312693498,1.445910290237467
22742,MAKE YOUR OWN PLAYTIME CARD KIT,639,1323.5700000000002,3.2336947791164663,83,347,102,10,7.698795180722891,53.89156626506024,10.77831325301205,87.76626506024095,136.5,Overstock,Markdown / Clear,0.0,0.0,680.6927510040161,0.30333333333333334,2.5236363636363635
22743,MAKE YOUR OWN FLOWERPOWER CARD KIT,930,2408.54,3.698639238095238,125,73,52,7,7.44,52.080000000000005,10.416000000000002,62.49600000000001,128.0,Stockout Risk,Reorder Now,65.0,473.4258224761905,0.0,1.0158730158730158,0.5658914728682171
22744,MAKE YOUR OWN MONSOON CARD KIT,867,2084.8500000000004,3.2754802259887006,118,268,192,10,7.3474576271186445,51.43220338983051,10.286440677966104,83.76101694915255,133.0,Overstock,Markdown / Clear,0.0,0.0,442.1898305084746,0.2885032537960954,2.0
22745,POPPY'S PLAYHOUSE BEDROOM ,2021,4661.79,2.5163808943089427,205,258,61,4,9.858536585365854,69.00975609756098,13.801951219512198,53.236097560975615,25.0,Overstock,Markdown / Clear,0.0,0.0,586.3167483739836,0.078125,9.923076923076923
22746,POPPY'S PLAYHOUSE LIVINGROOM ,1447,3236.54,2.491202069309399,191,248,16,17,7.575916230366492,53.031413612565444,10.60628272251309,139.39685863874348,17.0,Overstock,Markdown / Clear,0.0,0.0,575.4676780104712,0.06415094339622641,13.777777777777779
22747,POPPY'S PLAYHOUSE BATHROOM,954,2080.85,2.4778633333333335,150,86,170,14,6.36,44.52,8.904000000000002,97.944,15.0,Overstock,Markdown / Clear,0.0,0.0,175.92829666666668,0.058365758754863814,5.375
22748,POPPY'S PLAYHOUSE KITCHEN,2117,4880.83,2.458609974747475,220,70,24,19,9.622727272727273,67.35909090909091,13.471818181818183,196.30363636363637,25.0,Overstock,Markdown / Clear,0.0,0.0,110.63744886363637,0.2631578947368421,2.6923076923076925
22749,FELTCRAFT PRINCESS CHARLOTTE DOLL,2362,9216.16,4.088739645625692,215,116,130,3,10.986046511627906,76.90232558139535,15.380465116279069,48.33860465116279,89.0,Healthy,No Action,0.0,0.0,0.0,0.3603238866396761,1.288888888888889
22750,FELTCRAFT PRINCESS LOLA DOLL,2001,7491.83,4.042375151075659,197,111,28,17,10.157360406091371,71.1015228426396,14.22030456852792,186.8954314720812,55.0,Overstock,Markdown / Clear,0.0,0.0,226.37300846023692,0.39285714285714285,1.9821428571428572
22751,FELTCRAFT PRINCESS OLIVIA DOLL,1563,5801.47,4.252171113023523,166,283,116,16,9.41566265060241,65.90963855421687,13.181927710843375,163.83253012048195,33.5,Overstock,Markdown / Clear,0.0,0.0,1060.916692699369,0.08375,8.202898550724637
22752,SET 7 BABUSHKA NESTING BOXES,1787,14427.970000000001,9.692659722222222,200,437,159,18,8.935,62.545,12.509,173.339,123.0,Overstock,Markdown / Clear,0.0,0.0,3043.495152777778,0.20603015075376885,3.524193548387097
22753,SMALL YELLOW BABUSHKA NOTEBOOK ,1010,758.13,0.9935456790123457,135,310,25,11,7.481481481481482,52.370370370370374,10.474074074074075,92.77037037037039,146.5,Overstock,Markdown / Clear,0.0,0.0,162.44471851851853,0.43601190476190477,2.1016949152542375
22754,SMALL RED BABUSHKA NOTEBOOK ,1951,1350.47,1.0192396296296296,150,115,123,3,13.006666666666666,91.04666666666667,18.209333333333333,57.22933333333333,334.0,Stockout Risk,Reorder Now,237.0,340.4260362962963,0.0,1.397489539748954,0.34328358208955223
22755,SMALL PURPLE BABUSHKA NOTEBOOK ,1687,1187.96,1.0100660856935366,153,107,143,19,11.026143790849673,77.18300653594771,15.436601307189543,224.9333333333333,247.0,Stockout Risk,Reorder Now,155.0,249.48632316630355,0.0,0.9840637450199203,0.4314516129032258
22756,LARGE YELLOW BABUSHKA NOTEBOOK ,599,656.52,1.5324901960784312,85,97,24,15,7.047058823529412,49.32941176470588,9.865882352941178,115.57176470588234,95.0,Healthy,No Action,8.0,0.0,0.0,0.7786885245901639,1.0104166666666667
22757,LARGE RED BABUSHKA NOTEBOOK ,1096,1167.74,1.6257239944521498,103,307,53,7,10.640776699029127,74.48543689320388,14.897087378640776,89.38252427184466,196.0,Healthy,No Action,0.0,0.0,0.0,0.5429362880886427,1.5583756345177664
22758,LARGE PURPLE BABUSHKA NOTEBOOK  ,1195,1110.25,1.605134722222222,120,139,155,12,9.958333333333334,69.70833333333334,13.94166666666667,133.44166666666666,276.5,Healthy,No Action,151.0,0.0,0.0,0.9372881355932203,0.5009009009009009
22759,SET OF 3 NOTEBOOKS IN PARCEL,5435,9027.44,2.0201644042232276,221,321,72,8,24.592760180995477,172.14932126696834,34.42986425339367,231.1719457013575,147.0,Overstock,Markdown / Clear,0.0,0.0,351.5086063348416,0.3730964467005076,2.168918918918919
22760,"TRAY, BREAKFAST IN BED",275,3491.8599999999997,14.840746268656718,67,419,119,15,4.104477611940299,28.731343283582092,5.746268656716419,67.3134328358209,0.0,Overstock,Markdown / Clear,0.0,0.0,6218.272686567165,0.0,419.0
22761,CHEST 7 DRAWER MA CAMPAGNE,36,895.38,25.533846153846152,26,471,55,3,1.3846153846153846,9.692307692307692,1.9384615384615385,6.092307692307692,1.0,Overstock,Markdown / Clear,0.0,0.0,12000.907692307692,0.0018975332068311196,235.5
22762,CUPBOARD 3 DRAWER MA CAMPAGNE,171,2786.03,17.913723404255318,94,184,64,17,1.8191489361702127,12.73404255319149,2.5468085106382983,33.47234042553191,3.5,Overstock,Markdown / Clear,0.0,0.0,3233.427074468085,0.014056224899598393,40.888888888888886
22763,KEY CABINET MA CAMPAGNE,206,2176.3199999999997,11.17206896551724,87,201,92,16,2.367816091954023,16.57471264367816,3.3149425287356324,41.2,7.5,Overstock,Markdown / Clear,0.0,0.0,2161.795344827586,0.025510204081632654,23.647058823529413
22764,"RUSTIC WOODEN CABINET, GLASS DOORS",5,174.76999999999998,33.28666666666667,3,488,85,10,1.6666666666666667,11.666666666666668,2.3333333333333335,19.0,0.0,Overstock,Markdown / Clear,0.0,0.0,16243.893333333335,0.0,488.0
22765,NEWSPAPER STAND,27,316.95000000000005,19.874000000000002,5,417,79,12,5.4,37.800000000000004,7.560000000000001,72.36000000000001,0.0,Overstock,Markdown / Clear,0.0,0.0,8287.458,0.0,417.0
22766,PHOTO FRAME CORNICE,3267,9755.09,3.232968960863698,247,242,168,11,13.226720647773279,92.58704453441295,18.51740890688259,164.01133603238867,29.0,Overstock,Markdown / Clear,0.0,0.0,688.6223886639676,0.0705596107055961,8.066666666666666
22767,TRIPLE PHOTO FRAME CORNICE ,774,7173.549999999999,10.354627777777777,150,330,107,19,5.16,36.120000000000005,7.224000000000001,105.26400000000001,14.5,Overstock,Markdown / Clear,0.0,0.0,3266.8850638888885,0.033105022831050226,21.29032258064516
22768,FAMILY PHOTO FRAME CORNICE,867,8258.59,10.894857142857143,175,451,178,11,4.954285714285715,34.68,6.936,61.43314285714286,25.5,Overstock,Markdown / Clear,0.0,0.0,4635.761714285714,0.04047619047619048,17.0188679245283
22769,CHALKBOARD KITCHEN ORGANISER,11,366.73,39.41857142857143,7,485,117,5,1.5714285714285714,11.0,2.2,10.057142857142857,0.0,Overstock,Markdown / Clear,0.0,0.0,19118.007142857146,0.0,485.0
22770,MIRROR CORNICE,94,1515.68,16.434285714285714,56,26,198,13,1.6785714285714286,11.75,2.35,24.171428571428574,4.0,Overstock,Markdown / Clear,0.0,0.0,361.5542857142857,0.017777777777777778,5.2
22771,CLEAR DRAWER KNOB ACRYLIC EDWARDIAN,6539,8930.44,1.5484621073961498,235,349,156,14,27.825531914893617,194.77872340425532,38.95574468085107,428.5131914893617,70.5,Overstock,Markdown / Clear,0.0,0.0,431.24669690982773,0.13932806324110672,4.881118881118881
22772,PINK DRAWER KNOB ACRYLIC EDWARDIAN,3793,5116.7,1.6172529069767443,172,282,82,12,22.052325581395348,154.36627906976744,30.87325581395349,295.50116279069766,49.0,Overstock,Markdown / Clear,0.0,0.0,376.81992732558143,0.13424657534246576,5.64
22773,GREEN DRAWER KNOB ACRYLIC EDWARDIAN,2075,2739.4,1.5184166666666665,140,180,146,19,14.821428571428571,103.75,20.75,302.35714285714283,30.0,Overstock,Markdown / Clear,0.0,0.0,227.7625,0.09174311926605505,5.806451612903226
22774,RED DRAWER KNOB ACRYLIC EDWARDIAN,2254,2871.75,1.5912142857142857,105,170,193,19,21.466666666666665,150.26666666666665,30.05333333333333,437.91999999999996,27.5,Overstock,Markdown / Clear,0.0,0.0,226.74803571428572,0.07554945054945054,5.964912280701754
22775,PURPLE DRAWERKNOB ACRYLIC EDWARDIAN,3105,4469.37,1.779827485380117,171,104,168,13,18.157894736842106,127.10526315789474,25.42105263157895,261.4736842105263,80.5,Healthy,No Action,2.0,0.0,0.0,0.2948717948717949,1.2760736196319018
22776,"CAKESTAND, 3 TIER, LOVEHEART",2,19.9,9.95,1,166,172,6,2.0,14.0,2.8000000000000003,14.8,0.0,Overstock,Markdown / Clear,0.0,0.0,1651.6999999999998,0.0,166.0
22776,SWEETHEART 3 TIER CAKE STAND ,284,3371.58,12.317619863013698,73,131,14,9,3.8904109589041096,27.232876712328768,5.446575342465754,40.46027397260274,20.5,Overstock,Markdown / Clear,0.0,0.0,1361.0969948630136,0.1404109589041096,6.093023255813954
22776,SWEETHEART CAKESTAND 3 TIER,958,9687.3,11.123286926147705,167,400,130,16,5.736526946107785,40.15568862275449,8.031137724550899,99.81556886227546,1.0,Overstock,Markdown / Clear,0.0,0.0,4438.191483532934,0.0018832391713747645,200.0
22777,GLASS BELL JAR LARGE,2,17.0,8.5,1,422,138,9,2.0,14.0,2.8000000000000003,20.8,0.0,Overstock,Markdown / Clear,0.0,0.0,3587.0,0.0,422.0
22777,GLASS CLOCHE LARGE,350,2934.53,10.600098901098901,39,55,180,10,8.974358974358974,62.82051282051282,12.564102564102564,102.30769230769232,0.0,Overstock,Markdown / Clear,0.0,0.0,583.0054395604395,0.0,55.0
22778,GLASS BELL JAR SMALL,4,15.8,3.95,1,304,173,3,4.0,28.0,5.6000000000000005,17.6,0.0,Overstock,Markdown / Clear,0.0,0.0,1200.8,0.0,304.0
22778,GLASS CLOCHE SMALL,804,3131.02,4.80687134502924,114,207,29,6,7.052631578947368,49.368421052631575,9.873684210526315,52.18947368421052,4.0,Overstock,Markdown / Clear,0.0,0.0,975.7948830409357,0.016877637130801686,41.4
22779,WOODEN OWLS LIGHT GARLAND ,1537,5789.85,4.189051724137931,116,101,56,14,13.25,92.75,18.55,204.05,19.0,Overstock,Markdown / Clear,0.0,0.0,343.50224137931036,0.12025316455696203,5.05
22780,LIGHT GARLAND BUTTERFILES PINK,1346,5044.34,4.1892211838006235,107,21,145,5,12.57943925233645,88.05607476635515,17.61121495327103,80.50841121495327,17.0,Healthy,No Action,14.0,0.0,0.0,0.10179640718562874,1.1666666666666667
22781,GUMBALL MAGAZINE RACK,621,5191.01,9.705977366255144,162,404,178,15,3.8333333333333335,26.833333333333336,5.366666666666667,62.86666666666667,10.0,Overstock,Markdown / Clear,0.0,0.0,3824.155082304527,0.017152658662092625,36.72727272727273
22782,SET 3 WICKER STORAGE BASKETS ,241,3399.95,20.441379310344825,58,322,127,8,4.155172413793103,29.086206896551722,5.817241379310345,39.05862068965517,0.0,Overstock,Markdown / Clear,0.0,0.0,6582.124137931034,0.0,322.0
22783,SET 3 WICKER OVAL BASKETS W LIDS,463,5961.25,14.776,25,216,47,13,18.52,129.64,25.927999999999997,266.688,0.0,Overstock,Markdown / Clear,0.0,0.0,3191.616,0.0,216.0
22784,LANTERN CREAM GAZEBO ,1272,6360.99,5.607573664825046,181,423,193,6,7.027624309392265,49.193370165745854,9.838674033149172,52.004419889502756,23.0,Overstock,Markdown / Clear,0.0,0.0,2243.0294659300184,0.03727714748784441,17.625
22785,SQUARECUSHION COVER PINK UNION FLAG,72,506.34000000000003,7.592222222222222,27,30,135,18,2.6666666666666665,18.666666666666664,3.733333333333333,51.733333333333334,0.0,Overstock,Markdown / Clear,0.0,0.0,227.76666666666668,0.0,30.0
22785,SQUARECUSHION COVER PINK UNION JACK,173,581.23,7.504952380952381,35,253,21,9,4.942857142857143,34.6,6.920000000000001,51.40571428571429,42.0,Overstock,Markdown / Clear,0.0,0.0,1583.5449523809525,0.15272727272727274,5.883720930232558
22786,CUSHION COVER PINK UNION JACK,123,764.63,7.358333333333333,42,405,5,13,2.9285714285714284,20.5,4.1000000000000005,42.17142857142857,9.0,Overstock,Markdown / Clear,0.0,0.0,2913.9,0.021897810218978103,40.5
22788,BROCANTE COAT RACK,220,2025.96,11.8931884057971,46,214,184,3,4.782608695652174,33.47826086956522,6.695652173913044,21.043478260869566,0.0,Overstock,Markdown / Clear,0.0,0.0,2545.1423188405793,0.0,214.0
22789,T-LIGHT HOLDER SWEETHEART HANGING,844,1657.02,2.164692556634304,103,490,103,9,8.194174757281553,57.359223300970875,11.471844660194176,85.21941747572816,5.0,Overstock,Markdown / Clear,0.0,0.0,1049.8758899676375,0.008417508417508417,81.66666666666667
22791,T-LIGHT GLASS FLUTED ANTIQUE,7955,9873.880000000001,1.4859951550387596,172,138,35,14,46.25,323.75,64.75,712.25,298.5,Stockout Risk,Reorder Now,225.0,443.56955377906974,0.0,1.7155172413793103,0.4607679465776294
22792,FLUTED ANTIQUE CANDLE HOLDER,2785,2622.93,1.1481812652068126,137,415,78,9,20.32846715328467,142.2992700729927,28.45985401459854,211.41605839416056,189.5,Overstock,Markdown / Clear,0.0,0.0,258.9148753041363,0.38360323886639675,2.1784776902887137
22794,SWEETHEART WIRE MAGAZINE RACK,326,2784.9,9.054765258215962,142,39,115,9,2.295774647887324,16.070422535211268,3.2140845070422537,23.87605633802817,4.0,Overstock,Markdown / Clear,0.0,0.0,316.91678403755867,0.025806451612903226,7.8
22795,SWEETHEART RECIPE BOOK STAND,1211,8571.25,8.001300054112555,176,280,56,12,6.880681818181818,48.16477272727273,9.632954545454545,92.20113636363635,43.5,Overstock,Markdown / Clear,0.0,0.0,1892.3074627976193,0.129080118694362,6.292134831460674
22796,PHOTO FRAME 3 CLASSIC HANGING,582,5787.45,10.374884696016771,159,312,48,18,3.660377358490566,25.62264150943396,5.124528301886793,71.01132075471699,9.0,Overstock,Markdown / Clear,0.0,0.0,3143.5900628930817,0.024930747922437674,31.2
22797,CHEST OF DRAWERS GINGHAM HEART ,163,2851.36,19.175042735042734,78,441,172,10,2.08974358974359,14.62820512820513,2.925641025641026,23.823076923076925,2.5,Overstock,Markdown / Clear,0.0,0.0,8408.256239316239,0.004071661237785016,126.0
22798,ANTIQUE GLASS DRESSING TABLE POT,1798,5561.3,3.714321705426357,172,275,81,11,10.453488372093023,73.17441860465117,14.634883720930233,129.6232558139535,107.0,Overstock,Markdown / Clear,0.0,0.0,624.0060465116279,0.29971988795518206,2.5462962962962963
22799,SWEETHEART WIRE FRUIT BOWL,207,1623.08,8.818571428571428,70,241,65,11,2.9571428571428573,20.700000000000003,4.140000000000001,36.66857142857143,16.5,Overstock,Markdown / Clear,0.0,0.0,1979.7692857142854,0.05374592833876222,13.771428571428572
22800,ANTIQUE TALL SWIRLGLASS TRINKET POT,870,3560.7400000000002,4.9063984018264835,146,412,76,4,5.958904109589041,41.71232876712329,8.342465753424658,32.178082191780824,28.5,Overstock,Markdown / Clear,0.0,0.0,1881.6037871004564,0.05828220858895705,13.966101694915254
22801,ANTIQUE GLASS PEDESTAL BOWL,1027,4203.89,4.75725,150,245,44,15,6.846666666666667,47.92666666666667,9.585333333333335,112.28533333333334,33.0,Overstock,Markdown / Clear,0.0,0.0,1008.537,0.11379310344827587,7.205882352941177
22802,FAUX FUR CHOCOLATE THROW,87,1474.74,18.81897435897436,39,72,78,15,2.230769230769231,15.615384615384617,3.1230769230769235,36.58461538461538,10.0,Overstock,Markdown / Clear,0.0,0.0,1166.7764102564101,0.06622516556291391,6.545454545454546
22803,IVORY EMBROIDERED QUILT ,54,2038.09,40.516000000000005,20,447,19,6,2.7,18.900000000000002,3.7800000000000007,19.980000000000004,0.0,Overstock,Markdown / Clear,0.0,0.0,18110.652000000002,0.0,447.0
22804,CANDLEHOLDER PINK HANGING HEART,2251,6438.79,3.123507700770077,202,374,191,14,11.143564356435643,78.0049504950495,15.6009900990099,171.6108910891089,0.0,Overstock,Markdown / Clear,0.0,0.0,1168.191880088009,0.0,374.0
22804,PINK HANGING HEART T-LIGHT HOLDER,880,1664.16,3.337461240310078,43,361,122,19,20.46511627906977,143.25581395348837,28.651162790697676,417.4883720930233,196.0,Healthy,No Action,0.0,0.0,0.0,0.4049586776859504,1.83248730964467
22805,BLUE DRAWER KNOB ACRYLIC EDWARDIAN,1890,2576.03,1.6587673611111111,144,383,66,4,13.125,91.875,18.375,70.875,34.5,Overstock,Markdown / Clear,0.0,0.0,578.0804253472222,0.07666666666666666,10.788732394366198
22806,SET OF 6 T-LIGHTS WEDDING CAKE ,260,677.0400000000001,3.4825714285714287,35,299,82,15,7.428571428571429,52.0,10.4,121.82857142857144,33.0,Overstock,Markdown / Clear,0.0,0.0,926.364,0.08638743455497382,8.794117647058824
22807,SET OF 6 T-LIGHTS TOADSTOOLS,818,2417.73,3.873703007518797,133,100,2,20,6.150375939849624,43.05263157894737,8.610526315789475,131.61804511278197,59.5,Healthy,No Action,0.0,0.0,0.0,0.5776699029126213,1.6528925619834711
22808,SET OF 6 T-LIGHTS EASTER CHICKS,345,1038.8700000000001,3.4906060606060607,55,221,181,17,6.2727272727272725,43.90909090909091,8.781818181818181,115.41818181818181,26.0,Overstock,Markdown / Clear,0.0,0.0,680.6681818181819,0.06451612903225806,8.185185185185185
22809,SET OF 6 T-LIGHTS SANTA,1240,3781.2000000000003,3.510696629213483,89,177,63,10,13.932584269662922,97.52808988764045,19.50561797752809,158.8314606741573,112.0,Healthy,No Action,0.0,0.0,0.0,0.46473029045643155,1.5663716814159292
22810,SET OF 6 T-LIGHTS SNOWMEN,944,3022.0800000000004,3.5316092943201376,83,139,39,17,11.373493975903614,79.6144578313253,15.92289156626506,209.2722891566265,23.0,Overstock,Markdown / Clear,0.0,0.0,409.66667814113595,0.12849162011173185,5.791666666666667
22811,SET OF 6 T-LIGHTS CACTI ,881,2419.29,3.7796153846153846,78,78,58,3,11.294871794871796,79.06410256410257,15.812820512820515,49.6974358974359,80.5,Healthy,No Action,18.0,0.0,0.0,0.5875912408759124,0.9570552147239264
22812,PACK 3 BOXES CHRISTMAS PANETTONE,76,248.48,3.3254761904761905,14,234,182,12,5.428571428571429,38.0,7.6000000000000005,72.74285714285713,11.5,Overstock,Markdown / Clear,0.0,0.0,739.9184523809524,0.027577937649880094,18.72
22812,PACK 3 BOXES CHRISTMAS PANNETONE,1649,3359.8199999999997,2.886402380952381,70,147,61,14,23.557142857142857,164.9,32.980000000000004,362.78000000000003,0.0,Overstock,Markdown / Clear,0.0,0.0,424.30115,0.0,147.0
22813,PACK 3 BOXES BIRD PANETTONE ,204,451.84,3.3301754385964912,19,243,131,7,10.736842105263158,75.15789473684211,15.031578947368423,90.18947368421053,32.0,Overstock,Markdown / Clear,0.0,0.0,702.6670175438596,0.08533333333333333,7.363636363636363
22813,PACK 3 BOXES BIRD PANNETONE ,2168,4188.94,2.506180661577608,131,228,59,11,16.549618320610687,115.8473282442748,23.169465648854963,205.2152671755725,12.0,Overstock,Markdown / Clear,0.0,0.0,541.3350229007633,0.041666666666666664,17.53846153846154
22814,CARD PARTY GAMES ,2129,888.47,0.5120537634408602,155,389,115,10,13.735483870967743,96.1483870967742,19.229677419354843,156.5845161290323,119.0,Overstock,Markdown / Clear,0.0,0.0,138.25451612903225,0.23564356435643563,3.2416666666666667
22815,CARD PSYCHEDELIC APPLES,2628,1118.84,0.5021429980276134,169,134,74,18,15.550295857988166,108.85207100591717,21.770414201183435,301.6757396449704,63.0,Overstock,Markdown / Clear,0.0,0.0,35.65215285996055,0.3014354066985646,2.09375
22816,CARD MOTORBIKE SANTA,3987,1691.76,0.4821925566343042,103,228,121,16,38.70873786407767,270.9611650485437,54.192233009708744,673.5320388349514,198.0,Healthy,No Action,24.0,0.0,0.0,0.5657142857142857,1.1457286432160805
22817,CARD SUKI BIRTHDAY,2639,1114.81,0.4873246628131021,173,33,106,15,15.254335260115607,106.78034682080924,21.35606936416185,250.17109826589595,46.0,Healthy,No Action,34.0,0.0,0.0,0.32857142857142857,0.7021276595744681
22818,CARD CHRISTMAS VILLAGE,3633,1550.4,0.482599358974359,104,28,95,15,34.93269230769231,244.52884615384613,48.90576923076923,572.8961538461539,241.5,Stockout Risk,Reorder Now,262.0,116.5477451923077,0.0,1.9475806451612903,0.1154639175257732
22819,"BIRTHDAY CARD, RETRO SPOT",2608,1104.81,0.4743073852295409,167,59,90,7,15.616766467065869,109.31736526946108,21.863473053892218,131.1808383233533,54.5,Healthy,No Action,17.0,0.0,0.0,0.36333333333333334,1.063063063063063
22820,GIFT BAG BIRTHDAY,940,575.42,0.6389890710382513,61,469,157,18,15.40983606557377,107.8688524590164,21.57377049180328,298.9508196721311,0.0,Overstock,Markdown / Clear,0.0,0.0,299.6858743169399,0.0,469.0
22821,GIFT BAG PSYCHEDELIC APPLES,1171,722.6700000000001,0.7192698412698412,105,256,129,13,11.152380952380952,78.06666666666666,15.613333333333333,160.59428571428572,24.0,Overstock,Markdown / Clear,0.0,0.0,166.87060317460316,0.06217616580310881,10.24
22822,CREAM WALL PLANTER HEART SHAPED,433,2582.75,6.452417417417418,111,300,61,7,3.900900900900901,27.306306306306308,5.461261261261262,32.76756756756757,3.0,Overstock,Markdown / Clear,0.0,0.0,1916.3679729729731,0.008287292817679558,75.0
22823,CHEST NATURAL WOOD 20 DRAWERS,24,2745.0,118.07692307692308,13,378,48,15,1.8461538461538463,12.923076923076923,2.5846153846153848,30.27692307692308,0.0,Overstock,Markdown / Clear,0.0,0.0,44633.07692307692,0.0,378.0
22824,3 TIER SWEETHEART GARDEN SHELF,55,1938.25,35.642307692307696,39,220,136,13,1.4102564102564104,9.871794871794872,1.9743589743589745,20.30769230769231,0.0,Overstock,Markdown / Clear,0.0,0.0,7841.307692307693,0.0,220.0
22825,DECORATIVE PLANT POT WITH FRIEZE,73,584.37,8.498888888888889,27,265,91,5,2.7037037037037037,18.925925925925927,3.7851851851851857,17.303703703703704,0.0,Overstock,Markdown / Clear,0.0,0.0,2252.2055555555553,0.0,265.0
22826,LOVE SEAT ANTIQUE WHITE METAL,58,6210.0,111.94444444444444,36,297,158,17,1.6111111111111112,11.277777777777779,2.255555555555556,29.644444444444446,0.0,Overstock,Markdown / Clear,0.0,0.0,33247.5,0.0,297.0
22827,RUSTIC  SEVENTEEN DRAWER SIDEBOARD,35,5415.0,158.33333333333334,24,254,123,9,1.4583333333333333,10.208333333333332,2.0416666666666665,15.166666666666666,0.0,Overstock,Markdown / Clear,0.0,0.0,40216.66666666667,0.0,254.0
22828,REGENCY MIRROR WITH SHUTTERS,10,1530.0,156.42857142857142,7,23,60,9,1.4285714285714286,10.0,2.0,14.857142857142858,0.0,Overstock,Markdown / Clear,0.0,0.0,3597.8571428571427,0.0,23.0
22829,SWEETHEART WIRE WALL TIDY,227,2295.43,10.86835294117647,85,173,47,8,2.6705882352941175,18.69411764705882,3.738823529411764,25.103529411764704,0.0,Overstock,Markdown / Clear,0.0,0.0,1880.2250588235293,0.0,173.0
22830,UTILTY CABINET WITH HOOKS,131,2610.29,20.736,5,461,152,5,26.2,183.4,36.68,167.68,0.0,Overstock,Markdown / Clear,0.0,0.0,9559.296,0.0,461.0
22831,WHITE BROCANTE SOAP DISH,706,2070.9,3.32936170212766,94,48,163,15,7.51063829787234,52.57446808510638,10.514893617021277,123.17446808510638,25.0,Healthy,No Action,0.0,0.0,0.0,0.1179245283018868,1.8461538461538463
22832,BROCANTE SHELF WITH HOOKS,162,1781.82,11.671846153846154,65,128,135,9,2.4923076923076923,17.446153846153848,3.48923076923077,25.919999999999998,1.0,Overstock,Markdown / Clear,0.0,0.0,1482.3244615384615,0.003787878787878788,64.0
22833,HALL CABINET WITH 3 DRAWERS,76,2603.5299999999997,56.508,5,117,57,7,15.2,106.39999999999999,21.28,127.67999999999999,0.0,Overstock,Markdown / Clear,0.0,0.0,6611.436000000001,0.0,117.0
22834,HAND WARMER BABUSHKA DESIGN,4941,7105.33,2.405297418630752,126,234,100,20,39.214285714285715,274.5,54.900000000000006,839.1857142857143,61.0,Overstock,Markdown / Clear,0.0,0.0,416.11645342312005,0.18208955223880596,3.774193548387097
22835,HOT WATER BOTTLE I AM SO POORLY,3441,17892.96,5.846542444083695,200,312,111,10,17.205,120.43499999999999,24.087,196.13699999999997,203.5,Healthy,No Action,0.0,0.0,0.0,0.47995283018867924,1.5256723716381417
22837,HOT WATER BOTTLE BABUSHKA ,1165,5620.7300000000005,6.012286141327809,54,94,172,19,21.574074074074073,151.0185185185185,30.203703703703702,440.1111111111111,0.0,Overstock,Markdown / Clear,0.0,0.0,565.154897284814,0.0,94.0
22837,HOT WATER BOTTLE BABUSHKA LARGE,8,37.2,4.65,1,345,61,3,8.0,56.0,11.200000000000001,35.2,0.0,Overstock,Markdown / Clear,0.0,0.0,1604.2500000000002,0.0,345.0
22838,3 TIER CAKE TIN RED AND CREAM,689,9765.11,16.93416,125,165,38,16,5.512,38.583999999999996,7.716799999999999,95.90879999999999,7.5,Overstock,Markdown / Clear,0.0,0.0,2667.1301999999996,0.03676470588235294,19.41176470588235
22839,3 TIER CAKE TIN GREEN AND CREAM,445,6981.67,18.560030303030302,154,147,57,19,2.8896103896103895,20.227272727272727,4.045454545454546,58.94805194805195,4.0,Overstock,Markdown / Clear,0.0,0.0,2654.0843333333332,0.01951219512195122,29.4
22840,ROUND CAKE TIN VINTAGE RED,913,6903.79,8.213874509803922,170,360,98,12,5.370588235294117,37.59411764705882,7.518823529411765,71.96588235294116,11.0,Overstock,Markdown / Clear,0.0,0.0,2866.642203921569,0.023965141612200435,30.0
22841,ROUND CAKE TIN VINTAGE GREEN,529,4101.77,8.53586129753915,149,61,191,14,3.5503355704697985,24.85234899328859,4.970469798657718,54.6751677852349,3.5,Overstock,Markdown / Clear,0.0,0.0,490.8120246085011,0.01383399209486166,13.555555555555555
22842,BISCUIT TIN VINTAGE RED,589,3823.21,7.252706552706552,117,375,43,18,5.034188034188034,35.23931623931624,7.047863247863248,97.66324786324786,2.0,Overstock,Markdown / Clear,0.0,0.0,2705.259544159544,0.00477326968973747,125.0
22843,BISCUIT TIN VINTAGE GREEN,450,2904.52,7.40937293729373,101,60,28,16,4.455445544554456,31.18811881188119,6.237623762376238,77.52475247524754,2.0,Overstock,Markdown / Clear,0.0,0.0,429.74363036303635,0.02247191011235955,20.0
22844,VINTAGE CREAM DOG FOOD CONTAINER,1003,9661.32,10.449760606060607,220,441,58,18,4.5590909090909095,31.913636363636368,6.382727272727274,88.44636363636366,16.5,Overstock,Markdown / Clear,0.0,0.0,4435.9233772727275,0.033,25.2
22845,VINTAGE CREAM CAT FOOD CONTAINER,802,5396.93,7.767114035087719,190,53,70,10,4.221052631578948,29.54736842105263,5.909473684210527,48.120000000000005,14.5,Overstock,Markdown / Clear,0.0,0.0,299.0338903508772,0.11693548387096774,3.4193548387096775
22846,BREAD BIN DINER STYLE RED ,665,10676.619999999999,17.753033126293996,161,36,91,12,4.130434782608695,28.913043478260867,5.782608695652174,55.347826086956516,21.5,Healthy,No Action,0.0,0.0,0.0,0.16796875,1.6
22847,BREAD BIN DINER STYLE IVORY,901,14329.54,17.446196629213482,178,184,8,19,5.061797752808989,35.432584269662925,7.086516853932586,103.26067415730337,17.333333333333332,Overstock,Markdown / Clear,0.0,0.0,2907.6994382022467,0.08981001727115716,10.036363636363637
22847,"BREAD BIN, DINER STYLE, IVORY",4,59.8,14.95,1,172,126,20,4.0,28.0,5.6000000000000005,85.6,0.0,Overstock,Markdown / Clear,0.0,0.0,2571.4,0.0,172.0
22848,BREAD BIN DINER STYLE PINK,323,5208.45,18.08105442176871,98,397,133,18,3.295918367346939,23.071428571428573,4.614285714285715,63.940816326530616,0.0,Overstock,Markdown / Clear,0.0,0.0,7178.178605442177,0.0,397.0
22849,BREAD BIN DINER STYLE MINT,319,4967.93,17.077643678160918,87,95,156,19,3.6666666666666665,25.666666666666664,5.133333333333333,74.79999999999998,0.0,Overstock,Markdown / Clear,0.0,0.0,1622.3761494252872,0.0,95.0
22849,"BREAD BIN, DINER STYLE, MINT",4,59.8,14.95,1,106,185,18,4.0,28.0,5.6000000000000005,77.6,0.0,Overstock,Markdown / Clear,0.0,0.0,1584.6999999999998,0.0,106.0
22851,SET 20 NAPKINS FAIRY CAKES DESIGN ,2741,2368.64,1.0047169059011163,209,136,144,10,13.114832535885167,91.80382775119617,18.360765550239233,149.5090909090909,17.5,Overstock,Markdown / Clear,0.0,0.0,119.05895334928228,0.06227758007117438,7.351351351351352
22852,DOG BOWL VINTAGE CREAM,390,1757.8799999999999,4.638888888888889,99,381,143,8,3.9393939393939394,27.575757575757578,5.515151515151516,37.03030303030303,18.0,Overstock,Markdown / Clear,0.0,0.0,1683.9166666666667,0.03428571428571429,20.05263157894737
22853,CAT BOWL VINTAGE CREAM,472,1655.96,3.5854528985507246,92,361,130,8,5.130434782608695,35.91304347826087,7.182608695652174,48.22608695652174,12.5,Overstock,Markdown / Clear,0.0,0.0,1249.5303351449274,0.02540650406504065,26.74074074074074
22854,CREAM SWEETHEART EGG HOLDER,767,3708.52,5.477803030303031,110,488,20,11,6.972727272727273,48.80909090909091,9.761818181818184,86.46181818181819,0.0,Overstock,Markdown / Clear,0.0,0.0,2673.167878787879,0.0,488.0
22855,FINE WICKER HEART ,2642,3301.73,1.515752824858757,118,46,63,6,22.389830508474578,156.72881355932205,31.34576271186441,165.68474576271188,0.0,Overstock,Markdown / Clear,0.0,0.0,69.72462994350282,0.0,46.0
22856,ASSORTED EASTER DECORATIONS  BELLS,569,729.57,3.9754166666666664,24,332,89,14,23.708333333333332,165.95833333333331,33.19166666666666,365.1083333333333,0.0,Overstock,Markdown / Clear,0.0,0.0,1319.8383333333331,0.0,332.0
22857,ASSORTED EASTER GIFT TAGS,1145,965.86,1.5134444444444441,45,306,35,14,25.444444444444443,178.1111111111111,35.62222222222222,391.8444444444444,0.0,Overstock,Markdown / Clear,0.0,0.0,463.1139999999999,0.0,306.0
22858,EASTER TIN KEEPSAKE,1126,1860.78,1.8403679060665363,73,153,61,19,15.424657534246576,107.97260273972603,21.59452054794521,314.66301369863015,0.0,Overstock,Markdown / Clear,0.0,0.0,281.57628962818006,0.0,153.0
22859,EASTER TIN BUNNY BOUQUET,1203,2003.07,1.8437881773399012,87,238,169,17,13.827586206896552,96.79310344827586,19.358620689655172,254.42758620689654,0.0,Overstock,Markdown / Clear,0.0,0.0,438.8215862068965,0.0,238.0
22860,EASTER TIN CHICKS PINK DAISY,589,1017.77,1.8997062146892656,59,187,75,11,9.983050847457626,69.88135593220338,13.976271186440677,123.78983050847455,0.0,Overstock,Markdown / Clear,0.0,0.0,355.2450621468927,0.0,187.0
22861,EASTER TIN CHICKS IN GARDEN,305,522.93,1.9303418803418804,39,117,169,9,7.82051282051282,54.743589743589745,10.948717948717949,81.33333333333334,0.0,Overstock,Markdown / Clear,0.0,0.0,225.85,0.0,117.0
22862,LOVE HEART NAPKIN BOX ,171,826.95,5.569505208333333,32,287,188,12,5.34375,37.40625,7.48125,71.60625,0.0,Overstock,Markdown / Clear,0.0,0.0,1598.4479947916666,0.0,287.0
22863,SOAP DISH BROCANTE,719,2070.73,3.2938297872340425,94,256,12,18,7.648936170212766,53.54255319148936,10.708510638297874,148.38936170212764,5.0,Overstock,Markdown / Clear,0.0,0.0,826.7512765957447,0.01858736059479554,42.666666666666664
22865,HAND WARMER OWL DESIGN,8439,17786.13,2.369195866114278,125,328,10,14,67.512,472.584,94.5168,1039.6848,612.0,Stockout Risk,Reorder Now,379.0,1449.9478700619381,0.0,1.8053097345132743,0.5350734094616639
22866,HAND WARMER SCOTTY DOG DESIGN,6611,14366.52,2.3129593005926306,107,474,53,9,61.78504672897196,432.49532710280374,86.49906542056075,642.5644859813085,456.5,Stockout Risk,Reorder Now,69.0,1055.8659207205358,0.0,0.8645833333333334,1.0360655737704918
22867,HAND WARMER BIRD DESIGN,6433,14061.890000000001,2.4920445133774782,113,413,15,20,56.92920353982301,398.50442477876106,79.70088495575222,1218.2849557522122,433.5,Stockout Risk,Reorder Now,100.0,1080.3012965491369,0.0,1.0104895104895104,0.950517836593786
22868,NUMBER TILE COTTAGE GARDEN 0 ,63,144.65,3.04,19,192,7,17,3.3157894736842106,23.210526315789473,4.6421052631578945,61.01052631578948,0.0,Overstock,Markdown / Clear,0.0,0.0,583.6800000000001,0.0,192.0
22869,NUMBER TILE COTTAGE GARDEN 1,96,246.14,3.171666666666667,42,420,103,8,2.2857142857142856,16.0,3.2,21.485714285714284,0.0,Overstock,Markdown / Clear,0.0,0.0,1332.1000000000001,0.0,420.0
22870,NUMBER TILE COTTAGE GARDEN 2,93,240.29,3.2778378378378377,37,429,58,14,2.5135135135135136,17.594594594594597,3.5189189189189194,38.708108108108114,1.0,Overstock,Markdown / Clear,0.0,0.0,1402.9145945945945,0.0020491803278688526,214.5
22871,NUMBER TILE COTTAGE GARDEN 3 ,67,163.35,3.2670833333333333,24,488,56,13,2.7916666666666665,19.541666666666664,3.908333333333333,40.199999999999996,0.0,Overstock,Markdown / Clear,0.0,0.0,1594.3366666666666,0.0,488.0
22872,NUMBER TILE COTTAGE GARDEN 4,72,177.46,3.1853333333333333,30,495,39,5,2.4,16.8,3.3600000000000003,15.36,0.0,Overstock,Markdown / Clear,0.0,0.0,1576.74,0.0,495.0
22873,NUMBER TILE COTTAGE GARDEN 5,60,145.5,3.0461538461538464,26,209,186,4,2.3076923076923075,16.153846153846153,3.230769230769231,12.46153846153846,0.0,Overstock,Markdown / Clear,0.0,0.0,636.6461538461539,0.0,209.0
22874,NUMBER TILE COTTAGE GARDEN 6,65,150.81,2.9895,20,141,129,8,3.25,22.75,4.55,30.55,0.0,Overstock,Markdown / Clear,0.0,0.0,421.5195,0.0,141.0
22875,NUMBER TILE COTTAGE GARDEN 7,63,149.09,2.907083333333333,24,65,93,7,2.625,18.375,3.6750000000000003,22.05,2.0,Overstock,Markdown / Clear,0.0,0.0,183.14624999999998,0.012578616352201259,21.666666666666668
22876,NUMBER TILE COTTAGE GARDEN 8,61,138.81,2.9357894736842107,19,83,137,20,3.210526315789474,22.47368421052632,4.494736842105264,68.70526315789475,0.0,Overstock,Markdown / Clear,0.0,0.0,243.6705263157895,0.0,83.0
22877,NUMBER TILE COTTAGE GARDEN 9,63,138.10999999999999,2.5555555555555554,18,149,43,18,3.5,24.5,4.9,67.9,0.0,Overstock,Markdown / Clear,0.0,0.0,380.77777777777777,0.0,149.0
22878,NUMBER TILE COTTAGE GARDEN No,75,204.19,3.4751612903225806,31,329,138,10,2.4193548387096775,16.935483870967744,3.387096774193549,27.580645161290324,0.0,Overstock,Markdown / Clear,0.0,0.0,1143.328064516129,0.0,329.0
22879,NUMBER TILE VINTAGE FONT 0,70,102.46,2.9723333333333333,15,382,79,13,4.666666666666667,32.66666666666667,6.533333333333335,67.2,0.0,Overstock,Markdown / Clear,0.0,0.0,1135.4313333333332,0.0,382.0
22880,NUMBER TILE VINTAGE FONT 1,97,196.69,3.3385000000000002,30,212,80,12,3.2333333333333334,22.633333333333333,4.526666666666666,43.32666666666666,0.0,Overstock,Markdown / Clear,0.0,0.0,707.7620000000001,0.0,212.0
22881,NUMBER TILE VINTAGE FONT 2,102,197.56,3.2533870967741936,31,326,1,14,3.2903225806451615,23.03225806451613,4.606451612903227,50.67096774193549,0.0,Overstock,Markdown / Clear,0.0,0.0,1060.604193548387,0.0,326.0
22882,NUMBER TILE VINTAGE FONT 3,108,213.7,3.0441891891891895,37,200,177,8,2.918918918918919,20.43243243243243,4.0864864864864865,27.437837837837836,1.0,Overstock,Markdown / Clear,0.0,0.0,605.7936486486487,0.0026455026455026454,100.0
22883,NUMBER TILE VINTAGE FONT 4,100,191.48,3.3331666666666666,30,311,139,7,3.3333333333333335,23.333333333333336,4.666666666666667,28.000000000000004,2.0,Overstock,Markdown / Clear,0.0,0.0,1029.9485,0.004434589800443459,103.66666666666667
22884,NUMBER TILE VINTAGE FONT 5,99,194.04999999999998,3.140735294117647,34,390,114,11,2.911764705882353,20.38235294117647,4.076470588235295,36.10588235294118,3.0,Overstock,Markdown / Clear,0.0,0.0,1215.4645588235294,0.005940594059405941,97.5
22885,NUMBER TILE VINTAGE FONT 6 ,96,172.78,3.0866,25,301,89,18,3.84,26.88,5.376,74.49600000000001,4.0,Overstock,Markdown / Clear,0.0,0.0,916.7202,0.010230179028132993,60.2
22886,NUMBER TILE VINTAGE FONT 7,87,146.43,2.948958333333333,24,48,22,16,3.625,25.375,5.075,63.075,0.0,Overstock,Markdown / Clear,0.0,0.0,141.54999999999998,0.0,48.0
22887,NUMBER TILE VINTAGE FONT 8,78,126.78,3.0416666666666665,21,168,145,10,3.7142857142857144,26.0,5.2,42.34285714285715,0.0,Overstock,Markdown / Clear,0.0,0.0,511.0,0.0,168.0
22888,NUMBER TILE VINTAGE FONT 9 ,76,124.97999999999999,3.26921052631579,19,286,61,16,4.0,28.0,5.6000000000000005,69.6,0.0,Overstock,Markdown / Clear,0.0,0.0,934.9942105263159,0.0,286.0
22889,NUMBER TILE VINTAGE FONT No ,169,263.8,3.649655172413793,29,315,112,9,5.827586206896552,40.79310344827586,8.158620689655171,60.60689655172414,1.0,Overstock,Markdown / Clear,0.0,0.0,1145.991724137931,0.002336448598130841,157.5
22890,NOVELTY BISCUITS CAKE STAND 3 TIER,385,3939.87,11.271111111111109,126,30,127,7,3.0555555555555554,21.388888888888886,4.277777777777778,25.666666666666664,4.5,Overstock,Markdown / Clear,0.0,0.0,287.4133333333333,0.028481012658227847,5.454545454545454
22891,TEA FOR ONE POLKADOT,420,2108.18,5.697997076023391,114,183,61,20,3.6842105263157894,25.789473684210527,5.157894736842106,78.84210526315789,11.0,Overstock,Markdown / Clear,0.0,0.0,980.0554970760232,0.044897959183673466,15.25
22892,SET OF SALT AND PEPPER TOADSTOOLS,2472,3021.6,1.2452836879432625,141,132,37,4,17.53191489361702,122.72340425531914,24.54468085106383,94.67234042553191,0.0,Overstock,Markdown / Clear,0.0,0.0,164.37744680851065,0.0,132.0
22893,MINI CAKE STAND T-LIGHT HOLDER,1872,931.02,0.642562893081761,106,206,194,13,17.660377358490567,123.62264150943398,24.724528301886796,254.3094339622642,23.0,Overstock,Markdown / Clear,0.0,0.0,117.58900943396226,0.057356608478802994,8.583333333333334
22894,TABLECLOTH RED APPLES DESIGN ,305,3027.38,10.058853046594981,93,314,165,10,3.2795698924731185,22.956989247311828,4.591397849462366,37.38709677419355,5.0,Overstock,Markdown / Clear,0.0,0.0,3108.1855913978493,0.010416666666666666,52.333333333333336
22895,SET OF 2 TEA TOWELS APPLE AND PEARS,2058,6334.3,3.61481981981982,185,251,194,3,11.124324324324323,77.87027027027027,15.574054054054054,48.947027027027026,22.5,Overstock,Markdown / Clear,0.0,0.0,825.9863288288288,0.05044843049327354,10.680851063829786
22896,PEG BAG APPLE DESIGN,100,210.0,2.1,1,246,60,14,100.0,700.0,140.0,1540.0,0.0,Overstock,Markdown / Clear,0.0,0.0,516.6,0.0,246.0
22896,PEG BAG APPLES DESIGN,1484,3833.36,3.224753886010362,193,329,128,4,7.689119170984456,53.82383419689119,10.76476683937824,41.52124352331606,9.666666666666666,Overstock,Markdown / Clear,0.0,0.0,1029.771407599309,0.021106259097525473,30.84375
22897,OVEN MITT APPLES DESIGN,1350,2013.1,1.7992762557077624,146,117,172,20,9.246575342465754,64.72602739726028,12.945205479452056,197.87671232876713,13.0,Overstock,Markdown / Clear,0.0,0.0,187.1247305936073,0.04482758620689655,8.357142857142858
22898,CHILDRENS APRON APPLES DESIGN,2414,5150.92,2.56110663507109,211,74,155,9,11.440758293838863,80.08530805687204,16.01706161137441,118.98388625592418,53.0,Healthy,No Action,0.0,0.0,0.0,0.23043478260869565,1.3703703703703705
22899,CHILDREN'S APRON DOLLY GIRL ,2069,4326.43,2.3872625215889465,193,130,148,19,10.720207253886011,75.04145077720207,15.008290155440415,218.69222797927463,68.5,Healthy,No Action,0.0,0.0,0.0,0.24551971326164876,1.870503597122302
22900, SET 2 TEA TOWELS I LOVE LONDON ,2783,8082.05,3.5143103592314118,114,171,121,16,24.412280701754387,170.8859649122807,34.17719298245614,424.7736842105263,0.0,Overstock,Markdown / Clear,0.0,0.0,600.9470714285715,0.0,171.0
22900,SET 2 TEA TOWELS I LOVE LONDON ,2124,6856.38,3.87449864498645,123,265,109,9,17.26829268292683,120.87804878048782,24.175609756097565,179.59024390243906,91.16666666666667,Overstock,Markdown / Clear,0.0,0.0,673.5170144534778,0.2431111111111111,2.875226039783002
22902,TOTE BAG I LOVE LONDON,1288,2633.28,2.7049967948717946,104,425,12,5,12.384615384615385,86.6923076923077,17.33846153846154,79.26153846153846,9.0,Overstock,Markdown / Clear,0.0,0.0,1125.2786666666666,0.02054794520547945,42.5
22903,CALENDAR FAMILY FAVOURITES,193,550.6,3.0375510204081633,49,88,154,8,3.938775510204082,27.571428571428573,5.514285714285715,37.02448979591837,7.0,Overstock,Markdown / Clear,0.0,0.0,246.0416326530612,0.02880658436213992,11.0
22904,CALENDAR PAPER CUT DESIGN,1834,5467.26,3.311168674698795,166,331,99,4,11.048192771084338,77.33734939759037,15.467469879518076,59.66024096385543,0.0,Overstock,Markdown / Clear,0.0,0.0,1095.9968313253012,0.0,331.0
22905,CALENDAR IN SEASON DESIGN,581,1502.29,2.822901606425703,83,308,134,19,7.0,49.0,9.8,142.8,80.5,Overstock,Markdown / Clear,0.0,0.0,642.2101154618474,0.18171557562076748,3.7791411042944785
22906,12 MESSAGE CARDS WITH ENVELOPES,1733,2947.87,2.075654166666667,160,269,21,14,10.83125,75.81875000000001,15.163750000000002,166.80125,72.5,Overstock,Markdown / Clear,0.0,0.0,407.86604375,0.24914089347079038,3.6598639455782314
22907,PACK OF 20 NAPKINS PANTRY DESIGN,6573,5670.0,0.9823420398009951,268,55,73,14,24.526119402985074,171.68283582089552,34.33656716417911,377.7022388059701,111.5,Stockout Risk,Reorder Now,91.0,109.53113743781095,0.0,0.8643410852713178,0.4888888888888889
22908,PACK OF 20 NAPKINS RED APPLES,4380,3569.58,0.9694521604938272,216,258,180,19,20.27777777777778,141.94444444444446,28.388888888888893,413.6666666666667,80.0,Overstock,Markdown / Clear,0.0,0.0,172.56248456790124,0.18223234624145787,3.185185185185185
22909,SET OF 20 VINTAGE CHRISTMAS NAPKINS,8976,8041.18,1.0445014506769825,141,167,131,12,63.659574468085104,445.6170212765957,89.12340425531914,853.0382978723403,424.5,Stockout Risk,Reorder Now,347.0,443.3908658123791,0.0,1.419732441471572,0.39247943595769685
22910,PAPER CHAIN KIT VINTAGE CHRISTMAS,10594,32843.840000000004,3.492318727435437,149,486,22,5,71.1006711409396,497.7046979865772,99.54093959731544,455.04429530201344,616.5,Stockout Risk,Reorder Now,230.0,2153.014495463947,0.0,1.2111984282907662,0.7870445344129555
22911,PAPER CHAIN KIT LONDON,463,1358.0900000000001,3.276748971193416,81,246,118,20,5.716049382716049,40.01234567901234,8.00246913580247,122.32345679012346,5.0,Overstock,Markdown / Clear,0.0,0.0,789.6965020576132,0.0136986301369863,41.0
22912,YELLOW COAT RACK PARIS FASHION,287,1342.39,5.238172690763052,83,263,69,15,3.4578313253012047,24.204819277108435,4.840963855421688,56.70843373493976,2.0,Overstock,Markdown / Clear,0.0,0.0,1367.1630722891564,0.006006006006006006,87.66666666666667
22913,RED COAT RACK PARIS FASHION,352,1673.15,5.524384057971014,92,356,83,14,3.8260869565217392,26.782608695652176,5.356521739130436,58.92173913043479,2.5,Overstock,Markdown / Clear,0.0,0.0,1952.8697644927536,0.005681818181818182,101.71428571428571
22914,BLUE COAT RACK PARIS FASHION,467,2261.21,5.57896,125,465,100,19,3.736,26.152,5.2304,76.21440000000001,5.0,Overstock,Markdown / Clear,0.0,0.0,2566.3216,0.0088339222614841,77.5
22915,ASSORTED BOTTLE TOP  MAGNETS ,3152,1406.42,1.229563492063492,126,384,83,6,25.015873015873016,175.11111111111111,35.022222222222226,185.1174603174603,279.0,Healthy,No Action,0.0,0.0,0.0,0.5961538461538461,1.3714285714285714
22916,HERB MARKER THYME,1905,1314.21,0.8387987012987014,154,220,160,12,12.37012987012987,86.5909090909091,17.31818181818182,165.75974025974025,45.0,Overstock,Markdown / Clear,0.0,0.0,146.78977272727275,0.11811023622047244,4.782608695652174
22917,HERB MARKER ROSEMARY,1937,1340.22,0.8345777777777778,150,173,27,13,12.913333333333334,90.39333333333335,18.07866666666667,185.952,48.5,Overstock,Markdown / Clear,0.0,0.0,103.90493333333333,0.24129353233830847,3.494949494949495
22918,HERB MARKER PARSLEY,1869,1275.3500000000001,0.8277270693512304,149,469,135,8,12.543624161073826,87.80536912751678,17.561073825503357,117.91006711409396,50.5,Overstock,Markdown / Clear,0.0,0.0,346.4037785234899,0.0834710743801653,9.106796116504855
22919,HERB MARKER MINT,1753,1221.8600000000001,0.799337899543379,146,92,0,8,12.006849315068493,84.04794520547945,16.80958904109589,112.86438356164383,45.0,Overstock,Markdown / Clear,0.0,0.0,37.56888127853881,0.4838709677419355,2.0
22920,HERB MARKER BASIL,3423,2153.34,0.8283310502283106,146,220,164,11,23.445205479452056,164.1164383561644,32.82328767123288,290.7205479452055,43.0,Overstock,Markdown / Clear,0.0,0.0,146.61459589041095,0.11168831168831168,5.0
22921,HERB MARKER CHIVES ,1716,1180.8700000000001,0.8081297709923664,131,315,62,17,13.099236641221374,91.69465648854961,18.338931297709923,241.0259541984733,44.0,Overstock,Markdown / Clear,0.0,0.0,219.00316793893128,0.1164021164021164,7.0
22922,FRIDGE MAGNETS US DINER ASSORTED,1587,1422.8999999999999,1.7918312757201644,81,36,21,4,19.59259259259259,137.14814814814815,27.42962962962963,105.8,81.0,Stockout Risk,Reorder Now,72.0,145.13833333333332,0.0,1.396551724137931,0.43902439024390244
22923,FRIDGE MAGNETS LES ENFANTS ASSORTED,1360,1130.77,0.9484328358208954,67,148,69,6,20.29850746268657,142.089552238806,28.4179104477612,150.2089552238806,90.0,Healthy,No Action,0.0,0.0,0.0,0.41284403669724773,1.6263736263736264
22924,FRIDGE MAGNETS LA VIE EN ROSE,1295,1154.6,1.3105263157894735,76,236,124,7,17.039473684210527,119.2763157894737,23.85526315789474,143.13157894736844,93.0,Overstock,Markdown / Clear,0.0,0.0,187.40526315789472,0.25761772853185594,2.5106382978723403
22925,BLUE GIANT GARDEN THERMOMETER,449,2757.4700000000003,6.522671755725191,131,80,148,19,3.427480916030534,23.99236641221374,4.798473282442749,69.92061068702289,0.0,Overstock,Markdown / Clear,0.0,0.0,521.8137404580152,0.0,80.0
22926,IVORY GIANT GARDEN THERMOMETER,594,3656.85,6.436737588652483,94,446,95,10,6.319148936170213,44.234042553191486,8.846808510638297,72.03829787234042,0.0,Overstock,Markdown / Clear,0.0,0.0,2870.7849645390074,0.0,446.0
22927,GREEN GIANT GARDEN THERMOMETER,430,2704.71,6.649274691358024,108,123,162,10,3.9814814814814814,27.87037037037037,5.574074074074074,45.38888888888889,1.0,Overstock,Markdown / Clear,0.0,0.0,811.211512345679,0.0034965034965034965,61.5
22928,YELLOW GIANT GARDEN THERMOMETER,288,1993.75,7.672055555555556,90,61,78,14,3.2,22.400000000000002,4.48,49.28,10.0,Overstock,Markdown / Clear,0.0,0.0,391.27483333333333,0.07142857142857142,5.545454545454546
22929,SCHOOL DESK AND CHAIR ,19,1199.75,63.824999999999996,12,44,4,10,1.5833333333333333,11.083333333333332,2.2166666666666663,18.049999999999997,0.0,Overstock,Markdown / Clear,0.0,0.0,2808.2999999999997,0.0,44.0
22930,BAKING MOULD HEART MILK CHOCOLATE,1108,2846.8,3.109344086021505,124,58,59,5,8.935483870967742,62.54838709677419,12.509677419354839,57.18709677419355,15.0,Overstock,Markdown / Clear,0.0,0.0,133.7017956989247,0.1271186440677966,3.625
22931,BAKING MOULD HEART WHITE CHOCOLATE,813,1963.3,2.910164835164835,91,310,119,20,8.934065934065934,62.53846153846154,12.50769230769231,191.189010989011,15.0,Overstock,Markdown / Clear,0.0,0.0,858.4986263736264,0.03488372093023256,19.375
22932,BAKING MOULD TOFFEE CUP  CHOCOLATE,6,15.3,2.55,1,150,45,17,6.0,42.0,8.4,110.4,0.0,Overstock,Markdown / Clear,0.0,0.0,382.5,0.0,150.0
22932,BAKING MOULD TOFFEE CUP CHOCOLATE,878,1985.5800000000002,2.7042241379310346,58,248,177,8,15.137931034482758,105.9655172413793,21.193103448275863,142.29655172413794,16.0,Overstock,Markdown / Clear,0.0,0.0,627.38,0.03755868544600939,14.588235294117647
22933,BAKING MOULD EASTER EGG MILK CHOC,940,2585.9200000000005,3.545781954887218,76,127,175,18,12.368421052631579,86.57894736842105,17.315789473684212,239.94736842105263,2.0,Overstock,Markdown / Clear,0.0,0.0,443.22274436090225,0.006600660066006601,42.333333333333336
22934,BAKING MOULD EASTER EGG WHITE CHOC,589,1707.47,3.201388888888889,60,191,133,10,9.816666666666666,68.71666666666667,13.743333333333334,111.91,0.0,Overstock,Markdown / Clear,0.0,0.0,611.4652777777777,0.0,191.0
22935,BAKING MOULD ROSE MILK CHOCOLATE,690,2066.82,3.687098765432099,54,454,55,18,12.777777777777779,89.44444444444446,17.888888888888893,247.88888888888889,6.0,Overstock,Markdown / Clear,0.0,0.0,1651.8202469135804,0.011764705882352941,64.85714285714286
22936,BAKING MOULD ROSE WHITE CHOCOLATE,279,895.97,4.398478260869566,46,497,109,20,6.065217391304348,42.45652173913044,8.491304347826087,129.79565217391303,6.0,Overstock,Markdown / Clear,0.0,0.0,2159.652826086957,0.009884678747940691,71.0
22937,BAKING MOULD CHOCOLATE CUP CAKES,12,30.6,2.55,1,121,186,18,12.0,84.0,16.8,232.8,0.0,Overstock,Markdown / Clear,0.0,0.0,308.54999999999995,0.0,121.0
22937,BAKING MOULD CHOCOLATE CUPCAKES,948,2502.04,2.901147058823529,102,373,156,13,9.294117647058824,65.05882352941177,13.011764705882355,133.83529411764707,8.5,Overstock,Markdown / Clear,0.0,0.0,1057.4681029411763,0.016037735849056604,39.26315789473684
22937,BAKING MOULD CUPCAKE CHOCOLATE,12,30.6,2.55,1,31,198,9,12.0,84.0,16.8,124.8,0.0,Overstock,Markdown / Clear,0.0,0.0,79.05,0.0,31.0
22938,CUPCAKE LACE PAPER SET 6,2367,4488.63,2.1099763593380616,141,294,103,19,16.78723404255319,117.51063829787233,23.50212765957447,342.45957446808507,2.0,Overstock,Markdown / Clear,0.0,0.0,616.113096926714,0.005025125628140704,98.0
22939,ADULT APRON APPLE DELIGHT,184,945.88,6.444629629629629,36,120,76,19,5.111111111111111,35.77777777777777,7.155555555555555,104.26666666666665,20.6,Overstock,Markdown / Clear,0.0,0.0,640.5961851851852,0.10456852791878174,5.555555555555555
22939,APRON APPLE DELIGHT,285,1446.79,5.905245098039216,68,63,145,14,4.1911764705882355,29.33823529411765,5.86764705882353,64.54411764705883,0.0,Overstock,Markdown / Clear,0.0,0.0,372.0304411764706,0.0,63.0
22940,FELTCRAFT CHRISTMAS FAIRY,1915,7890.25,4.61028801843318,124,462,1,15,15.443548387096774,108.10483870967742,21.620967741935488,253.2741935483871,60.5,Overstock,Markdown / Clear,0.0,0.0,1851.0306394009217,0.13038793103448276,7.512195121951219
22941,CHRISTMAS LIGHTS 10 REINDEER,1670,13795.92,9.978087183718372,101,324,7,12,16.534653465346533,115.74257425742573,23.148514851485146,221.56435643564353,117.0,Overstock,Markdown / Clear,0.0,0.0,2065.464047029703,0.35240963855421686,2.7457627118644066
22942,CHRISTMAS LIGHTS 10 SANTAS ,608,4460.54,8.540163174603174,75,464,74,9,8.106666666666667,56.74666666666667,11.349333333333334,84.30933333333334,74.5,Overstock,Markdown / Clear,0.0,0.0,3326.3935565079364,0.13821892393320964,6.145695364238411
22943,CHRISTMAS LIGHTS 10 VINTAGE BAUBLES,1355,6755.47,6.51115220689963,97,36,181,16,13.969072164948454,97.78350515463917,19.556701030927837,243.06185567010309,11.0,Overstock,Markdown / Clear,0.0,0.0,162.77880517249073,0.05045871559633028,3.0
22944,CHRISTMAS METAL POSTCARD WITH BELLS,3375,1843.64,1.82346875,64,349,124,3,52.734375,369.140625,73.828125,232.03125,126.0,Overstock,Markdown / Clear,0.0,0.0,406.63353125,0.26582278481012656,2.748031496062992
22945,CHRISTMAS METAL TAGS ASSORTED ,2991,3008.92,2.339024561403509,95,76,37,19,31.48421052631579,220.38947368421051,44.077894736842104,642.2778947368421,50.0,Healthy,No Action,18.0,0.0,0.0,0.43859649122807015,1.4901960784313726
22946,WOODEN ADVENT CALENDAR CREAM,453,7030.22,18.34871212121212,88,330,175,6,5.1477272727272725,36.03409090909091,7.206818181818182,38.09318181818182,4.5,Overstock,Markdown / Clear,0.0,0.0,5972.5057954545455,0.008893280632411068,60.0
22947,WOODEN ADVENT CALENDAR RED,746,8714.24,14.22325,66,322,26,7,11.303030303030303,79.12121212121212,15.824242424242426,94.94545454545455,27.0,Overstock,Markdown / Clear,0.0,0.0,4195.85875,0.07736389684813753,11.5
22948,METAL DECORATION NAUGHTY CHILDREN ,1599,1603.29,1.6296405228758168,102,31,19,9,15.676470588235293,109.73529411764706,21.947058823529414,163.03529411764706,60.0,Stockout Risk,Reorder Now,51.0,97.77843137254901,0.0,1.1764705882352942,0.5081967213114754
22949,36 DOILIES DOLLY GIRL,911,1347.8899999999999,1.7348026315789473,76,337,139,12,11.986842105263158,83.90789473684211,16.781578947368423,160.6236842105263,12.0,Overstock,Markdown / Clear,0.0,0.0,563.8108552631579,0.025157232704402517,25.923076923076923
22949,SET OF 36 DOLLY GIRL PAPER DOILIES,45,69.66,1.7326923076923075,13,99,42,19,3.4615384615384617,24.230769230769234,4.846153846153847,70.61538461538461,5.8,Overstock,Markdown / Clear,0.0,0.0,161.48692307692306,0.04084507042253521,14.558823529411764
22950,36 DOILIES VINTAGE CHRISTMAS,5171,7060.28,1.5940925925925926,72,235,188,9,71.81944444444444,502.7361111111111,100.54722222222222,746.9222222222222,0.0,Overstock,Markdown / Clear,0.0,0.0,374.61175925925926,0.0,235.0
22950,SET OF 36 VINTAGE CHRISTMAS DOILIES,38,71.27,2.038,5,358,30,3,7.6,53.199999999999996,10.64,33.44,0.0,Overstock,Markdown / Clear,0.0,0.0,729.6039999999999,0.0,358.0
22951,60 CAKE CASES DOLLY GIRL DESIGN,7481,3990.2,0.6730367867867869,222,283,90,9,33.6981981981982,235.88738738738738,47.17747747747748,350.46126126126126,76.5,Overstock,Markdown / Clear,0.0,0.0,138.9820964714715,0.20454545454545456,3.6516129032258067
22952,60 CAKE CASES VINTAGE CHRISTMAS,16032,9498.87,0.7898493153277921,151,498,60,13,106.17218543046357,743.205298013245,148.64105960264902,1528.8794701986753,732.0,Stockout Risk,Reorder Now,383.0,578.1696988199438,0.0,1.3094812164579606,0.679399727148704
22952,72 CAKE CASES VINTAGE CHRISTMAS,24,13.2,0.55,1,168,194,11,24.0,168.0,33.6,297.6,0.0,Overstock,Markdown / Clear,0.0,0.0,92.4,0.0,168.0
22953,BIRTHDAY BANNER TAPE,24,30.0,1.25,1,100,108,14,24.0,168.0,33.6,369.6,0.0,Overstock,Markdown / Clear,0.0,0.0,125.0,0.0,100.0
22953,BIRTHDAY PARTY CORDON BARRIER TAPE,478,617.11,1.3609756097560974,82,234,90,5,5.829268292682927,40.80487804878049,8.160975609756099,37.30731707317073,5.666666666666667,Overstock,Markdown / Clear,0.0,0.0,310.7560975609756,0.01743589743589744,35.1
22954,HEN PARTY CORDON BARRIER TAPE,197,241.38,1.382236842105263,38,393,162,6,5.184210526315789,36.28947368421053,7.257894736842106,38.363157894736844,0.0,Overstock,Markdown / Clear,0.0,0.0,543.2190789473684,0.0,393.0
22955,36 FOIL STAR CAKE CASES ,1040,2053.35,2.318213058419244,97,483,94,6,10.721649484536082,75.05154639175257,15.010309278350514,79.34020618556701,39.0,Overstock,Markdown / Clear,0.0,0.0,1029.2865979381445,0.06747404844290658,12.075
22956,36 FOIL HEART CAKE CASES,2050,3983.3900000000003,2.23153855721393,134,217,142,15,15.298507462686567,107.08955223880596,21.417910447761194,250.8955223880597,53.5,Overstock,Markdown / Clear,0.0,0.0,364.8565541044776,0.1486111111111111,3.981651376146789
22957,SET 3 PAPER VINTAGE CHICK PAPER EGG,1775,5014.650000000001,3.095821428571429,80,219,143,12,22.1875,155.3125,31.0625,297.3125,0.0,Overstock,Markdown / Clear,0.0,0.0,677.984892857143,0.0,219.0
22959,WRAP CHRISTMAS VILLAGE,4901,2014.42,0.4176315789473684,76,44,12,7,64.48684210526316,451.40789473684214,90.28157894736843,541.6894736842106,388.0,Stockout Risk,Reorder Now,434.0,162.04105263157894,0.0,6.807017543859649,0.11311053984575835
22960,JAM MAKING SET WITH JARS,8695,37082.13,5.026989077212806,295,485,112,9,29.47457627118644,206.32203389830508,41.264406779661016,306.535593220339,284.0,Healthy,No Action,0.0,0.0,0.0,0.47491638795986624,1.7017543859649122
22961,JAM MAKING SET PRINTED,16396,25637.78,1.8926153745244654,286,108,34,18,57.32867132867133,401.3006993006993,80.26013986013987,1112.1762237762237,600.0,Stockout Risk,Reorder Now,572.0,1135.5692247146792,0.0,4.195804195804196,0.17970049916805325
22962,JAM JAR WITH PINK LID,3896,3288.11,1.0601413690476191,192,287,186,3,20.291666666666668,142.04166666666669,28.40833333333334,89.28333333333333,33.0,Overstock,Markdown / Clear,0.0,0.0,269.27590773809527,0.06962025316455696,8.441176470588236
22963,JAM JAR WITH BLUE LID,24,17.28,0.72,1,162,148,14,24.0,168.0,33.6,369.6,0.0,Overstock,Markdown / Clear,0.0,0.0,116.64,0.0,162.0
22963,JAM JAR WITH GREEN LID,3266,2760.71,1.0674925925925924,180,78,181,4,18.144444444444446,127.01111111111112,25.402222222222225,97.98,20.666666666666668,Overstock,Markdown / Clear,0.0,0.0,61.20290864197529,0.0794871794871795,3.5999999999999996
22964,3 PIECE SPACEBOY COOKIE CUTTER SET,2624,5472.6900000000005,2.507827859879584,203,429,157,9,12.926108374384237,90.48275862068965,18.09655172413793,134.43152709359606,57.0,Overstock,Markdown / Clear,0.0,0.0,932.9119638752052,0.09710391822827939,7.396551724137931
22965,3 TRADITIONAL COOKIE CUTTERS  SET,162,304.20000000000005,2.0375,4,384,47,13,40.5,283.5,56.7,583.2,0.0,Overstock,Markdown / Clear,0.0,0.0,782.4000000000001,0.0,384.0
22965,3 TRADITIONAl BISCUIT CUTTERS  SET,1209,2606.4100000000003,2.3486400817995907,163,45,34,15,7.41717791411043,51.920245398773005,10.384049079754602,121.64171779141105,32.25,Healthy,No Action,0.0,0.0,0.0,0.403125,1.3533834586466165
22966,GINGERBREAD MAN COOKIE CUTTER,7440,9202.15,1.4430383597883598,228,66,85,4,32.63157894736842,228.42105263157893,45.68421052631579,176.21052631578945,208.0,Stockout Risk,Reorder Now,188.0,300.15197883597887,0.0,1.368421052631579,0.3157894736842105
22967,SET 3 SONG BIRD PAPER EGGS ASSORTED,1171,3271.4100000000003,3.0328985507246378,69,307,165,9,16.971014492753625,118.79710144927537,23.759420289855075,176.4985507246377,0.0,Overstock,Markdown / Clear,0.0,0.0,931.0998550724638,0.0,307.0
22968,ROSE COTTAGE KEEPSAKE BOX ,794,7851.98,11.925096264367816,116,285,158,17,6.844827586206897,47.91379310344828,9.582758620689656,125.9448275862069,1.5,Overstock,Markdown / Clear,0.0,0.0,3380.764790948276,0.0033783783783783786,114.0
22969,HOMEMADE JAM SCENTED CANDLES,12520,18771.15,1.7666352387010784,262,35,151,13,47.786259541984734,334.5038167938931,66.90076335877863,688.1221374045801,148.0,Stockout Risk,Reorder Now,180.0,261.4620153277596,0.0,0.7914438502673797,0.2348993288590604
22970,LONDON BUS COFFEE MUG,4334,10140.6,2.7407155172413793,174,218,113,4,24.908045977011493,174.35632183908046,34.871264367816096,134.50344827586207,0.0,Overstock,Markdown / Clear,0.0,0.0,597.4759827586207,0.0,218.0
22971,QUEENS GUARD COFFEE MUG,2431,5849.29,2.812489151873767,169,420,176,9,14.384615384615385,100.6923076923077,20.13846153846154,149.6,0.0,Overstock,Markdown / Clear,0.0,0.0,1181.2454437869822,0.0,420.0
22972,CHILDREN'S SPACEBOY MUG,1771,3028.04,1.9668918918918916,148,426,99,6,11.966216216216216,83.76351351351352,16.752702702702702,88.55,29.25,Overstock,Markdown / Clear,0.0,0.0,780.364358108108,0.0556083650190114,14.082644628099173
22972,CHILDRENS SPACEBOY MUG,24,39.6,1.65,2,301,159,13,12.0,84.0,16.8,172.8,0.0,Overstock,Markdown / Clear,0.0,0.0,496.65,0.0,301.0
22973,CHILDREN'S CIRCUS PARADE MUG,1255,2136.0099999999998,2.0332602339181287,114,488,182,4,11.008771929824562,77.06140350877193,15.412280701754387,59.44736842105263,37.0,Overstock,Markdown / Clear,0.0,0.0,917.000365497076,0.05514157973174367,12.842105263157896
22974,CHILDRENS DOLLY GIRL MUG,1598,2729.69,2.0266944444444444,144,105,185,18,11.097222222222221,77.68055555555554,15.53611111111111,215.2861111111111,20.5,Overstock,Markdown / Clear,0.0,0.0,171.25568055555556,0.070446735395189,4.883720930232558
22975,SPACEBOY CHILDRENS EGG CUP,1204,1624.6299999999999,1.5106221374045803,131,269,98,9,9.19083969465649,64.33587786259542,12.867175572519086,95.58473282442749,21.5,Overstock,Markdown / Clear,0.0,0.0,373.87897900763363,0.058423913043478264,11.955555555555556
22976,CIRCUS PARADE CHILDRENS EGG CUP ,1066,1389.01,1.4829014492753625,115,410,2,15,9.269565217391305,64.88695652173914,12.977391304347828,152.0208695652174,15.5,Overstock,Markdown / Clear,0.0,0.0,585.0046217391305,0.03753026634382567,24.848484848484848
22977,DOLLY GIRL CHILDRENS EGG CUP,950,1252.61,1.4571190476190476,105,289,196,7,9.047619047619047,63.33333333333333,12.666666666666666,76.0,9.5,Overstock,Markdown / Clear,0.0,0.0,407.26477380952383,0.01954732510288066,27.523809523809526
22978,PANTRY ROLLING PIN,2464,9564.98,4.367985159817351,146,354,84,19,16.876712328767123,118.13698630136986,23.627397260273973,344.2849315068493,0.0,Overstock,Markdown / Clear,0.0,0.0,1546.2667465753425,0.0,354.0
22979,PANTRY WASHING UP BRUSH,4090,6391.82,1.8231909800957418,189,136,124,14,21.64021164021164,151.48148148148147,30.296296296296294,333.25925925925924,0.0,Overstock,Markdown / Clear,0.0,0.0,247.95397329302088,0.0,136.0
22980,PANTRY SCRUBBING BRUSH,2363,3910.0099999999998,1.945,157,26,137,9,15.050955414012739,105.35668789808918,21.071337579617836,156.5299363057325,0.0,Overstock,Markdown / Clear,0.0,0.0,50.57,0.0,26.0
22981,PANTRY APPLE CORER,471,704.13,1.8694390243902437,82,156,82,8,5.7439024390243905,40.207317073170735,8.041463414634148,53.992682926829275,0.0,Overstock,Markdown / Clear,0.0,0.0,291.632487804878,0.0,156.0
22982,PANTRY PASTRY BRUSH,1154,1543.77,1.6352170542635658,129,390,24,10,8.945736434108527,62.62015503875969,12.524031007751939,101.98139534883721,0.0,Overstock,Markdown / Clear,0.0,0.0,637.7346511627907,0.0,390.0
22983,CARD BILLBOARD FONT,5290,2256.56,0.5272659420289855,230,195,67,15,23.0,161.0,32.2,377.2,71.0,Overstock,Markdown / Clear,0.0,0.0,65.3809768115942,0.26996197718631176,2.7083333333333335
22984,CARD GINGHAM ROSE ,2693,1096.09,0.47955333333333333,125,347,60,7,21.544,150.808,30.1616,180.96959999999999,24.5,Overstock,Markdown / Clear,0.0,0.0,154.65595,0.06004901960784314,13.607843137254902
22985,WRAP BILLBOARD FONTS DESIGN,1831,769.02,0.42,56,334,28,4,32.69642857142857,228.875,45.775000000000006,176.56071428571428,46.875,Overstock,Markdown / Clear,0.0,0.0,120.5925,0.12913223140495866,6.976501305483029
22985,"WRAP, BILLBOARD FONTS DESIGN",1951,731.4200000000001,0.4148387096774193,31,234,126,11,62.935483870967744,440.5483870967742,88.10967741935485,780.4,0.0,Overstock,Markdown / Clear,0.0,0.0,97.07225806451612,0.0,234.0
22986,GINGHAM ROSE WRAP,1829,768.18,0.42,51,496,18,13,35.86274509803921,251.03921568627447,50.2078431372549,516.4235294117647,0.0,Overstock,Markdown / Clear,0.0,0.0,208.32,0.0,496.0
22986,WRAP GINGHAM ROSE ,2276,943.92,0.4195454545454545,66,101,170,8,34.484848484848484,241.39393939393938,48.27878787878788,324.1575757575757,56.25,Healthy,No Action,4.0,0.0,0.0,0.20680147058823528,1.7641921397379912
22987,WRAP SUMMER ROSE DESIGN,102,42.84,0.42000000000000004,5,242,193,9,20.4,142.79999999999998,28.56,212.16,0.0,Overstock,Markdown / Clear,0.0,0.0,101.64000000000001,0.0,242.0
22988,SOLDIERS EGG CUP ,9073,10858.31,1.4850243386243385,180,497,73,9,50.40555555555556,352.8388888888889,70.56777777777778,524.2177777777778,328.5,Healthy,No Action,0.0,0.0,0.0,0.5753064798598949,1.5083459787556905
22989,SET 2 PANTRY DESIGN TEA TOWELS,2811,8999.27,3.7012129144851653,191,391,60,8,14.717277486910994,103.02094240837695,20.604188481675394,138.34240837696336,0.0,Overstock,Markdown / Clear,0.0,0.0,1447.1742495636997,0.0,391.0
22990,COTTON APRON PANTRY DESIGN,633,2917.43,5.374522222222223,120,442,170,13,5.275,36.925000000000004,7.385000000000002,75.96000000000001,0.0,Overstock,Markdown / Clear,0.0,0.0,2375.5388222222223,0.0,442.0
22991,GIRAFFE WOODEN RULER,3887,7604.889999999999,2.2178008385744237,159,421,152,13,24.446540880503143,171.125786163522,34.225157232704404,352.03018867924527,0.0,Overstock,Markdown / Clear,0.0,0.0,933.6941530398324,0.0,421.0
22992,REVOLVER WOODEN RULER ,5233,10373.99,2.2040137664119146,162,462,19,9,32.30246913580247,226.11728395061726,45.22345679012346,335.9456790123457,0.0,Overstock,Markdown / Clear,0.0,0.0,1018.2543600823045,0.0,462.0
22993,SET OF 4 PANTRY JELLY MOULDS,12649,16478.48,1.4783495804059328,244,122,47,4,51.84016393442623,362.8811475409836,72.57622950819672,279.93688524590164,0.0,Overstock,Markdown / Clear,0.0,0.0,180.3586488095238,0.0,122.0
22994,TRAVEL CARD WALLET RETROSPOT,2194,956.94,0.5282,135,292,86,6,16.251851851851853,113.76296296296297,22.752592592592595,120.26370370370371,0.0,Overstock,Markdown / Clear,0.0,0.0,154.2344,0.0,292.0
22995,TRAVEL CARD WALLET SUKI,2381,1058.64,0.5356935123042506,149,33,151,8,15.979865771812081,111.85906040268456,22.371812080536913,150.21073825503356,0.0,Overstock,Markdown / Clear,0.0,0.0,17.677885906040267,0.0,33.0
22996,TRAVEL CARD WALLET VINTAGE TICKET,4801,2094.93,0.5252425828970332,191,178,138,19,25.13612565445026,175.95287958115182,35.190575916230365,512.7769633507853,0.0,Overstock,Markdown / Clear,0.0,0.0,93.4931797556719,0.0,178.0
22997,TRAVEL CARD WALLET UNION JACK,2545,1094.93,0.4900205314009662,138,171,109,7,18.442028985507246,129.09420289855072,25.818840579710145,154.91304347826087,0.0,Overstock,Markdown / Clear,0.0,0.0,83.79351086956522,0.0,171.0
22998,TRAVEL CARD WALLET KEEP CALM,12366,5262.82,0.49224806201550386,215,127,182,9,57.51627906976744,402.6139534883721,80.52279069767442,598.1693023255814,0.0,Overstock,Markdown / Clear,0.0,0.0,62.51550387596899,0.0,127.0
22999,TRAVEL CARD WALLET RETRO PETALS,1544,674.11,0.4727941176470588,68,207,27,11,22.705882352941178,158.94117647058823,31.788235294117648,281.5529411764706,0.0,Overstock,Markdown / Clear,0.0,0.0,97.86838235294117,0.0,207.0
22999,TRAVEL CARD WALLET VINTAGE LEAF,1350,578.48,0.4831645299145299,78,320,196,3,17.307692307692307,121.15384615384615,24.23076923076923,76.15384615384615,0.0,Overstock,Markdown / Clear,0.0,0.0,154.61264957264956,0.0,320.0
23000,TRAVEL CARD WALLET TRANSPORT,3169,1368.28,0.5219327309236947,166,117,190,3,19.09036144578313,133.63253012048193,26.726506024096388,83.99759036144579,0.0,Overstock,Markdown / Clear,0.0,0.0,61.06612951807229,0.0,117.0
23002,TRAVEL CARD WALLET SKULLS,2119,914.37,0.513252564102564,130,150,58,8,16.3,114.10000000000001,22.820000000000004,153.22,0.0,Overstock,Markdown / Clear,0.0,0.0,76.9878846153846,0.0,150.0
23003,TRAVEL CARD WALLET VINTAGE ROSE ,542,226.2,0.41930232558139535,43,312,132,20,12.604651162790697,88.23255813953487,17.646511627906975,269.7395348837209,0.0,Overstock,Markdown / Clear,0.0,0.0,130.82232558139535,0.0,312.0
23004,TRAVEL CARD WALLET PANTRY,2002,903.16,0.5992174940898345,141,190,50,12,14.198581560283689,99.39007092198582,19.878014184397166,190.26099290780144,0.0,Overstock,Markdown / Clear,0.0,0.0,113.85132387706855,0.0,190.0
23005,TRAVEL CARD WALLET I LOVE LONDON,4733,2126.55,0.5215257452574525,123,443,148,13,38.479674796747965,269.35772357723573,53.87154471544715,554.1073170731706,0.0,Overstock,Markdown / Clear,0.0,0.0,231.03590514905147,0.0,443.0
23006,TRAVEL CARD WALLET FLOWER MEADOW,1758,762.75,0.509936974789916,119,493,11,3,14.77310924369748,103.41176470588236,20.682352941176475,65.00168067226892,0.0,Overstock,Markdown / Clear,0.0,0.0,251.39892857142857,0.0,493.0
23007, SPACEBOY BABY GIFT SET,498,7741.75,15.987693798449612,129,202,49,3,3.86046511627907,27.02325581395349,5.404651162790699,16.986046511627908,0.0,Overstock,Markdown / Clear,0.0,0.0,3229.5141472868218,0.0,202.0
23008,DOLLY GIRL BABY GIFT SET,433,6719.61,16.228670033670035,99,490,131,15,4.373737373737374,30.616161616161616,6.123232323232323,71.72929292929294,0.0,Overstock,Markdown / Clear,0.0,0.0,7952.048316498317,0.0,490.0
23009,I LOVE LONDON BABY GIFT SET,263,4082.52,16.07651898734177,79,383,112,7,3.329113924050633,23.303797468354432,4.660759493670887,27.96455696202532,0.0,Overstock,Markdown / Clear,0.0,0.0,6157.306772151898,0.0,383.0
23010,CIRCUS PARADE BABY GIFT SET,315,4879.599999999999,16.057772549019607,85,58,169,3,3.7058823529411766,25.941176470588236,5.188235294117647,16.305882352941175,0.0,Overstock,Markdown / Clear,0.0,0.0,931.3508078431372,0.0,58.0
23012,GLASS APOTHECARY BOTTLE PERFUME,1071,4197.110000000001,4.655021857923497,122,34,165,5,8.778688524590164,61.450819672131146,12.29016393442623,56.183606557377054,0.0,Overstock,Markdown / Clear,0.0,0.0,158.2707431693989,0.0,34.0
23013,GLASS APOTHECARY BOTTLE TONIC,924,3674.1600000000003,4.617550847457627,118,395,152,20,7.830508474576271,54.813559322033896,10.96271186440678,167.5728813559322,0.0,Overstock,Markdown / Clear,0.0,0.0,1823.9325847457628,0.0,395.0
23014,GLASS APOTHECARY BOTTLE ELIXIR,856,3419.58,4.807825958702065,113,23,13,11,7.575221238938053,53.02654867256637,10.605309734513275,93.93274336283186,0.0,Overstock,Markdown / Clear,0.0,0.0,110.57999705014748,0.0,23.0
23015,CORDIAL GLASS JUG,34,288.88,8.77375,16,368,31,16,2.125,14.875,2.975,36.975,0.0,Overstock,Markdown / Clear,0.0,0.0,3228.74,0.0,368.0
23015,CORDIAL JUG,6,49.5,8.25,2,489,138,19,3.0,21.0,4.2,61.2,0.0,Overstock,Markdown / Clear,0.0,0.0,4034.25,0.0,489.0
23016,GLASS TWIST BON BON JAR,74,575.25,8.752173913043478,23,428,188,16,3.217391304347826,22.52173913043478,4.504347826086956,55.982608695652175,0.0,Overstock,Markdown / Clear,0.0,0.0,3745.9304347826087,0.0,428.0
23017,APOTHECARY MEASURING JAR,67,826.28,12.80404761904762,21,416,145,6,3.1904761904761907,22.333333333333336,4.466666666666668,23.609523809523814,0.0,Overstock,Markdown / Clear,0.0,0.0,5326.483809523809,0.0,416.0
23018,LARGE APOTHECARY MEASURING JAR ,51,612.1600000000001,13.11,16,229,154,7,3.1875,22.3125,4.4625,26.775,0.0,Overstock,Markdown / Clear,0.0,0.0,3002.19,0.0,229.0
23019,SMALL APOTHECARY MEASURING JAR ,81,629.05,8.09,25,180,54,19,3.24,22.68,4.5360000000000005,66.096,0.0,Overstock,Markdown / Clear,0.0,0.0,1456.2,0.0,180.0
23020,GLASS  SONGBIRD STORAGE JAR,169,2065.14,13.11,56,35,181,4,3.017857142857143,21.125,4.2250000000000005,16.29642857142857,0.0,Overstock,Markdown / Clear,0.0,0.0,458.84999999999997,0.0,35.0
23020,GLASS SONGBIRD STORAGE JAR,11,126.7,12.049999999999999,3,445,119,7,3.6666666666666665,25.666666666666664,5.133333333333333,30.799999999999997,0.0,Overstock,Markdown / Clear,0.0,0.0,5362.249999999999,0.0,445.0
23021,GLASS BONNE JAM JAR,120,500.82000000000005,4.486666666666667,24,127,74,6,5.0,35.0,7.0,37.0,0.0,Overstock,Markdown / Clear,0.0,0.0,569.8066666666667,0.0,127.0
23022,SMALL BONNE JAM JAR  T-LIGHT HOLDER,422,808.16,2.0385714285714287,21,401,20,6,20.095238095238095,140.66666666666666,28.133333333333333,148.7047619047619,0.0,Overstock,Markdown / Clear,0.0,0.0,817.4671428571429,0.0,401.0
23023,RIDGED BONNE JAM JAR T-LIGHT HOLDER,274,437.82,1.7699999999999998,24,469,171,8,11.416666666666666,79.91666666666666,15.983333333333333,107.31666666666666,0.0,Overstock,Markdown / Clear,0.0,0.0,830.1299999999999,0.0,469.0
23024,LARGE BONNE JAM JAR  T-LIGHT HOLDER,255,667.8500000000001,3.06,10,330,132,15,25.5,178.5,35.7,418.2,0.0,Overstock,Markdown / Clear,0.0,0.0,1009.8000000000001,0.0,330.0
23025,DRAWER KNOB VINTAGE GLASS BALL,350,760.8,2.2800000000000002,41,246,86,7,8.536585365853659,59.75609756097561,11.951219512195124,71.70731707317074,0.0,Overstock,Markdown / Clear,0.0,0.0,560.8800000000001,0.0,246.0
23026,DRAWER KNOB VINTAGE GLASS STAR,556,1198.96,2.364519230769231,52,189,168,9,10.692307692307692,74.84615384615384,14.96923076923077,111.19999999999999,0.0,Overstock,Markdown / Clear,0.0,0.0,446.89413461538464,0.0,189.0
23027,DRAWER KNOB VINTAGE GLASS HEXAGON,295,627.95,2.158846153846154,26,53,58,3,11.346153846153847,79.42307692307693,15.884615384615387,49.92307692307693,0.0,Overstock,Markdown / Clear,0.0,0.0,114.41884615384616,0.0,53.0
23028,DOORKNOB CRACKED GLAZE BLUE,162,238.5,1.5833333333333333,3,433,88,16,54.0,378.0,75.60000000000001,939.6,0.0,Overstock,Markdown / Clear,0.0,0.0,685.5833333333333,0.0,433.0
23028,DRAWER KNOB CRACKLE GLAZE BLUE,1207,2138.63,1.9036618357487922,69,270,181,6,17.492753623188406,122.44927536231884,24.48985507246377,129.4463768115942,0.0,Overstock,Markdown / Clear,0.0,0.0,513.9886956521739,0.0,270.0
23029,DOORKNOB CRACKED GLAZE GREEN,12,19.8,1.65,2,266,149,19,6.0,42.0,8.4,122.4,0.0,Overstock,Markdown / Clear,0.0,0.0,438.9,0.0,266.0
23029,DRAWER KNOB CRACKLE GLAZE GREEN,1340,2284.12,1.8195483870967741,93,288,82,16,14.408602150537634,100.86021505376344,20.172043010752688,250.70967741935482,0.0,Overstock,Markdown / Clear,0.0,0.0,524.029935483871,0.0,288.0
23031,DOORKNOB CRACKED GLAZE PINK,12,19.8,1.65,2,160,64,18,6.0,42.0,8.4,116.4,0.0,Overstock,Markdown / Clear,0.0,0.0,264.0,0.0,160.0
23031,DRAWER KNOB CRACKLE GLAZE PINK,1266,2132.5,1.8125567010309276,97,293,63,16,13.051546391752577,91.36082474226804,18.272164948453607,227.09690721649486,0.0,Overstock,Markdown / Clear,0.0,0.0,531.0791134020618,0.0,293.0
23032,DOORKNOB CRACKED GLAZE IVORY,174,258.3,1.6099999999999999,5,435,70,18,34.8,243.59999999999997,48.72,675.12,0.0,Overstock,Markdown / Clear,0.0,0.0,700.3499999999999,0.0,435.0
23032,DRAWER KNOB CRACKLE GLAZE IVORY,2154,3595.3799999999997,1.8092948717948718,104,115,3,10,20.71153846153846,144.98076923076923,28.996153846153845,236.11153846153843,0.0,Overstock,Markdown / Clear,0.0,0.0,208.06891025641025,0.0,115.0
23033,DRAWER KNOB CERAMIC RED,714,1058.8999999999999,1.8444973544973544,63,246,192,5,11.333333333333334,79.33333333333334,15.866666666666669,72.53333333333335,0.0,Overstock,Markdown / Clear,0.0,0.0,453.7463492063492,0.0,246.0
23034,DRAWER KNOB CERAMIC BLACK,979,1448.67,1.6308695652173912,69,398,142,3,14.18840579710145,99.31884057971014,19.86376811594203,62.428985507246374,0.0,Overstock,Markdown / Clear,0.0,0.0,649.0860869565217,0.0,398.0
23035,DOORKNOB CERAMIC IVORY,36,52.2,1.45,1,58,103,4,36.0,252.0,50.400000000000006,194.4,0.0,Overstock,Markdown / Clear,0.0,0.0,84.1,0.0,58.0
23035,DRAWER KNOB CERAMIC IVORY,2155,3147.79,1.648569696969697,110,321,149,17,19.59090909090909,137.13636363636363,27.427272727272726,360.47272727272724,0.0,Overstock,Markdown / Clear,0.0,0.0,529.1908727272728,0.0,321.0
23036,T-LIGHT HOLDER SILVER PETIT FOUR ,184,232.42000000000002,1.325625,16,48,174,12,11.5,80.5,16.1,154.1,0.0,Overstock,Markdown / Clear,0.0,0.0,63.63,0.0,48.0
23037,CANDLE HOLDER SILVER MADELINE,196,325.16,1.898421052631579,19,465,92,20,10.31578947368421,72.21052631578948,14.442105263157897,220.7578947368421,0.0,Overstock,Markdown / Clear,0.0,0.0,882.7657894736842,0.0,465.0
23038,T-LIGHT HOLDER SILVER SAUCER,44,42.92,1.3299999999999998,8,496,173,16,5.5,38.5,7.7,95.7,0.0,Overstock,Markdown / Clear,0.0,0.0,659.68,0.0,496.0
23039,T-LIGHT HOLDER SILVER HEART HANDLE,199,399.71,2.423333333333333,27,337,141,19,7.37037037037037,51.592592592592595,10.31851851851852,150.35555555555555,0.0,Overstock,Markdown / Clear,0.0,0.0,816.6633333333332,0.0,337.0
23040,PAPER LANTERN 9 POINT SNOW STAR,12,69.0,5.75,4,264,177,15,3.0,21.0,4.2,49.2,0.0,Overstock,Markdown / Clear,0.0,0.0,1518.0,0.0,264.0
23040,PAPER LANTERN 9 POINT SNOW STAR ,241,1325.03,6.418235294117647,34,255,147,3,7.088235294117647,49.61764705882353,9.923529411764706,31.188235294117646,0.0,Overstock,Markdown / Clear,0.0,0.0,1636.6499999999999,0.0,255.0
23041,PAPER LANTERN 6 POINT SNOW STAR,26,107.9,4.15,6,204,177,7,4.333333333333333,30.333333333333332,6.066666666666666,36.4,0.0,Overstock,Markdown / Clear,0.0,0.0,846.6,0.0,204.0
23041,PAPER LANTERN 9 POINT SNOW STAR,246,1070.58,4.564,40,291,111,15,6.15,43.050000000000004,8.610000000000001,100.86,0.0,Overstock,Markdown / Clear,0.0,0.0,1328.124,0.0,291.0
23042,PAPER LANTERN 7 POINT SNOW STAR,103,711.51,7.416153846153846,26,459,160,16,3.9615384615384617,27.730769230769234,5.546153846153847,68.93076923076923,0.0,Overstock,Markdown / Clear,0.0,0.0,3404.0146153846154,0.0,459.0
23043,PAPER LANTERN 9 POINT HOLLY STAR 40,6,37.5,6.25,3,255,118,5,2.0,14.0,2.8000000000000003,12.8,0.0,Overstock,Markdown / Clear,0.0,0.0,1593.75,0.0,255.0
23043,PAPER LANTERN 9 POINT HOLLY STAR L,75,506.01,7.285,18,258,58,17,4.166666666666667,29.166666666666668,5.833333333333334,76.66666666666667,0.0,Overstock,Markdown / Clear,0.0,0.0,1879.53,0.0,258.0
23044,PAPER LANTERN 9 POINT HOLLY STAR 23,18,74.7,4.15,5,396,42,19,3.6,25.2,5.04,73.44000000000001,0.0,Overstock,Markdown / Clear,0.0,0.0,1643.4,0.0,396.0
23044,PAPER LANTERN 9 POINT HOLLY STAR S,83,348.59,4.367894736842106,19,285,11,5,4.368421052631579,30.57894736842105,6.11578947368421,27.957894736842103,0.0,Overstock,Markdown / Clear,0.0,0.0,1244.8500000000004,0.0,285.0
23045,PAPER LANTERN 5 POINT STAR MOON ,108,456.48,4.495,18,433,39,18,6.0,42.0,8.4,116.4,0.0,Overstock,Markdown / Clear,0.0,0.0,1946.335,0.0,433.0
23045,PAPER LANTERN 5 POINT STAR MOON 30,10,41.5,4.15,5,428,117,16,2.0,14.0,2.8000000000000003,34.8,0.0,Overstock,Markdown / Clear,0.0,0.0,1776.2,0.0,428.0
23046,PAPER LANTERN 9 POINT DELUXE STAR,349,2111.4900000000002,6.730666666666667,30,378,19,14,11.633333333333333,81.43333333333334,16.28666666666667,179.15333333333334,0.0,Overstock,Markdown / Clear,0.0,0.0,2544.192,0.0,378.0
23047,PAPER LANTERN 5 POINT SEQUIN STAR,50,287.5,5.75,20,359,165,14,2.5,17.5,3.5,38.5,0.0,Overstock,Markdown / Clear,0.0,0.0,2064.25,0.0,359.0
23047,PAPER LANTERN 5 POINT STUDDED STAR,8,46.0,5.75,4,408,130,13,2.0,14.0,2.8000000000000003,28.8,0.0,Overstock,Markdown / Clear,0.0,0.0,2346.0,0.0,408.0
23048,SET OF 10 LANTERNS FAIRY LIGHT STAR,577,2368.37,4.70025352112676,71,84,155,19,8.126760563380282,56.887323943661976,11.377464788732397,165.78591549295774,0.0,Overstock,Markdown / Clear,0.0,0.0,394.82129577464787,0.0,84.0
23049,RECYCLED ACAPULCO MAT RED,456,3896.84,9.10069616519174,113,497,183,10,4.035398230088496,28.24778761061947,5.649557522123894,46.00353982300885,0.0,Overstock,Markdown / Clear,0.0,0.0,4523.045994100295,0.0,497.0
23050,RECYCLED ACAPULCO MAT GREEN,497,4286.55,9.158262711864406,118,196,89,19,4.211864406779661,29.483050847457626,5.896610169491526,85.92203389830509,0.0,Overstock,Markdown / Clear,0.0,0.0,1795.0194915254235,0.0,196.0
23051,RECYCLED ACAPULCO MAT BLUE,365,3223.49,9.52610576923077,104,22,93,13,3.5096153846153846,24.567307692307693,4.913461538461539,50.53846153846154,0.0,Overstock,Markdown / Clear,0.0,0.0,209.5743269230769,0.0,22.0
23052,RECYCLED ACAPULCO MAT TURQUOISE,654,5949.34,9.826011029411763,136,448,12,4,4.8088235294117645,33.66176470588235,6.73235294117647,25.967647058823527,0.0,Overstock,Markdown / Clear,0.0,0.0,4402.05294117647,0.0,448.0
23053,RECYCLED ACAPULCO MAT PINK,364,3254.32,9.952363945578231,98,161,65,12,3.7142857142857144,26.0,5.2,49.77142857142857,0.0,Overstock,Markdown / Clear,0.0,0.0,1602.3305952380952,0.0,161.0
23054,RECYCLED ACAPULCO MAT LAVENDER,295,2604.93,9.657619047619049,91,395,36,12,3.241758241758242,22.692307692307693,4.538461538461539,43.439560439560445,0.0,Overstock,Markdown / Clear,0.0,0.0,3814.759523809524,0.0,395.0
23055,IVORY CHANDELIER T-LIGHT HOLDER,657,1395.18,5.785858585858586,33,177,176,13,19.90909090909091,139.36363636363637,27.872727272727275,286.6909090909091,0.0,Overstock,Markdown / Clear,0.0,0.0,1024.0969696969696,0.0,177.0
23056,CRYSTAL CHANDELIER T-LIGHT HOLDER,3,18.75,6.25,1,343,65,8,3.0,21.0,4.2,28.2,0.0,Overstock,Markdown / Clear,0.0,0.0,2143.75,0.0,343.0
23056,FLOWERS CHANDELIER T-LIGHT HOLDER,960,2879.37,6.295606060606061,33,165,35,6,29.09090909090909,203.63636363636363,40.72727272727273,215.27272727272725,0.0,Overstock,Markdown / Clear,0.0,0.0,1038.775,0.0,165.0
23057,BEADED CHANDELIER T-LIGHT HOLDER,695,1420.97,4.885416666666667,32,465,181,14,21.71875,152.03125,30.40625,334.46875,0.0,Overstock,Markdown / Clear,0.0,0.0,2271.71875,0.0,465.0
23057,GEMSTONE CHANDELIER T-LIGHT HOLDER,78,347.7,4.835714285714286,7,312,25,13,11.142857142857142,78.0,15.600000000000001,160.45714285714286,0.0,Overstock,Markdown / Clear,0.0,0.0,1508.7428571428572,0.0,312.0
23058,CHRISTMAS HANGING SNOWFLAKE,490,430.86,1.2665322580645162,31,172,74,15,15.806451612903226,110.64516129032258,22.129032258064516,259.2258064516129,0.0,Overstock,Markdown / Clear,0.0,0.0,217.84354838709677,0.0,172.0
23060,HEART BEADED TRELLIS DECORATION,249,528.1700000000001,2.2376923076923076,39,451,199,7,6.384615384615385,44.69230769230769,8.938461538461539,53.63076923076923,0.0,Overstock,Markdown / Clear,0.0,0.0,1009.1992307692308,0.0,451.0
23061,VINTAGE EMBOSSED HEART,955,1257.68,1.5409469696969695,88,212,107,8,10.852272727272727,75.9659090909091,15.19318181818182,102.01136363636363,0.0,Overstock,Markdown / Clear,0.0,0.0,326.6807575757575,0.0,212.0
23061,VINTAGE ENGRAVED HEART,60,75.0,1.25,3,456,167,3,20.0,140.0,28.0,88.0,0.0,Overstock,Markdown / Clear,0.0,0.0,570.0,0.0,456.0
23064,CINDERELLA CHANDELIER ,221,3717.56,46.65052631578948,19,482,42,8,11.631578947368421,81.42105263157895,16.28421052631579,109.33684210526316,0.0,Overstock,Markdown / Clear,0.0,0.0,22485.55368421053,0.0,482.0
23065,LARGE DECO JEWELLERY STAND,263,3302.44,13.019926470588235,68,92,149,20,3.8676470588235294,27.073529411764707,5.4147058823529415,82.76764705882354,0.0,Overstock,Markdown / Clear,0.0,0.0,1197.8332352941177,0.0,92.0
23065,LARGE JEWELLERY STAND,10,125.0,12.5,3,418,147,11,3.3333333333333335,23.333333333333336,4.666666666666667,41.333333333333336,0.0,Overstock,Markdown / Clear,0.0,0.0,5225.0,0.0,418.0
23066,SMALL DECO JEWELLERY STAND,243,2005.81,8.974032258064517,62,324,7,17,3.9193548387096775,27.435483870967744,5.4870967741935495,72.11612903225806,0.0,Overstock,Markdown / Clear,0.0,0.0,2907.5864516129036,0.0,324.0
23066,SMALL JEWELLERY STAND,16,132.0,8.25,6,396,28,10,2.6666666666666665,18.666666666666664,3.733333333333333,30.4,0.0,Overstock,Markdown / Clear,0.0,0.0,3267.0,0.0,396.0
23067,HANGING ENGRAVED METAL HEART,294,1236.66,4.3764062500000005,64,363,39,18,4.59375,32.15625,6.43125,89.11875,0.0,Overstock,Markdown / Clear,0.0,0.0,1588.6354687500002,0.0,363.0
23068,ALUMINIUM HEART,30,74.7,2.49,5,471,157,8,6.0,42.0,8.4,56.4,0.0,Overstock,Markdown / Clear,0.0,0.0,1172.7900000000002,0.0,471.0
23068,ALUMINIUM STAMPED HEART,779,1892.23,2.614014336917563,93,159,127,8,8.376344086021506,58.63440860215054,11.726881720430109,78.73763440860216,0.0,Overstock,Markdown / Clear,0.0,0.0,415.62827956989247,0.0,159.0
23069,EDWARDIAN PHOTO FRAME,88,556.21,6.457,30,206,83,5,2.933333333333333,20.53333333333333,4.1066666666666665,18.773333333333333,0.0,Overstock,Markdown / Clear,0.0,0.0,1330.142,0.0,206.0
23070,EDWARDIAN HEART PHOTO FRAME,160,709.5400000000001,5.064651162790698,43,312,115,12,3.7209302325581395,26.046511627906977,5.209302325581396,49.86046511627907,0.0,Overstock,Markdown / Clear,0.0,0.0,1580.1711627906977,0.0,312.0
23071,MARIE ANTOIENETT TRINKET BOX GOLD,1,12.5,12.5,1,80,182,3,1.0,7.0,1.4000000000000001,4.4,0.0,Overstock,Markdown / Clear,0.0,0.0,1000.0,0.0,80.0
23071,MARIE ANTOINETTE TRINKET BOX GOLD,314,1192.6,10.185294117647059,17,446,143,16,18.470588235294116,129.2941176470588,25.858823529411765,321.38823529411764,0.0,Overstock,Markdown / Clear,0.0,0.0,4542.641176470588,0.0,446.0
23072,MARIE ANTOINETTE TRINKET BOX SILVER,334,1273.76,13.812857142857142,28,399,173,6,11.928571428571429,83.5,16.7,88.27142857142857,0.0,Overstock,Markdown / Clear,0.0,0.0,5511.33,0.0,399.0
23073,GEORGIAN TRINKET BOX,143,1706.5,12.40735294117647,51,217,61,14,2.803921568627451,19.627450980392155,3.925490196078431,43.18039215686274,0.0,Overstock,Markdown / Clear,0.0,0.0,2692.395588235294,0.0,217.0
23074,EMBOSSED HEART TRINKET BOX,246,547.27,2.5901666666666667,40,314,6,8,6.15,43.050000000000004,8.610000000000001,57.81,0.0,Overstock,Markdown / Clear,0.0,0.0,813.3123333333333,0.0,314.0
23075,DOUBLE CERAMIC PARLOUR HOOK,22,91.30000000000001,4.15,5,459,44,13,4.4,30.800000000000004,6.160000000000001,63.36000000000001,0.0,Overstock,Markdown / Clear,0.0,0.0,1904.8500000000001,0.0,459.0
23075,PARLOUR CERAMIC WALL HOOK,450,1869.0,4.273125,64,338,186,14,7.03125,49.21875,9.84375,108.28125,11.0,Overstock,Markdown / Clear,0.0,0.0,1397.311875,0.02095238095238095,28.166666666666668
23076,ICE CREAM SUNDAE LIP GLOSS,8076,9935.76,1.3320577777777778,150,321,183,12,53.84,376.88,75.376,721.456,0.0,Overstock,Markdown / Clear,0.0,0.0,427.5905466666667,0.0,321.0
23077,DOUGHNUT LIP GLOSS ,10395,13695.77,1.3299596602972399,157,363,175,20,66.21019108280255,463.47133757961785,92.69426751592357,1416.8980891719748,0.0,Overstock,Markdown / Clear,0.0,0.0,482.77535668789807,0.0,363.0
23078,ICE CREAM PEN LIP GLOSS ,6831,8553.34,1.4019117742987606,146,30,154,9,46.78767123287671,327.51369863013696,65.5027397260274,486.59178082191784,0.0,Overstock,Markdown / Clear,36.0,0.0,42.05735322896282,0.0,30.0
23079, TOADSTOOL BEDSIDE LIGHT ,2,17.9,8.95,1,81,180,9,2.0,14.0,2.8000000000000003,20.8,0.0,Overstock,Markdown / Clear,0.0,0.0,724.9499999999999,0.0,81.0
23079,TOADSTOOL BEDSIDE LIGHT ,249,2207.5499999999997,8.936184210526315,76,352,87,13,3.276315789473684,22.934210526315788,4.586842105263158,47.17894736842105,0.0,Overstock,Markdown / Clear,0.0,0.0,3145.536842105263,0.0,352.0
23080,RED METAL BOX TOP SECRET,1074,9117.62,9.017369230769232,130,245,72,6,8.261538461538462,57.830769230769235,11.566153846153847,61.135384615384616,0.0,Overstock,Markdown / Clear,0.0,0.0,2209.255461538462,0.0,245.0
23081,GREEN METAL BOX ARMY SUPPLIES,467,3906.25,9.537028985507247,92,172,162,3,5.076086956521739,35.53260869565217,7.106521739130435,22.334782608695654,0.0,Overstock,Markdown / Clear,0.0,0.0,1640.3689855072464,0.0,172.0
23081,GREEN METAL BOX TOP SECRET,16,132.0,8.25,3,218,178,15,5.333333333333333,37.33333333333333,7.466666666666666,87.46666666666667,0.0,Overstock,Markdown / Clear,0.0,0.0,1798.5,0.0,218.0
23082,SET 6 PAPER TABLE LANTERN HEARTS ,2328,8558.76,4.098908994708995,135,71,36,20,17.244444444444444,120.71111111111111,24.142222222222223,369.0311111111111,0.0,Overstock,Markdown / Clear,0.0,0.0,291.02253862433867,0.0,71.0
23083,SET 6 PAPER TABLE LANTERN STARS ,1932,7250.9,4.121883986928104,102,279,118,11,18.941176470588236,132.58823529411765,26.51764705882353,234.87058823529412,0.0,Overstock,Markdown / Clear,0.0,0.0,1150.0056323529411,0.0,279.0
23084,RABBIT NIGHT LIGHT,30739,66870.03,2.8690666348745744,136,78,56,11,226.02205882352942,1582.1544117647059,316.4308823529412,2802.673529411765,0.0,Stockout Risk,Reorder Now,238.0,0.0,0.0,0.0,78.0
23085,ANTIQUE SILVER BAUBLE LAMP  ,376,3583.23,10.796307471264369,58,91,7,11,6.482758620689655,45.37931034482759,9.075862068965519,80.38620689655173,0.0,Overstock,Markdown / Clear,0.0,0.0,982.4639798850575,0.0,91.0
23086,ZINC  STAR T-LIGHT HOLDER ,1217,1441.43,1.4722368421052632,38,167,94,12,32.026315789473685,224.18421052631578,44.83684210526316,429.15263157894736,0.0,Overstock,Markdown / Clear,0.0,0.0,245.86355263157895,0.0,167.0
23086,ZINC STAR T-LIGHT HOLDER ,8,10.0,1.25,1,368,116,4,8.0,56.0,11.200000000000001,43.2,0.0,Overstock,Markdown / Clear,0.0,0.0,460.0,0.0,368.0
23087,ZINC  HEART T-LIGHT HOLDER,868,1090.66,1.571132075471698,53,82,109,8,16.37735849056604,114.64150943396227,22.928301886792454,153.94716981132075,0.0,Overstock,Markdown / Clear,0.0,0.0,128.83283018867922,0.0,82.0
23088,ZINC HEART FLOWER T-LIGHT HOLDER,795,1033.28,1.66,58,329,19,17,13.706896551724139,95.94827586206897,19.189655172413794,252.20689655172413,0.0,Overstock,Markdown / Clear,0.0,0.0,546.14,0.0,329.0
23089,GLASS BON BON JAR,2354,4215.78,2.361690288713911,127,392,123,5,18.53543307086614,129.748031496063,25.9496062992126,118.6267716535433,0.0,Overstock,Markdown / Clear,0.0,0.0,925.7825931758531,0.0,392.0
23090,VINTAGE GLASS T-LIGHT HOLDER,2237,1870.03,0.9738614457831325,83,262,52,13,26.951807228915662,188.66265060240963,37.732530120481925,388.10602409638557,0.0,Overstock,Markdown / Clear,0.0,0.0,255.15169879518072,0.0,262.0
23091,METAL HERB GERDEN CONTAINER,24,139.68,6.078,5,385,118,8,4.8,33.6,6.720000000000001,45.12,0.0,Overstock,Markdown / Clear,0.0,0.0,2340.03,0.0,385.0
23091,ZINC HERB GARDEN CONTAINER,556,3516.64,6.657336538461539,104,349,11,5,5.346153846153846,37.42307692307692,7.484615384615385,34.215384615384615,0.0,Overstock,Markdown / Clear,0.0,0.0,2323.4104519230773,0.0,349.0
23092,LARGE ANTIQUE WHITE PHOTO FRAME,523,3757.78,8.051861111111112,84,126,176,13,6.226190476190476,43.583333333333336,8.716666666666667,89.65714285714286,0.0,Overstock,Markdown / Clear,0.0,0.0,1014.5345000000001,0.0,126.0
23093,SMALL PARISIENNE HEART PHOTO FRAME ,939,2239.2400000000002,2.8131972789115647,98,245,16,17,9.581632653061224,67.07142857142857,13.414285714285715,176.30204081632652,0.0,Overstock,Markdown / Clear,0.0,0.0,689.2333333333333,0.0,245.0
23094,LE GRAND TRAY CHIC SET,152,1924.92,12.866470588235293,68,332,63,15,2.235294117647059,15.647058823529413,3.129411764705883,36.65882352941177,0.0,Overstock,Markdown / Clear,0.0,0.0,4271.668235294117,0.0,332.0
23096,PETIT TRAY CHIC,1033,1736.69,2.062586956521739,92,237,41,12,11.228260869565217,78.59782608695652,15.719565217391304,150.4586956521739,0.0,Overstock,Markdown / Clear,0.0,0.0,488.8331086956522,0.0,237.0
23099,FRENCH CARRIAGE LANTERN,137,925.35,6.969659863945578,49,444,93,8,2.795918367346939,19.571428571428573,3.9142857142857146,26.281632653061227,0.0,Overstock,Markdown / Clear,0.0,0.0,3094.5289795918366,0.0,444.0
23100,SILVER BELLS TABLE DECORATION,2166,2739.38,1.4192338673787273,107,260,156,17,20.242990654205606,141.70093457943923,28.34018691588785,372.4710280373831,0.0,Overstock,Markdown / Clear,0.0,0.0,369.00080551846906,0.0,260.0
23101,SILVER STARS TABLE DECORATION,2031,1739.6299999999999,0.9889891885325558,98,278,146,20,20.724489795918366,145.07142857142856,29.014285714285712,443.5040816326531,0.0,Overstock,Markdown / Clear,0.0,0.0,274.93899441205053,0.0,278.0
23102,SILVER HEARTS TABLE DECORATION,1274,1075.03,0.9537837955695099,91,395,10,20,14.0,98.0,19.6,299.6,0.0,Overstock,Markdown / Clear,0.0,0.0,376.7445992499564,0.0,395.0
23103,BELL HEART DECORATION,252,387.0,1.6277777777777775,9,281,97,9,28.0,196.0,39.2,291.2,0.0,Overstock,Markdown / Clear,0.0,0.0,457.4055555555555,0.0,281.0
23103,JINGLE BELL HEART DECORATION,3820,6459.16,1.8731031746031745,130,24,177,17,29.384615384615383,205.69230769230768,41.13846153846154,540.676923076923,0.0,Overstock,Markdown / Clear,17.0,0.0,44.954476190476186,0.0,24.0
23104,IVORY CAFE HANGING LAMP ,116,1380.42,12.798421052631578,38,280,70,20,3.0526315789473686,21.36842105263158,4.273684210526316,65.32631578947368,0.0,Overstock,Markdown / Clear,0.0,0.0,3583.557894736842,0.0,280.0
23104,IVORY PANTRY HANGING LAMP ,2,25.0,12.5,1,73,107,20,2.0,14.0,2.8000000000000003,42.8,0.0,Overstock,Markdown / Clear,0.0,0.0,912.5,0.0,73.0
23106,ZINC HEARTS PLANT POT HOLDER,283,792.47,3.0008695652173913,46,66,57,11,6.1521739130434785,43.06521739130435,8.61304347826087,76.28695652173914,0.0,Overstock,Markdown / Clear,0.0,0.0,198.05739130434782,0.0,66.0
23106,ZINC PLANT POT HOLDER,8,23.12,2.89,1,234,33,4,8.0,56.0,11.200000000000001,43.2,0.0,Overstock,Markdown / Clear,0.0,0.0,676.26,0.0,234.0
23107,WHITE HEARTS WIRE PLANT POT HOLDER,343,963.27,3.2651572327044027,53,196,19,10,6.471698113207547,45.301886792452834,9.060377358490568,73.77735849056604,0.0,Overstock,Markdown / Clear,0.0,0.0,639.9708176100629,0.0,196.0
23107,WHITE WIRE PLANT POT HOLDER,16,46.24,2.89,2,28,49,4,8.0,56.0,11.200000000000001,43.2,0.0,Overstock,Markdown / Clear,0.0,0.0,80.92,0.0,28.0
23108,SET OF 10 LED DOLLY LIGHTS,2219,13290.52,6.519154195011337,147,118,101,13,15.095238095238095,105.66666666666666,21.133333333333333,217.37142857142857,0.0,Overstock,Markdown / Clear,0.0,0.0,769.2601950113378,0.0,118.0
23109,LED TEA LIGHTS,634,1826.76,3.3116666666666665,40,39,137,9,15.85,110.95,22.19,164.84,0.0,Overstock,Markdown / Clear,0.0,0.0,129.155,0.0,39.0
23109,PACK OF SIX LED TEA LIGHTS,1752,5008.26,3.197297895902547,86,397,159,8,20.372093023255815,142.6046511627907,28.520930232558143,191.49767441860467,0.0,Overstock,Markdown / Clear,0.0,0.0,1269.3272646733112,0.0,397.0
23110,PARISIENNE KEY CABINET ,700,4147.18,6.579813648293963,127,260,51,12,5.511811023622047,38.58267716535433,7.716535433070867,73.85826771653544,0.0,Overstock,Markdown / Clear,0.0,0.0,1710.7515485564304,0.0,260.0
23111,PARISIENNE SEWING BOX,312,3839.2400000000002,13.700128205128204,91,80,14,7,3.4285714285714284,24.0,4.800000000000001,28.8,0.0,Overstock,Markdown / Clear,0.0,0.0,1096.0102564102563,0.0,80.0
23112,PARISIENNE CURIO CABINET,546,4507.08,9.066989664082687,129,398,83,13,4.232558139534884,29.62790697674419,5.925581395348838,60.94883720930233,0.0,Overstock,Markdown / Clear,0.0,0.0,3608.6618863049093,0.0,398.0
23113,PANTRY CHOPPING BOARD,1154,5868.5,6.580641025641025,39,438,130,3,29.58974358974359,207.12820512820514,41.42564102564103,130.1948717948718,0.0,Overstock,Markdown / Clear,0.0,0.0,2882.320769230769,0.0,438.0
23114,VINTAGE LEAF CHOPPING BOARD  ,149,737.95,5.4990476190476185,28,197,36,4,5.321428571428571,37.25,7.45,28.735714285714284,0.0,Overstock,Markdown / Clear,0.0,0.0,1083.3123809523809,0.0,197.0
23115,RED APPLES CHOPPING BOARD   ,152,770.32,5.940196078431373,34,357,125,3,4.470588235294118,31.294117647058826,6.258823529411766,19.67058823529412,0.0,Overstock,Markdown / Clear,0.0,0.0,2120.65,0.0,357.0
23116,VEGETABLE GARDEN CHOPPING BOARD,76,382.44,6.163333333333334,21,81,39,4,3.619047619047619,25.333333333333332,5.066666666666666,19.542857142857144,0.0,Overstock,Markdown / Clear,0.0,0.0,499.2300000000001,0.0,81.0
23117,POPPY FIELDS CHOPPING BOARD,93,501.23,5.558333333333334,32,164,71,6,2.90625,20.34375,4.0687500000000005,21.50625,0.0,Overstock,Markdown / Clear,0.0,0.0,911.5666666666667,0.0,164.0
23118,PARISIENNE JEWELLERY DRAWER ,813,6102.18,8.506334101382489,124,235,39,14,6.556451612903226,45.895161290322584,9.179032258064517,100.96935483870968,0.0,Overstock,Markdown / Clear,0.0,0.0,1998.9885138248849,0.0,235.0
23119,PACK OF 6 LARGE FRUIT STRAWS ,2282,1401.7,0.7785666666666666,90,22,55,20,25.355555555555554,177.48888888888888,35.49777777777778,542.6088888888888,0.0,Overstock,Markdown / Clear,13.0,0.0,17.128466666666665,0.0,22.0
23120,PACK OF 6 SMALL FRUIT STRAWS,1685,682.39,0.4778051643192488,71,179,150,3,23.732394366197184,166.1267605633803,33.225352112676056,104.42253521126761,0.0,Overstock,Markdown / Clear,0.0,0.0,85.52712441314553,0.0,179.0
23121,PACK OF 6 COCKTAIL PARASOL STRAWS,2501,1000.44,0.5507311111111112,75,246,103,3,33.346666666666664,233.42666666666665,46.68533333333333,146.7253333333333,0.0,Overstock,Markdown / Clear,0.0,0.0,135.47985333333335,0.0,246.0
23122,PARTY CHARMS 50 PIECES,2251,1726.09,1.00359126984127,84,288,138,16,26.797619047619047,187.58333333333334,37.51666666666667,466.2785714285714,0.0,Overstock,Markdown / Clear,0.0,0.0,289.0342857142857,0.0,288.0
23123,COCKTAIL SWORDS 50 PIECES,935,759.57,1.0174871794871796,65,139,109,6,14.384615384615385,100.6923076923077,20.13846153846154,106.44615384615385,0.0,Overstock,Markdown / Clear,0.0,0.0,141.43071794871796,0.0,139.0
23124,18PC WOODEN CUTLERY SET DISPOSABLE,567,751.38,1.8001428571428573,35,400,191,7,16.2,113.39999999999999,22.68,136.07999999999998,0.0,Overstock,Markdown / Clear,0.0,0.0,720.0571428571429,0.0,400.0
23125,6PC WOOD PLATE SET DISPOSABLE,459,574.88,1.8944642857142857,28,108,135,13,16.392857142857142,114.75,22.950000000000003,236.05714285714288,0.0,Overstock,Markdown / Clear,0.0,0.0,204.60214285714287,0.0,108.0
23126,DOLLCRAFT GIRL AMELIE,36,178.2,4.95,8,348,92,15,4.5,31.5,6.300000000000001,73.8,0.0,Overstock,Markdown / Clear,0.0,0.0,1722.6000000000001,0.0,348.0
23126,DOLLCRAFT GIRL AMELIE KIT,66,294.7,4.8500000000000005,8,87,93,18,8.25,57.75,11.55,160.05,0.0,Overstock,Markdown / Clear,0.0,0.0,421.95000000000005,0.0,87.0
23126,FELTCRAFT GIRL AMELIE KIT,1007,5059.14,5.407616438356165,146,417,55,15,6.897260273972603,48.28082191780822,9.656164383561645,113.11506849315069,38.125,Overstock,Markdown / Clear,0.0,0.0,2048.8106780821918,0.08060253699788583,10.65814696485623
23127,DOLLCRAFT GIRL NICOLE,68,336.6,4.95,10,376,59,4,6.8,47.6,9.520000000000001,36.72,0.0,Overstock,Markdown / Clear,0.0,0.0,1861.2,0.0,376.0
23127,FELTCRAFT GIRL NICOLE KIT,668,3422.4,5.36051912568306,122,117,137,18,5.475409836065574,38.32786885245902,7.665573770491804,106.22295081967214,29.0,Overstock,Markdown / Clear,0.0,0.0,471.7256830601093,0.11372549019607843,3.9
23128,DOLLCRAFT BOY JEAN-PAUL ,82,373.9,4.87,10,286,38,8,8.2,57.39999999999999,11.479999999999999,77.08,0.0,Overstock,Markdown / Clear,0.0,0.0,1392.82,0.0,286.0
23128,FELTCRAFT BOY JEAN-PAUL KIT,366,1884.76,5.250754385964912,95,124,27,16,3.8526315789473684,26.96842105263158,5.393684210526317,67.03578947368422,14.0,Overstock,Markdown / Clear,0.0,0.0,577.5829824561404,0.09210526315789473,8.266666666666667
23129,HEART SHAPED HOLLY WREATH,950,3999.5,4.553875502008032,83,459,48,3,11.44578313253012,80.12048192771084,16.02409638554217,50.361445783132524,0.0,Overstock,Markdown / Clear,0.0,0.0,2090.2288554216866,0.0,459.0
23130,MISELTOE HEART WREATH ,80,312.8,4.050000000000001,4,342,163,19,20.0,140.0,28.0,408.0,0.0,Overstock,Markdown / Clear,0.0,0.0,1385.1000000000001,0.0,342.0
23130,MISTLETOE HEART WREATH GREEN,882,3676.1800000000003,4.513042498719918,93,142,124,13,9.483870967741936,66.38709677419355,13.277419354838711,136.56774193548387,44.0,Overstock,Markdown / Clear,0.0,0.0,442.278164874552,0.1647940074906367,3.1555555555555554
23131,MISELTOE HEART WREATH CREAM,240,996.0,4.15,1,495,12,5,240.0,1680.0,336.0,1536.0,0.0,Overstock,Markdown / Clear,0.0,0.0,2054.25,0.0,495.0
23131,MISELTOE HEART WREATH WHITE,78,304.5,4.050000000000001,4,48,35,13,19.5,136.5,27.3,280.8,0.0,Overstock,Markdown / Clear,0.0,0.0,194.40000000000003,0.0,48.0
23131,MISTLETOE HEART WREATH CREAM,624,2535.48,4.210617283950618,81,156,100,7,7.703703703703703,53.925925925925924,10.785185185185185,64.71111111111111,18.75,Overstock,Markdown / Clear,0.0,0.0,577.9072222222222,0.07295719844357977,7.89873417721519
23132,SMALL IVORY HEART WALL ORGANISER,1020,5138.6,6.2804761904761905,105,214,25,19,9.714285714285714,68.0,13.600000000000001,198.17142857142855,0.0,Overstock,Markdown / Clear,0.0,0.0,1344.0219047619048,0.0,214.0
23133,LARGE IVORY HEART WALL ORGANISER,782,5525.4,9.134165109034267,107,428,85,9,7.308411214953271,51.1588785046729,10.23177570093458,76.00747663551401,0.0,Overstock,Markdown / Clear,0.0,0.0,3909.4226666666664,0.0,428.0
23134,LARGE ZINC HEART WALL ORGANISER,1065,6431.11,8.012857142857143,35,245,3,12,30.428571428571427,213.0,42.6,407.74285714285713,0.0,Overstock,Markdown / Clear,0.0,0.0,1963.15,0.0,245.0
23135,SMALL ZINC HEART WALL ORGANISER,1541,5416.179999999999,5.704122807017543,38,351,81,13,40.55263157894737,283.86842105263156,56.77368421052631,583.9578947368421,0.0,Overstock,Markdown / Clear,0.0,0.0,2002.1471052631578,0.0,351.0
23136,IVORY WIRE SWEETHEART LETTER TRAY,135,511.89,4.086904761904762,42,189,191,5,3.2142857142857144,22.5,4.5,20.571428571428573,0.0,Overstock,Markdown / Clear,0.0,0.0,772.4250000000001,0.0,189.0
23137,ZINC WIRE SWEETHEART LETTER TRAY,83,275.62,4.1171428571428565,21,28,165,12,3.9523809523809526,27.666666666666668,5.533333333333334,52.96190476190476,0.0,Overstock,Markdown / Clear,0.0,0.0,115.27999999999999,0.0,28.0
23138,SINGLE WIRE HOOK IVORY HEART,879,1231.51,1.619398907103825,61,482,126,12,14.40983606557377,100.8688524590164,20.173770491803282,193.09180327868853,0.0,Overstock,Markdown / Clear,0.0,0.0,780.5502732240436,0.0,482.0
23139,SINGLE WIRE HOOK PINK HEART,414,528.6999999999999,1.706923076923077,26,59,87,16,15.923076923076923,111.46153846153847,22.292307692307695,277.0615384615385,0.0,Overstock,Markdown / Clear,0.0,0.0,100.70846153846155,0.0,59.0
23140,TRIPLE WIRE HOOK IVORY HEART,182,766.1,4.5600000000000005,44,44,126,14,4.136363636363637,28.954545454545457,5.790909090909092,63.7,0.0,Overstock,Markdown / Clear,0.0,0.0,200.64000000000001,0.0,44.0
23141,TRIPLE WIRE HOOK PINK HEART,79,272.91,4.227916666666666,24,280,119,17,3.2916666666666665,23.041666666666664,4.608333333333333,60.56666666666666,0.0,Overstock,Markdown / Clear,0.0,0.0,1183.8166666666666,0.0,280.0
23142,IVORY WIRE KITCHEN ORGANISER,121,1220.82,11.145611111111112,30,414,21,12,4.033333333333333,28.233333333333334,5.646666666666667,54.04666666666667,0.0,Overstock,Markdown / Clear,0.0,0.0,4614.283,0.0,414.0
23143,ZINC WIRE KITCHEN ORGANISER,30,239.97,10.78357142857143,14,462,129,12,2.142857142857143,15.0,3.0,28.714285714285715,0.0,Overstock,Markdown / Clear,0.0,0.0,4982.01,0.0,462.0
23144,ZINC T-LIGHT HOLDER STARS SMALL,5089,4197.83,0.9450524475524474,143,245,30,3,35.58741258741259,249.1118881118881,49.82237762237762,156.58461538461538,0.0,Overstock,Markdown / Clear,0.0,0.0,231.5378496503496,0.0,245.0
23145,ZINC T-LIGHT HOLDER STAR LARGE,2060,1956.68,1.0929613095238095,112,491,118,12,18.392857142857142,128.75,25.75,246.46428571428572,0.0,Overstock,Markdown / Clear,0.0,0.0,536.6440029761904,0.0,491.0
23145,ZINC T-LIGHT HOLDER STARS LARGE,24,22.8,0.95,2,143,10,4,12.0,84.0,16.8,64.8,0.0,Overstock,Markdown / Clear,0.0,0.0,135.85,0.0,143.0
23146,TRIPLE HOOK ANTIQUE IVORY ROSE,798,2645.26,3.48027688172043,124,482,45,19,6.435483870967742,45.04838709677419,9.009677419354839,131.28387096774193,0.0,Overstock,Markdown / Clear,0.0,0.0,1677.4934569892473,0.0,482.0
23147,SINGLE ANTIQUE ROSE HOOK IVORY,1868,2752.2,1.5246762589928058,139,57,95,9,13.43884892086331,94.07194244604317,18.814388489208635,139.76402877697842,0.0,Overstock,Markdown / Clear,0.0,0.0,86.90654676258993,0.0,57.0
23148,MINIATURE ANTIQUE ROSE HOOK IVORY,2091,1775.51,0.921032738095238,128,347,189,9,16.3359375,114.3515625,22.8703125,169.89375,0.0,Overstock,Markdown / Clear,0.0,0.0,319.5983601190476,0.0,347.0
23148,MINITURE ANTIQUE ROSE HOOK IVORY,48,40.8,0.85,4,270,196,11,12.0,84.0,16.8,148.8,0.0,Overstock,Markdown / Clear,0.0,0.0,229.5,0.0,270.0
23149,ANTIQUE IVORY WIRE BOWL SMALL,99,251.45,2.75,19,408,191,4,5.2105263157894735,36.473684210526315,7.294736842105263,28.136842105263156,0.0,Overstock,Markdown / Clear,0.0,0.0,1122.0,0.0,408.0
23150,IVORY SWEETHEART SOAP DISH,148,390.75,2.9208139534883726,43,195,9,16,3.441860465116279,24.093023255813954,4.818604651162791,59.88837209302326,0.0,Overstock,Markdown / Clear,0.0,0.0,569.5587209302327,0.0,195.0
23151,ZINC SWEETHEART SOAP DISH,61,114.33000000000001,2.392105263157895,19,109,167,19,3.210526315789474,22.47368421052632,4.494736842105264,65.49473684210527,0.0,Overstock,Markdown / Clear,0.0,0.0,260.73947368421057,0.0,109.0
23152,IVORY SWEETHEART WIRE LETTER RACK ,554,2080.65,3.9763963963963964,111,421,127,3,4.990990990990991,34.93693693693693,6.987387387387386,21.960360360360358,0.0,Overstock,Markdown / Clear,0.0,0.0,1674.0628828828828,0.0,421.0
23153,ZINC SWEETHEART WIRE LETTER RACK,263,1020.69,4.282347417840376,71,473,151,11,3.704225352112676,25.929577464788732,5.185915492957747,45.93239436619719,0.0,Overstock,Markdown / Clear,0.0,0.0,2025.5503286384978,0.0,473.0
23154,SET OF 4 JAM JAR MAGNETS,2701,5842.88,2.2311111111111113,145,56,98,6,18.627586206896552,130.39310344827587,26.078620689655175,137.84413793103448,0.0,Overstock,Markdown / Clear,0.0,0.0,124.94222222222223,0.0,56.0
23155,KNICKERBOCKERGLORY MAGNET ASSORTED ,2221,1904.77,1.4342032967032965,91,335,171,10,24.406593406593405,170.84615384615384,34.16923076923077,278.2351648351648,0.0,Overstock,Markdown / Clear,0.0,0.0,480.4581043956043,0.0,335.0
23156,SET OF 5 MINI GROCERY MAGNETS,1665,3423.29,2.2791796875,128,195,111,15,13.0078125,91.0546875,18.2109375,213.328125,0.0,Overstock,Markdown / Clear,0.0,0.0,444.44003906250003,0.0,195.0
23157,SET OF 6 NATIVITY MAGNETS ,2557,5143.06,2.438835341365462,83,480,59,6,30.80722891566265,215.65060240963857,43.13012048192772,227.97349397590364,0.0,Overstock,Markdown / Clear,0.0,0.0,1170.640963855422,0.0,480.0
23158,SET OF 5 LUCKY CAT MAGNETS ,2633,5513.83,2.6,140,303,189,11,18.807142857142857,131.65,26.330000000000002,233.20857142857145,0.0,Overstock,Markdown / Clear,0.0,0.0,787.8000000000001,0.0,303.0
23159,SET OF 5 PANCAKE DAY MAGNETS,2293,4713.52,2.3230048661800486,137,472,86,11,16.73722627737226,117.16058394160584,23.432116788321167,207.54160583941604,0.0,Overstock,Markdown / Clear,0.0,0.0,1096.458296836983,0.0,472.0
23160,REGENCY TEA SPOON,1450,1794.48,1.4636197916666667,64,480,144,20,22.65625,158.59375,31.71875,484.84375,0.0,Overstock,Markdown / Clear,0.0,0.0,702.5375,0.0,480.0
23161,REGENCY CAKE FORK,1715,2145.3,1.5757236842105262,76,100,64,14,22.56578947368421,157.96052631578945,31.59210526315789,347.51315789473676,0.0,Overstock,Markdown / Clear,0.0,0.0,157.57236842105263,0.0,100.0
23162,REGENCY TEA STRAINER,1412,5143.6900000000005,4.331908099688474,107,133,56,12,13.19626168224299,92.37383177570094,18.474766355140186,176.82990654205608,0.0,Overstock,Markdown / Clear,0.0,0.0,576.1437772585671,0.0,133.0
23163,REGENCY SUGAR TONGS,1832,4515.22,3.3497045454545455,132,59,182,13,13.878787878787879,97.15151515151516,19.430303030303033,199.85454545454547,0.0,Overstock,Markdown / Clear,0.0,0.0,197.6325681818182,0.0,59.0
23164,REGENCY CAKE SLICE,578,2718.65,5.639004629629629,72,320,105,9,8.027777777777779,56.19444444444445,11.23888888888889,83.4888888888889,0.0,Overstock,Markdown / Clear,0.0,0.0,1804.4814814814813,0.0,320.0
23165,LARGE CERAMIC TOP STORAGE JAR,3114,5141.0599999999995,1.9823307888040713,131,243,180,11,23.770992366412212,166.3969465648855,33.2793893129771,294.76030534351145,0.0,Overstock,Markdown / Clear,0.0,0.0,481.7063816793893,0.0,243.0
23166,MEDIUM CERAMIC TOP STORAGE JAR,78033,81700.92000000001,1.4699786666666665,125,337,183,8,624.264,4369.848,873.9696,5868.0816,0.0,Stockout Risk,Reorder Now,537.0,0.0,0.0,0.0,337.0
23167,SMALL CERAMIC TOP STORAGE JAR ,5847,4476.01,0.9953202099737533,127,368,8,18,46.039370078740156,322.2755905511811,64.45511811023623,893.163779527559,0.0,Overstock,Markdown / Clear,0.0,0.0,366.2778372703412,0.0,368.0
23168,CLASSIC CAFE SUGAR DISPENSER,3075,4311.35,1.7540752873563217,145,134,21,17,21.20689655172414,148.44827586206898,29.689655172413797,390.2068965517241,0.0,Overstock,Markdown / Clear,0.0,0.0,235.0460885057471,0.0,134.0
23168,CLASSIC SUGAR DISPENSER,216,247.32,1.1975,10,205,140,9,21.6,151.20000000000002,30.240000000000006,224.64000000000001,0.0,Overstock,Markdown / Clear,0.0,0.0,245.4875,0.0,205.0
23169,CLASSIC GLASS COOKIE JAR,1437,6183.39,4.759916083916084,143,342,88,18,10.048951048951048,70.34265734265733,14.068531468531468,194.94965034965034,0.0,Overstock,Markdown / Clear,0.0,0.0,1627.891300699301,0.0,342.0
23169,CLASSIC GLASS SWEET JAR,119,479.45,4.1000000000000005,12,75,175,7,9.916666666666666,69.41666666666666,13.883333333333333,83.29999999999998,0.0,Overstock,Markdown / Clear,0.0,0.0,307.50000000000006,0.0,75.0
23170,REGENCY TEA PLATE ROSES ,6857,11097.25,2.10447357846092,158,59,17,18,43.39873417721519,303.7911392405063,60.758227848101264,841.9354430379747,0.0,Overstock,Markdown / Clear,2.0,0.0,124.16394112919428,0.0,59.0
23171,REGENCY TEA PLATE GREEN ,6247,10051.99,2.147513605442177,154,373,114,3,40.564935064935064,283.95454545454544,56.79090909090909,178.48571428571427,0.0,Overstock,Markdown / Clear,0.0,0.0,801.022574829932,0.0,373.0
23172,REGENCY TEA PLATE PINK,3861,6344.41,2.0836235011990407,139,59,167,7,27.776978417266186,194.4388489208633,38.88776978417266,233.32661870503597,0.0,Overstock,Markdown / Clear,0.0,0.0,122.93378657074341,0.0,59.0
23173,REGENCY TEAPOT ROSES ,2766,24879.13,11.247576131687243,162,366,144,9,17.074074074074073,119.5185185185185,23.9037037037037,177.57037037037037,0.0,Overstock,Markdown / Clear,0.0,0.0,4116.612864197531,0.0,366.0
23174,REGENCY SUGAR BOWL GREEN,3055,12342.43,4.865878787878788,143,480,142,7,21.363636363636363,149.54545454545453,29.909090909090907,179.45454545454544,0.0,Overstock,Markdown / Clear,0.0,0.0,2335.6218181818185,0.0,480.0
23175,REGENCY MILK JUG PINK ,3160,9587.15,4.029873985890653,135,256,105,19,23.40740740740741,163.85185185185185,32.77037037037037,477.5111111111111,0.0,Overstock,Markdown / Clear,0.0,0.0,1031.6477403880072,0.0,256.0
23176,ABC TREASURE BOOK BOX ,2165,4693.08,2.607640845070423,142,308,14,10,15.246478873239436,106.72535211267605,21.345070422535212,173.80985915492957,0.0,Overstock,Markdown / Clear,0.0,0.0,803.1533802816903,0.0,308.0
23177,TREASURE ISLAND BOOK BOX,2532,5521.29,2.6133214285714286,154,281,62,3,16.441558441558442,115.0909090909091,23.01818181818182,72.34285714285714,0.0,Overstock,Markdown / Clear,0.0,0.0,734.3433214285715,0.0,281.0
23178,JAM CLOCK MAGNET,327,936.89,3.3369491525423727,59,235,166,4,5.5423728813559325,38.79661016949153,7.759322033898306,29.928813559322037,0.0,Overstock,Markdown / Clear,0.0,0.0,784.1830508474576,0.0,235.0
23179,CLOCK MAGNET MUM'S KITCHEN,324,930.48,3.5491111111111113,45,166,12,17,7.2,50.4,10.08,132.48000000000002,0.0,Overstock,Markdown / Clear,0.0,0.0,589.1524444444444,0.0,166.0
23180,MUM'S KITCHEN CLOCK,122,621.09,5.916,45,355,80,20,2.7111111111111112,18.977777777777778,3.7955555555555556,58.01777777777778,0.0,Overstock,Markdown / Clear,0.0,0.0,2100.1800000000003,0.0,355.0
23181,BULL DOG BOTTLE TOP WALL CLOCK,201,1733.57,9.42720588235294,68,187,31,13,2.9558823529411766,20.691176470588236,4.1382352941176475,42.564705882352946,0.0,Overstock,Markdown / Clear,0.0,0.0,1762.8874999999998,0.0,187.0
23182,TOILET SIGN OCCUPIED OR VACANT,3741,3688.21,1.4793659611992944,189,111,136,12,19.793650793650794,138.55555555555557,27.711111111111116,265.2349206349206,0.0,Overstock,Markdown / Clear,0.0,0.0,164.20962169312168,0.0,111.0
23183,MOTHER'S KITCHEN SPOON REST ,226,967.17,4.822910447761194,67,372,39,6,3.373134328358209,23.611940298507463,4.722388059701493,24.96119402985075,0.0,Overstock,Markdown / Clear,0.0,0.0,1794.122686567164,0.0,372.0
23184,BULL DOG BOTTLE OPENER,874,4764.5,6.384825708061002,153,78,147,7,5.712418300653595,39.98692810457516,7.997385620915033,47.984313725490196,0.0,Overstock,Markdown / Clear,0.0,0.0,498.0164052287582,0.0,78.0
23185,FRENCH STYLE STORAGE JAR JAM,317,114.85,0.3582142857142857,28,78,81,6,11.321428571428571,79.25,15.850000000000001,83.77857142857144,0.0,Overstock,Markdown / Clear,0.0,0.0,27.940714285714286,0.0,78.0
23186,FRENCH STYLE STORAGE JAR CAFE ,1982,819.4599999999999,0.3558181818181818,55,323,76,15,36.03636363636364,252.25454545454548,50.4509090909091,590.9963636363638,0.0,Overstock,Markdown / Clear,0.0,0.0,114.92927272727273,0.0,323.0
23187,FRENCH STYLE STORAGE JAR BONBONS,2338,695.06,0.3075925925925926,54,188,190,15,43.2962962962963,303.0740740740741,60.61481481481482,710.0592592592593,0.0,Overstock,Markdown / Clear,0.0,0.0,57.82740740740741,0.0,188.0
23188,VINTAGE  2 METER FOLDING RULER,1844,3073.72,1.853243832472748,83,288,75,20,22.216867469879517,155.51807228915663,31.103614457831327,475.44096385542167,0.0,Overstock,Markdown / Clear,0.0,0.0,533.7342237521515,0.0,288.0
23188,VINTAGE  2 METRE FOLDING RULER,1627,3374.0499999999997,1.9947692307692306,52,382,171,4,31.28846153846154,219.01923076923077,43.80384615384616,168.95769230769233,0.0,Overstock,Markdown / Clear,0.0,0.0,762.0018461538461,0.0,382.0
23189,SET OF 12 FORK CANDLES,1249,3507.5099999999998,3.3984388185654013,79,64,37,18,15.810126582278482,110.67088607594937,22.134177215189876,306.71645569620256,0.0,Overstock,Markdown / Clear,0.0,0.0,217.50008438818568,0.0,64.0
23190,BUNDLE OF 3 SCHOOL EXERCISE BOOKS  ,1702,2761.9,1.7815388888888888,120,364,187,3,14.183333333333334,99.28333333333333,19.85666666666667,62.406666666666666,0.0,Overstock,Markdown / Clear,0.0,0.0,648.4801555555555,0.0,364.0
23191,BUNDLE OF 3 RETRO EXERCISE BOOKS,60,99.0,1.65,5,200,70,11,12.0,84.0,16.8,148.8,0.0,Overstock,Markdown / Clear,0.0,0.0,330.0,0.0,200.0
23191,BUNDLE OF 3 RETRO NOTE BOOKS,2141,3529.89,1.845878787878788,143,189,47,5,14.972027972027972,104.8041958041958,20.96083916083916,95.82097902097901,0.0,Overstock,Markdown / Clear,0.0,0.0,348.8710909090909,0.0,189.0
23192,BUNDLE OF 3 ALPHABET EXERCISE BOOKS,3516,6114.24,1.7721951754385965,152,375,17,9,23.13157894736842,161.92105263157896,32.38421052631579,240.56842105263158,0.0,Overstock,Markdown / Clear,0.0,0.0,664.5731907894736,0.0,375.0
23193,BUFFALO BILL TREASURE BOOK BOX,1922,4079.28,2.6846005509641873,121,210,143,12,15.884297520661157,111.19008264462809,22.23801652892562,212.8495867768595,0.0,Overstock,Markdown / Clear,0.0,0.0,563.7661157024793,0.0,210.0
23194,GYMKHANA TREASURE BOOK BOX,1715,3815.5299999999997,2.6719312169312173,126,174,182,3,13.61111111111111,95.27777777777777,19.055555555555554,59.888888888888886,79.625,Overstock,Markdown / Clear,0.0,0.0,252.16350859788363,0.22303921568627452,2.158139534883721
23194,GYMKHANNA TREASURE BOOK BOX,120,261.84000000000003,2.191153846153846,13,441,38,12,9.23076923076923,64.61538461538461,12.923076923076923,123.69230769230768,8.0,Overstock,Markdown / Clear,0.0,0.0,948.7696153846153,0.016666666666666666,49.0
23196,LEAVES MAGNETIC  SHOPPING LIST,24,34.8,1.45,2,207,195,11,12.0,84.0,16.8,148.8,0.0,Overstock,Markdown / Clear,0.0,0.0,300.15,0.0,207.0
23196,RETO LEAVES MAGNETIC SHOPPING LIST,36,52.199999999999996,1.45,3,26,186,17,12.0,84.0,16.8,220.8,0.0,Overstock,Markdown / Clear,0.0,0.0,37.699999999999996,0.0,26.0
23196,RETRO LEAVES MAGNETIC NOTEPAD,105,154.08999999999997,1.496,10,152,88,17,10.5,73.5,14.700000000000001,193.2,0.0,Overstock,Markdown / Clear,0.0,0.0,227.392,0.0,152.0
23196,VINTAGE LEAF MAGNETIC NOTEPAD,1707,2601.15,1.809015015015015,111,254,61,5,15.378378378378379,107.64864864864865,21.52972972972973,98.42162162162163,0.0,Overstock,Markdown / Clear,0.0,0.0,459.48981381381384,0.0,254.0
23197,SKETCHBOOK MAGNETIC SHOPPING LIST,1442,2253.7,1.9065906432748536,114,64,140,7,12.649122807017545,88.54385964912281,17.70877192982456,106.25263157894737,0.0,Overstock,Markdown / Clear,0.0,0.0,122.02180116959063,0.0,64.0
23197,VEGETABLE MAGNETIC  SHOPPING LIST,36,49.8,1.3833333333333335,3,333,108,11,12.0,84.0,16.8,148.8,0.0,Overstock,Markdown / Clear,0.0,0.0,460.6500000000001,0.0,333.0
23198,PANTRY MAGNETIC  SHOPPING LIST,3342,5062.599999999999,1.7637380952380952,140,268,80,11,23.87142857142857,167.1,33.42,296.0057142857143,0.0,Overstock,Markdown / Clear,0.0,0.0,472.68180952380953,0.0,268.0
23199,JUMBO BAG APPLES,14908,30450.690000000002,2.5116565757474847,198,50,133,9,75.29292929292929,527.050505050505,105.410101010101,783.0464646464646,0.0,Overstock,Markdown / Clear,55.0,0.0,125.58282878737424,0.0,50.0
23200,JUMBO BAG PEARS,7067,14188.960000000001,2.4094434303350973,180,42,76,14,39.26111111111111,274.8277777777778,54.96555555555556,604.6211111111111,0.0,Overstock,Markdown / Clear,13.0,0.0,101.1966240740741,0.0,42.0
23201,JUMBO BAG ALPHABET,13366,27850.83,2.3569548898071626,198,445,187,11,67.5050505050505,472.5353535353535,94.50707070707071,837.0626262626263,0.0,Overstock,Markdown / Clear,0.0,0.0,1048.8449259641873,0.0,445.0
23202,JUMBO BAG VINTAGE LEAF,10941,21810.43,2.2887785933872893,184,413,89,8,59.46195652173913,416.23369565217394,83.24673913043479,558.9423913043479,0.0,Overstock,Markdown / Clear,0.0,0.0,945.2655590689504,0.0,413.0
23203,JUMBO BAG DOILEY PATTERNS,8893,17268.69,2.213797425932976,92,179,13,4,96.66304347826087,676.6413043478261,135.32826086956524,521.9804347826088,0.0,Overstock,Markdown / Clear,0.0,0.0,396.2697392420027,0.0,179.0
23203,JUMBO BAG VINTAGE DOILEY ,144,272.57,2.3,2,382,94,11,72.0,504.0,100.80000000000001,892.8,0.0,Overstock,Markdown / Clear,0.0,0.0,878.5999999999999,0.0,382.0
23203,JUMBO BAG VINTAGE DOILY ,11448,24489.08,2.28541964105853,108,456,53,19,106.0,742.0,148.4,2162.4,0.0,Overstock,Markdown / Clear,0.0,0.0,1042.1513563226897,0.0,456.0
23204,CHARLOTTE BAG APPLES DESIGN,7976,7741.94,1.1270208013312852,186,177,131,3,42.88172043010753,300.1720430107527,60.03440860215054,188.67956989247313,0.0,Overstock,Markdown / Clear,0.0,0.0,199.4826818356375,0.0,177.0
23205,CHARLOTTE BAG ALPHABET  DESIGN,400,320.5,0.8385294117647059,17,58,38,8,23.529411764705884,164.7058823529412,32.94117647058824,221.1764705882353,0.0,Overstock,Markdown / Clear,0.0,0.0,48.63470588235294,0.0,58.0
23205,CHARLOTTE BAG VINTAGE ALPHABET ,5457,5405.88,1.1673738775510205,175,434,71,7,31.18285714285714,218.28,43.656000000000006,261.93600000000004,0.0,Overstock,Markdown / Clear,0.0,0.0,506.6402628571429,0.0,434.0
23206,LUNCH BAG APPLE DESIGN,12147,20852.579999999998,2.069574629775387,198,101,24,4,61.34848484848485,429.43939393939394,85.88787878787879,331.2818181818182,0.0,Overstock,Markdown / Clear,0.0,0.0,209.0270376073141,0.0,101.0
23207,LUNCH BAG ALPHABET DESIGN,7830,13325.55,2.010867253070059,196,375,76,11,39.94897959183673,279.6428571428571,55.92857142857142,495.3673469387755,0.0,Overstock,Markdown / Clear,0.0,0.0,754.075219901272,0.0,375.0
23208,LUNCH BAG VINTAGE LEAF DESIGN,6308,10441.91,1.9567298245614035,190,277,159,16,33.2,232.40000000000003,46.48000000000001,577.6800000000001,0.0,Overstock,Markdown / Clear,0.0,0.0,542.0141614035088,0.0,277.0
23209,LUNCH BAG DOILEY PATTERN ,6551,10502.19,1.7503870486567112,89,225,186,6,73.6067415730337,515.2471910112359,103.04943820224719,544.6898876404493,0.0,Overstock,Markdown / Clear,0.0,0.0,393.83708594776004,0.0,225.0
23209,LUNCH BAG VINTAGE DOILEY ,71,119.63,2.4766666666666666,3,96,190,6,23.666666666666668,165.66666666666669,33.13333333333334,175.13333333333333,0.0,Overstock,Markdown / Clear,0.0,0.0,237.76,0.0,96.0
23209,LUNCH BAG VINTAGE DOILY ,6548,10797.0,1.901075471698113,106,496,165,17,61.77358490566038,432.41509433962267,86.48301886792454,1136.633962264151,0.0,Overstock,Markdown / Clear,0.0,0.0,942.9334339622641,0.0,496.0
23210,WHITE ROCKING HORSE HAND PAINTED,2849,3551.53,1.4536135741652982,87,31,119,10,32.747126436781606,229.22988505747125,45.845977011494256,373.3172413793103,0.0,Overstock,Markdown / Clear,15.0,0.0,45.06202079912425,0.0,31.0
23211,RED ROCKING HORSE HAND PAINTED,2329,2930.57,1.5108658536585364,82,314,52,6,28.402439024390244,198.8170731707317,39.76341463414634,210.1780487804878,0.0,Overstock,Markdown / Clear,0.0,0.0,474.41187804878047,0.0,314.0
23212,HEART WREATH DECORATION WITH BELL,2284,2845.89,1.4500864448051949,88,469,194,18,25.954545454545453,181.6818181818182,36.336363636363636,503.51818181818174,0.0,Overstock,Markdown / Clear,0.0,0.0,680.0905426136364,0.0,469.0
23212,PAINTED HEART WREATH WITH BELL,12,15.0,1.25,1,243,155,6,12.0,84.0,16.8,88.8,0.0,Overstock,Markdown / Clear,0.0,0.0,303.75,0.0,243.0
23213,STAR WREATH DECORATION WITH BELL,1682,2138.42,1.4425052566481138,77,32,130,18,21.844155844155843,152.9090909090909,30.581818181818182,423.7766233766233,0.0,Overstock,Markdown / Clear,0.0,0.0,46.16016821273964,0.0,32.0
23214,BELL HEART ANTIQUE GOLD,12,24.96,2.08,1,65,149,14,12.0,84.0,16.8,184.8,0.0,Overstock,Markdown / Clear,0.0,0.0,135.20000000000002,0.0,65.0
23214,JINGLE BELL HEART ANTIQUE GOLD,777,1670.08,2.3909230769230767,65,174,95,18,11.953846153846154,83.67692307692307,16.735384615384614,231.9046153846154,0.0,Overstock,Markdown / Clear,0.0,0.0,416.0206153846153,0.0,174.0
23215,JINGLE BELL HEART ANTIQUE SILVER,3564,7038.4,2.284511008704557,93,132,165,10,38.32258064516129,268.258064516129,53.65161290322581,436.8774193548387,0.0,Overstock,Markdown / Clear,0.0,0.0,301.5554531490015,0.0,132.0
23216,LAUREL HEART ANTIQUE GOLD,525,630.73,1.4564957264957266,39,252,199,8,13.461538461538462,94.23076923076923,18.846153846153847,126.53846153846155,0.0,Overstock,Markdown / Clear,0.0,0.0,367.0369230769231,0.0,252.0
23217,LAUREL HEART ANTIQUE SILVER,1309,1613.82,1.5369696969696969,66,36,71,12,19.833333333333332,138.83333333333331,27.766666666666666,265.76666666666665,0.0,Overstock,Markdown / Clear,0.0,0.0,55.33090909090909,0.0,36.0
23218,LAUREL STAR ANTIQUE GOLD,379,483.03,1.5794949494949495,33,379,61,7,11.484848484848484,80.39393939393939,16.078787878787878,96.47272727272727,0.0,Overstock,Markdown / Clear,0.0,0.0,598.6285858585859,0.0,379.0
23219,LAUREL STAR ANTIQUE SILVER ,430,568.6,1.5760416666666666,44,242,184,20,9.772727272727273,68.4090909090909,13.681818181818182,209.13636363636365,0.0,Overstock,Markdown / Clear,0.0,0.0,381.4020833333333,0.0,242.0
23220,REINDEER HEART DECORATION GOLD,993,869.15,1.063986111111111,60,373,5,12,16.55,115.85000000000001,23.17,221.77000000000004,0.0,Overstock,Markdown / Clear,0.0,0.0,396.86681944444445,0.0,373.0
23221,REINDEER HEART DECORATION SILVER,1536,1363.04,1.079238095238095,77,207,31,12,19.948051948051948,139.63636363636363,27.927272727272726,267.3038961038961,0.0,Overstock,Markdown / Clear,0.0,0.0,223.40228571428568,0.0,207.0
23222,CHRISTMAS TREE HANGING GOLD,799,718.53,1.0412254901960785,51,467,98,9,15.666666666666666,109.66666666666666,21.933333333333334,162.93333333333334,0.0,Overstock,Markdown / Clear,0.0,0.0,486.2523039215686,0.0,467.0
23223,CHRISTMAS TREE HANGING SILVER ,801,750.19,1.0678362573099416,57,363,137,20,14.052631578947368,98.36842105263158,19.673684210526318,300.7263157894737,0.0,Overstock,Markdown / Clear,0.0,0.0,387.6245614035088,0.0,363.0
23224,CHERUB HEART DECORATION GOLD,738,649.02,1.0670833333333334,48,384,130,3,15.375,107.625,21.525000000000002,67.65,0.0,Overstock,Markdown / Clear,0.0,0.0,409.76,0.0,384.0
23225,CHERUB HEART DECORATION SILVER ,1355,1176.17,1.087431693989071,61,182,186,9,22.21311475409836,155.4918032786885,31.098360655737704,231.01639344262296,0.0,Overstock,Markdown / Clear,0.0,0.0,197.9125683060109,0.0,182.0
23226,FILIGREE HEART DAISY WHITE,1247,1596.67,1.5789954337899543,73,345,75,3,17.08219178082192,119.57534246575344,23.915068493150688,75.16164383561645,0.0,Overstock,Markdown / Clear,0.0,0.0,544.7534246575342,0.0,345.0
23227,FILIGREE HEART BUTTERFLY WHITE ,1642,2070.06,1.5880871212121213,88,486,176,17,18.65909090909091,130.61363636363637,26.122727272727275,343.32727272727277,0.0,Overstock,Markdown / Clear,0.0,0.0,771.8103409090909,0.0,486.0
23228,FILIGREE HEART BIRD WHITE ,1492,1960.0,1.7703413654618474,83,433,58,6,17.97590361445783,125.83132530120481,25.166265060240963,133.02168674698794,0.0,Overstock,Markdown / Clear,0.0,0.0,766.5578112449799,0.0,433.0
23229,DONKEY TAIL GAME ,54,189.54000000000002,3.66,4,474,30,12,13.5,94.5,18.900000000000002,180.9,0.0,Overstock,Markdown / Clear,0.0,0.0,1734.8400000000001,0.0,474.0
23229,VINTAGE DONKEY TAIL GAME ,1815,6550.17,4.145086824769433,115,93,92,11,15.782608695652174,110.47826086956522,22.095652173913045,195.70434782608694,0.0,Overstock,Markdown / Clear,0.0,0.0,385.4930747035573,0.0,93.0
23230,WRAP ALPHABET DESIGN,7976,3217.92,0.41791666666666666,152,252,68,4,52.473684210526315,367.3157894736842,73.46315789473685,283.3578947368421,0.0,Overstock,Markdown / Clear,0.0,0.0,105.315,0.0,252.0
23231,WRAP  VINTAGE DOILEY ,100,42.0,0.42,2,243,189,16,50.0,350.0,70.0,870.0,0.0,Overstock,Markdown / Clear,0.0,0.0,102.06,0.0,243.0
23231,WRAP  VINTAGE DOILY ,2474,1039.08,0.42,64,338,51,18,38.65625,270.59375,54.118750000000006,749.93125,0.0,Overstock,Markdown / Clear,0.0,0.0,141.96,0.0,338.0
23231,WRAP DOILEY DESIGN,4703,1927.26,0.41896440129449836,103,431,88,3,45.66019417475728,319.62135922330094,63.92427184466019,200.904854368932,0.0,Overstock,Markdown / Clear,0.0,0.0,180.5736569579288,0.0,431.0
23232,WRAP VINTAGE LEAF DESIGN,5251,2109.42,0.4171764705882353,85,79,126,4,61.77647058823529,432.43529411764706,86.48705882352942,333.5929411764706,0.0,Overstock,Markdown / Clear,7.0,0.0,32.95694117647059,0.0,79.0
23232,WRAP VINTAGE PETALS  DESIGN,3275,1327.5,0.41774647887323946,71,354,168,9,46.12676056338028,322.88732394366195,64.5774647887324,479.71830985915494,0.0,Overstock,Markdown / Clear,0.0,0.0,147.88225352112676,0.0,354.0
23233,WRAP POPPIES  DESIGN,5175,2105.5,0.4183783783783784,111,241,30,12,46.62162162162162,326.35135135135135,65.27027027027027,624.7297297297298,0.0,Overstock,Markdown / Clear,0.0,0.0,100.8291891891892,0.0,241.0
23234,BISCUIT TIN VINTAGE CHRISTMAS,1722,5079.78,3.3030777632153776,109,56,83,3,15.79816513761468,110.58715596330276,22.117431192660554,69.51192660550458,0.0,Overstock,Markdown / Clear,0.0,0.0,184.97235474006115,0.0,56.0
23235,BISCUIT TIN VINTAGE LEAF,24,64.56,2.6900000000000004,2,496,126,15,12.0,84.0,16.8,196.8,0.0,Overstock,Markdown / Clear,0.0,0.0,1334.2400000000002,0.0,496.0
23235,STORAGE TIN VINTAGE LEAF,712,1886.1000000000001,3.051357142857143,70,297,149,3,10.17142857142857,71.19999999999999,14.239999999999998,44.754285714285714,0.0,Overstock,Markdown / Clear,0.0,0.0,906.2530714285714,0.0,297.0
23236,DOILEY BISCUIT TIN,120,327.6,2.87,10,215,131,7,12.0,84.0,16.8,100.8,0.0,Overstock,Markdown / Clear,0.0,0.0,617.0500000000001,0.0,215.0
23236,DOILEY STORAGE TIN,1094,3004.46,3.0440452847805792,51,423,12,18,21.45098039215686,150.15686274509804,30.031372549019608,416.1490196078431,6.0,Overstock,Markdown / Clear,0.0,0.0,1269.3668837535015,0.013761467889908258,60.42857142857143
23236,STORAGE TIN VINTAGE DOILEY ,7,23.13,4.34,2,371,44,17,3.5,24.5,4.9,64.4,0.0,Overstock,Markdown / Clear,0.0,0.0,1610.1399999999999,0.0,371.0
23236,STORAGE TIN VINTAGE DOILY ,1272,3704.7799999999997,3.424845238095238,80,261,126,19,15.9,111.3,22.26,324.36,53.0,Overstock,Markdown / Clear,0.0,0.0,712.3678095238096,0.13659793814432988,4.833333333333333
23237,SET OF 4 KNICK KNACK TINS LEAF,747,3020.61,4.264375,80,343,169,18,9.3375,65.3625,13.0725,181.1475,0.0,Overstock,Markdown / Clear,0.0,0.0,1462.6806250000002,0.0,343.0
23237,SET OF 4 KNICK KNACK TINS LEAVES ,306,1253.78,4.141698717948718,26,238,113,15,11.76923076923077,82.38461538461539,16.47692307692308,193.01538461538462,0.0,Overstock,Markdown / Clear,0.0,0.0,985.7242948717949,0.0,238.0
23238,SET OF 4 KNICK KNACK TINS LONDON ,1849,7771.61,4.735962121212122,132,211,176,13,14.007575757575758,98.05303030303031,19.610606060606063,201.70909090909092,0.0,Overstock,Markdown / Clear,0.0,0.0,999.2880075757578,0.0,211.0
23239,SET OF 4 KNICK KNACK TINS POPPIES,842,3353.84,4.4136161616161615,99,36,19,19,8.505050505050505,59.535353535353536,11.907070707070709,173.5030303030303,0.0,Overstock,Markdown / Clear,0.0,0.0,158.89018181818182,0.0,36.0
23240,SET OF 4 KNICK KNACK TINS  DOILEY ,6,24.9,4.15,1,31,80,19,6.0,42.0,8.4,122.4,0.0,Overstock,Markdown / Clear,0.0,0.0,128.65,0.0,31.0
23240,SET OF 4 KNICK KNACK TINS DOILEY ,1819,7248.79,4.203384920634921,60,425,181,4,30.316666666666666,212.21666666666667,42.443333333333335,163.71,0.0,Overstock,Markdown / Clear,0.0,0.0,1786.4385912698415,0.0,425.0
23240,SET OF 4 KNICK KNACK TINS DOILY ,2352,9726.48,4.527855508870215,102,420,163,15,23.058823529411764,161.41176470588235,32.28235294117647,378.1647058823529,0.0,Overstock,Markdown / Clear,0.0,0.0,1901.6993137254904,0.0,420.0
23241,TREASURE TIN GYMKHANA DESIGN,2165,4669.55,2.505012435725464,142,413,128,16,15.246478873239436,106.72535211267605,21.345070422535212,265.2887323943662,0.0,Overstock,Markdown / Clear,0.0,0.0,1034.5701359546167,0.0,413.0
23242,TREASURE TIN BUFFALO BILL ,1470,3024.63,2.3002266081871348,114,393,142,13,12.894736842105264,90.26315789473685,18.05263157894737,185.6842105263158,0.0,Overstock,Markdown / Clear,0.0,0.0,903.9890570175439,0.0,393.0
23243,SET OF TEA COFFEE SUGAR TINS PANTRY,4800,23489.42,6.021382857142857,150,212,16,12,32.0,224.0,44.800000000000004,428.8,0.0,Overstock,Markdown / Clear,0.0,0.0,1276.5331657142858,0.0,212.0
23244,CANNISTER VINTAGE LEAF DESIGN,12,23.4,1.95,1,41,151,5,12.0,84.0,16.8,76.8,0.0,Overstock,Markdown / Clear,0.0,0.0,79.95,0.0,41.0
23244,ROUND STORAGE TIN VINTAGE LEAF,864,1593.58,2.091181434599156,79,493,57,19,10.936708860759493,76.55696202531645,15.311392405063291,223.10886075949367,0.0,Overstock,Markdown / Clear,0.0,0.0,1030.952447257384,0.0,493.0
23244,STORAGE TIN VINTAGE LEAF,60,117.0,1.95,7,139,71,17,8.571428571428571,60.0,12.0,157.71428571428572,0.0,Overstock,Markdown / Clear,0.0,0.0,271.05,0.0,139.0
23245,SET OF 3 REGENCY CAKE TINS,6345,31118.550000000003,5.849378473378473,156,229,108,11,40.67307692307692,284.71153846153845,56.94230769230769,504.3461538461538,0.0,Overstock,Markdown / Clear,0.0,0.0,1339.5076704036703,0.0,229.0
23247,BISCUIT TIN 50'S CHRISTMAS,2194,6681.25,3.282336961451247,105,325,22,12,20.895238095238096,146.26666666666668,29.253333333333337,279.99619047619046,0.0,Overstock,Markdown / Clear,0.0,0.0,1066.7595124716552,0.0,325.0
23249,ENAMEL DINNER PLATE PANTRY,12,19.8,1.65,1,289,173,10,12.0,84.0,16.8,136.8,0.0,Overstock,Markdown / Clear,0.0,0.0,476.84999999999997,0.0,289.0
23249,VINTAGE RED ENAMEL TRIM PLATE,830,1406.3,1.8545029239766082,57,211,71,15,14.56140350877193,101.9298245614035,20.385964912280702,238.80701754385967,0.0,Overstock,Markdown / Clear,0.0,0.0,391.3001169590643,0.0,211.0
23250,ENAMEL BOWL PANTRY,24,30.0,1.25,2,194,7,20,12.0,84.0,16.8,256.8,0.0,Overstock,Markdown / Clear,0.0,0.0,242.5,0.0,194.0
23250,VINTAGE RED TRIM ENAMEL BOWL ,1155,1501.03,1.428968888888889,75,304,58,7,15.4,107.8,21.560000000000002,129.36,0.0,Overstock,Markdown / Clear,0.0,0.0,434.40654222222224,0.0,304.0
23251,ENAMEL MUG PANTRY,12,15.0,1.25,1,223,110,8,12.0,84.0,16.8,112.8,0.0,Overstock,Markdown / Clear,0.0,0.0,278.75,0.0,223.0
23251,VINTAGE RED ENAMEL TRIM MUG ,1700,2090.75,1.3677718253968254,84,183,186,19,20.238095238095237,141.66666666666666,28.333333333333332,412.85714285714283,0.0,Overstock,Markdown / Clear,0.0,0.0,250.30224404761904,0.0,183.0
23252,ENAMEL JUG PANTRY,8,30.0,3.75,2,270,12,13,4.0,28.0,5.6000000000000005,57.6,0.0,Overstock,Markdown / Clear,0.0,0.0,1012.5,0.0,270.0
23252,VINTAGE RED ENAMEL TRIM JUG ,595,2231.61,4.05876404494382,89,246,166,18,6.685393258426966,46.79775280898876,9.359550561797752,129.69662921348316,0.0,Overstock,Markdown / Clear,0.0,0.0,998.4559550561797,0.0,246.0
23253,16 PC CUTLERY SET PANTRY DESIGN,4,63.8,15.95,1,455,155,11,4.0,28.0,5.6000000000000005,49.6,0.0,Overstock,Markdown / Clear,0.0,0.0,7257.25,0.0,455.0
23253,16 PIECE CUTLERY SET PANTRY DESIGN,254,3785.06,17.162857142857142,56,400,188,4,4.535714285714286,31.75,6.3500000000000005,24.492857142857144,0.0,Overstock,Markdown / Clear,0.0,0.0,6865.142857142857,0.0,400.0
23254,CHILDRENS CUTLERY DOLLY GIRL ,1667,6753.71,4.262266666666667,150,479,15,7,11.113333333333333,77.79333333333334,15.558666666666667,93.352,49.25,Overstock,Markdown / Clear,0.0,0.0,1831.7091000000003,0.0994949494949495,9.532338308457712
23254,KIDS CUTLERY DOLLY GIRL ,36,149.4,4.15,8,26,118,3,4.5,31.5,6.300000000000001,19.8,0.0,Overstock,Markdown / Clear,0.0,0.0,107.9,0.0,26.0
23255,CHILDRENS CUTLERY CIRCUS PARADE,1014,4097.22,4.351619047619048,105,48,1,6,9.657142857142857,67.6,13.52,71.46285714285713,0.0,Overstock,Markdown / Clear,0.0,0.0,208.8777142857143,0.0,48.0
23256,CHILDRENS CUTLERY SPACEBOY ,2077,8517.67,4.40633527131783,172,414,144,6,12.075581395348838,84.52906976744187,16.905813953488373,89.35930232558141,73.5,Overstock,Markdown / Clear,0.0,0.0,1500.3571598837211,0.13148479427549195,5.557046979865772
23256,KIDS CUTLERY SPACEBOY ,36,149.4,4.15,8,52,29,5,4.5,31.5,6.300000000000001,28.8,0.0,Overstock,Markdown / Clear,0.0,0.0,215.8,0.0,52.0
23263,SET OF 3 WOODEN HEART DECORATIONS,3863,5147.1900000000005,1.4126215092097445,136,153,102,11,28.404411764705884,198.8308823529412,39.76617647058824,352.214705882353,0.0,Overstock,Markdown / Clear,0.0,0.0,216.13109090909091,0.0,153.0
23264,SET OF 3 WOODEN SLEIGH DECORATIONS,1963,2690.81,1.4831766254578755,104,386,12,14,18.875,132.125,26.425,290.675,0.0,Overstock,Markdown / Clear,0.0,0.0,572.50617742674,0.0,386.0
23265,SET OF 3 WOODEN TREE DECORATIONS,1769,2404.79,1.4799717599013715,103,98,95,12,17.174757281553397,120.22330097087378,24.044660194174757,230.14174757281552,0.0,Overstock,Markdown / Clear,0.0,0.0,145.0372324703344,0.0,98.0
23266,SET OF 3 WOODEN STOCKING DECORATION,2053,2743.82,1.4451556804820693,108,435,93,4,19.00925925925926,133.0648148148148,26.612962962962964,102.65,0.0,Overstock,Markdown / Clear,0.0,0.0,628.6427210097002,0.0,435.0
23267,SET OF 4 SANTA PLACE SETTINGS,1202,1531.95,1.3819600938967136,71,454,81,13,16.929577464788732,118.50704225352112,23.701408450704225,243.78591549295774,0.0,Overstock,Markdown / Clear,0.0,0.0,627.409882629108,0.0,454.0
23268,SET OF 2 CERAMIC CHRISTMAS REINDEER,1447,2018.1399999999999,1.6844038461538462,52,478,12,12,27.826923076923077,194.78846153846155,38.95769230769231,372.8807692307692,0.0,Overstock,Markdown / Clear,0.0,0.0,805.1450384615384,0.0,478.0
23269,SET OF 2 CERAMIC CHRISTMAS TREES,779,1152.98,1.6959463276836158,59,77,170,8,13.203389830508474,92.42372881355932,18.484745762711864,124.11186440677966,0.0,Overstock,Markdown / Clear,0.0,0.0,130.58786723163843,0.0,77.0
23270,SET OF 2 CERAMIC PAINTED HEARTS ,1174,1646.32,1.4982317073170732,82,490,93,20,14.317073170731707,100.21951219512195,20.043902439024393,306.3853658536585,0.0,Overstock,Markdown / Clear,0.0,0.0,734.1335365853658,0.0,490.0
23271,CHRISTMAS TABLE CANDLE SILVER SPIKE,16,13.28,0.83,1,45,148,4,16.0,112.0,22.400000000000002,86.4,0.0,Overstock,Markdown / Clear,0.0,0.0,37.35,0.0,45.0
23271,CHRISTMAS TABLE SILVER CANDLE SPIKE,1715,1483.61,1.057816091954023,58,449,111,4,29.56896551724138,206.98275862068965,41.396551724137936,159.67241379310346,0.0,Overstock,Markdown / Clear,0.0,0.0,474.9594252873563,0.0,449.0
23272,TREE T-LIGHT HOLDER WILLIE WINKIE,364,562.22,1.8568686868686868,33,245,54,12,11.030303030303031,77.21212121212122,15.442424242424245,147.8060606060606,0.0,Overstock,Markdown / Clear,0.0,0.0,454.93282828282827,0.0,245.0
23273,HEART T-LIGHT HOLDER WILLIE WINKIE,969,1649.05,1.8490990990990988,74,304,80,18,13.094594594594595,91.66216216216216,18.332432432432434,254.03513513513514,0.0,Overstock,Markdown / Clear,0.0,0.0,562.126126126126,0.0,304.0
23274,STAR T-LIGHT HOLDER WILLIE WINKIE,1180,2005.0,1.962,70,23,167,14,16.857142857142858,118.0,23.6,259.6,0.0,Overstock,Markdown / Clear,1.0,0.0,45.126,0.0,23.0
23275,SET OF 3 HANGING OWLS OLLIE BEAK,3720,4521.72,1.489161866359447,124,484,115,3,30.0,210.0,42.0,132.0,0.0,Overstock,Markdown / Clear,0.0,0.0,720.7543433179724,0.0,484.0
23280,FOLDING BUTTERFLY MIRROR HOT PINK ,1867,1495.24,1.0679245283018868,106,118,142,10,17.61320754716981,123.29245283018868,24.658490566037738,200.79056603773583,0.0,Overstock,Markdown / Clear,0.0,0.0,126.01509433962264,0.0,118.0
23280,FOLDING MIRROR HOT PINK ,156,118.92000000000002,0.808,5,416,179,18,31.2,218.4,43.68000000000001,605.28,0.0,Overstock,Markdown / Clear,0.0,0.0,336.12800000000004,0.0,416.0
23281,FOLDING BUTTERFLY MIRROR RED  ,1262,985.8800000000001,0.9984177215189873,79,58,107,20,15.974683544303797,111.82278481012658,22.36455696202532,341.85822784810125,0.0,Overstock,Markdown / Clear,0.0,0.0,57.90822784810126,0.0,58.0
23281,FOLDING MIRROR RED  ,18,14.939999999999998,0.83,1,290,52,15,18.0,126.0,25.200000000000003,295.2,0.0,Overstock,Markdown / Clear,0.0,0.0,240.7,0.0,290.0
23282,FOLDING BUTTERFLY MIRROR IVORY ,794,742.92,1.2954185185185185,90,394,127,17,8.822222222222223,61.75555555555556,12.351111111111113,162.3288888888889,0.0,Overstock,Markdown / Clear,0.0,0.0,510.3948962962963,0.0,394.0
23282,FOLDING MIRROR IVORY ,18,14.939999999999998,0.83,1,304,179,14,18.0,126.0,25.200000000000003,277.2,0.0,Overstock,Markdown / Clear,0.0,0.0,252.32,0.0,304.0
23283,DOORMAT VINTAGE LEAF,564,4122.2,9.335210256410257,65,176,157,10,8.676923076923076,60.738461538461536,12.147692307692308,98.91692307692307,0.0,Overstock,Markdown / Clear,0.0,0.0,1642.9970051282053,0.0,176.0
23283,DOORMAT VINTAGE LEAVES DESIGN ,430,2881.18,7.9787513227513225,45,94,160,12,9.555555555555555,66.88888888888889,13.377777777777778,128.04444444444442,0.0,Overstock,Markdown / Clear,0.0,0.0,750.0026243386243,0.0,94.0
23284,DOORMAT KEEP CALM AND COME IN,5487,38133.64,8.861886488896905,144,391,56,16,38.104166666666664,266.72916666666663,53.34583333333333,663.0124999999999,0.0,Overstock,Markdown / Clear,0.0,0.0,3464.99761715869,0.0,391.0
23285,PINK VINTAGE SPOT BEAKER,4807,4572.41,1.0817578616352201,106,307,51,7,45.34905660377358,317.4433962264151,63.488679245283016,380.9320754716981,0.0,Overstock,Markdown / Clear,0.0,0.0,332.0996635220126,0.0,307.0
23286,BLUE VINTAGE SPOT BEAKER,5048,4747.62,1.0413335368335368,117,149,136,20,43.14529914529915,302.01709401709405,60.403418803418816,923.3094017094018,0.0,Overstock,Markdown / Clear,0.0,0.0,155.158696988197,0.0,149.0
23287,RED VINTAGE SPOT BEAKER,1879,1603.39,1.052541388518024,107,194,181,17,17.560747663551403,122.92523364485982,24.585046728971964,323.11775700934584,0.0,Overstock,Markdown / Clear,0.0,0.0,204.19302937249665,0.0,194.0
23288,GREEN VINTAGE SPOT BEAKER,4625,4444.2300000000005,1.0571483180428134,109,481,110,8,42.43119266055046,297.0183486238532,59.40366972477065,398.8532110091743,0.0,Overstock,Markdown / Clear,0.0,0.0,508.48834097859327,0.0,481.0
23289,DOLLY GIRL CHILDRENS BOWL,1622,2013.7,1.5546043613707166,107,103,0,13,15.158878504672897,106.11214953271028,21.222429906542057,218.28785046728973,0.0,Overstock,Markdown / Clear,0.0,0.0,160.12424922118382,0.0,103.0
23290,SPACEBOY CHILDRENS BOWL,2430,2890.35,1.4423601694915253,118,41,43,13,20.593220338983052,144.15254237288136,28.830508474576273,296.54237288135596,0.0,Overstock,Markdown / Clear,0.0,0.0,59.13676694915254,0.0,41.0
23291,DOLLY GIRL CHILDRENS CUP,1634,2059.03,1.533679012345679,108,478,74,20,15.12962962962963,105.9074074074074,21.181481481481484,323.77407407407406,0.0,Overstock,Markdown / Clear,0.0,0.0,733.0985679012346,0.0,478.0
23292,SPACE BOY CHILDRENS CUP,131,145.76,1.4183333333333332,6,46,97,20,21.833333333333332,152.83333333333331,30.566666666666663,467.2333333333333,0.0,Overstock,Markdown / Clear,0.0,0.0,65.24333333333333,0.0,46.0
23292,SPACEBOY CHILDRENS CUP,2050,2557.57,1.5397456140350878,114,214,8,12,17.982456140350877,125.87719298245614,25.17543859649123,240.96491228070175,0.0,Overstock,Markdown / Clear,0.0,0.0,329.5055614035088,0.0,214.0
23293,SET OF 12 FAIRY CAKE BAKING CASES,8471,6989.54,1.0792841641865079,128,356,31,4,66.1796875,463.2578125,92.65156250000001,357.3703125,0.0,Overstock,Markdown / Clear,0.0,0.0,384.2251624503968,0.0,356.0
23294,SET OF 6 SNACK LOAF BAKING CASES,4392,3607.81,1.1057516142050041,118,401,14,11,37.220338983050844,260.5423728813559,52.108474576271185,461.5322033898305,0.0,Overstock,Markdown / Clear,0.0,0.0,443.40639729620665,0.0,401.0
23295,SET OF 12 MINI LOAF BAKING CASES,6134,5073.45,1.0896379827521558,127,255,139,16,48.2992125984252,338.0944881889764,67.61889763779529,840.4062992125985,0.0,Overstock,Markdown / Clear,0.0,0.0,277.85768560179974,0.0,255.0
23296,SET OF 6 TEA TIME BAKING CASES,4979,5985.55,1.5291961826052736,121,459,184,12,41.14876033057851,288.0413223140496,57.60826446280992,551.393388429752,0.0,Overstock,Markdown / Clear,0.0,0.0,701.9010478158206,0.0,459.0
23297,SET 40 HEART SHAPE PETIT FOUR CASES,4303,6792.23,1.7792988505747125,58,111,135,6,74.1896551724138,519.3275862068965,103.86551724137931,549.0034482758621,0.0,Overstock,Markdown / Clear,0.0,0.0,197.5021724137931,0.0,111.0
23298,"BUNTING , SPOTTY ",146,634.7,4.721428571428572,7,496,71,8,20.857142857142858,146.0,29.200000000000003,196.05714285714288,0.0,Overstock,Markdown / Clear,0.0,0.0,2341.828571428572,0.0,496.0
23298,SPOTTY BUNTING,8320,42513.48,5.606140637590638,185,40,154,16,44.972972972972975,314.81081081081084,62.96216216216217,782.5297297297298,0.0,Overstock,Markdown / Clear,23.0,0.0,224.24562550362552,0.0,40.0
23299,"FOOD COVER WITH BEADS , SET 2 SIZES",3,11.25,3.75,1,322,189,6,3.0,21.0,4.2,22.2,0.0,Overstock,Markdown / Clear,0.0,0.0,1207.5,0.0,322.0
23299,FOOD COVER WITH BEADS SET 2 ,1009,3761.63,4.446637992831541,93,483,11,17,10.849462365591398,75.94623655913979,15.189247311827959,199.63010752688172,0.0,Overstock,Markdown / Clear,0.0,0.0,2147.7261505376346,0.0,483.0
23300,GARDENERS KNEELING PAD CUP OF TEA ,6809,11785.99,1.8972617631410735,174,376,64,18,39.132183908045974,273.9252873563218,54.785057471264366,759.164367816092,0.0,Overstock,Markdown / Clear,0.0,0.0,713.3704229410437,0.0,376.0
23301,GARDENERS KNEELING PAD KEEP CALM ,8807,16327.349999999999,1.9440893267013957,174,462,106,9,50.61494252873563,354.3045977011494,70.86091954022989,526.3954022988506,0.0,Overstock,Markdown / Clear,0.0,0.0,898.1692689360448,0.0,462.0
23302,KNEELING MAT HOUSEWORK  DESIGN,1536,2181.42,1.9060854341736693,119,103,41,19,12.907563025210084,90.3529411764706,18.07058823529412,263.31428571428575,0.0,Overstock,Markdown / Clear,0.0,0.0,196.32679971988793,0.0,103.0
23303,SET 4 PICNIC CUTLERY FONDANT,65,126.75,1.95,6,281,189,19,10.833333333333334,75.83333333333334,15.16666666666667,221.0,0.0,Overstock,Markdown / Clear,0.0,0.0,547.9499999999999,0.0,281.0
23304,SET 4 PICNIC CUTLERY CHERRY ,71,138.45,1.95,6,166,114,8,11.833333333333334,82.83333333333334,16.56666666666667,111.23333333333335,0.0,Overstock,Markdown / Clear,0.0,0.0,323.7,0.0,166.0
23305,SET 4 PICNIC CUTLERY BLUEBERRY,82,159.9,1.95,8,460,138,13,10.25,71.75,14.350000000000001,147.6,0.0,Overstock,Markdown / Clear,0.0,0.0,897.0,0.0,460.0
23306,SET OF 36 DOILIES PANTRY DESIGN,2741,3983.6,1.7063613861386138,101,472,102,18,27.138613861386137,189.97029702970295,37.99405940594059,526.4891089108911,0.0,Overstock,Markdown / Clear,0.0,0.0,805.4025742574257,0.0,472.0
23306,SET OF 36 PANTRY PAPER DOILIES,67,139.78,2.344782608695652,23,406,170,10,2.9130434782608696,20.391304347826086,4.078260869565217,33.208695652173915,0.0,Overstock,Markdown / Clear,0.0,0.0,951.9817391304347,0.0,406.0
23307,SET OF 60 PANTRY DESIGN CAKE CASES ,12049,6371.89,0.6987910221413406,157,276,94,13,76.7452229299363,537.2165605095541,107.44331210191083,1105.1312101910828,0.0,Overstock,Markdown / Clear,0.0,0.0,192.86632211101,0.0,276.0
23308,SET OF 60 VINTAGE LEAF CAKE CASES ,6139,3272.61,0.7076677777777779,150,77,16,9,40.92666666666667,286.4866666666667,57.29733333333334,425.63733333333334,0.0,Overstock,Markdown / Clear,0.0,0.0,54.4904188888889,0.0,77.0
23309,SET OF 60 I LOVE LONDON CAKE CASES ,8275,4495.85,0.7429359335839599,152,399,159,12,54.44078947368421,381.0855263157895,76.2171052631579,729.5065789473684,0.0,Overstock,Markdown / Clear,0.0,0.0,296.4314375,0.0,399.0
23310,BUBBLEGUM RING ASSORTED,12050,4997.28,0.4839566395663956,123,441,84,11,97.96747967479675,685.7723577235772,137.15447154471545,1214.7967479674799,0.0,Overstock,Markdown / Clear,0.0,0.0,213.42487804878047,0.0,441.0
23311,VINTAGE CHRISTMAS STOCKING ,2390,6488.2,2.890019225443468,99,34,167,6,24.141414141414142,168.989898989899,33.7979797979798,178.64646464646464,0.0,Overstock,Markdown / Clear,0.0,0.0,98.26065366507791,0.0,34.0
23312,VINTAGE CHRISTMAS GIFT SACK,1423,5964.150000000001,4.462887681159421,92,181,150,17,15.467391304347826,108.27173913043478,21.65434782608696,284.6,0.0,Overstock,Markdown / Clear,0.0,0.0,807.7826702898551,0.0,181.0
23313,VINTAGE CHRISTMAS BUNTING,2990,15798.66,5.3998041232272,104,464,55,15,28.75,201.25,40.25,471.5,0.0,Overstock,Markdown / Clear,0.0,0.0,2505.5091131774207,0.0,464.0
23314,VINTAGE CHRISTMAS TABLECLOTH,407,5012.96,13.702732876712329,73,182,133,4,5.575342465753424,39.02739726027397,7.8054794520547945,30.10684931506849,0.0,Overstock,Markdown / Clear,0.0,0.0,2493.897383561644,0.0,182.0
23315,IVORY REFECTORY CLOCK,213,2094.2400000000002,10.95109375,64,339,85,4,3.328125,23.296875,4.659375,17.971875,0.0,Overstock,Markdown / Clear,0.0,0.0,3712.42078125,0.0,339.0
23316,RED REFECTORY CLOCK ,250,2501.64,11.228052083333333,80,300,177,18,3.125,21.875,4.375,60.625,0.0,Overstock,Markdown / Clear,0.0,0.0,3368.415625,0.0,300.0
23317,BLUE REFECTORY CLOCK ,173,1777.46,11.387655367231638,59,299,101,11,2.9322033898305087,20.52542372881356,4.105084745762713,36.35932203389831,0.0,Overstock,Markdown / Clear,0.0,0.0,3404.90895480226,0.0,299.0
23318,BOX OF 6 MINI VINTAGE CRACKERS,3809,9162.41,2.696519800777454,98,31,164,15,38.86734693877551,272.07142857142856,54.41428571428571,637.4244897959184,0.0,Overstock,Markdown / Clear,23.0,0.0,83.59211382410108,0.0,31.0
23319,BOX OF 6 MINI 50'S CRACKERS,3720,9219.53,2.6400730927726124,104,293,191,5,35.76923076923077,250.38461538461536,50.07692307692307,228.9230769230769,0.0,Overstock,Markdown / Clear,0.0,0.0,773.5414161823754,0.0,293.0
23320,GIANT 50'S CHRISTMAS CRACKER,2661,7053.57,2.8820952528197425,98,290,53,11,27.153061224489797,190.07142857142858,38.01428571428572,336.6979591836735,0.0,Overstock,Markdown / Clear,0.0,0.0,835.8076233177253,0.0,290.0
23321,SMALL WHITE HEART OF WICKER,4716,8438.539999999999,1.7502535030758712,152,227,199,15,31.026315789473685,217.18421052631578,43.43684210526316,508.8315789473684,0.0,Overstock,Markdown / Clear,0.0,0.0,397.3075451982228,0.0,227.0
23322,LARGE WHITE HEART OF WICKER,3069,8878.210000000001,3.2067182044682045,148,46,176,4,20.736486486486488,145.15540540540542,29.031081081081084,111.97702702702703,0.0,Overstock,Markdown / Clear,0.0,0.0,147.5090374055374,0.0,46.0
23323,WHITE WICKER STAR ,1469,3146.78,2.2733927536231886,115,91,114,10,12.773913043478261,89.41739130434783,17.883478260869566,145.62260869565216,0.0,Overstock,Markdown / Clear,0.0,0.0,206.87874057971015,0.0,91.0
23324,RUSTIC STRAWBERRY JAM POT LARGE ,279,577.48,2.2628787878787877,33,79,138,11,8.454545454545455,59.18181818181819,11.836363636363638,104.83636363636364,0.0,Overstock,Markdown / Clear,0.0,0.0,178.76742424242423,0.0,79.0
23324,RUSTIC STRAWBERRY JAMPOT LARGE ,120,238.56,2.0416666666666665,6,449,87,18,20.0,140.0,28.0,388.0,0.0,Overstock,Markdown / Clear,0.0,0.0,916.7083333333333,0.0,449.0
23325,RUSTIC STRAWBERRY JAM POT SMALL,426,681.54,1.8329629629629627,27,492,48,4,15.777777777777779,110.44444444444446,22.088888888888892,85.2,0.0,Overstock,Markdown / Clear,0.0,0.0,901.8177777777777,0.0,492.0
23325,RUSTIC STRAWBERRY JAMPOT SMALL,36,59.400000000000006,1.6499999999999997,3,164,148,8,12.0,84.0,16.8,112.8,0.0,Overstock,Markdown / Clear,0.0,0.0,270.59999999999997,0.0,164.0
23326,HANGING MINI COLOURED BOTTLES,3442,2237.08,2.3328,50,112,114,10,68.84,481.88,96.376,784.7760000000001,0.0,Overstock,Markdown / Clear,0.0,0.0,261.27360000000004,0.0,112.0
23327,HANGING CLEAR MINI BOTTLE,1734,1051.1399999999999,0.7401149425287357,29,328,193,7,59.793103448275865,418.55172413793105,83.71034482758621,502.26206896551724,0.0,Overstock,Markdown / Clear,0.0,0.0,242.7577011494253,0.0,328.0
23328,SET 6 SCHOOL MILK BOTTLES IN CRATE,2841,13269.49,4.7355715797430085,105,27,62,11,27.057142857142857,189.4,37.88,335.50857142857143,0.0,Overstock,Markdown / Clear,11.0,0.0,127.86043265306122,0.0,27.0
23329,DECORATIVE WICKER HEART LARGE,1767,3038.19,1.772616487455197,93,98,103,3,19.0,133.0,26.6,83.6,0.0,Overstock,Markdown / Clear,0.0,0.0,173.7164157706093,0.0,98.0
23330,DECORATIVE WICKER HEART MEDIUM,1794,2286.97,1.3578205128205127,91,46,82,11,19.714285714285715,138.0,27.6,244.45714285714286,0.0,Overstock,Markdown / Clear,0.0,0.0,62.45974358974359,0.0,46.0
23331,DECORATIVE WICKER HEART SMALL,1596,1062.28,0.7726717171717171,66,193,102,12,24.181818181818183,169.27272727272728,33.85454545454546,324.03636363636366,0.0,Overstock,Markdown / Clear,0.0,0.0,149.1256414141414,0.0,193.0
23332,IVORY WICKER HEART LARGE,2059,3542.71,1.7957082066869299,94,69,155,6,21.904255319148938,153.32978723404256,30.665957446808513,162.09148936170212,0.0,Overstock,Markdown / Clear,0.0,0.0,123.90386626139816,0.0,69.0
23333,IVORY WICKER HEART MEDIUM,2089,2695.45,1.3373992673992674,91,218,16,5,22.956043956043956,160.69230769230768,32.138461538461534,146.9186813186813,0.0,Overstock,Markdown / Clear,0.0,0.0,291.5530402930403,0.0,218.0
23334,IVORY WICKER HEART SMALL,2271,1491.75,0.7727579908675799,73,406,5,12,31.10958904109589,217.76712328767124,43.55342465753425,416.86849315068497,0.0,Overstock,Markdown / Clear,0.0,0.0,313.73974429223745,0.0,406.0
23335,EGG FRYING PAN IVORY ,377,790.78,2.3589880952380953,70,368,146,17,5.385714285714286,37.7,7.540000000000001,99.09714285714287,0.0,Overstock,Markdown / Clear,0.0,0.0,868.1076190476191,0.0,368.0
23336,EGG FRYING PAN PINK ,225,519.25,2.5784972677595626,61,467,183,13,3.6885245901639343,25.81967213114754,5.163934426229509,53.114754098360656,0.0,Overstock,Markdown / Clear,0.0,0.0,1204.1582240437158,0.0,467.0
23337,EGG FRYING PAN MINT ,180,388.75,2.2776307189542484,51,447,27,16,3.5294117647058822,24.705882352941174,4.9411764705882355,61.41176470588235,0.0,Overstock,Markdown / Clear,0.0,0.0,1018.100931372549,0.0,447.0
23338,EGG FRYING PAN RED ,431,915.4,2.2683067632850245,69,200,193,8,6.246376811594203,43.72463768115942,8.744927536231884,58.71594202898551,0.0,Overstock,Markdown / Clear,0.0,0.0,453.6613526570049,0.0,200.0
23339,EGG FRYING PAN BLUE ,173,400.84000000000003,2.4122875816993465,51,43,37,14,3.392156862745098,23.745098039215687,4.749019607843137,52.23921568627451,0.0,Overstock,Markdown / Clear,0.0,0.0,103.7283660130719,0.0,43.0
23340,VINTAGE CHRISTMAS CAKE FRILL,2500,4034.08,1.954888888888889,75,335,118,15,33.333333333333336,233.33333333333334,46.66666666666667,546.6666666666667,0.0,Overstock,Markdown / Clear,0.0,0.0,654.8877777777777,0.0,335.0
23341,PINK DINER WALL CLOCK,307,2741.35,9.741445147679325,79,397,36,19,3.8860759493670884,27.202531645569618,5.440506329113924,79.27594936708861,0.0,Overstock,Markdown / Clear,0.0,0.0,3867.353723628692,0.0,397.0
23342,MINT DINER CLOCK,2,17.0,8.5,1,406,114,18,2.0,14.0,2.8000000000000003,38.8,0.0,Overstock,Markdown / Clear,0.0,0.0,3451.0,0.0,406.0
23342,MINT DINER WALL CLOCK,371,3159.41,8.825876666666666,100,423,67,5,3.71,25.97,5.194,23.744,0.0,Overstock,Markdown / Clear,0.0,0.0,3733.3458299999998,0.0,423.0
23343,JUMBO BAG VINTAGE CHRISTMAS ,6078,13972.710000000001,2.482649820155335,120,65,176,4,50.65,354.55,70.91000000000001,273.51,0.0,Overstock,Markdown / Clear,6.0,0.0,161.37223831009678,0.0,65.0
23344,JUMBO BAG 50'S CHRISTMAS ,10285,23772.07,2.476827816893074,136,34,42,13,75.625,529.375,105.875,1089.0,0.0,Stockout Risk,Reorder Now,72.0,0.0,0.0,0.0,34.0
23345, DOLLY GIRL BEAKER,2451,2886.25,1.515455326460481,97,172,163,11,25.2680412371134,176.8762886597938,35.37525773195876,313.32371134020616,0.0,Overstock,Markdown / Clear,0.0,0.0,260.65831615120277,0.0,172.0
23346,SPACEBOY BEAKER,2628,3112.34,1.488498263888889,96,241,57,5,27.375,191.625,38.325,175.2,0.0,Overstock,Markdown / Clear,0.0,0.0,358.7280815972223,0.0,241.0
23347,I LOVE LONDON BEAKER,860,1077.3,1.5643376068376067,78,225,12,20,11.025641025641026,77.17948717948718,15.435897435897438,235.94871794871793,0.0,Overstock,Markdown / Clear,0.0,0.0,351.9759615384615,0.0,225.0
23348,CHILDRENS TOY COOKING UTENSIL SET,746,1633.81,2.6749,80,474,51,17,9.325,65.27499999999999,13.055,171.57999999999998,0.0,Overstock,Markdown / Clear,0.0,0.0,1267.9026000000001,0.0,474.0
23349,ROLL WRAP VINTAGE CHRISTMAS,3221,4342.6,1.5209317782339762,91,292,57,16,35.395604395604394,247.76923076923077,49.55384615384616,615.8835164835165,0.0,Overstock,Markdown / Clear,0.0,0.0,444.112079244321,0.0,292.0
23350,ROLL WRAP VINTAGE SPOT ,2712,3445.08,1.4462210526315789,95,401,31,4,28.54736842105263,199.83157894736843,39.96631578947369,154.15578947368422,0.0,Overstock,Markdown / Clear,0.0,0.0,579.9346421052632,0.0,401.0
23351,ROLL WRAP 50'S CHRISTMAS,3535,4875.65,1.4969443121693122,90,255,104,19,39.27777777777778,274.94444444444446,54.988888888888894,801.2666666666668,0.0,Overstock,Markdown / Clear,0.0,0.0,381.7207996031746,0.0,255.0
23352,ROLL WRAP 50'S RED CHRISTMAS ,1800,2459.2,1.4769350649350648,77,359,187,10,23.376623376623378,163.63636363636365,32.727272727272734,266.4935064935065,0.0,Overstock,Markdown / Clear,0.0,0.0,530.2196883116883,0.0,359.0
23353,6 GIFT TAGS VINTAGE CHRISTMAS ,4007,3510.0499999999997,0.987482269503546,94,247,82,12,42.62765957446808,298.39361702127655,59.678723404255315,571.2106382978723,0.0,Overstock,Markdown / Clear,0.0,0.0,243.90812056737587,0.0,247.0
23354,6 GIFT TAGS 50'S CHRISTMAS ,3740,3429.4,0.9626691729323308,95,28,185,20,39.36842105263158,275.5789473684211,55.115789473684224,842.4842105263159,0.0,Overstock,Markdown / Clear,27.0,0.0,26.954736842105262,0.0,28.0
23355,HOT WATER BOTTLE KEEP CALM,5816,28718.800000000003,5.261006933617071,94,185,98,10,61.87234042553192,433.10638297872345,86.62127659574469,705.3446808510638,0.0,Overstock,Markdown / Clear,0.0,0.0,973.2862827191581,0.0,185.0
23356,LOVE HOT WATER BOTTLE,2359,13334.320000000002,6.141205551091421,92,451,103,10,25.641304347826086,179.4891304347826,35.89782608695652,292.3108695652174,0.0,Overstock,Markdown / Clear,0.0,0.0,2769.683703542231,0.0,451.0
23357,HOT WATER BOTTLE SEX BOMB,450,1982.05,5.083355555555555,60,463,183,5,7.5,52.5,10.5,48.0,0.0,Overstock,Markdown / Clear,0.0,0.0,2353.593622222222,0.0,463.0
23358,HOT STUFF HOT WATER BOTTLE,594,2008.3799999999999,4.205580357142857,56,338,27,5,10.607142857142858,74.25,14.850000000000001,67.8857142857143,0.0,Overstock,Markdown / Clear,0.0,0.0,1421.4861607142857,0.0,338.0
23359,SET OF 12 T-LIGHTS VINTAGE DOILEY,61,118.94999999999999,1.95,6,233,128,14,10.166666666666666,71.16666666666666,14.233333333333333,156.56666666666663,0.0,Overstock,Markdown / Clear,0.0,0.0,454.34999999999997,0.0,233.0
23359,SET OF 12 T-LIGHTS VINTAGE DOILY,929,1747.51,1.9855555555555555,54,136,169,19,17.203703703703702,120.42592592592592,24.085185185185185,350.9555555555555,0.0,Overstock,Markdown / Clear,0.0,0.0,270.03555555555556,0.0,136.0
23360,SET 8 CANDLES VINTAGE DOILEY,122,216.29999999999998,1.9000000000000001,6,405,47,6,20.333333333333332,142.33333333333331,28.466666666666665,150.46666666666667,0.0,Overstock,Markdown / Clear,0.0,0.0,769.5,0.0,405.0
23360,SET 8 CANDLES VINTAGE DOILY,1060,2070.1,2.1537313432835816,67,363,39,19,15.82089552238806,110.74626865671642,22.149253731343286,322.7462686567164,0.0,Overstock,Markdown / Clear,0.0,0.0,781.8044776119401,0.0,363.0
23365,SET 12 COLOUR PENCILS LOVE LONDON,1857,1463.08,0.8030238095238095,56,91,96,16,33.160714285714285,232.125,46.425000000000004,576.9964285714285,0.0,Overstock,Markdown / Clear,0.0,0.0,73.07516666666666,0.0,91.0
23366,SET 12 COLOUR PENCILS DOILEY,48,31.200000000000003,0.65,3,414,190,11,16.0,112.0,22.400000000000002,198.4,0.0,Overstock,Markdown / Clear,0.0,0.0,269.1,0.0,414.0
23366,SET 12 COLOURING PENCILS DOILEY,1,0.65,0.65,1,83,199,14,1.0,7.0,1.4000000000000001,15.4,0.0,Overstock,Markdown / Clear,0.0,0.0,53.95,0.0,83.0
23366,SET 12 COLOURING PENCILS DOILY,2200,1636.1,0.8339025297619047,64,224,113,7,34.375,240.625,48.125,288.75,0.0,Overstock,Markdown / Clear,0.0,0.0,186.79416666666665,0.0,224.0
23367,SET 12 COLOUR PENCILS SPACEBOY ,3278,2491.2,0.7539740896358544,68,228,131,13,48.205882352941174,337.44117647058823,67.48823529411764,694.1647058823529,0.0,Overstock,Markdown / Clear,0.0,0.0,171.9060924369748,0.0,228.0
23368,SET 12 COLOUR PENCILS DOLLY GIRL ,2379,1679.55,0.7938780663780663,66,91,165,5,36.04545454545455,252.3181818181818,50.46363636363637,230.69090909090912,0.0,Overstock,Markdown / Clear,0.0,0.0,72.24290404040404,0.0,91.0
23369,SET 36 COLOUR PENCILS LOVE LONDON,1105,1581.06,1.5162988505747128,58,296,154,17,19.051724137931036,133.36206896551724,26.67241379310345,350.55172413793105,0.0,Overstock,Markdown / Clear,0.0,0.0,448.82445977011497,0.0,296.0
23370,SET 36 COLOUR PENCILS DOILEY,64,80.0,1.25,3,293,136,16,21.333333333333332,149.33333333333331,29.866666666666664,371.2,0.0,Overstock,Markdown / Clear,0.0,0.0,366.25,0.0,293.0
23370,SET 36 COLOURING PENCILS DOILEY,1,1.25,1.25,1,497,110,13,1.0,7.0,1.4000000000000001,14.4,0.0,Overstock,Markdown / Clear,0.0,0.0,621.25,0.0,497.0
23370,SET 36 COLOURING PENCILS DOILY,1485,2070.35,1.5380203533026113,62,339,143,10,23.951612903225808,167.66129032258067,33.532258064516135,273.0483870967742,0.0,Overstock,Markdown / Clear,0.0,0.0,521.3888997695852,0.0,339.0
23371,SET 36 COLOUR PENCILS SPACEBOY ,1705,2304.78,1.5419735042735043,65,357,183,6,26.23076923076923,183.6153846153846,36.723076923076924,194.1076923076923,0.0,Overstock,Markdown / Clear,0.0,0.0,550.4845410256411,0.0,357.0
23372,SET 36 COLOUR PENCILS DOLLY GIRL,1389,1750.29,1.6715327868852459,61,385,75,14,22.770491803278688,159.39344262295083,31.878688524590167,350.66557377049185,0.0,Overstock,Markdown / Clear,0.0,0.0,643.5401229508196,0.0,385.0
23373,VINTAGE CHRISTMAS PAPER GIFT BAG,1608,1313.3899999999999,0.9217796610169491,59,114,30,10,27.25423728813559,190.77966101694915,38.15593220338983,310.69830508474575,0.0,Overstock,Markdown / Clear,0.0,0.0,105.0828813559322,0.0,114.0
23374,RED SPOT PAPER GIFT BAG,2456,1962.83,0.871135265700483,69,185,118,8,35.594202898550726,249.1594202898551,49.831884057971024,334.58550724637684,0.0,Overstock,Markdown / Clear,0.0,0.0,161.16002415458937,0.0,185.0
23375,50'S CHRISTMAS PAPER GIFT BAG,1342,1100.69,0.950076923076923,65,51,141,17,20.646153846153847,144.52307692307693,28.904615384615386,379.8892307692308,0.0,Overstock,Markdown / Clear,0.0,0.0,48.453923076923076,0.0,51.0
23376,PACK OF 12 VINTAGE CHRISTMAS TISSUE,3039,1384.9099999999999,0.509856807511737,71,30,24,14,42.80281690140845,299.61971830985914,59.92394366197183,659.1633802816901,0.0,Stockout Risk,Reorder Now,30.0,0.0,0.0,0.0,30.0
23377,PACK OF 12 DOLLY GIRL TISSUES,1351,592.4499999999999,0.565548717948718,65,320,33,18,20.784615384615385,145.4923076923077,29.09846153846154,403.2215384615385,0.0,Overstock,Markdown / Clear,0.0,0.0,180.97558974358975,0.0,320.0
23378,PACK OF 12 50'S CHRISTMAS TISSUES,3997,1840.08,0.46605405405405403,74,236,66,18,54.013513513513516,378.0945945945946,75.61891891891892,1047.8621621621623,0.0,Overstock,Markdown / Clear,0.0,0.0,109.98875675675676,0.0,236.0
23379,PACK OF 12 RED APPLE TISSUES,1220,465.36,0.534622641509434,53,308,151,6,23.0188679245283,161.1320754716981,32.22641509433962,170.3396226415094,0.0,Overstock,Markdown / Clear,0.0,0.0,164.66377358490567,0.0,308.0
23380,PACK OF 12 DOILEY TISSUES,72,28.08,0.39,2,121,117,13,36.0,252.0,50.400000000000006,518.4,0.0,Overstock,Markdown / Clear,0.0,0.0,47.190000000000005,0.0,121.0
23380,PACK OF 12 VINTAGE DOILY TISSUES,2272,955.42,0.4918954802259887,59,444,72,15,38.50847457627118,269.5593220338983,53.911864406779664,631.5389830508474,0.0,Overstock,Markdown / Clear,0.0,0.0,218.40159322033898,0.0,444.0
23381,PACK OF 12 VINTAGE LEAF TISSUES ,1496,562.88,0.47581699346405226,51,411,25,11,29.333333333333332,205.33333333333331,41.06666666666666,363.7333333333333,0.0,Overstock,Markdown / Clear,0.0,0.0,195.5607843137255,0.0,411.0
23382,BOX OF 6 CHRISTMAS CAKE DECORATIONS,1875,7356.18,4.679266865079366,48,286,147,6,39.0625,273.4375,54.6875,289.0625,0.0,Overstock,Markdown / Clear,0.0,0.0,1338.2703234126986,0.0,286.0
23388,WOODLAND MINI BACKPACK,816,3411.34,4.637248677248678,63,233,191,14,12.952380952380953,90.66666666666667,18.133333333333336,199.46666666666667,0.0,Overstock,Markdown / Clear,0.0,0.0,1080.478941798942,0.0,233.0
23388,WOODLAND MINI RUCKSACK ,5,20.75,4.15,2,198,103,11,2.5,17.5,3.5,31.0,0.0,Overstock,Markdown / Clear,0.0,0.0,821.7,0.0,198.0
23389,SPACEBOY MINI BACKPACK,1102,4697.54,4.547850386100387,74,107,9,15,14.891891891891891,104.24324324324324,20.84864864864865,244.22702702702702,0.0,Overstock,Markdown / Clear,0.0,0.0,486.6199913127414,0.0,107.0
23389,SPACEBOY MINI RUCKSACK,13,53.95,4.15,4,60,66,18,3.25,22.75,4.55,63.05,0.0,Overstock,Markdown / Clear,0.0,0.0,249.00000000000003,0.0,60.0
23390,DOLLY GIRL MINI BACKPACK,739,2992.39,4.4540042016806725,68,420,151,8,10.867647058823529,76.0735294117647,15.21470588235294,102.15588235294118,0.0,Overstock,Markdown / Clear,0.0,0.0,1870.6817647058824,0.0,420.0
23390,DOLLY GIRL MINI RUCKSACK,8,33.2,4.15,2,95,4,12,4.0,28.0,5.6000000000000005,53.6,0.0,Overstock,Markdown / Clear,0.0,0.0,394.25000000000006,0.0,95.0
23391, I LOVE LONDON MINI BACKPACK,388,1624.02,4.709038461538461,52,396,194,15,7.461538461538462,52.23076923076923,10.446153846153848,122.36923076923077,0.0,Overstock,Markdown / Clear,0.0,0.0,1864.7792307692307,0.0,396.0
23391, I LOVE LONDON MINI RUCKSACK,1,4.15,4.15,1,65,185,9,1.0,7.0,1.4000000000000001,10.4,0.0,Overstock,Markdown / Clear,0.0,0.0,269.75,0.0,65.0
23392,SPACEBOY ROCKET LOLLY MAKERS,662,1475.03,2.6793926553672316,59,179,26,19,11.220338983050848,78.54237288135593,15.708474576271186,228.8949152542373,0.0,Overstock,Markdown / Clear,0.0,0.0,479.61128531073444,0.0,179.0
23393,HOME SWEET HOME CUSHION COVER ,801,3207.91,4.665619047619048,76,482,112,15,10.539473684210526,73.77631578947368,14.755263157894738,172.84736842105264,0.0,Overstock,Markdown / Clear,0.0,0.0,2248.828380952381,0.0,482.0
23394,POSTE FRANCE CUSHION COVER,435,1877.6499999999999,4.950941176470588,68,99,14,15,6.397058823529412,44.779411764705884,8.955882352941178,104.91176470588236,0.0,Overstock,Markdown / Clear,0.0,0.0,490.1431764705882,0.0,99.0
23395,BELLE JARDINIERE CUSHION COVER,748,3257.08,4.924938596491228,76,329,162,4,9.842105263157896,68.89473684210527,13.778947368421056,53.14736842105264,0.0,Overstock,Markdown / Clear,0.0,0.0,1620.304798245614,0.0,329.0
23396,BUTTERFLY CUSHION COVER,8,30.0,3.75,2,105,104,12,4.0,28.0,5.6000000000000005,53.6,0.0,Overstock,Markdown / Clear,0.0,0.0,393.75,0.0,105.0
23396,LA JARDIN BOTANIQUE CUSHION COVER,87,375.53,4.996666666666666,16,111,180,15,5.4375,38.0625,7.612500000000001,89.175,0.0,Overstock,Markdown / Clear,0.0,0.0,554.63,0.0,111.0
23396,LE JARDIN BOTANIQUE CUSHION COVER,559,2345.0,4.85533553113553,65,167,43,11,8.6,60.199999999999996,12.04,106.63999999999999,0.0,Overstock,Markdown / Clear,0.0,0.0,810.8410336996336,0.0,167.0
23397,FOOT STOOL HOME SWEET HOME ,489,5097.65,12.0778142530985,73,180,25,3,6.698630136986301,46.890410958904106,9.378082191780821,29.47397260273972,0.0,Overstock,Markdown / Clear,0.0,0.0,2174.00656555773,0.0,180.0
23398,HANGING HEART BONHEUR,606,535.35,0.9877553191489362,47,221,174,16,12.893617021276595,90.25531914893617,18.051063829787235,224.34893617021277,0.0,Overstock,Markdown / Clear,0.0,0.0,218.2939255319149,0.0,221.0
23399,HOME SWEET HOME HANGING HEART,1914,1745.55,1.1350079365079364,81,443,161,18,23.62962962962963,165.40740740740742,33.08148148148148,458.4148148148148,0.0,Overstock,Markdown / Clear,0.0,0.0,502.80851587301584,0.0,443.0
23400,SHELF WITH 4 HOOKS HOME SWEET HOME,461,2409.34,7.059107142857143,56,435,94,17,8.232142857142858,57.625,11.525,151.4714285714286,0.0,Overstock,Markdown / Clear,0.0,0.0,3070.7116071428572,0.0,435.0
23401,RUSTIC MIRROR WITH LACE HEART,459,2354.87,7.127861111111112,48,261,177,3,9.5625,66.9375,13.387500000000001,42.075,0.0,Overstock,Markdown / Clear,0.0,0.0,1860.3717500000002,0.0,261.0
23402,HOME SWEEET HOME 3 PEG HANGER ,25,93.75,3.75,4,372,83,19,6.25,43.75,8.75,127.5,0.0,Overstock,Markdown / Clear,0.0,0.0,1395.0,0.0,372.0
23402,HOME SWEET HOME 3 PEG HANGER ,271,1053.53,4.4955185185185185,45,21,139,15,6.022222222222222,42.15555555555555,8.431111111111111,98.76444444444444,0.0,Overstock,Markdown / Clear,0.0,0.0,94.40588888888888,0.0,21.0
23403,LETTER HOLDER HOME SWEET HOME,625,2204.11,4.347850241545894,69,244,131,17,9.057971014492754,63.40579710144928,12.681159420289857,166.66666666666666,0.0,Overstock,Markdown / Clear,0.0,0.0,1060.8754589371981,0.0,244.0
23404,HOME SWEET HOME BLACKBOARD,1011,4561.76,6.110806666666667,75,308,86,18,13.48,94.36,18.872,261.512,0.0,Overstock,Markdown / Clear,0.0,0.0,1882.1284533333335,0.0,308.0
23405,HOME SWEET HOME 2 DRAWER CABINET,252,1311.48,6.130709219858156,47,252,175,18,5.361702127659575,37.53191489361702,7.506382978723405,104.01702127659576,0.0,Overstock,Markdown / Clear,0.0,0.0,1544.9387234042554,0.0,252.0
23406,HOME SWEET HOME KEY HOLDER,456,2422.6600000000003,7.091155913978495,62,480,182,4,7.354838709677419,51.483870967741936,10.296774193548387,39.71612903225807,0.0,Overstock,Markdown / Clear,0.0,0.0,3403.7548387096776,0.0,480.0
23407,SET OF 2 TRAYS HOME SWEET HOME,265,2709.43,10.700934343434342,66,433,111,19,4.015151515151516,28.10606060606061,5.621212121212122,81.90909090909092,0.0,Overstock,Markdown / Clear,0.0,0.0,4633.50457070707,0.0,433.0
23408,PHOTO FRAME LINEN AND LACE SMALL,310,644.8000000000001,2.08,45,436,128,13,6.888888888888889,48.22222222222223,9.644444444444446,99.2,0.0,Overstock,Markdown / Clear,0.0,0.0,906.88,0.0,436.0
23409,PHOTO FRAME LINEN AND LACE LARGE,215,801.68,3.791607142857143,28,96,88,10,7.678571428571429,53.75,10.75,87.53571428571429,0.0,Overstock,Markdown / Clear,0.0,0.0,363.99428571428575,0.0,96.0
23410,CURIO CABINET LINEN AND LACE ,36,290.1,8.012500000000001,16,135,65,5,2.25,15.75,3.1500000000000004,14.4,0.0,Overstock,Markdown / Clear,0.0,0.0,1081.6875000000002,0.0,135.0
23411, TRELLIS COAT RACK,227,1118.6100000000001,5.818412698412699,42,173,157,14,5.404761904761905,37.833333333333336,7.566666666666667,83.23333333333333,0.0,Overstock,Markdown / Clear,0.0,0.0,1006.5853968253969,0.0,173.0
23412,HEART MIRROR ANTIQUE WHITE,358,2354.8,7.840285714285714,28,425,130,18,12.785714285714286,89.5,17.900000000000002,248.04285714285717,0.0,Overstock,Markdown / Clear,0.0,0.0,3332.121428571428,0.0,425.0
23413,DECORATIVE VINTAGE COFFEE  BOX,52,277.0,6.491904761904762,14,122,121,16,3.7142857142857144,26.0,5.2,64.62857142857143,0.0,Overstock,Markdown / Clear,0.0,0.0,792.012380952381,0.0,122.0
23413,DECROTIVEVINTAGE COFFEE GRINDER BOX,12,71.08,6.41,4,213,148,18,3.0,21.0,4.2,58.2,0.0,Overstock,Markdown / Clear,0.0,0.0,1365.33,0.0,213.0
23413,VINTAGE COFFEE GRINDER BOX,109,561.23,5.884117647058823,17,185,83,19,6.411764705882353,44.88235294117647,8.976470588235294,130.8,0.0,Overstock,Markdown / Clear,0.0,0.0,1088.5617647058823,0.0,185.0
23414,ZINC BOX SIGN HOME,141,1378.75,10.178780487804877,41,378,176,13,3.4390243902439024,24.073170731707318,4.814634146341464,49.52195121951219,0.0,Overstock,Markdown / Clear,0.0,0.0,3847.5790243902434,0.0,378.0
23415,HOME SWEET HOME HOOK,328,412.18,1.5584848484848486,33,109,115,19,9.93939393939394,69.57575757575758,13.915151515151516,202.76363636363635,0.0,Overstock,Markdown / Clear,0.0,0.0,169.87484848484848,0.0,109.0
23416,CHAMBRE HOOK,132,184.67999999999998,1.8174074074074074,18,193,189,3,7.333333333333333,51.33333333333333,10.266666666666666,32.266666666666666,0.0,Overstock,Markdown / Clear,0.0,0.0,350.7596296296296,0.0,193.0
23417,BATHROOM HOOK,146,157.5,1.7474603174603174,21,141,115,14,6.9523809523809526,48.66666666666667,9.733333333333334,107.06666666666668,0.0,Overstock,Markdown / Clear,0.0,0.0,246.39190476190475,0.0,141.0
23418,LAVENDER TOILETTE BOTTLE,557,1166.0,2.505138888888889,48,162,37,17,11.604166666666666,81.22916666666666,16.245833333333334,213.51666666666665,0.0,Overstock,Markdown / Clear,0.0,0.0,405.8325,0.0,162.0
23419,HOME SWEET HOME BOTTLE ,473,1043.72,2.6353654970760236,57,125,142,20,8.298245614035087,58.08771929824561,11.617543859649123,177.58245614035087,0.0,Overstock,Markdown / Clear,0.0,0.0,329.42068713450294,0.0,125.0
23420,PANTRY HOOK TEA STRAINER ,164,351.37,2.367,25,394,109,16,6.56,45.919999999999995,9.184,114.14399999999999,0.0,Overstock,Markdown / Clear,0.0,0.0,932.598,0.0,394.0
23421,PANTRY HOOK SPATULA,160,349.2,2.5229012345679016,27,447,179,3,5.925925925925926,41.48148148148148,8.296296296296296,26.074074074074076,0.0,Overstock,Markdown / Clear,0.0,0.0,1127.736851851852,0.0,447.0
23422,PANTRY HOOK BALLOON WHISK ,213,477.89,2.7934803921568627,34,324,45,15,6.264705882352941,43.85294117647059,8.770588235294118,102.74117647058823,0.0,Overstock,Markdown / Clear,0.0,0.0,905.0876470588236,0.0,324.0
23423,PANTRY 3 HOOK ROLLING PIN HANGER,219,876.9,4.555271317829457,43,379,24,17,5.093023255813954,35.651162790697676,7.130232558139536,93.71162790697676,0.0,Overstock,Markdown / Clear,0.0,0.0,1726.4478294573644,0.0,379.0
23424,GINGHAM RECIPE BOOK BOX,462,2509.62,6.233574879227053,69,478,20,9,6.695652173913044,46.869565217391305,9.373913043478261,69.63478260869566,0.0,Overstock,Markdown / Clear,0.0,0.0,2979.6487922705314,0.0,478.0
23425,STORAGE TIN HOME SWEET HOME,275,621.44,3.2095726495726495,39,336,120,17,7.051282051282051,49.35897435897436,9.871794871794872,129.74358974358972,0.0,Overstock,Markdown / Clear,0.0,0.0,1078.4164102564102,0.0,336.0
23426,METAL SIGN DROP YOUR PANTS,1275,3444.43,3.338245614035088,76,470,121,12,16.776315789473685,117.4342105263158,23.48684210526316,224.80263157894737,0.0,Overstock,Markdown / Clear,0.0,0.0,1568.9754385964914,0.0,470.0
23427,STOOL HOME SWEET HOME ,237,2860.58,13.197554487179486,52,142,132,16,4.5576923076923075,31.903846153846153,6.380769230769231,79.30384615384615,0.0,Overstock,Markdown / Clear,0.0,0.0,1874.0527371794872,0.0,142.0
23428,IVORY RETRO KITCHEN WALL CLOCK,77,675.9100000000001,9.655686274509804,17,409,69,8,4.529411764705882,31.705882352941174,6.341176470588235,42.576470588235296,0.0,Overstock,Markdown / Clear,0.0,0.0,3949.17568627451,0.0,409.0
23429,RED RETRO KITCHEN WALL CLOCK,47,400.01,8.738888888888889,12,28,112,16,3.9166666666666665,27.416666666666664,5.483333333333333,68.14999999999999,0.0,Overstock,Markdown / Clear,0.0,0.0,244.6888888888889,0.0,28.0
23430,BLUE RETRO KITCHEN WALL CLOCK,36,301.88,8.755714285714285,14,281,106,14,2.5714285714285716,18.0,3.6,39.6,0.0,Overstock,Markdown / Clear,0.0,0.0,2460.3557142857144,0.0,281.0
23431,NATURAL HANGING QUILTED HEARTS ,1449,1171.23,1.3776041666666667,48,92,111,13,30.1875,211.3125,42.2625,434.7,0.0,Overstock,Markdown / Clear,0.0,0.0,126.73958333333334,0.0,92.0
23432,PRETTY HANGING QUILTED HEARTS,1276,1088.36,1.3999444444444444,45,378,107,4,28.355555555555554,198.48888888888888,39.69777777777778,153.12,0.0,Overstock,Markdown / Clear,0.0,0.0,529.179,0.0,378.0
23433,HANGING QUILTED PATCHWORK APPLES,1258,1108.58,1.5087931034482758,58,242,46,3,21.689655172413794,151.82758620689657,30.365517241379315,95.4344827586207,0.0,Overstock,Markdown / Clear,0.0,0.0,365.12793103448274,0.0,242.0
23434,3 RAFFIA RIBBONS 50'S CHRISTMAS ,2095,1884.17,0.9354213615023474,71,435,195,10,29.507042253521128,206.5492957746479,41.30985915492958,336.38028169014086,0.0,Overstock,Markdown / Clear,0.0,0.0,406.90829225352115,0.0,435.0
23435,3 RAFFIA RIBBONS VINTAGE CHRISTMAS,824,732.4200000000001,0.9450961538461539,52,60,90,16,15.846153846153847,110.92307692307693,22.184615384615388,275.7230769230769,0.0,Overstock,Markdown / Clear,0.0,0.0,56.705769230769235,0.0,60.0
23436,GIFT BAG LARGE VINTAGE CHRISTMAS,148,185.0,1.25,9,389,17,11,16.444444444444443,115.1111111111111,23.022222222222222,203.91111111111107,0.0,Overstock,Markdown / Clear,0.0,0.0,486.25,0.0,389.0
23436,VINTAGE CHRISTMAS GIFT BAG LARGE ,1831,2182.39,1.4697751322751322,63,223,148,4,29.063492063492063,203.44444444444446,40.6888888888889,156.94285714285715,0.0,Overstock,Markdown / Clear,0.0,0.0,327.75985449735447,0.0,223.0
23437, 50'S CHRISTMAS GIFT BAG LARGE,1915,2343.63,1.441439393939394,66,283,103,7,29.015151515151516,203.10606060606062,40.621212121212125,243.72727272727275,0.0,Overstock,Markdown / Clear,0.0,0.0,407.9273484848485,0.0,283.0
23437,GIFT BAG LARGE 50'S CHRISTMAS,24,30.0,1.25,2,347,150,10,12.0,84.0,16.8,136.8,0.0,Overstock,Markdown / Clear,0.0,0.0,433.75,0.0,347.0
23438, RED SPOT GIFT BAG LARGE,1713,2089.92,1.4345564516129032,62,197,191,18,27.629032258064516,193.40322580645162,38.68064516129033,536.0032258064516,0.0,Overstock,Markdown / Clear,0.0,0.0,282.6076209677419,0.0,197.0
23438,GIFT BAG LARGE SPOT ,96,120.0,1.25,6,367,194,18,16.0,112.0,22.400000000000002,310.4,0.0,Overstock,Markdown / Clear,0.0,0.0,458.75,0.0,367.0
23439,HAND WARMER RED LOVE HEART,3986,8855.51,2.2583136011275546,86,337,39,15,46.348837209302324,324.4418604651163,64.88837209302326,760.1209302325581,0.0,Overstock,Markdown / Clear,0.0,0.0,761.0516835799859,0.0,337.0
23440,PAINT YOUR OWN EGGS IN CRATE,164,299.36,2.022,5,103,137,17,32.8,229.59999999999997,45.919999999999995,603.5199999999999,0.0,Overstock,Markdown / Clear,0.0,0.0,208.266,0.0,103.0
23441,HAND PAINTED HANGING EASTER EGG,22,9.24,0.42,3,337,88,3,7.333333333333333,51.33333333333333,10.266666666666666,32.266666666666666,0.0,Overstock,Markdown / Clear,0.0,0.0,141.54,0.0,337.0
23442,12 HANGING EGGS HAND PAINTED,40,83.2,2.08,6,130,179,5,6.666666666666667,46.66666666666667,9.333333333333334,42.66666666666667,0.0,Overstock,Markdown / Clear,0.0,0.0,270.40000000000003,0.0,130.0
23444,Next Day Carriage,79,1200.0,15.263157894736842,57,270,199,8,1.3859649122807018,9.701754385964913,1.9403508771929827,13.028070175438597,0.0,Overstock,Markdown / Clear,0.0,0.0,4121.0526315789475,0.0,270.0
23445,ICE CREAM BUBBLES,2668,2161.24,0.8564453125,64,402,60,16,41.6875,291.8125,58.362500000000004,725.3625,0.0,Overstock,Markdown / Clear,0.0,0.0,344.291015625,0.0,402.0
23446,BLUE BUNNY EASTER EGG BASKET,157,230.25,1.5833333333333333,3,26,191,6,52.333333333333336,366.33333333333337,73.26666666666668,387.26666666666665,0.0,Overstock,Markdown / Clear,47.0,0.0,41.166666666666664,0.0,26.0
23447,PINK BUNNY EASTER EGG BASKET,158,231.9,1.5999999999999999,4,478,4,20,39.5,276.5,55.300000000000004,845.3,0.0,Overstock,Markdown / Clear,0.0,0.0,764.8,0.0,478.0
23448,CREAM BUNNY EASTER EGG BASKET,25,41.25,1.6499999999999997,3,103,121,17,8.333333333333334,58.333333333333336,11.666666666666668,153.33333333333334,0.0,Overstock,Markdown / Clear,0.0,0.0,169.94999999999996,0.0,103.0
23449,SET OF 6 EASTER RAINBOW CHICKS,12,15.0,1.25,1,227,180,11,12.0,84.0,16.8,148.8,0.0,Overstock,Markdown / Clear,0.0,0.0,283.75,0.0,227.0
23451,SQUARE MINI PORTRAIT FRAME,277,556.17,2.262412280701754,38,407,54,20,7.2894736842105265,51.026315789473685,10.205263157894738,155.99473684210525,0.0,Overstock,Markdown / Clear,0.0,0.0,920.8017982456139,0.0,407.0
23452,HEART MINI PORTRAIT FRAME,518,1021.76,2.037602380952381,40,409,36,5,12.95,90.64999999999999,18.13,82.88,0.0,Overstock,Markdown / Clear,0.0,0.0,833.3793738095238,0.0,409.0
23453,OVAL  MINI PORTRAIT FRAME,316,615.98,1.958448275862069,29,333,55,12,10.89655172413793,76.27586206896551,15.255172413793103,146.01379310344828,0.0,Overstock,Markdown / Clear,0.0,0.0,652.163275862069,0.0,333.0
23454,SET OF 3 MINI HANGING PORTRAITS,32,123.2,3.95,2,41,186,19,16.0,112.0,22.400000000000002,326.4,0.0,Overstock,Markdown / Clear,0.0,0.0,161.95000000000002,0.0,41.0
23454,THREE MINI HANGING FRAMES,142,610.0,4.4734375,32,429,101,9,4.4375,31.0625,6.2125,46.15,0.0,Overstock,Markdown / Clear,0.0,0.0,1919.1046875000002,0.0,429.0
23455,SMALL PARLOUR FRAME,42,106.98000000000002,2.6900000000000004,2,402,92,17,21.0,147.0,29.400000000000002,386.4,0.0,Overstock,Markdown / Clear,0.0,0.0,1081.38,0.0,402.0
23455,SMALL PARLOUR PICTURE FRAME,165,462.45,2.880909090909091,22,22,196,3,7.5,52.5,10.5,33.0,0.0,Overstock,Markdown / Clear,0.0,0.0,63.379999999999995,0.0,22.0
23456,MEDIUM PARLOUR FRAME ,22,84.1,3.95,2,146,72,13,11.0,77.0,15.4,158.4,0.0,Overstock,Markdown / Clear,0.0,0.0,576.7,0.0,146.0
23456,MEDIUM PARLOUR PICTURE FRAME ,136,550.0,4.115217391304348,23,316,58,19,5.913043478260869,41.391304347826086,8.278260869565218,120.62608695652173,0.0,Overstock,Markdown / Clear,0.0,0.0,1300.4086956521742,0.0,316.0
23457,LARGE PARLOUR FRAME,27,122.85,4.725,2,207,1,7,13.5,94.5,18.900000000000002,113.4,0.0,Overstock,Markdown / Clear,0.0,0.0,978.0749999999999,0.0,207.0
23457,LARGE PARLOUR PICTURE FRAME,85,427.03,5.217380952380952,21,381,192,9,4.0476190476190474,28.333333333333332,5.666666666666667,42.095238095238095,0.0,Overstock,Markdown / Clear,0.0,0.0,1987.8221428571428,0.0,381.0
23458,DOLLY CABINET 3 DRAWERS ,51,762.4499999999999,14.95,22,33,103,17,2.3181818181818183,16.227272727272727,3.2454545454545456,42.654545454545456,0.0,Overstock,Markdown / Clear,0.0,0.0,493.34999999999997,0.0,33.0
23459,DOLLY CABINET 2 DRAWERS ,33,412.5,12.5,17,478,187,5,1.9411764705882353,13.588235294117647,2.7176470588235295,12.423529411764704,0.0,Overstock,Markdown / Clear,0.0,0.0,5975.0,0.0,478.0
23460,SWEETHEART WALL TIDY ,108,1007.0799999999999,9.879666666666667,30,485,50,17,3.6,25.2,5.04,66.24000000000001,0.0,Overstock,Markdown / Clear,0.0,0.0,4791.638333333333,0.0,485.0
23461,SWEETHEART BIRD HOUSE,847,3041.21,4.466232638888889,48,31,29,7,17.645833333333332,123.52083333333333,24.704166666666666,148.225,0.0,Overstock,Markdown / Clear,0.0,0.0,138.45321180555555,0.0,31.0
23462,ROCOCO WALL MIROR,2,39.9,19.95,1,106,10,14,2.0,14.0,2.8000000000000003,30.8,0.0,Overstock,Markdown / Clear,0.0,0.0,2114.7,0.0,106.0
23462,ROCOCO WALL MIRROR WHITE,78,1567.1399999999999,20.303974358974358,26,31,107,7,3.0,21.0,4.2,25.2,0.0,Overstock,Markdown / Clear,0.0,0.0,629.4232051282052,0.0,31.0
23463,VINTAGE ZINC WATERING CAN,13,139.39999999999998,11.206249999999999,8,416,75,5,1.625,11.375,2.275,10.4,0.0,Overstock,Markdown / Clear,0.0,0.0,4661.799999999999,0.0,416.0
23464,VINTAGE ZINC WATERING CAN SMALL,18,99.2,6.2125,8,44,166,11,2.25,15.75,3.1500000000000004,27.9,0.0,Overstock,Markdown / Clear,0.0,0.0,273.35,0.0,44.0
23465,TUSCAN VILLA BIRD FEEDER,17,148.63,9.2975,8,320,89,11,2.125,14.875,2.975,26.35,0.0,Overstock,Markdown / Clear,0.0,0.0,2975.2,0.0,320.0
23465,TUSCAN VILLA FEEDING STATION,12,99.0,8.25,7,262,122,9,1.7142857142857142,12.0,2.4000000000000004,17.82857142857143,0.0,Overstock,Markdown / Clear,0.0,0.0,2161.5,0.0,262.0
23466,TUSCAN VILLA DOVECOTE,12,99.0,8.25,4,141,199,4,3.0,21.0,4.2,16.2,0.0,Overstock,Markdown / Clear,0.0,0.0,1163.25,0.0,141.0
23466,TUSCAN VILLA DOVECOTE BIRD FEEDER,43,399.03,9.888499999999999,20,166,190,18,2.15,15.049999999999999,3.01,41.709999999999994,0.0,Overstock,Markdown / Clear,0.0,0.0,1641.4909999999998,0.0,166.0
23467,VINTAGE ZINC PLANTER  ,32,120.08,4.386296296296297,9,74,191,11,3.5555555555555554,24.888888888888886,4.977777777777778,44.08888888888889,0.0,Overstock,Markdown / Clear,0.0,0.0,324.58592592592595,0.0,74.0
23468,TUSCAN VILLA BIRD TABLE ,19,156.75,8.25,9,257,188,15,2.111111111111111,14.777777777777779,2.9555555555555557,34.62222222222222,0.0,Overstock,Markdown / Clear,0.0,0.0,2120.25,0.0,257.0
23469,CARD HOLDER LOVE BIRD SMALL,332,1355.24,4.738373983739837,41,375,124,19,8.097560975609756,56.6829268292683,11.33658536585366,165.19024390243902,0.0,Overstock,Markdown / Clear,0.0,0.0,1776.890243902439,0.0,375.0
23470,CARD HOLDER LOVE BIRD LARGE ,232,1460.5,6.8285317460317465,42,192,181,8,5.523809523809524,38.666666666666664,7.733333333333333,51.923809523809524,0.0,Overstock,Markdown / Clear,0.0,0.0,1311.0780952380953,0.0,192.0
23471,SIX DRAWER OFFICE TIDY,65,616.79,10.003181818181817,22,411,121,6,2.9545454545454546,20.681818181818183,4.136363636363637,21.863636363636363,0.0,Overstock,Markdown / Clear,0.0,0.0,4111.307727272727,0.0,411.0
23472, NINE DRAWER OFFICE TIDY,58,894.42,16.125,26,240,93,3,2.230769230769231,15.615384615384617,3.1230769230769235,9.815384615384616,0.0,Overstock,Markdown / Clear,0.0,0.0,3870.0,0.0,240.0
23473,WOODLAND SMALL RED FELT HEART,678,552.02,0.9143434343434343,33,138,102,20,20.545454545454547,143.8181818181818,28.763636363636365,439.6727272727273,0.0,Overstock,Markdown / Clear,0.0,0.0,126.17939393939395,0.0,138.0
23474,WOODLAND SMALL BLUE FELT HEART,312,270.96000000000004,1.0398765432098764,27,328,185,11,11.555555555555555,80.88888888888889,16.177777777777777,143.2888888888889,0.0,Overstock,Markdown / Clear,0.0,0.0,341.07950617283944,0.0,328.0
23475,WOODLAND SMALL PINK FELT HEART,286,242.18,0.9347619047619047,21,202,183,15,13.619047619047619,95.33333333333333,19.066666666666666,223.35238095238094,0.0,Overstock,Markdown / Clear,0.0,0.0,188.82190476190473,0.0,202.0
23476,WOODLAND LARGE RED FELT HEART,205,264.72,1.4785555555555556,15,307,161,10,13.666666666666666,95.66666666666666,19.133333333333333,155.79999999999998,0.0,Overstock,Markdown / Clear,0.0,0.0,453.9165555555556,0.0,307.0
23477,WOODLAND LARGE BLUE FELT HEART,92,123.47,1.70375,12,326,30,15,7.666666666666667,53.66666666666667,10.733333333333334,125.73333333333333,0.0,Overstock,Markdown / Clear,0.0,0.0,555.4225,0.0,326.0
23478,WOODLAND LARGE PINK FELT HEART,285,324.40000000000003,1.6024999999999998,10,319,51,17,28.5,199.5,39.900000000000006,524.4,0.0,Overstock,Markdown / Clear,0.0,0.0,511.19749999999993,0.0,319.0
23479,WIRE EGG BASKET ,113,872.38,8.520999999999999,30,101,88,13,3.7666666666666666,26.366666666666667,5.273333333333333,54.24,0.0,Overstock,Markdown / Clear,0.0,0.0,860.6209999999999,0.0,101.0
23480,MINI LIGHTS WOODLAND MUSHROOMS,1798,6719.14,4.342959956709957,44,473,75,14,40.86363636363637,286.04545454545456,57.20909090909092,629.3000000000001,0.0,Overstock,Markdown / Clear,0.0,0.0,2054.2200595238096,0.0,473.0
23481,PEARLISED IVORY HEART SMALL ,228,281.17,1.307,20,421,128,16,11.4,79.8,15.96,198.36,0.0,Overstock,Markdown / Clear,0.0,0.0,550.247,0.0,421.0
23482,PEARLISED IVORY HEART LARGE ,418,661.02,1.7520289855072464,23,230,182,6,18.17391304347826,127.21739130434783,25.44347826086957,134.48695652173913,0.0,Overstock,Markdown / Clear,0.0,0.0,402.9666666666667,0.0,230.0
23483,HANGING  BUTTERFLY T-LIGHT HOLDER,1328,1636.36,2.5273809523809523,42,169,21,3,31.61904761904762,221.33333333333334,44.26666666666667,139.12380952380954,0.0,Overstock,Markdown / Clear,0.0,0.0,427.1273809523809,0.0,169.0
23484,HEART TRELLIS TRIPLE T-LIGHT HOLDER,129,395.11,3.859871794871795,26,56,39,6,4.961538461538462,34.73076923076923,6.946153846153847,36.715384615384615,0.0,Overstock,Markdown / Clear,0.0,0.0,216.15282051282054,0.0,56.0
23484,HEART TRELLISTRIPLE T-LIGHT HOLDER,56,152.24,2.79,4,371,100,11,14.0,98.0,19.6,173.6,0.0,Overstock,Markdown / Clear,0.0,0.0,1035.09,0.0,371.0
23485,BOTANICAL GARDENS WALL CLOCK ,262,5843.92,24.722424242424243,33,331,110,12,7.9393939393939394,55.57575757575758,11.115151515151517,106.3878787878788,0.0,Overstock,Markdown / Clear,0.0,0.0,8183.122424242424,0.0,331.0
23486,ANTIQUE HEART SHELF UNIT,275,4145.47,17.888018018018016,37,380,128,6,7.4324324324324325,52.027027027027025,10.405405405405405,55.0,0.0,Overstock,Markdown / Clear,0.0,0.0,6797.446846846846,0.0,380.0
23487,SWEET HEART CAKE CARRIER,80,795.5799999999999,10.13220238095238,28,78,64,11,2.857142857142857,20.0,4.0,35.42857142857143,0.0,Overstock,Markdown / Clear,0.0,0.0,790.3117857142856,0.0,78.0
23489,"GARLAND, VINTAGE BELLS",92,265.88,2.89,7,150,190,15,13.142857142857142,92.0,18.400000000000002,215.54285714285714,0.0,Overstock,Markdown / Clear,0.0,0.0,433.5,0.0,150.0
23489,VINTAGE BELLS GARLAND,821,2443.35,3.2264342403628117,42,431,181,14,19.547619047619047,136.83333333333334,27.36666666666667,301.03333333333336,0.0,Overstock,Markdown / Clear,0.0,0.0,1390.5931575963718,0.0,431.0
23490,T-LIGHT HOLDER HANGING LOVE BIRD,542,2032.77,3.9468560606060605,44,221,169,13,12.318181818181818,86.22727272727273,17.245454545454546,177.38181818181818,0.0,Overstock,Markdown / Clear,0.0,0.0,872.2551893939394,0.0,221.0
23491,VINTAGE JINGLE BELLS HEART,228,1897.76,8.5440350877193,38,262,148,14,6.0,42.0,8.4,92.4,0.0,Overstock,Markdown / Clear,0.0,0.0,2238.5371929824564,0.0,262.0
23492,VINTAGE JINGLE BELLS WREATH,76,635.38,8.397017543859649,19,54,78,20,4.0,28.0,5.6000000000000005,85.6,0.0,Overstock,Markdown / Clear,0.0,0.0,453.43894736842105,0.0,54.0
23493,VINTAGE DOILY TRAVEL SEWING KIT,3964,8497.98,2.1457871785077667,68,464,21,14,58.294117647058826,408.05882352941177,81.61176470588236,897.7294117647059,0.0,Overstock,Markdown / Clear,0.0,0.0,995.6452508276037,0.0,464.0
23494,VINTAGE DOILY DELUXE SEWING KIT ,809,5354.01,6.837460451977401,59,112,165,18,13.711864406779661,95.98305084745763,19.196610169491528,266.0101694915254,0.0,Overstock,Markdown / Clear,0.0,0.0,765.795570621469,0.0,112.0
23495,SET OF 3 PANTRY WOODEN SPOONS,225,306.66,1.6832098765432097,27,457,98,7,8.333333333333334,58.333333333333336,11.666666666666668,70.0,0.0,Overstock,Markdown / Clear,0.0,0.0,769.2269135802469,0.0,457.0
23496,PANTRY KITCHEN THERMOMETER ,112,154.52,1.5300925925925926,18,466,7,14,6.222222222222222,43.55555555555556,8.711111111111112,95.82222222222222,0.0,Overstock,Markdown / Clear,0.0,0.0,713.0231481481482,0.0,466.0
23497,CLASSIC CHROME BICYCLE BELL ,2498,3578.62,1.6374173574173574,37,226,189,13,67.51351351351352,472.5945945945946,94.51891891891893,972.1945945945947,0.0,Overstock,Markdown / Clear,0.0,0.0,370.05632277632276,0.0,226.0
23497,CLASSIC CROME BICYCLE BELL ,60,77.4,1.35,2,372,174,11,30.0,210.0,42.0,372.0,0.0,Overstock,Markdown / Clear,0.0,0.0,502.20000000000005,0.0,372.0
23498,CLASSIC BICYCLE CLIPS ,1640,2372.68,1.6791800763339224,13,410,16,20,126.15384615384616,883.0769230769231,176.61538461538464,2699.692307692308,0.0,Overstock,Markdown / Clear,0.0,0.0,688.4638312969082,0.0,410.0
23499,SET 12 VINTAGE DOILY CHALK ,1312,586.23,0.49178749999999993,40,351,16,5,32.8,229.59999999999997,45.919999999999995,209.92,0.0,Overstock,Markdown / Clear,0.0,0.0,172.61741249999997,0.0,351.0
23500,KEY RING BASEBALL BOOT ASSORTED ,1626,2038.3300000000002,1.4040697674418605,43,324,89,19,37.81395348837209,264.69767441860466,52.93953488372094,771.4046511627907,0.0,Overstock,Markdown / Clear,0.0,0.0,454.9186046511628,0.0,324.0
23501,KEY RING BASEBALL BOOT UNION JACK,1821,2217.87,1.5060434782608694,46,369,140,16,39.58695652173913,277.10869565217394,55.42173913043479,688.8130434782609,0.0,Overstock,Markdown / Clear,0.0,0.0,555.7300434782608,0.0,369.0
23502,PLAYING CARDS VINTAGE DOILEY ,13,16.25,1.25,2,232,144,3,6.5,45.5,9.1,28.6,0.0,Overstock,Markdown / Clear,0.0,0.0,290.0,0.0,232.0
23502,PLAYING CARDS VINTAGE DOILY ,701,880.16,1.3160664682539682,48,178,165,19,14.604166666666666,102.22916666666666,20.445833333333333,297.92499999999995,0.0,Overstock,Markdown / Clear,0.0,0.0,234.25983134920634,0.0,178.0
23503,PLAYING CARDS KEEP CALM & CARRY ON,3643,4860.55,1.2835345524573465,68,461,80,10,53.5735294117647,375.0147058823529,75.00294117647059,610.7382352941177,0.0,Overstock,Markdown / Clear,0.0,0.0,591.7094286828367,0.0,461.0
23504,PLAYING CARDS JUBILEE UNION JACK,1927,2848.89,1.3308565759637188,63,464,77,7,30.58730158730159,214.11111111111111,42.82222222222222,256.93333333333334,0.0,Overstock,Markdown / Clear,0.0,0.0,617.5174512471655,0.0,464.0
23505,PLAYING CARDS I LOVE LONDON ,1200,1651.29,1.3561914682539682,56,43,172,7,21.428571428571427,150.0,30.0,180.0,0.0,Overstock,Markdown / Clear,0.0,0.0,58.31623313492063,0.0,43.0
23506,MINI PLAYING CARDS SPACEBOY ,2723,1129.1200000000001,0.4609626436781609,58,423,5,11,46.94827586206897,328.6379310344828,65.72758620689656,582.1586206896552,0.0,Overstock,Markdown / Clear,0.0,0.0,194.98719827586206,0.0,423.0
23507,MINI PLAYING CARDS BUFFALO BILL ,2882,1155.67,0.4725833333333333,56,312,162,5,51.464285714285715,360.25,72.05,329.37142857142857,0.0,Overstock,Markdown / Clear,0.0,0.0,147.446,0.0,312.0
23508,MINI PLAYING CARDS DOLLY GIRL ,2627,1163.45,0.47716666666666663,60,23,109,11,43.78333333333333,306.48333333333335,61.296666666666674,542.9133333333333,0.0,Overstock,Markdown / Clear,38.0,0.0,10.974833333333333,0.0,23.0
23509,MINI PLAYING CARDS FUN FAIR ,1062,451.46000000000004,0.4855740740740741,45,239,13,20,23.6,165.20000000000002,33.040000000000006,505.04,0.0,Overstock,Markdown / Clear,0.0,0.0,116.05220370370371,0.0,239.0
23510,MINI PLAYING CARDS GYMKHANA,2521,1118.8,0.49973970944309926,59,383,71,18,42.728813559322035,299.10169491525426,59.82033898305085,828.9389830508475,0.0,Overstock,Markdown / Clear,0.0,0.0,191.400308716707,0.0,383.0
23511,EMBROIDERED RIBBON REEL EMILY ,571,1252.01,2.402403846153846,52,401,188,3,10.98076923076923,76.86538461538461,15.373076923076923,48.315384615384616,0.0,Overstock,Markdown / Clear,0.0,0.0,963.3639423076924,0.0,401.0
23512,EMBROIDERED RIBBON REEL ROSIE,500,975.24,2.3051219512195122,41,39,142,4,12.195121951219512,85.3658536585366,17.073170731707318,65.85365853658537,0.0,Overstock,Markdown / Clear,0.0,0.0,89.89975609756098,0.0,39.0
23513,EMBROIDERED RIBBON REEL SUSIE ,566,1114.26,2.2578968253968252,42,463,53,16,13.476190476190476,94.33333333333333,18.866666666666667,234.4857142857143,0.0,Overstock,Markdown / Clear,0.0,0.0,1045.40623015873,0.0,463.0
23514,EMBROIDERED RIBBON REEL SALLY ,478,977.39,2.3495068027210886,49,171,26,16,9.755102040816327,68.28571428571429,13.657142857142858,169.7387755102041,0.0,Overstock,Markdown / Clear,0.0,0.0,401.76566326530616,0.0,171.0
23515,EMBROIDERED RIBBON REEL DAISY ,579,1164.98,2.3926884057971014,46,69,12,3,12.58695652173913,88.10869565217392,17.621739130434786,55.38260869565218,0.0,Overstock,Markdown / Clear,0.0,0.0,165.0955,0.0,69.0
23516,EMBROIDERED RIBBON REEL SOPHIE  ,296,1058.6,3.806896551724138,29,196,158,18,10.206896551724139,71.44827586206897,14.289655172413795,198.0137931034483,0.0,Overstock,Markdown / Clear,0.0,0.0,746.1517241379311,0.0,196.0
23517,EMBROIDERED RIBBON REEL REBECCA ,334,996.3800000000001,3.5244999999999997,40,454,162,17,8.35,58.449999999999996,11.69,153.64,0.0,Overstock,Markdown / Clear,0.0,0.0,1600.1229999999998,0.0,454.0
23518,EMBROIDERED RIBBON REEL RACHEL ,361,980.41,3.1361458333333334,32,115,59,17,11.28125,78.96875,15.793750000000001,207.575,0.0,Overstock,Markdown / Clear,0.0,0.0,360.6567708333333,0.0,115.0
23519,EMBROIDERED RIBBON REEL CLAIRE,224,792.31,4.446,20,124,5,14,11.2,78.39999999999999,15.68,172.48,0.0,Overstock,Markdown / Clear,0.0,0.0,551.304,0.0,124.0
23520,EMBROIDERED RIBBON REEL RUBY ,167,600.55,4.0376,25,439,196,18,6.68,46.76,9.352,129.59199999999998,0.0,Overstock,Markdown / Clear,0.0,0.0,1772.5064000000002,0.0,439.0
23521,CAT AND BIRD WALL ART,270,323.64000000000004,2.3000000000000003,3,269,57,16,90.0,630.0,126.0,1566.0,0.0,Overstock,Markdown / Clear,0.0,0.0,618.7,0.0,269.0
23521,WALL ART CAT AND BIRD ,143,469.73,4.400476190476191,28,136,48,17,5.107142857142857,35.75,7.15,93.97142857142858,0.0,Overstock,Markdown / Clear,0.0,0.0,598.4647619047619,0.0,136.0
23522,DOG AND BALL WALL ART,252,425.87999999999994,2.47,3,373,150,17,84.0,588.0,117.60000000000001,1545.6,0.0,Overstock,Markdown / Clear,0.0,0.0,921.3100000000001,0.0,373.0
23522,WALL ART DOG AND BALL ,102,301.56,3.8679166666666664,24,247,161,10,4.25,29.75,5.95,48.45,0.0,Overstock,Markdown / Clear,0.0,0.0,955.3754166666666,0.0,247.0
23523,TREASURE AHOY WALL ART,270,833.46,3.66625,12,85,25,4,22.5,157.5,31.5,121.5,0.0,Overstock,Markdown / Clear,0.0,0.0,311.63124999999997,0.0,85.0
23523,WALL ART TREASURE AHOY ,90,340.35,4.147857142857143,21,354,46,4,4.285714285714286,30.0,6.0,23.142857142857142,0.0,Overstock,Markdown / Clear,0.0,0.0,1468.3414285714287,0.0,354.0
23524,HORSE & PONY WALL ART,256,797.31,3.685416666666667,12,437,4,12,21.333333333333332,149.33333333333331,29.866666666666664,285.8666666666667,0.0,Overstock,Markdown / Clear,0.0,0.0,1610.5270833333334,0.0,437.0
23524,WALL ART HORSE & PONY ,225,760.32,4.554244791666667,32,439,19,5,7.03125,49.21875,9.84375,45.0,0.0,Overstock,Markdown / Clear,0.0,0.0,1999.3134635416668,0.0,439.0
23525,BUFFALO BILL WALL ART ,248,852.72,3.696923076923077,13,281,133,19,19.076923076923077,133.53846153846155,26.707692307692312,389.16923076923075,0.0,Overstock,Markdown / Clear,0.0,0.0,1038.8353846153848,0.0,281.0
23525,WALL ART BUFFALO BILL ,334,1011.1,4.3758928571428575,28,314,197,10,11.928571428571429,83.5,16.7,135.9857142857143,0.0,Overstock,Markdown / Clear,0.0,0.0,1374.0303571428572,0.0,314.0
23526,DOG LICENCE WALL ART,408,2081.64,5.837631578947369,19,445,58,6,21.473684210526315,150.31578947368422,30.063157894736847,158.90526315789475,0.0,Overstock,Markdown / Clear,0.0,0.0,2597.7460526315795,0.0,445.0
23526,WALL ART DOG LICENCE ,604,3939.7599999999998,9.132725490196078,51,262,191,16,11.843137254901961,82.90196078431373,16.580392156862747,206.07058823529414,0.0,Overstock,Markdown / Clear,0.0,0.0,2392.7740784313723,0.0,262.0
23527,ANIMALS AND NATURE WALL ART,267,923.97,3.7028205128205127,13,390,145,12,20.53846153846154,143.76923076923077,28.753846153846155,275.21538461538466,0.0,Overstock,Markdown / Clear,0.0,0.0,1444.1,0.0,390.0
23527,WALL ART ANIMALS AND NATURE ,153,504.59000000000003,4.062291666666667,24,205,131,3,6.375,44.625,8.925,28.05,0.0,Overstock,Markdown / Clear,0.0,0.0,832.7697916666667,0.0,205.0
23528,SPACEBOY WALL ART,306,885.9000000000001,3.6894444444444443,9,265,16,6,34.0,238.0,47.6,251.6,0.0,Overstock,Markdown / Clear,0.0,0.0,977.7027777777778,0.0,265.0
23528,WALL ART SPACEBOY,173,618.59,5.255806451612903,31,144,13,3,5.580645161290323,39.06451612903226,7.812903225806453,24.55483870967742,0.0,Overstock,Markdown / Clear,0.0,0.0,756.8361290322581,0.0,144.0
23529,DOLLY GIRL WALL ART,318,1055.94,3.685416666666667,6,287,12,19,53.0,371.0,74.2,1081.2,0.0,Overstock,Markdown / Clear,0.0,0.0,1057.7145833333334,0.0,287.0
23529,WALL ART DOLLY GIRL ,319,956.0500000000002,4.677045454545454,22,150,134,19,14.5,101.5,20.3,295.8,0.0,Overstock,Markdown / Clear,0.0,0.0,701.5568181818181,0.0,150.0
23530,WALL ART ONLY ONE PERSON ,1050,4406.57,5.654814814814815,45,256,127,9,23.333333333333332,163.33333333333331,32.666666666666664,242.66666666666666,0.0,Overstock,Markdown / Clear,0.0,0.0,1447.6325925925926,0.0,256.0
23530,"WALL ART,ONLY ONE PERSON ",6,29.700000000000003,4.95,1,37,43,17,6.0,42.0,8.4,110.4,0.0,Overstock,Markdown / Clear,0.0,0.0,183.15,0.0,37.0
23531,WALL ART BIG LOVE ,976,5538.26,7.801986394557822,49,59,118,15,19.918367346938776,139.42857142857144,27.88571428571429,326.6612244897959,0.0,Overstock,Markdown / Clear,0.0,0.0,460.3171972789115,0.0,59.0
23532,WALL ART WORK REST AND PLAY  ,210,901.5800000000002,5.373939393939394,22,40,142,4,9.545454545454545,66.81818181818181,13.363636363636363,51.54545454545455,0.0,Overstock,Markdown / Clear,0.0,0.0,214.95757575757577,0.0,40.0
23533,WALL ART GARDEN HAVEN ,215,998.64,6.329464285714286,28,418,18,15,7.678571428571429,53.75,10.75,125.92857142857143,0.0,Overstock,Markdown / Clear,0.0,0.0,2645.7160714285715,0.0,418.0
23534,STOP FOR TEA WALL ART,518,2572.7,5.833506493506493,22,244,62,13,23.545454545454547,164.8181818181818,32.96363636363636,339.05454545454546,0.0,Overstock,Markdown / Clear,0.0,0.0,1423.3755844155844,0.0,244.0
23534,WALL ART STOP FOR TEA ,869,6036.2,7.937779761904762,56,374,162,17,15.517857142857142,108.625,21.725,285.52857142857147,0.0,Overstock,Markdown / Clear,0.0,0.0,2968.7296309523813,0.0,374.0
23535,BICYCLE SAFTEY WALL ART,458,2371.9399999999996,5.862916666666667,24,301,80,12,19.083333333333332,133.58333333333331,26.716666666666665,255.71666666666667,0.0,Overstock,Markdown / Clear,0.0,0.0,1764.7379166666667,0.0,301.0
23535,WALL ART BICYCLE SAFETY,845,5954.150000000001,7.749978542034097,54,27,162,11,15.648148148148149,109.53703703703704,21.90740740740741,194.03703703703707,0.0,Overstock,Markdown / Clear,0.0,0.0,209.24942063492063,0.0,27.0
23535,WALL ART BICYCLE SAFTEY ,21,114.15,5.800000000000001,2,119,146,11,10.5,73.5,14.700000000000001,130.2,0.0,Overstock,Markdown / Clear,0.0,0.0,690.2,0.0,119.0
23536,VILLAGE SHOW WALL ART,386,2072.42,5.842121212121213,11,259,147,3,35.09090909090909,245.63636363636365,49.12727272727273,154.4,0.0,Overstock,Markdown / Clear,0.0,0.0,1513.109393939394,0.0,259.0
23536,WALL ART VILLAGE SHOW ,240,1369.71,6.927916666666667,42,497,99,19,5.714285714285714,40.0,8.0,116.57142857142857,0.0,Overstock,Markdown / Clear,0.0,0.0,3443.174583333334,0.0,497.0
23537,I LOVE LONDON WALL ART,12,59.400000000000006,4.95,2,106,162,14,6.0,42.0,8.4,92.4,0.0,Overstock,Markdown / Clear,0.0,0.0,524.7,0.0,106.0
23537,WALL ART I LOVE LONDON ,99,521.73,7.2139999999999995,25,317,159,12,3.96,27.72,5.5440000000000005,53.06399999999999,0.0,Overstock,Markdown / Clear,0.0,0.0,2286.8379999999997,0.0,317.0
23538,WALL ART VINTAGE HEART,331,1329.54,5.967466666666667,25,447,121,7,13.24,92.68,18.536,111.21600000000001,0.0,Overstock,Markdown / Clear,0.0,0.0,2667.4576,0.0,447.0
23539,"WALL ART , LOVES' SECRET ",8,47.6,5.95,2,33,175,20,4.0,28.0,5.6000000000000005,85.6,0.0,Overstock,Markdown / Clear,0.0,0.0,196.35,0.0,33.0
23539,WALL ART LOVES' SECRET ,239,1180.3500000000001,6.482839506172839,27,353,43,17,8.851851851851851,61.96296296296296,12.392592592592592,162.87407407407406,0.0,Overstock,Markdown / Clear,0.0,0.0,2288.4423456790123,0.0,353.0
23540,"WALL ART , THE MAGIC FOREST ",2,13.9,6.95,1,21,103,8,2.0,14.0,2.8000000000000003,18.8,0.0,Overstock,Markdown / Clear,0.0,0.0,145.95000000000002,0.0,21.0
23540,WALL ART THE MAGIC FOREST ,148,933.16,8.667272727272728,11,394,151,9,13.454545454545455,94.18181818181819,18.83636363636364,139.92727272727274,0.0,Overstock,Markdown / Clear,0.0,0.0,3414.9054545454546,0.0,394.0
23541,"WALL ART ,PUDDINGS ",8,61.2,7.85,2,312,60,19,4.0,28.0,5.6000000000000005,81.6,0.0,Overstock,Markdown / Clear,0.0,0.0,2449.2,0.0,312.0
23541,WALL ART CLASSIC PUDDINGS ,864,6762.71,9.727386666666666,50,344,124,8,17.28,120.96000000000001,24.192000000000004,162.43200000000002,0.0,Overstock,Markdown / Clear,0.0,0.0,3346.2210133333333,0.0,344.0
23542,70'S ALPHABET WALL ART,150,1043.1,8.073333333333332,9,441,144,10,16.666666666666668,116.66666666666667,23.333333333333336,190.00000000000003,0.0,Overstock,Markdown / Clear,0.0,0.0,3560.3399999999997,0.0,441.0
23542,WALL ART 70'S ALPHABET ,356,2757.06,10.548816666666665,40,60,70,14,8.9,62.300000000000004,12.46,137.06,0.0,Overstock,Markdown / Clear,0.0,0.0,632.929,0.0,60.0
23543,KEEP CALM WALL ART ,269,2015.97,8.070461538461538,13,337,106,16,20.692307692307693,144.84615384615387,28.969230769230776,360.04615384615386,0.0,Overstock,Markdown / Clear,0.0,0.0,2719.745538461538,0.0,337.0
23543,WALL ART KEEP CALM ,967,4994.790000000001,8.873625,40,335,49,14,24.175,169.225,33.845,372.29499999999996,0.0,Overstock,Markdown / Clear,0.0,0.0,2972.6643750000003,0.0,335.0
23544,WALL ART MID CENTURY MODERN ,164,1015.78,7.5821875,16,400,64,12,10.25,71.75,14.350000000000001,137.35,0.0,Overstock,Markdown / Clear,0.0,0.0,3032.875,0.0,400.0
23545,WRAP RED DOILEY,380,159.6,0.42,13,130,98,17,29.23076923076923,204.6153846153846,40.92307692307693,537.8461538461538,0.0,Overstock,Markdown / Clear,0.0,0.0,54.6,0.0,130.0
23545,WRAP RED VINTAGE DOILY,2100,866.0,0.41836734693877553,49,33,31,9,42.857142857142854,300.0,60.0,445.71428571428567,0.0,Overstock,Markdown / Clear,27.0,0.0,13.806122448979593,0.0,33.0
23546,WRAP PAISLEY PARK ,3250,1365.0,0.41999999999999993,81,250,163,11,40.123456790123456,280.8641975308642,56.17283950617284,497.5308641975309,0.0,Overstock,Markdown / Clear,0.0,0.0,104.99999999999999,0.0,250.0
23547,WRAP FLOWER SHOP  ,1575,661.5,0.42,48,492,140,12,32.8125,229.6875,45.9375,439.6875,0.0,Overstock,Markdown / Clear,0.0,0.0,206.64,0.0,492.0
23548,WRAP MAGIC FOREST ,1075,451.5,0.42,33,103,197,12,32.57575757575758,228.03030303030306,45.606060606060616,436.51515151515156,0.0,Overstock,Markdown / Clear,0.0,0.0,43.26,0.0,103.0
23549,WRAP BIRD GARDEN ,1305,548.1,0.42,41,149,57,18,31.829268292682926,222.8048780487805,44.5609756097561,617.4878048780488,0.0,Overstock,Markdown / Clear,0.0,0.0,62.58,0.0,149.0
23550,WRAP ALPHABET POSTER  ,1855,763.1,0.4191666666666667,48,250,127,9,38.645833333333336,270.52083333333337,54.10416666666668,401.9166666666667,0.0,Overstock,Markdown / Clear,0.0,0.0,104.79166666666667,0.0,250.0
23551,PACK OF 12 PAISLEY PARK TISSUES ,1840,839.8399999999999,0.5157945578231292,70,345,141,7,26.285714285714285,184.0,36.800000000000004,220.8,0.0,Overstock,Markdown / Clear,0.0,0.0,177.94912244897958,0.0,345.0
23552,BICYCLE PUNCTURE REPAIR KIT ,1863,3881.91,2.2954939643689642,13,164,164,5,143.30769230769232,1003.1538461538462,200.63076923076926,917.1692307692309,0.0,Overstock,Markdown / Clear,37.0,0.0,376.46101015651016,0.0,164.0
23553,LANDMARK FRAME CAMDEN TOWN ,568,6444.65,13.794833333333333,35,398,111,20,16.228571428571428,113.6,22.72,347.2914285714286,0.0,Overstock,Markdown / Clear,0.0,0.0,5490.343666666667,0.0,398.0
23554,LANDMARK FRAME OXFORD STREET,422,4805.53,13.156960784313725,34,364,67,13,12.411764705882353,86.88235294117648,17.376470588235296,178.72941176470587,0.0,Overstock,Markdown / Clear,0.0,0.0,4789.1337254901955,0.0,364.0
23555,LANDMARK FRAME NOTTING HILL ,421,4780.57,13.334642857142857,28,47,39,17,15.035714285714286,105.25,21.05,276.65714285714284,0.0,Overstock,Markdown / Clear,0.0,0.0,626.7282142857142,0.0,47.0
23556,LANDMARK FRAME COVENT GARDEN ,436,4937.01,12.625747126436782,29,85,186,7,15.03448275862069,105.24137931034483,21.048275862068966,126.28965517241379,0.0,Overstock,Markdown / Clear,0.0,0.0,1073.1885057471263,0.0,85.0
23557,LANDMARK FRAME BAKER STREET ,350,3930.27,13.256449275362318,23,182,143,14,15.217391304347826,106.52173913043478,21.304347826086957,234.34782608695653,0.0,Overstock,Markdown / Clear,0.0,0.0,2412.673768115942,0.0,182.0
23558,LANDMARK FRAME LONDON BRIDGE ,415,4703.87,13.21051075268817,31,248,189,6,13.387096774193548,93.70967741935483,18.741935483870968,99.06451612903226,0.0,Overstock,Markdown / Clear,0.0,0.0,3276.2066666666665,0.0,248.0
23559,WOODLAND BUNNIES LOLLY MAKERS,649,1482.41,2.8205429292929294,66,280,131,17,9.833333333333334,68.83333333333334,13.76666666666667,180.93333333333337,0.0,Overstock,Markdown / Clear,0.0,0.0,789.7520202020203,0.0,280.0
23560,SET OF 6 RIBBONS COUNTRY STYLE,172,499.18,3.7377777777777776,9,468,172,11,19.11111111111111,133.77777777777777,26.755555555555556,236.9777777777778,0.0,Overstock,Markdown / Clear,0.0,0.0,1749.28,0.0,468.0
23561,SET OF 6 RIBBONS PARTY,170,476.0,3.326458333333333,8,443,89,9,21.25,148.75,29.75,221.0,0.0,Overstock,Markdown / Clear,0.0,0.0,1473.6210416666665,0.0,443.0
23562,SET OF 6 RIBBONS PERFECTLY PRETTY  ,251,724.59,3.1636111111111114,12,479,27,12,20.916666666666668,146.41666666666669,29.28333333333334,280.28333333333336,0.0,Overstock,Markdown / Clear,0.0,0.0,1515.3697222222224,0.0,479.0
23564,EGG CUP MILKMAID INGRID,644,841.3100000000001,1.728726851851852,36,459,95,15,17.88888888888889,125.22222222222223,25.044444444444448,293.37777777777774,0.0,Overstock,Markdown / Clear,0.0,0.0,793.485625,0.0,459.0
23565,EGG CUP MILKMAID HELGA ,410,586.3100000000001,1.8609313725490195,34,183,193,10,12.058823529411764,84.41176470588235,16.88235294117647,137.47058823529412,0.0,Overstock,Markdown / Clear,0.0,0.0,340.5504411764706,0.0,183.0
23566,EGG CUP MILKMAID HEIDI,881,1156.9299999999998,1.7846666666666668,39,320,30,14,22.58974358974359,158.12820512820514,31.62564102564103,347.8820512820513,0.0,Overstock,Markdown / Clear,0.0,0.0,571.0933333333334,0.0,320.0
23567,EGG CUP HENRIETTA HEN PINK,211,291.58,1.8711333333333335,25,426,2,3,8.44,59.08,11.816,37.136,0.0,Overstock,Markdown / Clear,0.0,0.0,797.1028000000001,0.0,426.0
23568,EGG CUP HENRIETTA HEN CREAM ,630,787.52,1.7335119047619048,28,322,135,18,22.5,157.5,31.5,436.5,0.0,Overstock,Markdown / Clear,0.0,0.0,558.1908333333333,0.0,322.0
23569,TRADTIONAL ALPHABET STAMP SET,954,4717.66,5.407393939393939,41,306,23,19,23.26829268292683,162.8780487804878,32.57560975609756,474.67317073170733,0.0,Overstock,Markdown / Clear,0.0,0.0,1654.6625454545454,0.0,306.0
23570,TRADITIONAL PICK UP STICKS GAME ,2772,4931.870000000001,1.4335668143226283,43,414,14,20,64.46511627906976,451.2558139534883,90.25116279069766,1379.553488372093,0.0,Overstock,Markdown / Clear,0.0,0.0,593.4966611295681,0.0,414.0
23571,TRADITIONAL NAUGHTS & CROSSES,2841,6406.91,1.8935487264673312,43,29,170,13,66.06976744186046,462.48837209302326,92.49767441860466,951.4046511627907,0.0,Overstock,Markdown / Clear,63.0,0.0,54.9129130675526,0.0,29.0
23574,PACKING CHARGE,14,105.0,7.5,12,214,158,20,1.1666666666666667,8.166666666666668,1.6333333333333337,24.96666666666667,0.0,Overstock,Markdown / Clear,0.0,0.0,1605.0,0.0,214.0
23575,SNACK TRAY PAISLEY PARK,179,367.34999999999997,2.5957999999999997,10,137,44,9,17.9,125.29999999999998,25.06,186.16,0.0,Overstock,Markdown / Clear,0.0,0.0,355.62459999999993,0.0,137.0
23576,SNACK TRAY RED VINTAGE DOILY,198,400.03999999999996,2.32945,10,289,193,20,19.8,138.6,27.72,423.72,0.0,Overstock,Markdown / Clear,0.0,0.0,673.21105,0.0,289.0
23578,SNACK TRAY RED GINGHAM,60,125.72,2.3133333333333335,9,99,7,10,6.666666666666667,46.66666666666667,9.333333333333334,76.0,0.0,Overstock,Markdown / Clear,0.0,0.0,229.02,0.0,99.0
23579,SNACK TRAY I LOVE LONDON,169,358.75,2.5841250000000002,16,477,70,8,10.5625,73.9375,14.787500000000001,99.2875,0.0,Overstock,Markdown / Clear,0.0,0.0,1232.627625,0.0,477.0
23580,SNACK TRAY HAPPY FOREST  ,116,234.92,2.168,10,112,107,9,11.6,81.2,16.240000000000002,120.63999999999999,0.0,Overstock,Markdown / Clear,0.0,0.0,242.81600000000003,0.0,112.0
23581,JUMBO BAG PAISLEY PARK,5020,11581.83,2.2834859210051643,40,285,114,12,125.5,878.5,175.70000000000002,1681.7,0.0,Overstock,Markdown / Clear,0.0,0.0,650.7934874864718,0.0,285.0
23582,VINTAGE DOILY JUMBO BAG RED ,4802,10206.41,2.2246625418740806,39,351,102,13,123.12820512820512,861.8974358974359,172.3794871794872,1773.0461538461536,0.0,Overstock,Markdown / Clear,0.0,0.0,780.8565521978023,0.0,351.0
23583,LUNCH BAG PAISLEY PARK  ,3385,5497.33,1.844273520923521,40,369,124,15,84.625,592.375,118.47500000000001,1387.85,0.0,Overstock,Markdown / Clear,0.0,0.0,680.5369292207793,0.0,369.0
23597,PAPER BUNTING PAISLEY PARK,249,679.07,3.2513333333333336,20,380,56,11,12.45,87.14999999999999,17.43,154.38,0.0,Overstock,Markdown / Clear,0.0,0.0,1235.506666666667,0.0,380.0
23598,PAPER BUNTING VINTAGE PARTY,427,1215.53,3.14,23,276,29,9,18.565217391304348,129.95652173913044,25.991304347826087,193.0782608695652,0.0,Overstock,Markdown / Clear,0.0,0.0,866.64,0.0,276.0
23601,SET 10 CARDS SNOWY SNOWDROPS  17100,8,19.92,2.49,4,152,145,11,2.0,14.0,2.8000000000000003,24.8,0.0,Overstock,Markdown / Clear,0.0,0.0,378.48,0.0,152.0
23602,SET 10 CARDS 3 WISE MEN 17107,1,2.91,2.91,1,295,113,15,1.0,7.0,1.4000000000000001,16.4,0.0,Overstock,Markdown / Clear,0.0,0.0,858.45,0.0,295.0
23603,SET 10 CARD KRAFT REINDEER 17084,20,49.800000000000004,2.49,12,283,196,5,1.6666666666666667,11.666666666666668,2.3333333333333335,10.666666666666668,0.0,Overstock,Markdown / Clear,0.0,0.0,704.6700000000001,0.0,283.0
23604,SET 10 MINI SANTA & SNOWMAN  17087,4,6.640000000000001,1.66,2,190,116,5,2.0,14.0,2.8000000000000003,12.8,0.0,Overstock,Markdown / Clear,0.0,0.0,315.4,0.0,190.0
23605,SET 10 CARDS 12 DAYS OF XMAS 17059,4,11.64,2.91,1,479,166,3,4.0,28.0,5.6000000000000005,17.6,0.0,Overstock,Markdown / Clear,0.0,0.0,1393.89,0.0,479.0
23607,SET 10 CARDS HATS & STOCKINGS 17081,8,13.28,1.66,7,20,59,4,1.1428571428571428,8.0,1.6,6.171428571428571,0.0,Overstock,Markdown / Clear,0.0,0.0,33.199999999999996,0.0,20.0
23608,SET 10 CARDS RUDOLPHS NOSE 17097,4,11.64,2.91,3,332,97,5,1.3333333333333333,9.333333333333332,1.8666666666666665,8.533333333333333,0.0,Overstock,Markdown / Clear,0.0,0.0,966.12,0.0,332.0
23609,SET 10 CARDS SNOWY ROBIN 17099,1,2.91,2.91,1,83,170,17,1.0,7.0,1.4000000000000001,18.4,0.0,Overstock,Markdown / Clear,0.0,0.0,241.53,0.0,83.0
23610,SET 10 CARDS CHRISTMAS ROBIN 17095,3,6.24,2.08,3,393,125,8,1.0,7.0,1.4000000000000001,9.4,0.0,Overstock,Markdown / Clear,0.0,0.0,817.44,0.0,393.0
23611,SET 10 CARDS RED RIDING HOOD 17214,40,99.60000000000001,2.49,16,487,172,15,2.5,17.5,3.5,41.0,0.0,Overstock,Markdown / Clear,0.0,0.0,1212.63,0.0,487.0
23612,SET 10 MINICARDS CUTE SNOWMAN 17071,5,8.299999999999999,1.66,2,303,150,3,2.5,17.5,3.5,11.0,0.0,Overstock,Markdown / Clear,0.0,0.0,502.97999999999996,0.0,303.0
23613,SET 10 XMAS CARDS & BADGES 17070,11,27.39,2.49,5,140,196,3,2.2,15.400000000000002,3.0800000000000005,9.680000000000001,0.0,Overstock,Markdown / Clear,0.0,0.0,348.6,0.0,140.0
23614,SET 10 CARDS 12 DAYS WRAP  17058,26,86.58000000000001,3.33,8,126,93,4,3.25,22.75,4.55,17.55,0.0,Overstock,Markdown / Clear,0.0,0.0,419.58,0.0,126.0
23615,SET 10 CARDS PRINTED GRAPHIC 17219,4,9.96,2.49,4,440,133,17,1.0,7.0,1.4000000000000001,18.4,0.0,Overstock,Markdown / Clear,0.0,0.0,1095.6000000000001,0.0,440.0
23616,SET 10 CARDS JINGLE BELLS 17217,8,19.92,2.4899999999999998,7,194,183,16,1.1428571428571428,8.0,1.6,19.885714285714286,0.0,Overstock,Markdown / Clear,0.0,0.0,483.05999999999995,0.0,194.0
23617,SET 10 CARDS SWIRLY XMAS TREE 17104,2,5.82,2.91,1,223,121,13,2.0,14.0,2.8000000000000003,28.8,0.0,Overstock,Markdown / Clear,0.0,0.0,648.9300000000001,0.0,223.0
23619,SET 10 CARDS POINSETTIA 17093,4,9.96,2.49,2,184,107,17,2.0,14.0,2.8000000000000003,36.8,0.0,Overstock,Markdown / Clear,0.0,0.0,458.16,0.0,184.0
23620,SET 10 CARDS PERFECT POST 17090,10,24.900000000000002,2.4899999999999998,7,324,3,8,1.4285714285714286,10.0,2.0,13.428571428571429,0.0,Overstock,Markdown / Clear,0.0,0.0,806.7599999999999,0.0,324.0
23621,SET 10 CARDS DAVID'S MADONNA 17074,6,14.940000000000001,2.49,4,139,92,11,1.5,10.5,2.1,18.6,0.0,Overstock,Markdown / Clear,0.0,0.0,346.11,0.0,139.0
23623,SET 10 CARD CHRISTMAS WELCOME 17112,8,23.28,2.91,6,63,150,7,1.3333333333333333,9.333333333333332,1.8666666666666665,11.2,0.0,Overstock,Markdown / Clear,0.0,0.0,183.33,0.0,63.0
23624,SET 10 CARD PERFECT NATIVITY 17089,4,9.96,2.49,4,331,5,4,1.0,7.0,1.4000000000000001,5.4,0.0,Overstock,Markdown / Clear,0.0,0.0,824.19,0.0,331.0
23625,SET 6 CARDS SPARKLY REINDEER 17262,9,44.910000000000004,4.99,4,175,31,8,2.25,15.75,3.1500000000000004,21.15,0.0,Overstock,Markdown / Clear,0.0,0.0,873.25,0.0,175.0
23626,SET 10 CARDS DINKY TREE 17076,43,107.07000000000001,2.49,15,386,105,20,2.8666666666666667,20.066666666666666,4.013333333333334,61.34666666666667,0.0,Overstock,Markdown / Clear,0.0,0.0,961.1400000000001,0.0,386.0
23627,SET 10 CARDS XMAS GRAPHIC  17218,7,17.43,2.49,2,226,145,11,3.5,24.5,4.9,43.4,0.0,Overstock,Markdown / Clear,0.0,0.0,562.74,0.0,226.0
23628,SET 10 CARDS TRIANGLE ICONS  17220,1,2.91,2.91,1,409,14,8,1.0,7.0,1.4000000000000001,9.4,0.0,Overstock,Markdown / Clear,0.0,0.0,1190.19,0.0,409.0
23629,SET 10 CARDS DRESSING UP 17077,24,59.760000000000005,2.49,10,127,167,16,2.4,16.8,3.3600000000000003,41.76,0.0,Overstock,Markdown / Clear,0.0,0.0,316.23,0.0,127.0
23630,SET 10 CARDS HANGING BAUBLES 17080,2,5.48,2.74,2,270,121,15,1.0,7.0,1.4000000000000001,16.4,0.0,Overstock,Markdown / Clear,0.0,0.0,739.8000000000001,0.0,270.0
23632,SET 10 CARDS CHEERFUL ROBIN 17065,15,31.200000000000003,2.08,10,464,95,13,1.5,10.5,2.1,21.6,0.0,Overstock,Markdown / Clear,0.0,0.0,965.12,0.0,464.0
23633,SET 10 CARDS WORLD CHILDREN 17067,3,7.470000000000001,2.49,3,423,5,14,1.0,7.0,1.4000000000000001,15.4,0.0,Overstock,Markdown / Clear,0.0,0.0,1053.27,0.0,423.0
23634,SET 10 CARDS XMAS CHOIR 17068,5,14.55,2.91,5,389,111,15,1.0,7.0,1.4000000000000001,16.4,0.0,Overstock,Markdown / Clear,0.0,0.0,1131.99,0.0,389.0
23635,SET 10 CARDS CHRISTMAS HOLLY  17259,3,12.48,4.16,3,353,119,16,1.0,7.0,1.4000000000000001,17.4,0.0,Overstock,Markdown / Clear,0.0,0.0,1468.48,0.0,353.0
23636,SET 10 CARDS WISHING TREE 17116,9,26.19,2.91,6,149,122,20,1.5,10.5,2.1,32.1,0.0,Overstock,Markdown / Clear,0.0,0.0,433.59000000000003,0.0,149.0
23637,SET 10 CARDS OUT OF ORDER 17216,11,27.39,2.49,9,476,190,14,1.2222222222222223,8.555555555555557,1.7111111111111115,18.822222222222226,0.0,Overstock,Markdown / Clear,0.0,0.0,1185.24,0.0,476.0
23638,SET 10 CARDS ROBIN WATERPUMP  17096,2,5.82,2.91,2,312,66,6,1.0,7.0,1.4000000000000001,7.4,0.0,Overstock,Markdown / Clear,0.0,0.0,907.9200000000001,0.0,312.0
23639,SET 10 CARDS MAGICAL TREE 17086,4,13.32,3.33,4,39,105,12,1.0,7.0,1.4000000000000001,13.4,0.0,Overstock,Markdown / Clear,0.0,0.0,129.87,0.0,39.0
23640,SET 10 CARDS SCOTTIE DOG 17211,9,22.410000000000004,2.49,8,301,138,19,1.125,7.875,1.5750000000000002,22.95,0.0,Overstock,Markdown / Clear,0.0,0.0,749.49,0.0,301.0
23643,SET 10 CARDS CHRISTMAS BAUBLE 16954,1,3.33,3.33,1,304,42,6,1.0,7.0,1.4000000000000001,7.4,0.0,Overstock,Markdown / Clear,0.0,0.0,1012.32,0.0,304.0
23644,SET 10 CARDS CHRISTMAS TREE 16955,5,16.65,3.3299999999999996,5,20,144,14,1.0,7.0,1.4000000000000001,15.4,0.0,Overstock,Markdown / Clear,0.0,0.0,66.6,0.0,20.0
23645,SET 10 CHRISTMAS CARDS HOHOHO 16956,9,22.410000000000004,2.49,4,138,95,15,2.25,15.75,3.1500000000000004,36.9,0.0,Overstock,Markdown / Clear,0.0,0.0,343.62,0.0,138.0
23646,SET 10 CARDS JINGLE BELLS 16957,8,19.92,2.49,5,54,131,6,1.6,11.200000000000001,2.24,11.840000000000002,0.0,Overstock,Markdown / Clear,0.0,0.0,134.46,0.0,54.0
23649,SET 10 CARDS DECK THE HALLS 16960,2,4.98,2.49,2,217,190,12,1.0,7.0,1.4000000000000001,13.4,0.0,Overstock,Markdown / Clear,0.0,0.0,540.33,0.0,217.0
23650,SET 10 CARDS FILIGREE BAUBLE 16961,4,9.96,2.49,4,264,195,5,1.0,7.0,1.4000000000000001,6.4,0.0,Overstock,Markdown / Clear,0.0,0.0,657.36,0.0,264.0
23652,SET 10 CARD CHRISTMAS STAMPS 16963,2,5.82,2.91,1,78,80,17,2.0,14.0,2.8000000000000003,36.8,0.0,Overstock,Markdown / Clear,0.0,0.0,226.98000000000002,0.0,78.0
23654,SET 10 CARD SNOWMAN 16965,5,12.450000000000001,2.49,4,344,40,4,1.25,8.75,1.75,6.75,0.0,Overstock,Markdown / Clear,0.0,0.0,856.5600000000001,0.0,344.0
23660,HENRIETTA HEN MUG ,306,534.66,2.326363636363636,22,180,132,19,13.909090909090908,97.36363636363636,19.472727272727273,283.74545454545455,0.0,Overstock,Markdown / Clear,0.0,0.0,418.7454545454545,0.0,180.0
23661,MILK MAIDS MUG ,219,393.59,2.2699999999999996,23,198,159,8,9.521739130434783,66.65217391304348,13.330434782608698,89.50434782608696,0.0,Overstock,Markdown / Clear,0.0,0.0,449.4599999999999,0.0,198.0
23664,FLOWER SHOP DESIGN MUG,1,1.65,1.65,1,225,197,10,1.0,7.0,1.4000000000000001,11.4,0.0,Overstock,Markdown / Clear,0.0,0.0,371.25,0.0,225.0
23681,LUNCH BAG RED VINTAGE DOILY,1576,2525.04,1.8328359788359785,30,31,34,5,52.53333333333333,367.73333333333335,73.54666666666667,336.2133333333333,0.0,Stockout Risk,Reorder Now,43.0,0.0,0.0,0.0,31.0
23691,KEEP CALM BIRTHDAY WRAP,50,21.0,0.42,1,295,21,20,50.0,350.0,70.0,1070.0,0.0,Overstock,Markdown / Clear,0.0,0.0,123.89999999999999,0.0,295.0
23691,WRAP KEEP CALM BIRTHDAY,1125,460.5,0.4194,20,200,192,3,56.25,393.75,78.75,247.5,0.0,Overstock,Markdown / Clear,0.0,0.0,83.88,0.0,200.0
23692,WRAP A PRETTY THANK YOU,50,21.0,0.42,2,261,149,18,25.0,175.0,35.0,485.0,0.0,Overstock,Markdown / Clear,0.0,0.0,109.61999999999999,0.0,261.0
23694,PAISLEY PARK CARD,376,165.08,0.5948666666666667,20,235,111,9,18.8,131.6,26.32,195.52,0.0,Overstock,Markdown / Clear,0.0,0.0,139.79366666666667,0.0,235.0
23695,DOILY THANK YOU CARD,741,313.24,0.5039924242424242,22,270,10,5,33.68181818181818,235.77272727272725,47.154545454545456,215.56363636363636,0.0,Overstock,Markdown / Clear,0.0,0.0,136.07795454545453,0.0,270.0
23697,A PRETTY THANK YOU CARD,456,194.58,0.5244166666666666,20,318,2,6,22.8,159.6,31.92,168.72000000000003,0.0,Overstock,Markdown / Clear,0.0,0.0,166.7645,0.0,318.0
23702,High Resolution Image,4,27.0,8.5,3,145,136,11,1.3333333333333333,9.333333333333332,1.8666666666666665,16.53333333333333,0.0,Overstock,Markdown / Clear,0.0,0.0,1232.5,0.0,145.0
23843,"PAPER CRAFT , LITTLE BIRDIE",80995,168469.6,2.08,1,236,59,7,80995.0,566965.0,113393.0,680358.0,0.0,Stockout Risk,Reorder Now,113157.0,0.0,0.0,0.0,236.0
35001G,HAND OPEN SHAPE GOLD,198,677.34,3.705925925925926,27,325,75,17,7.333333333333333,51.33333333333333,10.266666666666666,134.93333333333334,13.5,Overstock,Markdown / Clear,0.0,0.0,1154.395925925926,0.03366583541147132,22.413793103448278
35001W,HAND OPEN SHAPE DECO.WHITE,92,270.02,3.0840000000000005,5,304,86,10,18.4,128.79999999999998,25.759999999999998,209.76,0.0,Overstock,Markdown / Clear,0.0,0.0,937.5360000000002,0.0,304.0
35004B,SET OF 3 BLACK FLYING DUCKS,577,2934.81,6.190037037037038,90,204,13,8,6.411111111111111,44.87777777777778,8.975555555555557,60.26444444444445,5.0,Overstock,Markdown / Clear,0.0,0.0,1231.8173703703706,0.022935779816513763,34.0
35004C,SET OF 3 COLOURED  FLYING DUCKS,394,1888.1000000000001,5.256896551724139,29,58,17,20,13.586206896551724,95.10344827586206,19.020689655172415,290.7448275862069,0.0,Overstock,Markdown / Clear,0.0,0.0,304.90000000000003,0.0,58.0
35004G,SET OF 3 GOLD FLYING DUCKS,127,454.65,5.35,21,242,112,17,6.0476190476190474,42.33333333333333,8.466666666666667,111.27619047619048,25.0,Overstock,Markdown / Clear,0.0,0.0,1160.9499999999998,0.07042253521126761,9.307692307692308
35004P,SET OF 3 PINK FLYING DUCKS,1,5.45,5.45,1,203,72,9,1.0,7.0,1.4000000000000001,10.4,0.0,Overstock,Markdown / Clear,0.0,0.0,1106.3500000000001,0.0,203.0
35095A,BLUE VICTORIAN FABRIC OVAL BOX,925,388.57,0.6836147186147186,77,446,22,12,12.012987012987013,84.0909090909091,16.81818181818182,160.97402597402598,39.5,Overstock,Markdown / Clear,0.0,0.0,277.8893831168831,0.08422174840085288,11.012345679012345
35095B,RED VICTORIAN FABRIC OVAL BOX,862,352.25,0.6509915611814345,79,197,82,8,10.91139240506329,76.37974683544303,15.275949367088607,102.56708860759494,22.5,Overstock,Markdown / Clear,0.0,0.0,113.59802742616033,0.08035714285714286,8.382978723404255
35241,ENAMEL BLUE RIM BISCUIT BIN,103,530.49,5.9037500000000005,40,426,124,16,2.575,18.025000000000002,3.6050000000000004,44.80500000000001,0.0,Overstock,Markdown / Clear,0.0,0.0,2514.9975000000004,0.0,426.0
35265,COLOURFUL FLOWER FRUIT BOWL,17,52.2,2.2875,12,447,174,19,1.4166666666666667,9.916666666666668,1.9833333333333336,28.900000000000002,0.0,Overstock,Markdown / Clear,0.0,0.0,1022.5125,0.0,447.0
35271S,GOLD PRINT PAPER BAG,19,3.6100000000000003,0.19,2,313,68,11,9.5,66.5,13.3,117.8,0.0,Overstock,Markdown / Clear,0.0,0.0,59.47,0.0,313.0
35400,WOODEN BOX ADVENT CALENDAR ,10,89.5,8.95,4,359,46,7,2.5,17.5,3.5,21.0,0.0,Overstock,Markdown / Clear,0.0,0.0,3213.0499999999997,0.0,359.0
35443,RASTA IN BATH W SPLIFF ASHTRAY,8,6.8,0.85,6,170,115,9,1.3333333333333333,9.333333333333332,1.8666666666666665,13.866666666666667,0.0,Overstock,Markdown / Clear,0.0,0.0,144.5,0.0,170.0
35471D,SET OF 3 BIRD LIGHT PINK FEATHER ,1848,979.11,1.0263816793893128,131,403,29,9,14.106870229007633,98.74809160305344,19.74961832061069,146.71145038167938,93.5,Overstock,Markdown / Clear,0.0,0.0,317.66512977099234,0.21593533487297922,4.264550264550264
35591T,TURQUOISE CHRISTMAS TREE ,5,6.25,1.25,4,145,24,4,1.25,8.75,1.75,6.75,0.0,Overstock,Markdown / Clear,0.0,0.0,181.25,0.0,145.0
35597A,DUSTY PINK CHRISTMAS TREE 30CM,1,1.25,1.25,1,320,155,18,1.0,7.0,1.4000000000000001,19.4,0.0,Overstock,Markdown / Clear,0.0,0.0,400.0,0.0,320.0
35597B,BLACKCHRISTMAS TREE 30CM,1,1.25,1.25,1,327,111,15,1.0,7.0,1.4000000000000001,16.4,0.0,Overstock,Markdown / Clear,0.0,0.0,408.75,0.0,327.0
35597D,PINK/WHITE CHRISTMAS TREE 30CM,46,17.479999999999997,0.38,2,355,24,10,23.0,161.0,32.2,262.2,0.0,Overstock,Markdown / Clear,0.0,0.0,134.9,0.0,355.0
35598A,DUSTY PINK CHRISTMAS TREE 60CM,9,26.550000000000004,2.95,2,453,73,8,4.5,31.5,6.300000000000001,42.3,0.0,Overstock,Markdown / Clear,0.0,0.0,1336.3500000000001,0.0,453.0
35598B,BLACK CHRISTMAS TREE 60CM,558,460.64,1.8618181818181818,22,253,57,8,25.363636363636363,177.54545454545453,35.50909090909091,238.4181818181818,48.0,Overstock,Markdown / Clear,0.0,0.0,381.6727272727273,0.15434083601286175,5.163265306122449
35598C,WHITE CHRISTMAS TREE 60CM,2,5.9,2.95,2,399,93,11,1.0,7.0,1.4000000000000001,12.4,0.0,Overstock,Markdown / Clear,0.0,0.0,1177.0500000000002,0.0,399.0
35598D,PINK/WHITE CHRISTMAS TREE 60CM,684,493.01,1.3793055555555556,36,394,118,6,19.0,133.0,26.6,140.6,49.0,Overstock,Markdown / Clear,0.0,0.0,475.86041666666665,0.09551656920077972,7.88
35599B,BLACK CHRISTMAS TREE 120CM,217,551.13,3.5176923076923075,26,27,126,13,8.346153846153847,58.42307692307693,11.684615384615386,120.18461538461538,90.0,Healthy,No Action,75.0,0.0,0.0,0.5844155844155844,0.2967032967032967
35599D,PINK AND WHITE CHRISTMAS TREE 120CM,201,553.07,4.0524000000000004,25,360,168,7,8.04,56.279999999999994,11.256,67.536,53.0,Overstock,Markdown / Clear,0.0,0.0,1244.0868,0.1001890359168242,6.666666666666667
35607A,PINK FLUFFY CHRISTMAS DECORATION,26,7.82,0.9099999999999999,2,148,24,19,13.0,91.0,18.2,265.2,0.0,Overstock,Markdown / Clear,0.0,0.0,134.67999999999998,0.0,148.0
35607B,BLACK FEATHER CHRISTMAS DECORATION,96,18.240000000000002,0.19,7,283,77,9,13.714285714285714,96.0,19.200000000000003,142.62857142857143,0.0,Overstock,Markdown / Clear,0.0,0.0,53.77,0.0,283.0
35609A,PINK FEATHER CHRISTMAS DECORATION,1,2.51,2.51,1,176,98,17,1.0,7.0,1.4000000000000001,18.4,0.0,Overstock,Markdown / Clear,0.0,0.0,441.76,0.0,176.0
35610A,PINK CHRISTMAS FLOCK DROPLET ,10,15.02,2.09,3,371,115,17,3.3333333333333335,23.333333333333336,4.666666666666667,61.333333333333336,0.0,Overstock,Markdown / Clear,0.0,0.0,775.39,0.0,371.0
35610B,BLACK CHRISTMAS FLOCK DROPLET ,24,30.0,1.25,1,377,47,16,24.0,168.0,33.6,417.6,0.0,Overstock,Markdown / Clear,0.0,0.0,471.25,0.0,377.0
35610C,WHITE CHRISTMAS FLOCK DROPLET ,25,32.51,1.88,2,24,9,15,12.5,87.5,17.5,205.0,0.0,Overstock,Markdown / Clear,0.0,0.0,45.12,0.0,24.0
35637A,IVORY STRING CURTAIN WITH POLE ,170,440.62,4.466296296296297,27,105,98,13,6.296296296296297,44.074074074074076,8.814814814814815,90.66666666666667,0.0,Overstock,Markdown / Clear,0.0,0.0,468.96111111111117,0.0,105.0
35637C,PINK STRING CURTAIN WITH POLE,30,100.86,6.212222222222222,9,194,10,15,3.3333333333333335,23.333333333333336,4.666666666666667,54.666666666666664,0.0,Overstock,Markdown / Clear,0.0,0.0,1205.171111111111,0.0,194.0
35638A,PINK AND BLACK STRING CURTAIN,38,82.1,3.55,5,309,84,11,7.6,53.199999999999996,10.64,94.24,0.0,Overstock,Markdown / Clear,0.0,0.0,1096.95,0.0,309.0
35638B,PINK/BLUE STRING CURTAIN ,57,128.32999999999998,5.386,5,212,148,12,11.4,79.8,15.96,152.76000000000002,0.0,Overstock,Markdown / Clear,0.0,0.0,1141.832,0.0,212.0
35645,VINTAGE BEAD PINK JEWEL BOX,4,17.0,4.25,3,330,172,6,1.3333333333333333,9.333333333333332,1.8666666666666665,9.866666666666667,0.0,Overstock,Markdown / Clear,0.0,0.0,1402.5,0.0,330.0
35646,VINTAGE BEAD PINK EVENING BAG,619,937.25,1.968470319634703,73,138,134,19,8.479452054794521,59.35616438356165,11.87123287671233,172.9808219178082,13.0,Overstock,Markdown / Clear,0.0,0.0,246.0587899543379,0.047619047619047616,9.857142857142858
35647,VINTAGE BEAD PINK SHADE ,13,16.25,1.25,2,237,191,16,6.5,45.5,9.1,113.1,0.0,Overstock,Markdown / Clear,0.0,0.0,296.25,0.0,237.0
35648,VINTAGE BEAD PINK PURSE ,979,1066.66,1.490498442367601,107,446,125,20,9.149532710280374,64.04672897196262,12.809345794392526,195.8,12.0,Overstock,Markdown / Clear,0.0,0.0,646.8763239875389,0.02097902097902098,34.30769230769231
35649,VINTAGE BEAD COSMETIC BAG ,57,156.85,2.7176666666666667,30,477,63,13,1.9,13.299999999999999,2.66,27.36,0.0,Overstock,Markdown / Clear,0.0,0.0,1296.327,0.0,477.0
35650,VINTAGE BEAD PINK JEWEL STAND,1,4.95,4.95,1,433,1,18,1.0,7.0,1.4000000000000001,19.4,0.0,Overstock,Markdown / Clear,0.0,0.0,2143.35,0.0,433.0
35651,VINTAGE BEAD PINK SCARF ,451,985.8399999999999,2.8549612403100775,43,133,75,3,10.488372093023257,73.4186046511628,14.68372093023256,46.14883720930233,0.0,Overstock,Markdown / Clear,0.0,0.0,379.7098449612403,0.0,133.0
35653,VINTAGE BEAD NOTEBOOK,150,433.19,3.263076923076923,39,485,120,9,3.8461538461538463,26.923076923076923,5.384615384615385,40.0,0.0,Overstock,Markdown / Clear,0.0,0.0,1582.5923076923077,0.0,485.0
35809A,ENAMEL PINK TEA CONTAINER,420,488.06,2.1262234042553194,47,164,41,12,8.936170212765957,62.553191489361694,12.51063829787234,119.7446808510638,0.0,Overstock,Markdown / Clear,0.0,0.0,348.7006382978724,0.0,164.0
35809B,ENAMEL BLUE RIM TEA CONTAINER,8,9.18,1.6766666666666667,3,45,53,11,2.6666666666666665,18.666666666666664,3.733333333333333,33.06666666666666,0.0,Overstock,Markdown / Clear,0.0,0.0,75.45,0.0,45.0
35809a,ENAMEL PINK TEA CONTAINER,9,37.33,4.147777777777778,9,155,74,5,1.0,7.0,1.4000000000000001,6.4,0.0,Overstock,Markdown / Clear,0.0,0.0,642.9055555555556,0.0,155.0
35810A,ENAMEL PINK COFFEE CONTAINER,633,640.09,1.7050793650793652,63,322,15,16,10.047619047619047,70.33333333333333,14.066666666666666,174.82857142857142,0.0,Overstock,Markdown / Clear,0.0,0.0,549.0355555555556,0.0,322.0
35810B,ENAMEL BLUE RIM COFFEE CONTAINER,152,174.09,1.6463636363636363,22,251,17,17,6.909090909090909,48.36363636363637,9.672727272727274,127.12727272727273,1.0,Overstock,Markdown / Clear,0.0,0.0,411.59090909090907,0.0037174721189591076,125.5
35815P,"ACRYLIC JEWEL SNOWFLAKE, PINK",162,63.28,0.724,5,388,186,4,32.4,226.79999999999998,45.36,174.95999999999998,0.0,Overstock,Markdown / Clear,0.0,0.0,280.912,0.0,388.0
35816P,"ACRYLIC JEWEL ANGEL,PINK",78,29.64,0.38,2,95,89,16,39.0,273.0,54.6,678.6,0.0,Overstock,Markdown / Clear,0.0,0.0,36.1,0.0,95.0
35817P,"ACRYLIC JEWEL SNOWFLAKE,PINK",6,15.3,2.55,1,494,143,18,6.0,42.0,8.4,116.4,0.0,Overstock,Markdown / Clear,0.0,0.0,1259.6999999999998,0.0,494.0
35817P,PINK ACRYLIC JEWEL SNOWFLAKE,12,4.5600000000000005,0.38,1,347,5,9,12.0,84.0,16.8,124.8,0.0,Overstock,Markdown / Clear,0.0,0.0,131.86,0.0,347.0
35818B,"ACRYLIC JEWEL ICICLE, BLUE",31,11.78,0.38000000000000006,3,364,184,6,10.333333333333334,72.33333333333334,14.466666666666669,76.46666666666667,0.0,Overstock,Markdown / Clear,0.0,0.0,138.32000000000002,0.0,364.0
35818P,"ACRYLIC JEWEL ICICLE, PINK",263,105.83,0.7264705882352941,17,321,107,20,15.470588235294118,108.29411764705883,21.658823529411766,331.07058823529417,7.0,Overstock,Markdown / Clear,0.0,0.0,228.11176470588234,0.016317016317016316,40.125
35819B,"ACRYLIC HANGING JEWEL,BLUE",268,106.05,0.601578947368421,19,471,174,7,14.105263157894736,98.73684210526315,19.74736842105263,118.48421052631578,0.0,Overstock,Markdown / Clear,0.0,0.0,283.3436842105263,0.0,471.0
35819P,"ACRYLIC HANGING JEWEL,PINK",95,66.55,0.5042857142857143,7,308,47,8,13.571428571428571,95.0,19.0,127.57142857142857,0.0,Overstock,Markdown / Clear,0.0,0.0,155.32000000000002,0.0,308.0
35833G,4 GOLD FLOCK CHRISTMAS BALLS,2,6.72,3.36,1,20,41,9,2.0,14.0,2.8000000000000003,20.8,0.0,Overstock,Markdown / Clear,0.0,0.0,67.2,0.0,20.0
35833P,4 PINK FLOCK CHRISTMAS BALLS,49,88.47,2.24175,20,166,75,17,2.45,17.150000000000002,3.4300000000000006,45.080000000000005,0.0,Overstock,Markdown / Clear,0.0,0.0,372.13050000000004,0.0,166.0
35909A,RABBIT EASTER DECORATION,8,23.6,2.9500000000000006,3,306,187,3,2.6666666666666665,18.666666666666664,3.733333333333333,11.733333333333333,0.0,Overstock,Markdown / Clear,0.0,0.0,902.7000000000002,0.0,306.0
35909B,PINK FLOWERS RABBIT EASTER,8,23.6,2.95,2,483,76,6,4.0,28.0,5.6000000000000005,29.6,0.0,Overstock,Markdown / Clear,0.0,0.0,1424.8500000000001,0.0,483.0
35910A,MULTICOLOUR EASTER RABBIT ,20,39.0,1.95,4,161,131,3,5.0,35.0,7.0,22.0,0.0,Overstock,Markdown / Clear,0.0,0.0,313.95,0.0,161.0
35910B,PINK FLOWERS RABBIT EASTER,13,25.349999999999998,1.95,3,72,129,13,4.333333333333333,30.333333333333332,6.066666666666666,62.39999999999999,0.0,Overstock,Markdown / Clear,0.0,0.0,140.4,0.0,72.0
35911A,MULTICOLOUR RABBIT EGG WARMER,319,292.07,1.0147530864197531,54,323,58,20,5.907407407407407,41.351851851851855,8.27037037037037,126.41851851851852,0.0,Overstock,Markdown / Clear,0.0,0.0,327.76524691358026,0.0,323.0
35911B,PINK/FLOWER RABBIT EGG WARMER ,119,100.75999999999999,1.2736363636363637,11,88,154,16,10.818181818181818,75.72727272727273,15.145454545454548,188.23636363636365,0.0,Overstock,Markdown / Clear,0.0,0.0,112.08,0.0,88.0
35912B,WHITE/PINK CHICK DECORATION,252,301.26,1.7078947368421054,19,380,26,13,13.263157894736842,92.84210526315789,18.568421052631578,190.98947368421054,0.0,Overstock,Markdown / Clear,0.0,0.0,649.0,0.0,380.0
35913B,WHITE/PINK CHICK EASTER DECORATION,36,35.48,0.9855555555555555,9,109,78,12,4.0,28.0,5.6000000000000005,53.6,0.0,Overstock,Markdown / Clear,0.0,0.0,107.42555555555555,0.0,109.0
35914,PINK CHICK EGG WARMER + EGG CUP,195,218.81,1.2440740740740739,27,465,71,19,7.222222222222222,50.55555555555556,10.111111111111112,147.33333333333334,0.0,Overstock,Markdown / Clear,0.0,0.0,578.4944444444444,0.0,465.0
35915B,BLUE KNITTED HEN ,220,257.21999999999997,1.051022988505747,29,239,6,6,7.586206896551724,53.10344827586207,10.620689655172415,56.13793103448276,0.0,Overstock,Markdown / Clear,0.0,0.0,251.1944942528735,0.0,239.0
35915C,PEACH KNITTED HEN ,315,316.46,1.1052777777777778,36,469,190,17,8.75,61.25,12.25,161.0,0.0,Overstock,Markdown / Clear,0.0,0.0,518.3752777777778,0.0,469.0
35916A,YELLOW FELT HANGING HEART W FLOWER,87,67.39,0.78375,24,211,110,18,3.625,25.375,5.075,70.325,0.0,Overstock,Markdown / Clear,0.0,0.0,165.37124999999997,0.0,211.0
35916B,BLUE FELT HANGING HEART W FLOWER,16,26.11,1.645,2,473,118,15,8.0,56.0,11.200000000000001,131.2,0.0,Overstock,Markdown / Clear,0.0,0.0,778.085,0.0,473.0
35916B,BLUE FELT HANGING HEART WITH FLOWER,75,50.57,0.7153846153846154,26,82,173,11,2.8846153846153846,20.192307692307693,4.038461538461539,35.76923076923077,0.0,Overstock,Markdown / Clear,0.0,0.0,58.66153846153846,0.0,82.0
35916C,PINK FELT HANGING HEART W FLOWER,106,107.72,0.901578947368421,19,92,62,13,5.578947368421052,39.05263157894736,7.810526315789473,80.33684210526316,0.0,Overstock,Markdown / Clear,0.0,0.0,82.94526315789473,0.0,92.0
35920,FOUR RABBIT EASTER DECORATIONS,72,104.84,1.9124999999999999,14,180,123,13,5.142857142857143,36.0,7.2,74.05714285714286,0.0,Overstock,Markdown / Clear,0.0,0.0,344.25,0.0,180.0
35921,EASTER BUNNY HANGING GARLAND,68,133.23,2.9675925925925926,18,188,11,8,3.7777777777777777,26.444444444444443,5.288888888888889,35.51111111111111,0.0,Overstock,Markdown / Clear,0.0,0.0,557.9074074074074,0.0,188.0
35922,EASTER BUNNY WREATH,28,138.6,4.95,9,108,140,3,3.111111111111111,21.77777777777778,4.355555555555556,13.68888888888889,0.0,Overstock,Markdown / Clear,0.0,0.0,534.6,0.0,108.0
35923,CANDY HEART HANGING DECORATION,1318,690.52,0.7680272108843538,49,195,42,8,26.897959183673468,188.28571428571428,37.65714285714286,252.84081632653061,0.0,Overstock,Markdown / Clear,0.0,0.0,149.76530612244898,0.0,195.0
35924,HANGING FAIRY CAKE DECORATION,820,1484.3,2.6963793103448275,58,288,16,15,14.137931034482758,98.9655172413793,19.79310344827586,231.86206896551724,1.0,Overstock,Markdown / Clear,0.0,0.0,773.8608620689655,0.003278688524590164,144.0
35933,PINK STOCKING CHRISTMAS DECORATION,226,92.21,0.5778125,16,92,62,7,14.125,98.875,19.775000000000002,118.65,0.0,Overstock,Markdown / Clear,0.0,0.0,53.15875,0.0,92.0
35953,FOLKART STAR CHRISTMAS DECORATIONS,3581,1633.6699999999998,0.7090885416666667,64,264,119,17,55.953125,391.671875,78.33437500000001,1029.5375,291.0,Healthy,No Action,105.0,0.0,0.0,0.7578125,0.9041095890410958
35954,SMALL FOLKART STAR CHRISTMAS DEC,1245,350.48,0.9344444444444444,36,96,35,20,34.583333333333336,242.08333333333334,48.41666666666667,740.0833333333334,0.0,Overstock,Markdown / Clear,0.0,0.0,89.70666666666666,0.0,96.0
35957,SMALLFOLKART BAUBLE CHRISTMAS DEC,688,361.81,1.3192028985507245,23,178,7,16,29.91304347826087,209.3913043478261,41.878260869565224,520.4869565217391,0.0,Overstock,Markdown / Clear,0.0,0.0,234.81811594202895,0.0,178.0
35958,FOLKART ZINC STAR CHRISTMAS DEC,12,10.2,0.85,3,478,68,17,4.0,28.0,5.6000000000000005,73.6,0.0,Overstock,Markdown / Clear,0.0,0.0,406.3,0.0,478.0
35961,FOLKART ZINC HEART CHRISTMAS DEC,2986,2629.81,1.1103975903614458,166,343,89,7,17.987951807228917,125.91566265060243,25.18313253012049,151.0987951807229,39.0,Overstock,Markdown / Clear,0.0,0.0,337.56086746987955,0.09006928406466513,8.575
35964,FOLKART CLIP ON STARS,783,404.08,0.8987566137566136,63,117,35,6,12.428571428571429,87.0,17.400000000000002,91.97142857142858,68.5,Healthy,No Action,0.0,0.0,0.0,0.4477124183006536,1.683453237410072
35965,FOLKART HEART NAPKIN RINGS,366,551.13,2.320847457627119,59,400,27,4,6.203389830508475,43.42372881355932,8.684745762711865,33.498305084745766,0.0,Overstock,Markdown / Clear,0.0,0.0,928.3389830508476,0.0,400.0
35966,FOLKART CHRISTMAS TREE T-LIGHT HOLD,27,10.260000000000002,0.38,2,121,117,9,13.5,94.5,18.900000000000002,140.4,0.0,Overstock,Markdown / Clear,0.0,0.0,45.980000000000004,0.0,121.0
35967,FOLK ART METAL STAR T-LIGHT HOLDER,485,252.33,0.7288580246913581,54,151,92,12,8.981481481481481,62.87037037037037,12.574074074074074,120.35185185185185,34.0,Overstock,Markdown / Clear,0.0,0.0,85.27638888888889,0.13934426229508196,4.314285714285714
35968,FOLK ART METAL HEART T-LIGHT HOLDER,163,82.1,0.43944444444444447,18,121,174,18,9.055555555555555,63.388888888888886,12.677777777777777,175.67777777777778,0.0,Overstock,Markdown / Clear,0.0,0.0,53.17277777777778,0.0,121.0
35970,ZINC FOLKART SLEIGH BELLS,5050,9512.73,2.7977108055343347,136,38,75,12,37.13235294117647,259.9264705882353,51.985294117647065,497.57352941176475,261.5,Stockout Risk,Reorder Now,275.0,731.6013756472286,0.0,2.293859649122807,0.14476190476190476
35971,ROSE FOLKART HEART DECORATIONS,462,600.9300000000001,1.8102192982456138,76,473,100,20,6.078947368421052,42.55263157894736,8.510526315789473,130.0894736842105,4.0,Overstock,Markdown / Clear,0.0,0.0,848.9928508771928,0.006968641114982578,94.6
35972,DAISY FOLKART HEART DECORATION,96,120.0,1.25,15,101,157,19,6.4,44.800000000000004,8.96,130.56,0.0,Overstock,Markdown / Clear,0.0,0.0,126.25,0.0,101.0
37327,ASSTD MULTICOLOUR CIRCLES MUG,1578,840.0799999999999,1.7128461538461537,65,416,150,15,24.276923076923076,169.93846153846152,33.987692307692306,398.14153846153846,0.0,Overstock,Markdown / Clear,0.0,0.0,712.544,0.0,416.0
37330,BIG POLKADOT MUG,6,2.34,0.39,1,298,143,3,6.0,42.0,8.4,26.4,0.0,Overstock,Markdown / Clear,0.0,0.0,116.22,0.0,298.0
37333,"RETRO ""TEA FOR ONE"" ",21,120.99,5.6499999999999995,16,358,13,3,1.3125,9.1875,1.8375000000000001,5.775,0.0,Overstock,Markdown / Clear,0.0,0.0,2022.6999999999998,0.0,358.0
37340,MULTICOLOUR SPRING FLOWER MUG,2544,1695.86,2.454678819444444,96,384,70,17,26.5,185.5,37.1,487.6,40.0,Overstock,Markdown / Clear,0.0,0.0,844.4095138888888,0.08791208791208792,9.365853658536585
37342,POLKADOT COFFEE CUP & SAUCER PINK,1570,1489.01,1.5460930735930736,77,350,179,3,20.38961038961039,142.72727272727272,28.545454545454547,89.71428571428572,0.0,Overstock,Markdown / Clear,0.0,0.0,541.1325757575758,0.0,350.0
37343,POLKADOT MUG PINK ,72,123.3,2.1149999999999998,12,148,123,8,6.0,42.0,8.4,56.4,0.0,Overstock,Markdown / Clear,0.0,0.0,313.02,0.0,148.0
37351,ORANGE FLOWER MUG ,10,9.06,0.8200000000000001,2,363,124,15,5.0,35.0,7.0,82.0,0.0,Overstock,Markdown / Clear,0.0,0.0,297.66,0.0,363.0
37370,RETRO COFFEE MUGS ASSORTED,2567,3839.0099999999998,4.522355537720706,89,329,36,3,28.84269662921348,201.89887640449436,40.379775280898876,126.90786516853933,0.0,Overstock,Markdown / Clear,0.0,0.0,1487.8549719101125,0.0,329.0
37379A,PINK CHERRY BLOSSOM CUP & SAUCER,6,7.5,1.25,1,474,28,7,6.0,42.0,8.4,50.4,0.0,Overstock,Markdown / Clear,0.0,0.0,592.5,0.0,474.0
37413,ICON MUG REVOLUTIONARY,703,284.49,0.41915254237288135,59,108,194,11,11.915254237288135,83.40677966101694,16.681355932203388,147.74915254237288,0.0,Overstock,Markdown / Clear,0.0,0.0,45.26847457627119,0.0,108.0
37423,WHITE WITH BLACK CATS PLATE,78,33.18,0.5433333333333333,3,232,142,19,26.0,182.0,36.4,530.4,0.0,Overstock,Markdown / Clear,0.0,0.0,126.05333333333333,0.0,232.0
37444A,YELLOW BREAKFAST CUP AND SAUCER,53,66.35000000000001,2.036666666666667,18,162,174,18,2.9444444444444446,20.611111111111114,4.122222222222223,57.12222222222222,0.0,Overstock,Markdown / Clear,0.0,0.0,329.94000000000005,0.0,162.0
37444B,BLUE BREAKFAST CUP AND SAUCER ,4,11.8,2.9500000000000006,3,84,173,10,1.3333333333333333,9.333333333333332,1.8666666666666665,15.2,0.0,Overstock,Markdown / Clear,0.0,0.0,247.80000000000004,0.0,84.0
37444C,PINK BREAKFAST CUP AND SAUCER ,21,42.27,2.225,8,95,179,19,2.625,18.375,3.6750000000000003,53.55,0.0,Overstock,Markdown / Clear,0.0,0.0,211.375,0.0,95.0
37446,MINI CAKE STAND WITH HANGING CAKES,1354,1976.09,1.7640821256038648,138,218,18,17,9.81159420289855,68.68115942028986,13.736231884057972,180.53333333333336,16.0,Overstock,Markdown / Clear,0.0,0.0,356.3445893719807,0.06751054852320675,12.823529411764707
37447,CERAMIC CAKE DESIGN SPOTTED PLATE,820,1313.28,2.0621388888888887,90,162,105,3,9.11111111111111,63.77777777777777,12.755555555555555,40.08888888888889,1.0,Overstock,Markdown / Clear,0.0,0.0,332.0043611111111,0.0037313432835820895,81.0
37448,CERAMIC CAKE DESIGN SPOTTED MUG,1451,2206.63,1.7887121212121213,132,424,20,14,10.992424242424242,76.94696969696969,15.389393939393939,169.2833333333333,33.0,Overstock,Markdown / Clear,0.0,0.0,699.3864393939394,0.07415730337078652,12.470588235294118
37449,CERAMIC CAKE STAND + HANGING CAKES,563,5117.29,9.863850282485876,118,422,63,7,4.771186440677966,33.398305084745765,6.6796610169491535,40.07796610169492,5.0,Overstock,Markdown / Clear,0.0,0.0,4113.22556779661,0.0102880658436214,70.33333333333333
37450,CERAMIC CAKE BOWL + HANGING CAKES,714,2117.54,3.706598639455782,98,335,164,8,7.285714285714286,51.0,10.200000000000001,68.48571428571428,5.0,Overstock,Markdown / Clear,0.0,0.0,1223.1775510204081,0.01,55.833333333333336
37461,FUNKY MONKEY MUG,1,1.25,1.25,1,112,26,3,1.0,7.0,1.4000000000000001,4.4,0.0,Overstock,Markdown / Clear,0.0,0.0,140.0,0.0,112.0
37462E,"PET MUG, GOLDFISH",36,13.1,0.6383333333333333,12,492,54,3,3.0,21.0,4.2,13.2,1.0,Overstock,Markdown / Clear,0.0,0.0,313.4216666666667,0.0018281535648994515,246.0
37464,ROBOT MUG IN DISPLAY BOX,3,3.75,1.25,2,436,28,12,1.5,10.5,2.1,20.1,0.0,Overstock,Markdown / Clear,0.0,0.0,545.0,0.0,436.0
37467,PIG MUG IN TWO COLOUR DESIGNS,159,130.26999999999998,1.4883333333333333,15,324,147,12,10.6,74.2,14.840000000000002,142.04,0.0,Overstock,Markdown / Clear,0.0,0.0,482.21999999999997,0.0,324.0
37468,HARDMAN MUG 3 ASSORTED,64,32.03,0.9791666666666666,12,243,24,5,5.333333333333333,37.33333333333333,7.466666666666666,34.13333333333333,0.0,Overstock,Markdown / Clear,0.0,0.0,237.9375,0.0,243.0
37471,MULTICOLOUR POLKADOT PLATE,29,30.43,2.776666666666667,3,310,69,19,9.666666666666666,67.66666666666666,13.533333333333331,197.2,0.0,Overstock,Markdown / Clear,0.0,0.0,860.7666666666668,0.0,310.0
37474,SET/4 2 TONE EGG SHAPE MIXING BOWLS,1,9.95,9.95,1,447,62,13,1.0,7.0,1.4000000000000001,14.4,0.0,Overstock,Markdown / Clear,0.0,0.0,4447.65,0.0,447.0
37475,SET/4 COLOURFUL MIXING BOWLS,70,661.98,9.851052631578947,38,121,163,20,1.8421052631578947,12.894736842105264,2.578947368421053,39.421052631578945,0.0,Overstock,Markdown / Clear,0.0,0.0,1191.9773684210525,0.0,121.0
37476,CONDIMENT TRAY 4 BOWLS AND 4 SPOONS,37,399.02,11.417307692307691,26,493,129,4,1.4230769230769231,9.961538461538462,1.9923076923076923,7.684615384615385,0.0,Overstock,Markdown / Clear,0.0,0.0,5628.732692307692,0.0,493.0
37479B,CUBIC MUG FLOCK BLUE ON BROWN,131,78.08999999999999,1.4131578947368422,19,286,149,11,6.894736842105263,48.26315789473684,9.65263157894737,85.49473684210525,0.0,Overstock,Markdown / Clear,0.0,0.0,404.16315789473686,0.0,286.0
37479P,CUBIC MUG FLOCK PINK ON BROWN,163,142.23,2.3017241379310347,29,374,15,19,5.620689655172414,39.3448275862069,7.86896551724138,114.66206896551724,0.0,Overstock,Markdown / Clear,0.0,0.0,860.844827586207,0.0,374.0
37482P,CUBIC MUG PINK POLKADOT,494,349.35,3.3208333333333333,36,475,145,16,13.722222222222221,96.05555555555554,19.21111111111111,238.76666666666665,0.0,Overstock,Markdown / Clear,0.0,0.0,1577.3958333333333,0.0,475.0
37487B,YELLOW/ORANGE FLOWER DESIGN PLATE,68,19.72,0.29,2,129,196,6,34.0,238.0,47.6,251.6,0.0,Overstock,Markdown / Clear,0.0,0.0,37.41,0.0,129.0
37488A,YELLOW PINK FLOWER DESIGN BIG BOWL,28,10.92,0.38999999999999996,3,481,181,19,9.333333333333334,65.33333333333334,13.06666666666667,190.4,0.0,Overstock,Markdown / Clear,0.0,0.0,187.58999999999997,0.0,481.0
37489A,YELLOW/PINK FLOWER DESIGN BIG MUG,33,14.43,0.5014285714285714,14,349,99,19,2.357142857142857,16.5,3.3000000000000003,48.08571428571428,0.0,Overstock,Markdown / Clear,0.0,0.0,174.99857142857144,0.0,349.0
37489B,BLUE/YELLOW FLOWER DESIGN BIG MUG,31,16.77,0.65,12,469,29,14,2.5833333333333335,18.083333333333336,3.616666666666667,39.78333333333334,0.0,Overstock,Markdown / Clear,0.0,0.0,304.85,0.0,469.0
37489C,GREEN/BLUE FLOWER DESIGN BIG MUG,23,13.65,0.78,8,449,44,20,2.875,20.125,4.025,61.525,0.0,Overstock,Markdown / Clear,0.0,0.0,350.22,0.0,449.0
37489D,PINK/GREEN FLOWER DESIGN BIG MUG,40,17.16,0.4875,16,284,18,5,2.5,17.5,3.5,16.0,2.0,Overstock,Markdown / Clear,0.0,0.0,137.475,0.006600660066006601,94.66666666666667
37491A,YELLOW/PINK CERAMIC CANDLE HOLDER,6,19.81,3.3075,4,22,33,13,1.5,10.5,2.1,21.6,0.0,Overstock,Markdown / Clear,0.0,0.0,72.765,0.0,22.0
37491B,BLUE/YELLOW CERAMIC CANDLE HOLDER,4,6.6,1.65,1,104,140,20,4.0,28.0,5.6000000000000005,85.6,0.0,Overstock,Markdown / Clear,0.0,0.0,171.6,0.0,104.0
37491C,GREEN/BLUE CERAMIC CANDLE HOLDER,8,13.2,1.65,1,301,170,6,8.0,56.0,11.200000000000001,59.2,0.0,Overstock,Markdown / Clear,0.0,0.0,496.65,0.0,301.0
37491D,PURPLE/BLUE CERAMIC CANDLE HOLDER,4,9.879999999999999,2.4699999999999998,2,347,61,19,2.0,14.0,2.8000000000000003,40.8,0.0,Overstock,Markdown / Clear,0.0,0.0,857.0899999999999,0.0,347.0
37495,FAIRY CAKE BIRTHDAY CANDLE SET,440,1622.24,4.0483552631578945,76,323,117,20,5.7894736842105265,40.526315789473685,8.105263157894738,123.89473684210527,4.0,Overstock,Markdown / Clear,0.0,0.0,1291.4253289473684,0.009070294784580499,64.6
37500,TEA TIME TEAPOT IN GIFT BOX,380,2360.68,7.108367346938776,98,469,99,7,3.877551020408163,27.142857142857142,5.428571428571429,32.57142857142857,11.0,Overstock,Markdown / Clear,0.0,0.0,3255.6322448979595,0.019332161687170474,39.083333333333336
37501,TEA TIME TEA SET IN GIFT BOX,133,906.83,6.6748648648648645,37,473,21,16,3.5945945945945947,25.16216216216216,5.032432432432433,62.545945945945945,0.0,Overstock,Markdown / Clear,0.0,0.0,3157.211081081081,0.0,473.0
37509,NEW ENGLAND MUG W GIFT BOX,2,5.1,2.55,2,431,179,12,1.0,7.0,1.4000000000000001,13.4,0.0,Overstock,Markdown / Clear,0.0,0.0,1099.05,0.0,431.0
40001,WHITE BAMBOO RIBS LAMPSHADE,821,675.2299999999999,1.0752830188679243,53,136,179,17,15.49056603773585,108.43396226415095,21.68679245283019,285.02641509433965,0.0,Overstock,Markdown / Clear,0.0,0.0,146.2384905660377,0.0,136.0
40003,WHITE BAMBOO RIBS LAMPSHADE,155,179.23000000000002,1.6380000000000001,15,240,110,3,10.333333333333334,72.33333333333334,14.466666666666669,45.46666666666667,0.0,Overstock,Markdown / Clear,0.0,0.0,393.12,0.0,240.0
40005B,BLUE ORGANDY ROUND LAMPSHADE W BEA,12,10.2,0.85,4,173,163,18,3.0,21.0,4.2,58.2,0.0,Overstock,Markdown / Clear,0.0,0.0,147.04999999999998,0.0,173.0
40016,CHINESE DRAGON PAPER LANTERNS,5556,2136.34,2.289732905982906,78,172,72,13,71.23076923076923,498.6153846153846,99.72307692307692,1025.7230769230769,0.0,Overstock,Markdown / Clear,0.0,0.0,393.8340598290598,0.0,172.0
40046A,RED DAISY PAPER LAMPSHADE,50,62.5,1.25,6,31,146,8,8.333333333333334,58.333333333333336,11.666666666666668,78.33333333333334,0.0,Overstock,Markdown / Clear,0.0,0.0,38.75,0.0,31.0
44089A,PINK GAUZE BUTTERFLY LAMPSHADE,15,6.3,0.42,4,152,37,18,3.75,26.25,5.25,72.75,0.0,Overstock,Markdown / Clear,0.0,0.0,63.839999999999996,0.0,152.0
44089C,LILAC GAUZE BUTTERFLY LAMPSHADE,24,10.08,0.42000000000000004,5,323,69,4,4.8,33.6,6.720000000000001,25.92,0.0,Overstock,Markdown / Clear,0.0,0.0,135.66000000000003,0.0,323.0
44091A,BLUE CRUSOE CHECK LAMPSHADE,9,3.78,0.42,3,312,115,3,3.0,21.0,4.2,13.2,0.0,Overstock,Markdown / Clear,0.0,0.0,131.04,0.0,312.0
44092B,BLUE WHITE PLASTIC RINGS LAMPSHADE,14,11.899999999999999,0.85,5,482,78,11,2.8,19.599999999999998,3.92,34.72,0.0,Overstock,Markdown / Clear,0.0,0.0,409.7,0.0,482.0
44092C,PURPLE/COPPER HANGING LAMPSHADE,20,17.0,0.85,8,319,184,14,2.5,17.5,3.5,38.5,0.0,Overstock,Markdown / Clear,0.0,0.0,271.15,0.0,319.0
44228,CANNABIS LEAF BEAD CURTAIN,36,30.599999999999998,0.85,2,247,147,19,18.0,126.0,25.200000000000003,367.2,0.0,Overstock,Markdown / Clear,0.0,0.0,209.95,0.0,247.0
44234,ASSORTED CIRCULAR MOBILE,693,154.77,0.4225806451612903,31,290,8,17,22.35483870967742,156.48387096774195,31.29677419354839,411.32903225806456,4.0,Overstock,Markdown / Clear,0.0,0.0,120.85806451612902,0.013377926421404682,58.0
44235,ASS COL CIRCLE MOBILE ,474,173.15999999999997,0.41,6,62,31,12,79.0,553.0,110.60000000000001,1058.6,0.0,Stockout Risk,Reorder Now,49.0,0.0,0.0,0.0,62.0
44235,ASSORTED COLOURED CIRCLE MOBILE ,64,26.88,0.42,7,451,131,14,9.142857142857142,64.0,12.8,140.8,0.0,Overstock,Markdown / Clear,0.0,0.0,189.42,0.0,451.0
44236,PINK/PURPLE CIRCLE CURTAIN,52,56.52,1.4333333333333336,6,362,49,16,8.666666666666666,60.666666666666664,12.133333333333333,150.79999999999998,0.0,Overstock,Markdown / Clear,0.0,0.0,518.8666666666668,0.0,362.0
44242A,LILAC FEATHERS CURTAIN,12,9.48,0.79,1,345,81,11,12.0,84.0,16.8,148.8,0.0,Overstock,Markdown / Clear,0.0,0.0,272.55,0.0,345.0
44242B,PINK FEATHERS CURTAIN,52,50.28,0.9433333333333334,3,321,4,15,17.333333333333332,121.33333333333333,24.266666666666666,284.26666666666665,0.0,Overstock,Markdown / Clear,0.0,0.0,302.81,0.0,321.0
44265,M/COLOUR POM-POM CURTAIN,2,8.5,4.25,1,383,147,5,2.0,14.0,2.8000000000000003,12.8,0.0,Overstock,Markdown / Clear,0.0,0.0,1627.75,0.0,383.0
45013,FOLDING SHOE TIDY,3,8.850000000000001,2.95,2,398,86,16,1.5,10.5,2.1,26.1,0.0,Overstock,Markdown / Clear,0.0,0.0,1174.1000000000001,0.0,398.0
46000M,POLYESTER FILLER PAD 45x45cm,1021,1582.55,1.55,105,446,125,12,9.723809523809523,68.06666666666666,13.613333333333333,130.29904761904763,21.0,Overstock,Markdown / Clear,0.0,0.0,658.75,0.03671328671328671,20.272727272727273
46000P,POLYESTER FILLER PAD 65CMx65CM,18,76.5,4.25,5,40,74,18,3.6,25.2,5.04,69.84,0.0,Overstock,Markdown / Clear,0.0,0.0,170.0,0.0,40.0
46000R,POLYESTER FILLER PAD 45x30cm,103,149.35,1.45,36,426,164,9,2.861111111111111,20.02777777777778,4.0055555555555555,29.755555555555556,2.0,Overstock,Markdown / Clear,0.0,0.0,614.8,0.00338409475465313,142.0
46000S,POLYESTER FILLER PAD 40x40cm,1556,2256.2,1.45,123,126,21,6,12.65040650406504,88.55284552845528,17.710569105691057,93.61300813008131,22.0,Overstock,Markdown / Clear,0.0,0.0,150.79999999999998,0.14864864864864866,5.478260869565218
46000U,POLYESTER FILLER PAD 30CMx30CM,107,133.75,1.25,24,355,185,13,4.458333333333333,31.208333333333332,6.241666666666667,64.19999999999999,0.0,Overstock,Markdown / Clear,0.0,0.0,443.75,0.0,355.0
46115B,GREEN POP ART MAO CUSHION COVER ,12,2.28,0.19,2,322,67,18,6.0,42.0,8.4,116.4,0.0,Overstock,Markdown / Clear,0.0,0.0,61.18,0.0,322.0
46118,FUNKY MONKEY CUSHION COVER,232,317.17,2.7574358974358972,39,136,43,6,5.948717948717949,41.64102564102564,8.328205128205129,44.02051282051282,7.0,Overstock,Markdown / Clear,0.0,0.0,355.70923076923077,0.03888888888888889,17.0
46126A,ELVIS WALLHANGING / CURTAIN,52,69.84,1.5092857142857141,7,143,33,19,7.428571428571429,52.0,10.4,151.54285714285714,0.0,Overstock,Markdown / Clear,0.0,0.0,215.8278571428571,0.0,143.0
46138B,BLUE CHENILLE SHAGGY CUSHION COVER ,43,43.15,1.0333333333333334,12,418,76,15,3.5833333333333335,25.083333333333336,5.0166666666666675,58.766666666666666,0.0,Overstock,Markdown / Clear,0.0,0.0,431.9333333333334,0.0,418.0
46775D,SUNSET COLOUR CHUNKY KNITTED THROW,60,720.93,11.78361111111111,36,300,41,13,1.6666666666666667,11.666666666666668,2.3333333333333335,24.0,1.0,Overstock,Markdown / Clear,0.0,0.0,3523.299722222222,0.0029239766081871343,150.0
46776A,WOVEN BUBBLE GUM CUSHION COVER,155,651.95,4.210508474576271,59,311,136,5,2.6271186440677967,18.389830508474578,3.6779661016949157,16.8135593220339,20.0,Overstock,Markdown / Clear,0.0,0.0,1225.2579661016948,0.044642857142857144,14.80952380952381
46776B,WOVEN BERRIES CUSHION COVER ,161,679.67,4.221304347826087,69,222,105,11,2.3333333333333335,16.333333333333336,3.2666666666666675,28.933333333333337,10.5,Overstock,Markdown / Clear,0.0,0.0,892.8058695652174,0.03201219512195122,19.304347826086957
46776C,WOVEN FROST CUSHION COVER,117,492.79,4.226274509803922,51,70,94,8,2.2941176470588234,16.058823529411764,3.211764705882353,21.56470588235294,9.0,Overstock,Markdown / Clear,0.0,0.0,257.8027450980392,0.05454545454545454,7.0
46776D,WOVEN SUNSET CUSHION COVER ,89,378.29,4.207058823529412,34,290,134,13,2.6176470588235294,18.323529411764707,3.6647058823529415,37.694117647058825,17.0,Overstock,Markdown / Clear,0.0,0.0,1148.5270588235294,0.04,16.11111111111111
46776E,WOVEN CANDY CUSHION COVER ,67,288.43,4.242285714285714,35,343,67,18,1.9142857142857144,13.4,2.68,37.137142857142855,5.0,Overstock,Markdown / Clear,0.0,0.0,1433.8925714285713,0.012165450121654502,57.166666666666664
46776F,WOVEN ROSE GARDEN CUSHION COVER ,210,883.12,4.214393939393939,66,296,146,7,3.1818181818181817,22.272727272727273,4.454545454545455,26.727272727272727,13.0,Overstock,Markdown / Clear,0.0,0.0,1192.6734848484848,0.029345372460496615,21.142857142857142
46776a,WOVEN BUBBLE GUM CUSHION COVER,5,20.65,4.13,1,160,158,16,5.0,35.0,7.0,87.0,0.0,Overstock,Markdown / Clear,0.0,0.0,660.8,0.0,160.0
46776b,WOVEN BERRIES CUSHION COVER ,1,4.13,4.13,1,489,127,19,1.0,7.0,1.4000000000000001,20.4,0.0,Overstock,Markdown / Clear,0.0,0.0,2019.57,0.0,489.0
46776e,WOVEN CANDY CUSHION COVER ,1,4.13,4.13,1,294,162,5,1.0,7.0,1.4000000000000001,6.4,0.0,Overstock,Markdown / Clear,0.0,0.0,1214.22,0.0,294.0
46776f,WOVEN ROSE GARDEN CUSHION COVER ,7,28.91,4.13,1,309,184,6,7.0,49.0,9.8,51.8,0.0,Overstock,Markdown / Clear,0.0,0.0,1276.17,0.0,309.0
47013A,WINE BOTTLE DRESSING LT.BLUE,14,3.0399999999999996,0.205,4,353,84,18,3.5,24.5,4.9,67.9,0.0,Overstock,Markdown / Clear,0.0,0.0,72.365,0.0,353.0
47013C,WINE BOTTLE DRESSING DARK BLUE,52,12.97,0.42590909090909085,11,400,188,18,4.7272727272727275,33.09090909090909,6.618181818181819,91.70909090909092,0.0,Overstock,Markdown / Clear,0.0,0.0,170.36363636363635,0.0,400.0
47016,LIGHT DECORATION BATTERY OPERATED,2,4.2,2.1,1,471,158,6,2.0,14.0,2.8000000000000003,14.8,0.0,Overstock,Markdown / Clear,0.0,0.0,989.1,0.0,471.0
47021G,SET/6 BEAD COASTERS GAUZE BAG GOLD,582,309.3,1.9556521739130432,23,392,82,19,25.304347826086957,177.1304347826087,35.426086956521736,516.2086956521739,0.0,Overstock,Markdown / Clear,0.0,0.0,766.615652173913,0.0,392.0
47310M,SMALL POP BOX FUNKY MONKEY,258,353.98,1.5484722222222222,60,71,94,15,4.3,30.099999999999998,6.02,70.52,0.0,Overstock,Markdown / Clear,0.0,0.0,109.94152777777778,0.0,71.0
47310M,"SMALL POP BOX,FUNKY MONKEY",152,216.47,1.5863333333333332,30,46,180,3,5.066666666666666,35.46666666666667,7.093333333333334,22.293333333333333,0.0,Overstock,Markdown / Clear,0.0,0.0,72.97133333333332,0.0,46.0
47341A,FUSCHIA TABLE RUN FLOWER ,27,38.75,1.75,5,176,31,14,5.4,37.800000000000004,7.560000000000001,83.16000000000001,0.0,Overstock,Markdown / Clear,0.0,0.0,308.0,0.0,176.0
47341B,BLUE TABLE RUN FLOWER,45,56.25,1.25,11,258,65,6,4.090909090909091,28.636363636363637,5.7272727272727275,30.272727272727273,0.0,Overstock,Markdown / Clear,0.0,0.0,322.5,0.0,258.0
47343A,FUSCHIA FLOWER PURSE WITH BEADS,159,145.17000000000002,0.9823076923076923,13,175,186,13,12.23076923076923,85.61538461538461,17.123076923076923,176.12307692307692,0.0,Overstock,Markdown / Clear,0.0,0.0,171.90384615384616,0.0,175.0
47344B,BLUE FLOWER DES PURSE,44,43.66,0.9700000000000001,6,310,115,7,7.333333333333333,51.33333333333333,10.266666666666666,61.599999999999994,0.0,Overstock,Markdown / Clear,0.0,0.0,300.70000000000005,0.0,310.0
47348A,FUSCHIA VOILE POINTY SHOE DEC,97,50.31,0.702,15,155,137,4,6.466666666666667,45.266666666666666,9.053333333333333,34.92,0.0,Overstock,Markdown / Clear,0.0,0.0,108.80999999999999,0.0,155.0
47351B,BLUE  VOILE LAMPSHADE,86,234.50000000000003,2.905555555555556,9,163,129,19,9.555555555555555,66.88888888888889,13.377777777777778,194.9333333333333,0.0,Overstock,Markdown / Clear,0.0,0.0,473.6055555555556,0.0,163.0
47367B,PAIR PADDED HANGERS PINK CHECK,112,376.27,3.4041463414634143,41,125,193,10,2.731707317073171,19.121951219512198,3.8243902439024398,31.14146341463415,0.0,Overstock,Markdown / Clear,0.0,0.0,425.5182926829268,0.0,125.0
47369A,PINK GREEN EMBROIDERY COSMETIC BAG,33,93.19,2.9188888888888886,18,439,59,8,1.8333333333333333,12.833333333333332,2.5666666666666664,17.233333333333334,3.0,Overstock,Markdown / Clear,0.0,0.0,1272.6355555555554,0.006012024048096192,109.75
47369B,BLUE GREEN EMBROIDERY COSMETIC BAG,35,97.13,3.4259999999999997,20,177,16,11,1.75,12.25,2.45,21.7,4.0,Overstock,Markdown / Clear,0.0,0.0,592.698,0.020618556701030927,35.4
47420,ASSORTED COLOUR SUCTION CUP HOOK,196,37.24,0.19,13,165,95,15,15.076923076923077,105.53846153846153,21.107692307692307,247.26153846153846,0.0,Overstock,Markdown / Clear,0.0,0.0,31.35,0.0,165.0
47421,ASSORTED COLOUR LIZARD SUCTION HOOK,994,393.0,0.41571428571428576,49,21,143,13,20.285714285714285,142.0,28.400000000000002,292.1142857142857,28.0,Healthy,No Action,35.0,0.0,0.0,0.1696969696969697,0.7241379310344828
47422,ASSORTED MONKEY SUCTION CUP HOOK,617,246.18,0.41571428571428576,42,452,15,18,14.69047619047619,102.83333333333333,20.566666666666666,284.9952380952381,4.0,Overstock,Markdown / Clear,0.0,0.0,186.24,0.008547008547008548,90.4
47469,ASSORTED SHAPES PHOTO CLIP SILVER ,469,238.60999999999999,0.6308333333333334,12,96,45,18,39.083333333333336,273.58333333333337,54.716666666666676,758.2166666666667,0.0,Overstock,Markdown / Clear,0.0,0.0,60.56,0.0,96.0
47471,RAINBOW PEGS PHOTO CLIP STRING,290,189.88,0.98375,36,151,166,4,8.055555555555555,56.388888888888886,11.277777777777779,43.5,5.0,Overstock,Markdown / Clear,0.0,0.0,143.6275,0.015723270440251572,25.166666666666668
47480,HANGING PHOTO CLIP ROPE LADDER,746,1274.1699999999998,2.377579908675799,73,109,158,12,10.219178082191782,71.53424657534248,14.306849315068497,136.93698630136987,112.0,Healthy,No Action,17.0,0.0,0.0,0.417910447761194,0.9646017699115044
47481,50CM METAL STRING WITH  7 CLIPS,225,171.79,1.0608695652173912,23,364,106,14,9.782608695652174,68.47826086956522,13.695652173913045,150.65217391304347,0.0,Overstock,Markdown / Clear,0.0,0.0,386.15652173913037,0.0,364.0
47503A,ASS FLORAL PRINT MULTI SCREWDRIVER,2734,1254.1200000000001,0.5505309734513274,113,369,87,10,24.194690265486727,169.3628318584071,33.87256637168142,275.8194690265487,0.0,Overstock,Markdown / Clear,0.0,0.0,203.14592920353982,0.0,369.0
47503H,ASS FLORAL PRINT SPIRIT LEVEL ,100,110.86,1.5531428571428572,35,478,128,13,2.857142857142857,20.0,4.0,41.142857142857146,1.0,Overstock,Markdown / Clear,0.0,0.0,740.8491428571429,0.0016474464579901153,239.0
47503J,SET/3 FLORAL GARDEN TOOLS IN BAG,3,23.85,7.95,2,282,138,12,1.5,10.5,2.1,20.1,0.0,Overstock,Markdown / Clear,0.0,0.0,2241.9,0.0,282.0
47504H,ENGLISH ROSE SPIRIT LEVEL ,978,964.38,1.7420973782771538,89,370,118,15,10.98876404494382,76.92134831460675,15.38426966292135,180.21573033707867,70.0,Overstock,Markdown / Clear,0.0,0.0,522.6292134831461,0.14314928425357873,5.211267605633803
47504K,ENGLISH ROSE GARDEN SECATEURS,2018,2048.66,1.5828920863309353,139,127,84,19,14.517985611510792,101.62589928057554,20.32517985611511,296.1669064748201,0.0,Overstock,Markdown / Clear,0.0,0.0,201.02729496402878,0.0,127.0
47518F,ICON PLACEMAT POP ART ELVIS,827,113.64,0.14222222222222222,27,93,3,9,30.62962962962963,214.40740740740742,42.88148148148149,318.5481481481482,0.0,Overstock,Markdown / Clear,0.0,0.0,13.226666666666667,0.0,93.0
47518f,ICON PLACEMAT POP ART ELVIS,5,20.73,4.146,5,58,70,5,1.0,7.0,1.4000000000000001,6.4,0.0,Overstock,Markdown / Clear,0.0,0.0,240.468,0.0,58.0
47556B,TEA TIME TEA TOWELS ,2600,6045.0,2.325,2,416,153,15,1300.0,9100.0,1820.0,21320.0,0.0,Stockout Risk,Reorder Now,1404.0,0.0,0.0,0.0,416.0
47559B,TEA TIME OVEN GLOVE,2077,2584.9,1.457809653916211,183,178,110,9,11.349726775956285,79.44808743169399,15.8896174863388,118.03715846994535,109.0,Healthy,No Action,0.0,0.0,0.0,0.3771626297577855,1.6181818181818182
47559b,TEA TIME OVEN GLOVE,103,342.65,3.308148148148148,27,90,49,11,3.814814814814815,26.703703703703702,5.340740740740741,47.303703703703704,3.0,Overstock,Markdown / Clear,0.0,0.0,287.8088888888889,0.02142857142857143,22.5
47563A,RETRO LONGBOARD IRONING BOARD COVER,285,551.51,2.577831325301205,83,466,139,15,3.433734939759036,24.036144578313255,4.807228915662652,56.31325301204819,15.0,Overstock,Markdown / Clear,0.0,0.0,1162.6019277108435,0.024752475247524754,29.125
47566,PARTY BUNTING,18283,99445.23,5.843267433567301,294,331,94,10,62.18707482993197,435.3095238095238,87.06190476190477,708.9326530612245,87.0,Overstock,Markdown / Clear,0.0,0.0,1425.7572537904214,0.20422535211267606,3.7613636363636362
47566B,TEA TIME PARTY BUNTING,2379,11275.27,5.482467325227964,188,260,91,20,12.654255319148936,88.57978723404256,17.715957446808513,270.8010638297872,2.0,Overstock,Markdown / Clear,0.0,0.0,1414.4765699088148,0.005681818181818182,86.66666666666667
47566b,TEA TIME PARTY BUNTING,199,1651.1499999999999,8.304117647058824,51,445,64,4,3.9019607843137254,27.313725490196077,5.462745098039216,21.070588235294117,0.0,Overstock,Markdown / Clear,0.0,0.0,3695.332352941177,0.0,445.0
47567B,TEA TIME KITCHEN APRON,602,3414.5,6.244383333333334,100,464,46,20,6.02,42.14,8.428,128.828,11.5,Overstock,Markdown / Clear,0.0,0.0,2825.583458333334,0.022504892367906065,37.12
47570B,TEA TIME TABLE CLOTH,185,1727.23,11.687692307692307,26,317,180,20,7.115384615384615,49.80769230769231,9.961538461538462,152.26923076923075,0.0,Overstock,Markdown / Clear,0.0,0.0,3704.9984615384615,0.0,317.0
47570b,TEA TIME TABLE CLOTH,2,42.019999999999996,21.009999999999998,2,459,105,13,1.0,7.0,1.4000000000000001,14.4,0.0,Overstock,Markdown / Clear,0.0,0.0,9643.589999999998,0.0,459.0
47574A,ENGLISH ROSE SCENTED HANGING FLOWER,548,665.2,1.920020325203252,82,55,198,3,6.682926829268292,46.78048780487805,9.356097560975611,29.40487804878049,0.0,Overstock,Markdown / Clear,0.0,0.0,105.60111788617886,0.0,55.0
47574B,ENGLISH ROSE SCENTED HANGING HEART,4,17.0,4.25,2,103,129,16,2.0,14.0,2.8000000000000003,34.8,0.0,Overstock,Markdown / Clear,0.0,0.0,437.75,0.0,103.0
47578A,ENGLISH ROSE SMALL SCENTED FLOWER,213,197.43,1.1471428571428572,42,471,105,18,5.071428571428571,35.5,7.1000000000000005,98.38571428571427,1.0,Overstock,Markdown / Clear,0.0,0.0,539.157142857143,0.0017331022530329288,235.5
47579,TEA TIME BREAKFAST BASKET,1,2.1,2.1,1,393,23,13,1.0,7.0,1.4000000000000001,14.4,0.0,Overstock,Markdown / Clear,0.0,0.0,825.3000000000001,0.0,393.0
47580,TEA TIME DES TEA COSY,388,1116.72,3.27758064516129,93,282,3,3,4.172043010752688,29.204301075268816,5.840860215053763,18.356989247311827,2.0,Overstock,Markdown / Clear,0.0,0.0,917.7225806451612,0.006993006993006993,94.0
47585A,PINK FAIRY CAKE CUSHION COVER,264,1129.44,4.932890625,64,329,107,9,4.125,28.875,5.775,42.9,0.0,Overstock,Markdown / Clear,0.0,0.0,1622.9210156249999,0.0,329.0
47586A,PINK FAIRY CAKE CUSHION COVER,21,53.55,2.55,8,404,18,18,2.625,18.375,3.6750000000000003,50.925,0.0,Overstock,Markdown / Clear,0.0,0.0,1030.1999999999998,0.0,404.0
47589,CONGRATULATIONS BUNTING,13,70.85,5.45,3,191,153,16,4.333333333333333,30.333333333333332,6.066666666666666,75.39999999999999,0.0,Overstock,Markdown / Clear,0.0,0.0,1040.95,0.0,191.0
47590A,BLUE HAPPY BIRTHDAY BUNTING,1990,10491.75,5.861338118022328,209,395,39,17,9.52153110047847,66.65071770334929,13.330143540669859,175.19617224880383,4.5,Overstock,Markdown / Clear,0.0,0.0,2288.852535087719,0.010344827586206896,71.81818181818181
47590B,PINK HAPPY BIRTHDAY BUNTING,2323,12050.12,5.809951690821256,207,192,49,16,11.222222222222221,78.55555555555554,15.711111111111109,195.26666666666665,10.5,Overstock,Markdown / Clear,0.0,0.0,1054.506231884058,0.04338842975206612,16.695652173913043
47590b,PINK HAPPY BIRTHDAY BUNTING,12,129.48,10.79,8,381,170,13,1.5,10.5,2.1,21.6,0.0,Overstock,Markdown / Clear,0.0,0.0,4110.99,0.0,381.0
47591B,SCOTTIES CHILDRENS APRON,209,344.78999999999996,1.647020202020202,33,66,74,18,6.333333333333333,44.33333333333333,8.866666666666665,122.86666666666666,0.0,Overstock,Markdown / Clear,0.0,0.0,108.70333333333333,0.0,66.0
47591D,PINK FAIRY CAKE CHILDRENS APRON,3207,6052.45,2.1119959935897437,208,398,194,19,15.41826923076923,107.92788461538461,21.585576923076925,314.5326923076923,86.0,Overstock,Markdown / Clear,0.0,0.0,658.94275,0.14502529510961215,4.574712643678161
47591b,SCOTTIES CHILDRENS APRON,1,4.13,4.13,1,160,11,8,1.0,7.0,1.4000000000000001,9.4,0.0,Overstock,Markdown / Clear,0.0,0.0,660.8,0.0,160.0
47591d,PINK FAIRY CAKE CHILDRENS APRON,134,672.24,4.9731578947368416,38,394,194,13,3.526315789473684,24.684210526315788,4.936842105263158,50.77894736842105,1.0,Overstock,Markdown / Clear,0.0,0.0,1954.4510526315787,0.001697792869269949,197.0
47593A,CAROUSEL PONIES BABY BIB,33,14.37,0.6390909090909092,11,425,26,19,3.0,21.0,4.2,61.2,0.0,Overstock,Markdown / Clear,0.0,0.0,271.6136363636364,0.0,425.0
47593B,SCOTTIE DOGS BABY BIB,1987,946.13,0.6934959349593496,164,137,112,11,12.115853658536585,84.8109756097561,16.962195121951222,150.23658536585367,115.5,Healthy,No Action,0.0,0.0,0.0,0.462,1.1759656652360515
47593b,SCOTTIE DOGS BABY BIB,6,4.98,0.83,1,296,181,20,6.0,42.0,8.4,128.4,0.0,Overstock,Markdown / Clear,0.0,0.0,245.67999999999998,0.0,296.0
47594A,CAROUSEL DESIGN WASHBAG,108,199.84,1.9765384615384614,39,233,193,19,2.769230769230769,19.384615384615383,3.876923076923077,56.49230769230769,0.0,Overstock,Markdown / Clear,0.0,0.0,460.5334615384615,0.0,233.0
47594B,SCOTTIES DESIGN WASHBAG,170,314.55,1.923313492063492,42,239,48,14,4.0476190476190474,28.333333333333332,5.666666666666667,62.33333333333333,0.0,Overstock,Markdown / Clear,0.0,0.0,459.6719246031746,0.0,239.0
47599A,PINK PARTY BAGS,2456,4649.5,2.274940476190476,126,412,143,7,19.49206349206349,136.44444444444443,27.288888888888888,163.73333333333332,12.0,Overstock,Markdown / Clear,0.0,0.0,909.9761904761904,0.02158273381294964,31.692307692307693
47599B,BLUE PARTY BAGS ,1480,2822.32,2.166439393939394,99,45,129,13,14.94949494949495,104.64646464646465,20.92929292929293,215.27272727272728,12.0,Overstock,Markdown / Clear,0.0,0.0,71.4925,0.06857142857142857,3.4615384615384617
48111,DOORMAT 3 SMILEY CATS,1172,7708.48,9.344845010615712,157,28,59,6,7.464968152866242,52.254777070063696,10.45095541401274,55.240764331210194,11.5,Overstock,Markdown / Clear,0.0,0.0,154.18994267515924,0.13068181818181818,2.24
48116,DOORMAT MULTICOLOUR STRIPE,1491,9080.68,9.433358208955223,134,290,181,6,11.126865671641792,77.88805970149254,15.577611940298508,82.33880597014925,18.0,Overstock,Markdown / Clear,0.0,0.0,2565.8734328358205,0.038135593220338986,15.263157894736842
48129,DOORMAT TOPIARY,904,6009.84,8.726823266219238,149,29,29,5,6.067114093959732,42.46979865771812,8.493959731543624,38.82953020134228,12.0,Overstock,Markdown / Clear,0.0,0.0,148.35599552572705,0.2033898305084746,2.230769230769231
48138,DOORMAT UNION FLAG,3751,25534.15,8.77623598310292,248,491,83,19,15.125,105.875,21.175,308.55,45.0,Overstock,Markdown / Clear,0.0,0.0,3914.201248463902,0.0782608695652174,10.673913043478262
48173C,DOORMAT BLACK FLOCK ,1799,10000.66,8.246461538461539,130,397,165,9,13.838461538461539,96.86923076923077,19.373846153846156,143.92000000000002,8.5,Overstock,Markdown / Clear,0.0,0.0,3203.7503076923076,0.015097690941385435,41.78947368421053
48173c,DOORMAT BLACK FLOCK ,15,252.95000000000002,16.830000000000002,7,140,27,6,2.142857142857143,15.0,3.0,15.857142857142858,0.0,Overstock,Markdown / Clear,0.0,0.0,2356.2000000000003,0.0,140.0
48184,DOORMAT ENGLISH ROSE ,2035,14300.15,8.673183703703703,225,144,24,15,9.044444444444444,63.31111111111111,12.662222222222223,148.32888888888888,30.0,Overstock,Markdown / Clear,0.0,0.0,988.7429422222222,0.17751479289940827,4.645161290322581
48185,DOORMAT FAIRY CAKE,3615,23872.91,9.741241785714287,200,189,95,14,18.075,126.52499999999999,25.305,278.35499999999996,22.5,Overstock,Markdown / Clear,0.0,0.0,1621.9167573214288,0.07894736842105263,8.042553191489361
48187,DOORMAT NEW ENGLAND,3807,24108.39,8.473147356580428,254,91,124,3,14.988188976377952,104.91732283464566,20.983464566929133,65.94803149606298,60.5,Healthy,No Action,0.0,0.0,0.0,0.2800925925925926,1.4796747967479675
48188,DOORMAT WELCOME PUPPIES,2064,12107.02,8.889683044315992,173,171,9,20,11.93063583815029,83.51445086705202,16.702890173410406,255.31560693641617,1.0,Overstock,Markdown / Clear,0.0,0.0,1511.2461175337187,0.0055248618784530384,85.5
48189,DOORMAT FRIENDSHIP ,27,451.10999999999996,16.712352941176473,17,227,187,13,1.588235294117647,11.117647058823529,2.223529411764706,22.870588235294115,0.0,Overstock,Markdown / Clear,0.0,0.0,3793.7041176470593,0.0,227.0
48194,DOORMAT HEARTS,3416,22114.420000000002,9.151528050896472,247,68,41,5,13.82995951417004,96.80971659919028,19.36194331983806,88.51174089068826,20.0,Overstock,Markdown / Clear,0.0,0.0,439.2733464430306,0.18181818181818182,3.238095238095238
51008,AFGHAN SLIPPER SOCK PAIR,519,1690.5500000000002,3.4375,20,173,39,19,25.95,181.65,36.330000000000005,529.38,0.0,Overstock,Markdown / Clear,0.0,0.0,594.6875,0.0,173.0
51014A,"FEATHER PEN,HOT PINK",3842,2000.06,0.6980410798122065,142,366,76,14,27.056338028169016,189.3943661971831,37.87887323943662,416.66760563380285,109.0,Overstock,Markdown / Clear,0.0,0.0,179.3965575117371,0.24604966139954854,3.327272727272727
51014C,"FEATHER PEN,COAL BLACK",2687,1405.73,0.7488546666666667,125,312,104,12,21.496,150.47199999999998,30.094399999999997,288.0464,44.5,Overstock,Markdown / Clear,0.0,0.0,200.31862333333333,0.10671462829736211,6.857142857142857
51014L,"FEATHER PEN,LIGHT PINK",2059,1069.1399999999999,0.6760267857142858,112,87,117,10,18.383928571428573,128.6875,25.7375,209.57678571428573,54.0,Healthy,No Action,0.0,0.0,0.0,0.2634146341463415,1.5818181818181818
51014c,"FEATHER PEN,COAL BLACK",1,0.83,0.83,1,69,41,17,1.0,7.0,1.4000000000000001,18.4,0.0,Overstock,Markdown / Clear,0.0,0.0,57.269999999999996,0.0,69.0
51020A,SUMMER FUN DESIGN SHOWER CAP,325,116.32999999999998,0.59,16,171,46,7,20.3125,142.1875,28.4375,170.625,0.0,Overstock,Markdown / Clear,0.0,0.0,100.89,0.0,171.0
51020B,STRIPY DESIGN SHOWER CAP,197,70.57,0.7014285714285714,14,38,164,6,14.071428571428571,98.5,19.700000000000003,104.12857142857143,0.0,Overstock,Markdown / Clear,0.0,0.0,26.654285714285713,0.0,38.0
62018,SOMBRERO ,4415,5716.85,1.8047169811320753,53,119,21,6,83.30188679245283,583.1132075471698,116.62264150943398,616.433962264151,105.0,Stockout Risk,Reorder Now,103.0,189.49528301886792,0.0,0.7446808510638298,1.1226415094339623
62043B,BLUE CHECK BAG W HANDLE 34X20CM,17,14.110000000000001,0.8299999999999998,5,79,184,17,3.4,23.8,4.760000000000001,62.559999999999995,0.0,Overstock,Markdown / Clear,0.0,0.0,65.57,0.0,79.0
62074B,ELEPHANT CLIP W SUCTION CUP,16,6.72,0.42,4,186,106,19,4.0,28.0,5.6000000000000005,81.6,0.0,Overstock,Markdown / Clear,0.0,0.0,78.11999999999999,0.0,186.0
62086A,PINK RETRO BIG FLOWER BAG,88,171.6,1.9499999999999997,13,221,26,14,6.769230769230769,47.38461538461539,9.476923076923077,104.24615384615385,0.0,Overstock,Markdown / Clear,0.0,0.0,430.94999999999993,0.0,221.0
62094B,TURQ ICE CREAM BUM BAG ,19,63.21,4.08125,8,364,40,5,2.375,16.625,3.325,15.2,0.0,Overstock,Markdown / Clear,0.0,0.0,1485.575,0.0,364.0
62096A,PINK/YELLOW FLOWERS HANDBAG,106,132.5,1.25,7,165,79,12,15.142857142857142,106.0,21.200000000000003,202.9142857142857,0.0,Overstock,Markdown / Clear,0.0,0.0,206.25,0.0,165.0
62096B,PURPLE/TURQ FLOWERS HANDBAG,2,2.5,1.25,1,422,161,17,2.0,14.0,2.8000000000000003,36.8,0.0,Overstock,Markdown / Clear,0.0,0.0,527.5,0.0,422.0
62097B,BLUE STRIPES SHOULDER BAG,9,7.470000000000001,0.83,3,183,159,12,3.0,21.0,4.2,40.2,0.0,Overstock,Markdown / Clear,0.0,0.0,151.89,0.0,183.0
70006,LOVE HEART POCKET WARMER,2702,1863.98,1.7604214285714286,70,477,88,20,38.6,270.2,54.04,826.04,44.0,Overstock,Markdown / Clear,0.0,0.0,762.2624785714286,0.07773851590106007,10.6
70007,HI TEC ALPINE HAND WARMER,841,956.36,2.0645714285714285,70,458,65,3,12.014285714285714,84.1,16.82,52.862857142857145,31.5,Overstock,Markdown / Clear,0.0,0.0,880.5397142857142,0.060114503816793896,14.092307692307692
71038,WHITE HANGING BEADS CANDLE HOLDER,238,1239.5,5.3954545454545455,44,261,11,5,5.409090909090909,37.86363636363637,7.572727272727274,34.618181818181824,0.0,Overstock,Markdown / Clear,0.0,0.0,1408.2136363636364,0.0,261.0
71050,SMALL SINGLE FLAME CANDLE HOLDER,33,11.55,0.3499999999999999,6,88,167,14,5.5,38.5,7.7,84.7,0.0,Overstock,Markdown / Clear,0.0,0.0,30.799999999999994,0.0,88.0
71053,WHITE METAL LANTERN,1875,8037.77,4.633962895927602,170,194,72,3,11.029411764705882,77.20588235294117,15.441176470588236,48.529411764705884,0.0,Overstock,Markdown / Clear,0.0,0.0,898.9888018099548,0.0,194.0
71053,WHITE MOROCCAN METAL LANTERN,69,381.55,6.682435897435896,13,68,75,5,5.3076923076923075,37.15384615384615,7.430769230769231,33.96923076923077,22.333333333333332,Overstock,Markdown / Clear,0.0,0.0,305.1645726495726,0.1550925925925926,2.9142857142857146
71101E,STANDING FAIRY POLE SUPPORT ,346,278.5,0.8322727272727272,22,127,89,5,15.727272727272727,110.0909090909091,22.01818181818182,100.65454545454544,0.0,Overstock,Markdown / Clear,0.0,0.0,105.69863636363635,0.0,127.0
71143,ANTIQUE SILVER BOOK MARK WITH BEADS,17,14.110000000000001,0.83,2,245,9,7,8.5,59.5,11.9,71.4,0.0,Overstock,Markdown / Clear,0.0,0.0,203.35,0.0,245.0
71143,SILVER BOOK MARK WITH BEADS,161,182.25,1.7544444444444443,27,180,95,3,5.962962962962963,41.74074074074074,8.348148148148148,26.237037037037037,0.0,Overstock,Markdown / Clear,0.0,0.0,315.79999999999995,0.0,180.0
71215,METAL BASE FOR CANDLES,11,4.62,0.42,2,138,175,6,5.5,38.5,7.7,40.7,0.0,Overstock,Markdown / Clear,0.0,0.0,57.96,0.0,138.0
71270,PHOTO CLIP LINE,236,334.98,1.7047916666666667,48,168,19,6,4.916666666666667,34.41666666666667,6.883333333333335,36.38333333333333,1.5,Overstock,Markdown / Clear,0.0,0.0,283.84781250000003,0.007978723404255319,67.2
71279,PINK GLASS CANDLEHOLDER,175,558.37,3.7164864864864864,37,484,38,19,4.72972972972973,33.10810810810811,6.621621621621623,96.4864864864865,0.0,Overstock,Markdown / Clear,0.0,0.0,1798.7794594594593,0.0,484.0
71403,"PINK/WHITE ""KEEP CLEAN"" BULLET BIN",76,283.96000000000004,4.521034482758621,29,169,59,16,2.6206896551724137,18.344827586206897,3.6689655172413795,45.6,0.0,Overstock,Markdown / Clear,0.0,0.0,764.0548275862069,0.0,169.0
71406C,BLACK ORANGE SQUEEZER,138,57.96,0.42000000000000004,21,451,65,20,6.571428571428571,46.0,9.200000000000001,140.6285714285714,6.0,Overstock,Markdown / Clear,0.0,0.0,186.9,0.01160541586073501,64.42857142857143
71459,HANGING JAM JAR T-LIGHT HOLDER,10792,8560.84,0.9008976290938315,158,312,64,3,68.30379746835443,478.126582278481,95.62531645569621,300.5367088607595,0.0,Overstock,Markdown / Clear,0.0,0.0,281.08006027727544,0.0,312.0
71459,HANGING JAM JAR T-LIGHT HOLDERS,2813,2298.05,1.0260057471264368,58,162,178,18,48.5,339.5,67.9,940.9,167.0,Healthy,No Action,73.0,0.0,0.0,0.4897360703812317,0.9642857142857143
71477,COLOUR GLASS. STAR T-LIGHT HOLDER,5736,17069.7,3.908610204081633,140,438,123,5,40.97142857142857,286.79999999999995,57.35999999999999,262.21714285714285,86.0,Overstock,Markdown / Clear,0.0,0.0,1375.8307918367348,0.15302491103202848,5.0344827586206895
71477,COLOURED GLASS STAR T-LIGHT HOLDER,1012,3580.96,4.675438596491229,19,495,163,11,53.26315789473684,372.8421052631579,74.56842105263159,660.4631578947369,330.6666666666667,Healthy,No Action,0.0,0.0,0.0,0.501770359129995,1.4924623115577889
71495A,CD WALL TIDY BLUE OFFICE,103,40.379999999999995,0.71375,8,474,151,6,12.875,90.125,18.025000000000002,95.275,0.0,Overstock,Markdown / Clear,0.0,0.0,338.3175,0.0,474.0
71495B,CD WALL TIDY RED FLOWERS,163,61.05,0.55125,8,179,154,7,20.375,142.625,28.525000000000002,171.15,0.0,Overstock,Markdown / Clear,0.0,0.0,98.67375,0.0,179.0
71496A,A4 WALL TIDY BLUE OFFICE,127,80.96000000000001,1.0875000000000001,12,30,129,13,10.583333333333334,74.08333333333334,14.81666666666667,152.4,0.0,Overstock,Markdown / Clear,0.0,0.0,32.62500000000001,0.0,30.0
71496B,A4 WALL TIDY RED FLOWERS,13,7.37,0.56,4,157,158,11,3.25,22.75,4.55,40.3,0.0,Overstock,Markdown / Clear,0.0,0.0,87.92,0.0,157.0
71510,SQUARE METAL CANDLEHOLDER BASE,52,36.519999999999996,0.8099999999999999,8,476,56,5,6.5,45.5,9.1,41.6,0.0,Overstock,Markdown / Clear,0.0,0.0,385.55999999999995,0.0,476.0
72024U,LILAC VOTIVE CANDLE,72,15.120000000000001,0.21,3,97,77,8,24.0,168.0,33.6,225.6,0.0,Overstock,Markdown / Clear,0.0,0.0,20.37,0.0,97.0
72051S,BAG OF SILVER STONES,130,89.53,0.6958333333333333,12,96,193,13,10.833333333333334,75.83333333333334,15.16666666666667,156.0,0.0,Overstock,Markdown / Clear,0.0,0.0,66.8,0.0,96.0
72122,COFFEE SCENT PILLAR CANDLE,324,335.79,1.1441666666666666,51,460,28,11,6.352941176470588,44.470588235294116,8.894117647058824,78.77647058823528,20.0,Overstock,Markdown / Clear,0.0,0.0,503.4333333333333,0.0408997955010225,21.904761904761905
72127,COLUMBIAN CANDLE ROUND ,169,210.60999999999999,1.2948076923076923,26,273,14,17,6.5,45.5,9.1,119.6,0.0,Overstock,Markdown / Clear,0.0,0.0,353.4825,0.0,273.0
72128,COLUMBIAN CANDLE ROUND,193,152.04999999999998,0.9119354838709677,31,428,11,5,6.225806451612903,43.58064516129032,8.716129032258065,39.84516129032258,2.0,Overstock,Markdown / Clear,0.0,0.0,388.4845161290322,0.004545454545454545,142.66666666666666
72130,COLUMBIAN CANDLE ROUND,219,133.34,0.75875,24,277,100,3,9.125,63.875,12.775,40.15,1.0,Overstock,Markdown / Clear,0.0,0.0,209.41500000000002,0.0026455026455026454,138.5
72131,COLUMBIAN CANDLE RECTANGLE,136,236.39999999999998,1.9124999999999999,16,339,155,16,8.5,59.5,11.9,147.9,0.0,Overstock,Markdown / Clear,0.0,0.0,648.3375,0.0,339.0
72132,COLUMBIAN CUBE CANDLE,28,54.599999999999994,1.95,11,310,83,19,2.5454545454545454,17.818181818181817,3.5636363636363635,51.92727272727272,0.0,Overstock,Markdown / Clear,0.0,0.0,604.5,0.0,310.0
72133,COLUMBIAN CANDLE RECTANGLE,45,63.51,1.476875,16,282,124,16,2.8125,19.6875,3.9375,48.9375,4.0,Overstock,Markdown / Clear,0.0,0.0,410.57124999999996,0.009828009828009828,56.4
72134,COLUMBIAN  CUBE CANDLE ,105,58.62,0.9872727272727272,11,104,102,19,9.545454545454545,66.81818181818181,13.363636363636363,194.72727272727272,4.0,Overstock,Markdown / Clear,0.0,0.0,98.72727272727272,0.01932367149758454,20.8
72140E,BEST DAD CANDLE LETTERS,31,26.349999999999998,0.85,8,165,23,16,3.875,27.125,5.425000000000001,67.425,0.0,Overstock,Markdown / Clear,0.0,0.0,140.25,0.0,165.0
72225C,LAVENDER SCENT CAKE CANDLE,624,165.6,0.28058823529411764,17,342,148,14,36.705882352941174,256.94117647058823,51.38823529411765,565.2705882352941,0.0,Overstock,Markdown / Clear,0.0,0.0,95.96117647058823,0.0,342.0
72232,FENG SHUI PILLAR CANDLE,3317,630.23,0.19,57,61,137,18,58.19298245614035,407.35087719298247,81.4701754385965,1128.9438596491227,150.0,Stockout Risk,Reorder Now,170.0,28.5,0.0,0.7537688442211056,0.40397350993377484
72349B,SET/6 PURPLE BUTTERFLY T-LIGHTS,729,1486.69,2.461231060606061,88,393,109,3,8.284090909090908,57.98863636363636,11.597727272727273,36.45,29.0,Overstock,Markdown / Clear,0.0,0.0,895.8881060606061,0.05765407554671968,13.1
72349b,SET/6 PURPLE BUTTERFLY T-LIGHTS,159,658.51,4.137272727272727,55,144,77,15,2.890909090909091,20.236363636363638,4.047272727272728,47.410909090909094,12.0,Overstock,Markdown / Clear,0.0,0.0,546.1199999999999,0.05405405405405406,11.076923076923077
72351A,SET/6 TURQUOISE BUTTERFLY T-LIGHTS,1264,2498.75,2.3067079889807163,121,186,100,8,10.446280991735538,73.12396694214877,14.624793388429755,98.19504132231405,10.5,Overstock,Markdown / Clear,0.0,0.0,404.8272520661157,0.036585365853658534,16.17391304347826
72351B,SET/6 PINK  BUTTERFLY T-LIGHTS,2096,4007.8500000000004,2.3341732804232804,126,444,145,19,16.634920634920636,116.44444444444446,23.28888888888889,339.352380952381,4.0,Overstock,Markdown / Clear,0.0,0.0,1027.0362433862433,0.006779661016949152,88.8
72351a,SET/6 TURQUOISE BUTTERFLY T-LIGHTS,15,62.27,4.146,10,260,141,14,1.5,10.5,2.1,23.1,0.0,Overstock,Markdown / Clear,0.0,0.0,1077.96,0.0,260.0
72369A,PINK CLEAR GLASS CANDLE PLATE,30,39.92,1.734,5,478,161,8,6.0,42.0,8.4,56.4,0.0,Overstock,Markdown / Clear,0.0,0.0,828.852,0.0,478.0
72586,SET OF 6 HALLOWEEN GHOST T-LIGHTS,691,317.83,0.6674479166666666,64,299,127,9,10.796875,75.578125,15.115625000000001,112.2875,1.0,Overstock,Markdown / Clear,0.0,0.0,198.89947916666665,0.00234192037470726,149.5
72598,SET/12 TAPER CANDLES,607,605.89,1.2641891891891892,74,207,57,3,8.202702702702704,57.418918918918926,11.483783783783785,36.0918918918919,26.0,Overstock,Markdown / Clear,0.0,0.0,228.81824324324324,0.09811320754716982,7.666666666666667
72709,IVORY SCULPTED RND CANDLE ,44,37.4,0.85,6,321,75,3,7.333333333333333,51.33333333333333,10.266666666666666,32.266666666666666,0.0,Overstock,Markdown / Clear,0.0,0.0,272.84999999999997,0.0,321.0
72741,GRAND CHOCOLATECANDLE,5958,8196.0,1.6095,190,38,149,7,31.357894736842105,219.50526315789475,43.90105263157895,263.4063157894737,138.0,Healthy,No Action,144.0,0.0,0.0,0.7340425531914894,0.2733812949640288
72760B,VINTAGE CREAM 3 BASKET CAKE STAND,409,4145.389999999999,11.064285714285713,119,87,197,8,3.436974789915966,24.058823529411764,4.811764705882354,32.30756302521009,7.5,Overstock,Markdown / Clear,0.0,0.0,879.6107142857142,0.02631578947368421,10.235294117647058
72780,BLACK SILOUETTE CANDLE PLATE,137,116.44999999999999,0.85,18,237,35,18,7.611111111111111,53.27777777777777,10.655555555555555,147.65555555555557,0.0,Overstock,Markdown / Clear,0.0,0.0,201.45,0.0,237.0
72783,BLACK SIL'T SQU CANDLE PLATE ,16,33.6,2.1,2,121,172,18,8.0,56.0,11.200000000000001,155.2,0.0,Overstock,Markdown / Clear,0.0,0.0,254.10000000000002,0.0,121.0
72798C,SET/4 GARDEN ROSE DINNER CANDLE,7,11.549999999999999,1.6499999999999997,3,61,163,16,2.3333333333333335,16.333333333333336,3.2666666666666675,40.6,0.0,Overstock,Markdown / Clear,0.0,0.0,100.64999999999998,0.0,61.0
72799C,PINK PILLAR CANDLE SILVER FLOCK,81,129.47,2.528461538461539,13,307,21,3,6.230769230769231,43.61538461538461,8.723076923076922,27.415384615384617,0.0,Overstock,Markdown / Clear,0.0,0.0,776.2376923076924,0.0,307.0
72799E,IVORY PILLAR CANDLE SILVER FLOCK,451,916.99,2.974861111111111,60,186,126,15,7.516666666666667,52.61666666666667,10.523333333333333,123.27333333333334,106.5,Healthy,No Action,0.0,0.0,0.0,0.3402555910543131,1.7302325581395348
72799F,IVORY PILLAR CANDLE GOLD FLOCK,144,421.13000000000005,3.036666666666667,30,128,79,12,4.8,33.6,6.720000000000001,64.32,0.0,Overstock,Markdown / Clear,0.0,0.0,388.6933333333334,0.0,128.0
72800B, 4 PURPLE FLOCK DINNER CANDLES,142,285.7,2.4876470588235295,34,55,188,12,4.176470588235294,29.23529411764706,5.847058823529412,55.964705882352945,30.5,Healthy,No Action,0.0,0.0,0.0,0.125,1.746031746031746
72800C,4 PINK DINNER CANDLE SILVER FLOCK,130,259.72,2.7018181818181817,33,251,99,11,3.9393939393939394,27.575757575757578,5.515151515151516,48.84848484848485,0.0,Overstock,Markdown / Clear,0.0,0.0,678.1563636363636,0.0,251.0
72800D,4 BLUE DINNER CANDLES SILVER FLOCK,87,226.67,2.7106666666666666,30,248,183,15,2.9,20.3,4.0600000000000005,47.56,1.0,Overstock,Markdown / Clear,0.0,0.0,669.5346666666667,0.0023148148148148147,124.0
72800E,4 IVORY DINNER CANDLES SILVER FLOCK,538,1205.64,2.6568350168350165,99,372,95,5,5.434343434343434,38.04040404040404,7.608080808080809,34.779797979797976,58.0,Overstock,Markdown / Clear,0.0,0.0,834.2461952861952,0.12393162393162394,6.305084745762712
72801C,4 ROSE PINK DINNER CANDLES,145,180.65,1.544722222222222,18,183,160,20,8.055555555555555,56.388888888888886,11.277777777777779,172.38888888888889,5.0,Overstock,Markdown / Clear,0.0,0.0,274.9605555555555,0.014534883720930232,30.5
72801D,4 SKY BLUE DINNER CANDLES,75,113.21,1.6088235294117648,17,406,172,4,4.411764705882353,30.88235294117647,6.176470588235294,23.823529411764707,4.0,Overstock,Markdown / Clear,0.0,0.0,646.7470588235294,0.0069084628670120895,81.2
72801G,4 BURGUNDY WINE DINNER CANDLES,45,57.46,1.343076923076923,13,92,163,19,3.4615384615384617,24.230769230769234,4.846153846153847,70.61538461538461,0.0,Overstock,Markdown / Clear,0.0,0.0,123.56307692307692,0.0,92.0
72801c,4 ROSE PINK DINNER CANDLES,39,95.94,2.46,20,155,147,15,1.95,13.65,2.7300000000000004,31.98,0.0,Overstock,Markdown / Clear,0.0,0.0,381.3,0.0,155.0
72801d,4 SKY BLUE DINNER CANDLES,75,184.7,2.4627777777777777,36,372,17,15,2.0833333333333335,14.583333333333334,2.916666666666667,34.16666666666667,0.0,Overstock,Markdown / Clear,0.0,0.0,916.1533333333333,0.0,372.0
72802A,ROSE SCENT CANDLE IN JEWELLED BOX,323,1329.91,4.774969696969697,55,398,37,3,5.872727272727273,41.10909090909091,8.221818181818183,25.84,18.0,Overstock,Markdown / Clear,0.0,0.0,1814.4884848484846,0.04128440366972477,20.94736842105263
72802B,OCEAN SCENT CANDLE IN JEWELLED BOX,1028,1993.48,4.195486111111111,72,89,194,4,14.277777777777779,99.94444444444446,19.988888888888894,77.10000000000001,0.0,Overstock,Markdown / Clear,0.0,0.0,373.3982638888889,0.0,89.0
72802C,VANILLA SCENT CANDLE JEWELLED BOX,1395,2688.19,4.524708333333334,80,444,150,3,17.4375,122.0625,24.4125,76.725,0.0,Overstock,Markdown / Clear,0.0,0.0,2008.9705000000001,0.0,444.0
72802a,ROSE SCENT CANDLE IN JEWELLED BOX,7,58.03,8.29,2,215,108,7,3.5,24.5,4.9,29.4,0.0,Overstock,Markdown / Clear,0.0,0.0,1782.35,0.0,215.0
72802c,VANILLA SCENT CANDLE JEWELLED BOX,1,8.29,8.29,1,288,122,5,1.0,7.0,1.4000000000000001,6.4,0.0,Overstock,Markdown / Clear,0.0,0.0,2387.5199999999995,0.0,288.0
72803A,ROSE SCENT CANDLE JEWELLED DRAWER,529,722.47,4.262051282051282,39,68,143,9,13.564102564102564,94.94871794871794,18.98974358974359,141.06666666666666,0.0,Overstock,Markdown / Clear,0.0,0.0,289.8194871794872,0.0,68.0
72803b,OCEAN SCENT CANDLE JEWELLED DRAWER,1,8.47,8.47,1,335,186,15,1.0,7.0,1.4000000000000001,16.4,0.0,Overstock,Markdown / Clear,0.0,0.0,2837.4500000000003,0.0,335.0
72807A,SET/3 ROSE CANDLE IN JEWELLED BOX,393,1845.57,5.617341463414634,82,149,196,20,4.7926829268292686,33.548780487804876,6.709756097560976,102.56341463414634,0.0,Overstock,Markdown / Clear,0.0,0.0,836.9838780487805,0.0,149.0
72807B,SET/3 OCEAN SCENT CANDLE JEWEL BOX,395,1822.21,5.3850561797752805,89,463,195,9,4.438202247191011,31.06741573033708,6.213483146067416,46.15730337078652,0.0,Overstock,Markdown / Clear,0.0,0.0,2493.281011235955,0.0,463.0
72807C,SET/3 VANILLA SCENTED CANDLE IN BOX,721,3145.0499999999997,5.163480825958702,113,24,148,3,6.380530973451328,44.663716814159294,8.932743362831859,28.074336283185843,0.0,Overstock,Markdown / Clear,0.0,0.0,123.92353982300885,0.0,24.0
72807a,SET/3 ROSE CANDLE IN JEWELLED BOX,8,66.32,8.29,5,447,103,7,1.6,11.200000000000001,2.24,13.440000000000001,0.0,Overstock,Markdown / Clear,0.0,0.0,3705.6299999999997,0.0,447.0
72807b,SET/3 OCEAN SCENT CANDLE JEWEL BOX,4,33.16,8.29,4,46,197,19,1.0,7.0,1.4000000000000001,20.4,0.0,Overstock,Markdown / Clear,0.0,0.0,381.34,0.0,46.0
72807c,SET/3 VANILLA SCENTED CANDLE IN BOX,5,41.449999999999996,8.29,5,179,139,10,1.0,7.0,1.4000000000000001,11.4,0.0,Overstock,Markdown / Clear,0.0,0.0,1483.9099999999999,0.0,179.0
72811,SMALL ZINC/GLASS CANDLEHOLDER,53,78.92999999999999,1.8175,8,168,143,17,6.625,46.375,9.275,121.9,0.0,Overstock,Markdown / Clear,0.0,0.0,305.34,0.0,168.0
72812,LARGE ZINC GLASS CANDLEHOLDER,34,116.06,3.7609090909090908,11,283,80,6,3.090909090909091,21.636363636363637,4.327272727272727,22.872727272727275,0.0,Overstock,Markdown / Clear,0.0,0.0,1064.3372727272726,0.0,283.0
72815,3 WICK CHRISTMAS BRIAR CANDLE ,3,15.97,6.11,2,249,86,4,1.5,10.5,2.1,8.1,0.0,Overstock,Markdown / Clear,0.0,0.0,1521.39,0.0,249.0
72816,SET/3 CHRISTMAS DECOUPAGE CANDLES,892,1005.32,1.9562222222222223,45,219,141,7,19.822222222222223,138.75555555555556,27.751111111111115,166.50666666666666,0.0,Overstock,Markdown / Clear,0.0,0.0,428.41266666666667,0.0,219.0
72817,SET OF 2 CHRISTMAS DECOUPAGE CANDLE,1212,1232.27,1.3104855967078188,81,69,60,3,14.962962962962964,104.74074074074075,20.94814814814815,65.83703703703705,0.0,Overstock,Markdown / Clear,0.0,0.0,90.4235061728395,0.0,69.0
72818,CHRISTMAS DECOUPAGE CANDLE,1845,821.98,0.8804878048780488,41,86,198,7,45.0,315.0,63.0,378.0,0.0,Overstock,Markdown / Clear,0.0,0.0,75.72195121951219,0.0,86.0
72819,CUPID DESIGN SCENTED CANDLES,225,509.07,3.044814814814815,36,319,45,8,6.25,43.75,8.75,58.75,40.0,Overstock,Markdown / Clear,0.0,0.0,849.5033333333333,0.1095890410958904,7.780487804878049
72821,CUPID SCENTED CANDLE IN GLASS,11,18.15,1.65,4,400,31,4,2.75,19.25,3.85,14.85,0.0,Overstock,Markdown / Clear,0.0,0.0,660.0,0.0,400.0
75011,BLUE DAISY MOBILE,172,138.76,0.7999999999999999,12,77,14,3,14.333333333333334,100.33333333333334,20.06666666666667,63.06666666666667,0.0,Overstock,Markdown / Clear,0.0,0.0,61.599999999999994,0.0,77.0
75013B,"STRING OF 8 BUTTERFLIES,PINK",25,41.25,1.6499999999999997,6,278,43,6,4.166666666666667,29.166666666666668,5.833333333333334,30.833333333333336,0.0,Overstock,Markdown / Clear,0.0,0.0,458.69999999999993,0.0,278.0
75049L,LARGE CIRCULAR MIRROR MOBILE,7102,6812.98,1.66021103117506,139,361,144,9,51.093525179856115,357.6546762589928,71.53093525179857,531.3726618705036,108.0,Overstock,Markdown / Clear,0.0,0.0,420.0333908872902,0.2134387351778656,3.311926605504587
75131,METAL TUBE CHIME ON BAMBOO,490,529.21,1.8114285714285714,14,345,168,3,35.0,245.0,49.0,154.0,0.0,Overstock,Markdown / Clear,0.0,0.0,624.9428571428572,0.0,345.0
75172,PAINTED SEA SHELL METAL WINDCHIME,93,85.31,1.6357142857142857,7,149,53,3,13.285714285714286,93.0,18.6,58.45714285714286,0.0,Overstock,Markdown / Clear,0.0,0.0,243.72142857142856,0.0,149.0
75178,ASSTD COL BUTTERFLY/CRYSTAL W/CHIME,459,218.87,1.3415384615384613,13,234,43,10,35.30769230769231,247.15384615384613,49.43076923076923,402.5076923076923,0.0,Overstock,Markdown / Clear,0.0,0.0,313.91999999999996,0.0,234.0
77079,DOLPHIN WINDMILL,1,2.12,2.12,1,191,97,18,1.0,7.0,1.4000000000000001,19.4,0.0,Overstock,Markdown / Clear,0.0,0.0,404.92,0.0,191.0
77101A,UNION FLAG WINDSOCK,387,426.94,1.329,20,277,4,15,19.35,135.45000000000002,27.090000000000003,317.34000000000003,0.0,Overstock,Markdown / Clear,0.0,0.0,368.133,0.0,277.0
78033,FLAG OF ST GEORGE CHAIR,38,185.3,5.525,8,121,108,20,4.75,33.25,6.65,101.65,0.0,Overstock,Markdown / Clear,0.0,0.0,668.5250000000001,0.0,121.0
78034B,BLUE NETTING STORAGE HANGER,8,15.6,1.95,6,228,26,12,1.3333333333333333,9.333333333333332,1.8666666666666665,17.866666666666667,0.0,Overstock,Markdown / Clear,0.0,0.0,444.59999999999997,0.0,228.0
78124,MAGAZINE RACK GEBRA ASSORTED ,198,256.5,1.338235294117647,17,310,115,14,11.647058823529411,81.52941176470588,16.30588235294118,179.36470588235295,0.0,Overstock,Markdown / Clear,0.0,0.0,414.85294117647055,0.0,310.0
79000,MOROCCAN TEA GLASS,4162,3357.34,1.022904214559387,87,373,86,3,47.839080459770116,334.8735632183908,66.97471264367816,210.49195402298852,0.0,Overstock,Markdown / Clear,0.0,0.0,381.54327203065134,0.0,373.0
79026B,"S/4 ICON COASTER,ELVIS LIVES",25,10.61,0.4855555555555556,9,490,103,12,2.7777777777777777,19.444444444444443,3.888888888888889,37.222222222222214,0.0,Overstock,Markdown / Clear,0.0,0.0,237.92222222222222,0.0,490.0
79030D,TUMBLER BAROQUE,525,266.19,0.979904761904762,35,305,122,11,15.0,105.0,21.0,186.0,0.0,Overstock,Markdown / Clear,0.0,0.0,298.8709523809524,0.0,305.0
79030D,"TUMBLER, BAROQUE",56,84.04,4.595714285714286,7,135,78,5,8.0,56.0,11.200000000000001,51.2,0.0,Overstock,Markdown / Clear,0.0,0.0,620.4214285714286,0.0,135.0
79030G,TUMBLER NEW ENGLAND,1261,551.1899999999999,1.386,30,283,42,11,42.03333333333333,294.23333333333335,58.84666666666667,521.2133333333334,0.0,Overstock,Markdown / Clear,0.0,0.0,392.238,0.0,283.0
79030G,"TUMBLER, NEW ENGLAND",142,182.3,3.8938461538461544,13,169,96,12,10.923076923076923,76.46153846153847,15.292307692307695,146.3692307692308,0.0,Overstock,Markdown / Clear,0.0,0.0,658.0600000000001,0.0,169.0
79051A,SMOKEY GREY COLOUR D.O.F. GLASS,587,204.79,0.36000000000000004,24,319,30,18,24.458333333333332,171.20833333333331,34.24166666666667,474.4916666666667,0.0,Overstock,Markdown / Clear,0.0,0.0,114.84000000000002,0.0,319.0
79051A,SMOKEY GREY COLOUR GLASS,236,84.75999999999999,0.43571428571428567,14,461,98,20,16.857142857142858,118.0,23.6,360.7428571428572,0.0,Overstock,Markdown / Clear,0.0,0.0,200.8642857142857,0.0,461.0
79062D,"RETRO TIN ASHTRAY,REVOLUTIONARY",52,19.4,0.38,4,55,16,16,13.0,91.0,18.2,226.2,0.0,Overstock,Markdown / Clear,0.0,0.0,20.9,0.0,55.0
79063C,"RETRO PILL BOX KEY CHAIN,THE KING",235,43.65,0.18928571428571428,14,472,82,5,16.785714285714285,117.5,23.5,107.42857142857142,0.0,Overstock,Markdown / Clear,0.0,0.0,89.34285714285714,0.0,472.0
79063D,"RETRO PILL BOX , REVOLUTIONARY",189,35.14,0.21200000000000002,10,352,109,4,18.9,132.29999999999998,26.459999999999997,102.05999999999999,0.0,Overstock,Markdown / Clear,0.0,0.0,74.62400000000001,0.0,352.0
79066K,RETRO MOD TRAY,783,689.34,1.0744594594594594,111,496,181,3,7.054054054054054,49.37837837837838,9.875675675675677,31.037837837837838,24.5,Overstock,Markdown / Clear,0.0,0.0,506.6076351351351,0.036135693215339236,19.45098039215686
79066k,RETRO MOD TRAY,17,27.77,1.636,10,306,189,20,1.7,11.9,2.3800000000000003,36.38,0.0,Overstock,Markdown / Clear,0.0,0.0,500.616,0.0,306.0
79067,CORONA MEXICAN TRAY,172,719.69,5.5514375000000005,16,322,31,11,10.75,75.25,15.05,133.3,0.0,Overstock,Markdown / Clear,0.0,0.0,1787.562875,0.0,322.0
79071B,ENGLISH ROSE METAL WASTE BIN,20,59.0,2.95,11,330,167,15,1.8181818181818181,12.727272727272727,2.5454545454545454,29.81818181818182,0.0,Overstock,Markdown / Clear,0.0,0.0,973.5000000000001,0.0,330.0
79144B,PAINTED LIGHTBULB STAR+ MOON,180,103.23,0.7134397163120567,47,227,140,4,3.8297872340425534,26.808510638297875,5.3617021276595755,20.680851063829788,8.0,Overstock,Markdown / Clear,0.0,0.0,156.24329787234043,0.021739130434782608,25.22222222222222
79144C,PAINTED LIGHTBULB RAINBOW DESIGN,152,98.12,0.7839716312056737,47,125,34,9,3.234042553191489,22.638297872340424,4.5276595744680845,33.634042553191485,4.0,Overstock,Markdown / Clear,0.0,0.0,94.86056737588652,0.025,25.0
79149B,SILICON STAR BULB  BLUE,18,7.56,0.42,8,465,132,18,2.25,15.75,3.1500000000000004,43.65,5.5,Overstock,Markdown / Clear,0.0,0.0,192.98999999999998,0.00919732441471572,71.53846153846153
79151B,"SILICON CUBE 25W, BLUE",11,4.62,0.42,2,177,28,17,5.5,38.5,7.7,101.2,10.0,Overstock,Markdown / Clear,0.0,0.0,70.14,0.04854368932038835,16.09090909090909
79157B,UBO-LIGHT TRIOBASE BLUE,4,3.4,0.85,2,140,69,13,2.0,14.0,2.8000000000000003,28.8,0.0,Overstock,Markdown / Clear,0.0,0.0,119.0,0.0,140.0
79157V,UBO-LIGHT TRIOBASE PURPLE,5,4.25,0.85,3,74,152,3,1.6666666666666667,11.666666666666668,2.3333333333333335,7.333333333333334,0.0,Overstock,Markdown / Clear,0.0,0.0,62.9,0.0,74.0
79160,HEART SHAPE WIRELESS DOORBELL,444,795.83,2.080888888888889,45,419,94,9,9.866666666666667,69.06666666666666,13.813333333333333,102.61333333333334,1.0,Overstock,Markdown / Clear,0.0,0.0,869.8115555555556,0.0019455252918287938,209.5
79161A,ST GEORGE SET OF 10 PARTY LIGHTS,2,5.9,2.95,2,31,21,10,1.0,7.0,1.4000000000000001,11.4,0.0,Overstock,Markdown / Clear,0.0,0.0,91.45,0.0,31.0
79163,BLACK CHAMPAGNE GLASS,1529,626.55,0.5203448275862069,29,164,193,12,52.724137931034484,369.0689655172414,73.81379310344828,706.5034482758621,0.0,Overstock,Markdown / Clear,0.0,0.0,85.33655172413793,0.0,164.0
79164,BLACK WINE GLASS,1666,697.62,0.7259999999999999,15,419,172,7,111.06666666666666,777.4666666666667,155.49333333333334,932.96,0.0,Overstock,Markdown / Clear,0.0,0.0,304.19399999999996,0.0,419.0
79190A,RETRO PLASTIC 70'S TRAY,384,179.35999999999999,0.6068749999999999,56,415,68,11,6.857142857142857,48.0,9.600000000000001,85.02857142857144,20.5,Overstock,Markdown / Clear,0.0,0.0,239.4121875,0.042355371900826444,19.302325581395348
79190B,RETRO PLASTIC POLKA TRAY,707,288.36,0.5774999999999999,52,155,88,3,13.596153846153847,95.17307692307693,19.03461538461539,59.823076923076925,30.0,Overstock,Markdown / Clear,0.0,0.0,72.18749999999999,0.12295081967213115,5.0
79190D,RETRO PLASTIC DAISY TRAY,265,126.98,0.6173255813953488,43,487,71,4,6.162790697674419,43.139534883720934,8.627906976744187,33.27906976744186,15.0,Overstock,Markdown / Clear,0.0,0.0,291.3776744186046,0.026833631484794274,30.4375
79191B,RETRO PLASTIC POLKA TRAY,159,138.29999999999998,0.9207142857142856,28,22,128,16,5.678571428571429,39.75,7.95,98.80714285714286,14.0,Healthy,No Action,0.0,0.0,0.0,0.09271523178807947,1.4666666666666666
79191C,RETRO PLASTIC ELEPHANT TRAY,1105,812.53,0.8369491525423728,59,163,171,12,18.728813559322035,131.10169491525426,26.22033898305085,250.96610169491527,25.0,Overstock,Markdown / Clear,0.0,0.0,115.49898305084744,0.07462686567164178,6.269230769230769
79191D,RETRO PLASTIC DAISY TRAY,35,37.61,1.2925,16,49,86,11,2.1875,15.3125,3.0625,27.125,0.0,Overstock,Markdown / Clear,0.0,0.0,63.332499999999996,0.0,49.0
79192A,RETRO PLASTIC 70'S TRAY,3,3.75,1.25,2,256,95,12,1.5,10.5,2.1,20.1,0.0,Overstock,Markdown / Clear,0.0,0.0,320.0,0.0,256.0
79302M,"ART LIGHTS,FUNK MONKEY",370,1037.54,3.5428301886792455,53,298,74,8,6.981132075471698,48.867924528301884,9.773584905660378,65.62264150943396,18.5,Overstock,Markdown / Clear,0.0,0.0,990.2210377358491,0.049597855227882036,15.282051282051283
79321,CHILLI LIGHTS,10302,54096.36,6.756302711907975,247,367,166,19,41.7085020242915,291.9595141700405,58.39190283400811,850.8534412955465,295.5,Healthy,No Action,0.0,0.0,0.0,0.5533707865168539,1.2377740303541316
79323B,BLACK CHERRY LIGHTS,8,54.0,6.75,1,134,53,8,8.0,56.0,11.200000000000001,75.2,0.0,Overstock,Markdown / Clear,0.0,0.0,904.5,0.0,134.0
79323P,PINK CHERRY LIGHTS,4,27.0,6.75,1,123,87,6,4.0,28.0,5.6000000000000005,29.6,0.0,Overstock,Markdown / Clear,0.0,0.0,830.25,0.0,123.0
79329,PINK FLOCK GLASS CANDLEHOLDER,12,12.18,1.015,2,137,156,5,6.0,42.0,8.4,38.4,0.0,Overstock,Markdown / Clear,0.0,0.0,139.05499999999998,0.0,137.0
79331,PINK FLOCK GLASS CANDLEHOLDER,26,17.5,0.8033333333333333,3,24,53,20,8.666666666666666,60.666666666666664,12.133333333333333,185.46666666666664,0.0,Overstock,Markdown / Clear,0.0,0.0,19.28,0.0,24.0
79336,LIGHT PINK FLOCK GLASS CANDLEHOLDER,36,13.679999999999998,0.38000000000000006,3,487,15,6,12.0,84.0,16.8,88.8,0.0,Overstock,Markdown / Clear,0.0,0.0,185.06000000000003,0.0,487.0
79337,BLUE FLOCK GLASS CANDLEHOLDER,644,259.96,0.634,10,379,98,10,64.4,450.80000000000007,90.16000000000003,734.1600000000001,0.0,Overstock,Markdown / Clear,0.0,0.0,240.286,0.0,379.0
79403,FROSTED WHITE BASE ,95,85.52,1.062,15,267,19,19,6.333333333333333,44.33333333333333,8.866666666666665,129.2,0.0,Overstock,Markdown / Clear,0.0,0.0,283.55400000000003,0.0,267.0
79406,FROSTED WHITE BASE ,144,34.12,0.3725,8,383,45,7,18.0,126.0,25.200000000000003,151.2,0.0,Overstock,Markdown / Clear,0.0,0.0,142.6675,0.0,383.0
81950B,FLOWER BLUE CLOCK WITH SUCKER,116,33.64,0.29,7,340,194,15,16.571428571428573,116.00000000000001,23.200000000000003,271.7714285714286,0.0,Overstock,Markdown / Clear,0.0,0.0,98.6,0.0,340.0
81950V,FLOWER PURPLE CLOCK W/SUCKER,5,4.25,0.85,3,140,192,3,1.6666666666666667,11.666666666666668,2.3333333333333335,7.333333333333334,0.0,Overstock,Markdown / Clear,0.0,0.0,119.0,0.0,140.0
81950V,FLOWER PURPLE CLOCK WITH SUCKER,15,4.35,0.29,2,305,126,15,7.5,52.5,10.5,123.0,0.0,Overstock,Markdown / Clear,0.0,0.0,88.44999999999999,0.0,305.0
81952B,ROUND BLUE CLOCK WITH SUCKER,200,38.0,0.19,9,168,57,6,22.22222222222222,155.55555555555554,31.11111111111111,164.44444444444443,0.0,Overstock,Markdown / Clear,0.0,0.0,31.92,0.0,168.0
81952V,ROUND PURPLE CLOCK WITH SUCKER,365,69.35,0.19000000000000003,24,103,180,16,15.208333333333334,106.45833333333334,21.29166666666667,264.625,0.0,Overstock,Markdown / Clear,0.0,0.0,19.570000000000004,0.0,103.0
81953B,ROUND BLUE CLOCK WITH SUCKER,11,2.09,0.19000000000000003,3,473,110,5,3.6666666666666665,25.666666666666664,5.133333333333333,23.466666666666665,0.0,Overstock,Markdown / Clear,0.0,0.0,89.87000000000002,0.0,473.0
81953P,ROUND ARTICULATED PINK CLOCK W/SUCK,28,5.32,0.19000000000000003,3,425,128,7,9.333333333333334,65.33333333333334,13.06666666666667,78.4,0.0,Overstock,Markdown / Clear,0.0,0.0,80.75000000000001,0.0,425.0
82001S,SILVER RECORD COVER FRAME,287,1067.76,5.411944444444445,18,485,80,9,15.944444444444445,111.61111111111111,22.322222222222223,165.82222222222222,28.25,Overstock,Markdown / Clear,0.0,0.0,2471.9056250000003,0.04991166077738516,16.581196581196583
82001S,VINYL RECORD FRAME SILVER,1295,4682.45,4.243181818181818,77,475,193,3,16.818181818181817,117.72727272727272,23.545454545454547,74.0,4.0,Overstock,Markdown / Clear,0.0,0.0,1998.5386363636364,0.005979073243647235,95.0
82001s,SILVER RECORD COVER FRAME,78,581.88,7.46,12,250,156,14,6.5,45.5,9.1,100.1,0.0,Overstock,Markdown / Clear,0.0,0.0,1865.0,0.0,250.0
82001s,VINYL RECORD FRAME SILVER,44,328.23999999999995,7.46,11,307,83,13,4.0,28.0,5.6000000000000005,57.6,0.0,Overstock,Markdown / Clear,0.0,0.0,2290.22,0.0,307.0
82011A,"BATHROOM SCALES, TROPICAL BEACH",18,67.5,3.75,12,180,69,10,1.5,10.5,2.1,17.1,0.0,Overstock,Markdown / Clear,0.0,0.0,675.0,0.0,180.0
82011B,BATHROOM SCALES RUBBER DUCKS,43,146.85,3.673809523809524,21,291,7,8,2.0476190476190474,14.333333333333332,2.8666666666666667,19.247619047619047,0.0,Overstock,Markdown / Clear,0.0,0.0,1069.0785714285714,0.0,291.0
82011C,BATHROOM SCALES FOOTPRINTS IN SAND,51,172.05,3.6700000000000004,20,479,28,4,2.55,17.849999999999998,3.57,13.77,0.0,Overstock,Markdown / Clear,0.0,0.0,1757.9300000000003,0.0,479.0
82095,HEART BUTTONS JEWELLERY BOX,68,356.11,5.270384615384615,26,57,111,16,2.6153846153846154,18.307692307692307,3.6615384615384614,45.50769230769231,0.0,Overstock,Markdown / Clear,0.0,0.0,300.4119230769231,0.0,57.0
82482,WOODEN PICTURE FRAME WHITE FINISH,8986,23057.06,3.0718524426011586,292,245,178,3,30.773972602739725,215.41780821917808,43.08356164383562,135.4054794520548,147.5,Healthy,No Action,0.0,0.0,0.0,0.34787735849056606,1.6498316498316499
82483,WOOD 2 DRAWER CABINET WHITE FINISH,2386,15123.92,6.959198468928733,228,161,160,12,10.464912280701755,73.25438596491229,14.650877192982458,140.22982456140352,66.5,Overstock,Markdown / Clear,0.0,0.0,657.6442553137653,0.20652173913043478,2.3851851851851853
82484,WOOD BLACK BOARD ANT WHITE FINISH,6012,35966.92,8.349280402930404,260,311,130,18,23.123076923076923,161.86153846153846,32.37230769230769,448.5876923076923,214.5,Healthy,No Action,0.0,0.0,0.0,0.4852941176470588,1.443155452436195
82486,3 DRAWER ANTIQUE WHITE WOOD CABINET,734,6457.9400000000005,9.264595555555555,75,170,187,6,9.786666666666667,68.50666666666667,13.701333333333336,72.42133333333334,59.75,Overstock,Markdown / Clear,0.0,0.0,1021.42166,0.16689944134078213,2.7983539094650207
82486,WOOD S/3 CABINET ANT WHITE FINISH,1402,11885.98,9.25846958069863,179,133,162,13,7.832402234636872,54.8268156424581,10.96536312849162,112.78659217877095,2.0,Overstock,Markdown / Clear,0.0,0.0,1212.8595150715205,0.006756756756756757,44.333333333333336
82494L,WOODEN FRAME ANTIQUE WHITE ,6735,19599.49,3.2962702687610994,255,256,196,18,26.41176470588235,184.88235294117646,36.976470588235294,512.3882352941176,182.0,Healthy,No Action,0.0,0.0,0.0,0.40176600441501104,1.3989071038251366
82494l,WOODEN FRAME ANTIQUE WHITE ,264,2211.6,8.317391304347826,46,85,107,3,5.739130434782608,40.17391304347826,8.034782608695652,25.252173913043478,15.0,Overstock,Markdown / Clear,0.0,0.0,582.2173913043478,0.07772020725388601,5.3125
82551,LAUNDRY 15C METAL SIGN,2918,4542.889999999999,1.7535318627450982,204,380,108,18,14.303921568627452,100.12745098039215,20.025490196078433,277.49607843137255,24.5,Overstock,Markdown / Clear,0.0,0.0,623.3805772058824,0.050102249488752554,14.901960784313726
82552,WASHROOM METAL SIGN,3012,4674.83,1.6508293838862558,211,360,19,11,14.274881516587678,99.92417061611374,19.98483412322275,177.0085308056872,37.0,Overstock,Markdown / Clear,0.0,0.0,533.2178909952606,0.09736842105263158,9.473684210526315
82567,"AIRLINE LOUNGE,METAL SIGN",711,1408.07,2.000924006908463,193,277,72,11,3.683937823834197,25.78756476683938,5.157512953367877,45.68082901554405,33.0,Overstock,Markdown / Clear,0.0,0.0,488.225457685665,0.09428571428571429,8.147058823529411
82578,KITCHEN METAL SIGN,2058,1217.8500000000001,0.7391666666666666,188,494,166,11,10.946808510638299,76.62765957446808,15.325531914893617,135.7404255319149,156.0,Overstock,Markdown / Clear,0.0,0.0,249.8383333333333,0.23600605143721634,3.1464968152866244
82580,BATHROOM METAL SIGN,5881,3473.21,0.8111003787878789,264,268,3,19,22.276515151515152,155.93560606060606,31.187121212121212,454.4409090909091,122.5,Overstock,Markdown / Clear,0.0,0.0,118.01510511363638,0.45036764705882354,2.1700404858299596
82581,TOILET METAL SIGN,3883,2155.89,0.7074561403508772,228,476,18,14,17.030701754385966,119.21491228070175,23.84298245614035,262.27280701754387,97.5,Overstock,Markdown / Clear,0.0,0.0,267.77214912280704,0.19696969696969696,4.83248730964467
82582,AREA PATROLLED METAL SIGN,4365,8858.79,2.416235583684951,237,468,101,15,18.417721518987342,128.9240506329114,25.78481012658228,302.0506329113924,167.0,Overstock,Markdown / Clear,0.0,0.0,727.2869106891702,0.2929824561403509,2.7857142857142856
82583,HOT BATHS METAL SIGN,7258,16946.260000000002,2.9574463175713177,234,350,172,10,31.017094017094017,217.1196581196581,43.42393162393162,353.5948717948718,186.5,Healthy,No Action,0.0,0.0,0.0,0.3565965583173996,1.8666666666666667
82599,FANNY'S REST STOPMETAL SIGN,508,1217.73,2.801058114035088,76,342,170,18,6.684210526315789,46.78947368421053,9.357894736842105,129.67368421052632,0.0,Overstock,Markdown / Clear,0.0,0.0,957.9618750000001,0.0,342.0
82600,N0 SINGING METAL SIGN,1225,2639.42,2.6037142857142856,13,199,140,20,94.23076923076923,659.6153846153845,131.9230769230769,2016.5384615384614,407.3333333333333,Stockout Risk,Reorder Now,340.0,1060.579619047619,0.0,1.1980392156862745,0.4873469387755102
82600,NO SINGING METAL SIGN,4788,10193.76,2.4455362151333024,206,209,140,3,23.24271844660194,162.6990291262136,32.539805825242716,102.26796116504855,0.0,Overstock,Markdown / Clear,0.0,0.0,511.11706896286023,0.0,209.0
82605,OLD DOC RUSSEL METAL SIGN,14,29.4,2.1,3,426,187,3,4.666666666666667,32.66666666666667,6.533333333333335,20.533333333333335,0.0,Overstock,Markdown / Clear,0.0,0.0,894.6,0.0,426.0
82613A,"METAL SIGN,CUPCAKE SINGLE HOOK",71,92.38,1.427941176470588,17,173,184,14,4.176470588235294,29.23529411764706,5.847058823529412,64.31764705882354,0.0,Overstock,Markdown / Clear,0.0,0.0,247.03382352941173,0.0,173.0
82613B,"METAL SIGN,CUPCAKE SINGLE HOOK",583,500.24,1.5765900383141762,87,215,85,8,6.7011494252873565,46.9080459770115,9.3816091954023,62.99080459770115,1.0,Overstock,Markdown / Clear,0.0,0.0,337.39026819923373,0.0033222591362126247,107.5
82613C,"METAL SIGN,CUPCAKE SINGLE HOOK",537,443.38,1.6120023148148148,72,485,51,11,7.458333333333333,52.20833333333333,10.441666666666666,92.48333333333332,1.0,Overstock,Markdown / Clear,0.0,0.0,780.2091203703703,0.00186219739292365,242.5
82613D,METAL SIGN CUPCAKE SINGLE HOOK,696,534.24,1.4889466666666666,75,330,110,7,9.28,64.96,12.991999999999999,77.952,1.0,Overstock,Markdown / Clear,0.0,0.0,489.8634533333333,0.0022675736961451248,165.0
82613a,"METAL SIGN,CUPCAKE SINGLE HOOK",1,2.46,2.46,1,281,180,18,1.0,7.0,1.4000000000000001,19.4,0.0,Overstock,Markdown / Clear,0.0,0.0,691.26,0.0,281.0
82613b,"METAL SIGN,CUPCAKE SINGLE HOOK",4,9.94,2.4766666666666666,3,438,108,20,1.3333333333333333,9.333333333333332,1.8666666666666665,28.53333333333333,0.0,Overstock,Markdown / Clear,0.0,0.0,1084.78,0.0,438.0
82613c,"METAL SIGN,CUPCAKE SINGLE HOOK",5,12.399999999999999,2.4766666666666666,3,425,85,19,1.6666666666666667,11.666666666666668,2.3333333333333335,34.0,0.0,Overstock,Markdown / Clear,0.0,0.0,1052.5833333333333,0.0,425.0
82615,PINK MARSHMALLOW SCARF KNITTING KIT,36,91.8,2.55,1,446,42,20,36.0,252.0,50.400000000000006,770.4,0.0,Overstock,Markdown / Clear,0.0,0.0,1137.3,0.0,446.0
82616B,FRAPPUCINO SCARF KNITTING KIT,343,502.74,2.0013709677419356,62,162,199,3,5.532258064516129,38.725806451612904,7.7451612903225815,24.34193548387097,13.5,Overstock,Markdown / Clear,0.0,0.0,297.20358870967743,0.03729281767955801,11.172413793103448
82616C,MIDNIGHT GLAMOUR SCARF KNITTING KIT,324,501.44,1.882734375,64,361,199,10,5.0625,35.4375,7.0875,57.7125,12.5,Overstock,Markdown / Clear,0.0,0.0,656.1329296875,0.022281639928698752,26.74074074074074
84006,MAGIC TREE -PAPER FLOWERS,918,848.6999999999999,1.048904109589041,73,335,41,5,12.575342465753424,88.02739726027397,17.605479452054794,80.48219178082192,74.0,Overstock,Markdown / Clear,0.0,0.0,273.7639726027397,0.1962864721485411,4.466666666666667
84012,MAGIC SHEEP WOOL GROWING FROM PAPER,1265,1283.99,1.3445394736842105,76,120,89,7,16.644736842105264,116.51315789473685,23.30263157894737,139.81578947368422,110.0,Healthy,No Action,13.0,0.0,0.0,0.5238095238095238,1.0810810810810811
84016,FLAG OF ST GEORGE CAR FLAG,27,12.16,0.625,2,263,114,10,13.5,94.5,18.900000000000002,153.9,0.0,Overstock,Markdown / Clear,0.0,0.0,164.375,0.0,263.0
84029E,RED WOOLLY HOTTIE WHITE HEART.,4734,22025.73,5.699327616955873,140,31,25,20,33.81428571428572,236.70000000000002,47.34,723.6257142857144,237.0,Stockout Risk,Reorder Now,253.0,1350.7406452185419,0.0,4.157894736842105,0.13025210084033614
84029G,KNITTED UNION FLAG HOT WATER BOTTLE,3319,16148.04,5.429206284153006,183,258,150,20,18.136612021857925,126.95628415300547,25.391256830601094,388.1234972677596,170.0,Healthy,No Action,0.0,0.0,0.0,0.4156479217603912,1.5087719298245614
84030E,ENGLISH ROSE HOT WATER BOTTLE,1497,6414.69,5.123160337552743,158,68,42,3,9.474683544303797,66.32278481012658,13.264556962025317,41.68860759493671,90.5,Healthy,No Action,36.0,0.0,0.0,0.8153153153153153,0.7431693989071039
84030e,ENGLISH ROSE HOT WATER BOTTLE,108,877.76,8.490731707317073,41,61,76,17,2.6341463414634148,18.439024390243905,3.687804878048781,48.46829268292683,7.0,Overstock,Markdown / Clear,0.0,0.0,458.49951219512195,0.050724637681159424,7.625
84031A,CHARLIE+LOLA RED HOT WATER BOTTLE ,430,1959.91,4.6448846153846155,104,185,155,20,4.134615384615385,28.942307692307693,5.788461538461539,88.48076923076924,58.0,Overstock,Markdown / Clear,0.0,0.0,589.9003461538462,0.17008797653958943,3.135593220338983
84031B,CHARLIE LOLA BLUE HOT WATER BOTTLE ,303,1435.72,4.650678694158076,97,101,136,9,3.1237113402061856,21.8659793814433,4.37319587628866,32.48659793814433,21.0,Overstock,Markdown / Clear,0.0,0.0,372.05429553264605,0.08823529411764706,4.590909090909091
84031a,CHARLIE+LOLA RED HOT WATER BOTTLE ,1,16.63,16.63,1,448,19,18,1.0,7.0,1.4000000000000001,19.4,0.0,Overstock,Markdown / Clear,0.0,0.0,7450.24,0.0,448.0
84031b,CHARLIE LOLA BLUE HOT WATER BOTTLE ,1,16.63,16.63,1,310,183,18,1.0,7.0,1.4000000000000001,19.4,0.0,Overstock,Markdown / Clear,0.0,0.0,5155.299999999999,0.0,310.0
84032A,CHARLIE+LOLA PINK HOT WATER BOTTLE,1003,3384.98,3.5011501792114696,155,177,38,17,6.470967741935484,45.29677419354839,9.059354838709679,119.0658064516129,93.5,Healthy,No Action,0.0,0.0,0.0,0.43287037037037035,1.873015873015873
84032B,CHARLIE + LOLA RED HOT WATER BOTTLE,936,2421.59,3.246898391444903,129,235,178,8,7.255813953488372,50.7906976744186,10.158139534883722,68.2046511627907,175.5,Healthy,No Action,0.0,0.0,0.0,0.42391304347826086,1.3314447592067988
84033,FLAG OF ST GEORGE ,23,37.95,1.65,7,177,11,11,3.2857142857142856,23.0,4.6000000000000005,40.74285714285714,0.0,Overstock,Markdown / Clear,0.0,0.0,292.05,0.0,177.0
84050,PINK HEART SHAPE EGG FRYING PAN,3229,4753.53,2.186888888888889,147,481,182,9,21.965986394557824,153.76190476190476,30.752380952380953,228.44625850340137,0.0,Overstock,Markdown / Clear,0.0,0.0,1051.8935555555556,0.0,481.0
84051,ASS COLOUR GLOWING TIARAS,281,215.21,0.8728,25,153,10,16,11.24,78.68,15.736000000000002,195.576,12.0,Overstock,Markdown / Clear,0.0,0.0,123.0648,0.07317073170731707,11.76923076923077
84077,WORLD WAR 2 GLIDERS ASSTD DESIGNS,54951,13814.009999999998,0.3176937183383992,235,86,153,13,233.8340425531915,1636.8382978723405,327.3676595744681,3367.2102127659577,881.0,Stockout Risk,Reorder Now,1122.0,279.8881658561297,0.0,3.6708333333333334,0.09750566893424037
84078A,SET/4 WHITE RETRO STORAGE CUBES ,415,16363.300000000001,45.22727485380118,114,355,41,18,3.6403508771929824,25.482456140350877,5.0964912280701755,70.62280701754386,1.0,Overstock,Markdown / Clear,0.0,0.0,16010.455298245617,0.0025188916876574307,177.5
84086B,YELLOW/BLUE RETRO RADIO,16,47.2,2.95,7,26,154,8,2.2857142857142856,16.0,3.2,21.485714285714284,0.0,Overstock,Markdown / Clear,0.0,0.0,76.7,0.0,26.0
84086C,PINK/PURPLE RETRO RADIO,218,622.2700000000001,3.0473170731707317,41,455,10,18,5.317073170731708,37.21951219512195,7.443902439024391,103.15121951219513,24.0,Overstock,Markdown / Clear,0.0,0.0,1313.3936585365855,0.05150214592274678,18.2
84192,ASSORTED COLOUR METAL CAT ,111,138.75,1.25,23,33,37,18,4.826086956521739,33.78260869565217,6.756521739130434,93.62608695652175,0.0,Overstock,Markdown / Clear,0.0,0.0,41.25,0.0,33.0
84199,GLOW IN DARK DOLPHINS,138,28.98,0.21,27,92,97,14,5.111111111111111,35.77777777777777,7.155555555555555,78.7111111111111,0.0,Overstock,Markdown / Clear,0.0,0.0,19.32,0.0,92.0
84201B,HAPPY BIRTHDAY CARD STRIPEY TEDDY,13,2.4699999999999998,0.19,2,418,170,19,6.5,45.5,9.1,132.6,0.0,Overstock,Markdown / Clear,0.0,0.0,79.42,0.0,418.0
84201C,HAPPY BIRTHDAY CARD TEDDY/CAKE,5,0.95,0.19,1,424,18,7,5.0,35.0,7.0,42.0,0.0,Overstock,Markdown / Clear,0.0,0.0,80.56,0.0,424.0
84206A,3 BLACK CATS W HEARTS BLANK CARD,24,4.56,0.19000000000000003,3,182,191,15,8.0,56.0,11.200000000000001,131.2,0.0,Overstock,Markdown / Clear,0.0,0.0,34.580000000000005,0.0,182.0
84206B,CAT WITH SUNGLASSES BLANK CARD,5,0.95,0.19,1,85,133,10,5.0,35.0,7.0,57.0,0.0,Overstock,Markdown / Clear,0.0,0.0,16.15,0.0,85.0
84206C,CHAMPAGNE TRAY BLANK CARD,8,1.52,0.19,2,366,173,7,4.0,28.0,5.6000000000000005,33.6,0.0,Overstock,Markdown / Clear,0.0,0.0,69.54,0.0,366.0
84212,"ASSORTED FLOWER COLOUR ""LEIS""",10315,4934.87,0.8924456521739131,92,149,115,14,112.1195652173913,784.8369565217391,156.96739130434784,1726.641304347826,264.0,Stockout Risk,Reorder Now,272.0,235.60565217391306,0.0,0.9962264150943396,0.5622641509433962
84218,BOX/12 CHICK & EGG IN BASKET,123,223.11,1.9017241379310343,29,438,112,11,4.241379310344827,29.689655172413794,5.937931034482759,52.59310344827586,0.0,Overstock,Markdown / Clear,0.0,0.0,832.9551724137931,0.0,438.0
84226,HEN HOUSE W FAMILY IN BARN & NEST,51,36.21,0.8266666666666667,9,485,169,5,5.666666666666667,39.66666666666667,7.9333333333333345,36.26666666666667,0.0,Overstock,Markdown / Clear,0.0,0.0,400.93333333333334,0.0,485.0
84227,HEN HOUSE W CHICK IN NEST,1,0.42,0.42,1,225,64,5,1.0,7.0,1.4000000000000001,6.4,0.0,Overstock,Markdown / Clear,0.0,0.0,94.5,0.0,225.0
84228,HEN HOUSE W CHICK STANDING,283,118.21,0.5397727272727273,22,295,98,3,12.863636363636363,90.04545454545455,18.00909090909091,56.60000000000001,0.0,Overstock,Markdown / Clear,0.0,0.0,159.23295454545456,0.0,295.0
84228,HEN HOUSE WITH CHICK STANDING,14,5.88,0.42,3,485,71,20,4.666666666666667,32.66666666666667,6.533333333333335,99.86666666666667,0.0,Overstock,Markdown / Clear,0.0,0.0,203.7,0.0,485.0
84231,EASTER BUNNY WITH BASKET ON BACK,108,72.63,0.7310000000000001,20,275,186,14,5.4,37.800000000000004,7.560000000000001,83.16000000000001,0.0,Overstock,Markdown / Clear,0.0,0.0,201.02500000000003,0.0,275.0
84247E,PACK OF 12 CHRISTMAS FUN CARDS,106,283.79,2.6069999999999998,25,285,51,11,4.24,29.68,5.936,52.576,0.0,Overstock,Markdown / Clear,0.0,0.0,742.9949999999999,0.0,285.0
84247E,PACK/12 XMAS FUN CARD,34,100.30000000000001,2.95,9,44,117,11,3.7777777777777777,26.444444444444443,5.288888888888889,46.84444444444445,0.0,Overstock,Markdown / Clear,0.0,0.0,129.8,0.0,44.0
84247G,"DECOUPAGE,GREETING CARD,",357,158.63,0.5313333333333333,30,469,174,20,11.9,83.3,16.66,254.66,0.0,Overstock,Markdown / Clear,0.0,0.0,249.19533333333334,0.0,469.0
84247K,"FOLK ART GREETING CARD,pack/12",22,64.9,2.95,9,300,119,20,2.4444444444444446,17.111111111111114,3.422222222222223,52.31111111111112,0.0,Overstock,Markdown / Clear,0.0,0.0,885.0,0.0,300.0
84247L,FAWN AND MUSHROOM GREETING CARD,128,62.06,0.6275,16,272,6,9,8.0,56.0,11.200000000000001,83.2,0.0,Overstock,Markdown / Clear,0.0,0.0,170.67999999999998,0.0,272.0
84247N,PACK/12 BLUE FOLKART CARDS,22,64.9,2.95,18,329,10,6,1.2222222222222223,8.555555555555557,1.7111111111111115,9.044444444444446,0.0,Overstock,Markdown / Clear,0.0,0.0,970.5500000000001,0.0,329.0
84249A,"GREETING CARD,SQUARE, DOUGHNUTS",174,80.46,0.6629629629629629,27,308,102,15,6.444444444444445,45.111111111111114,9.022222222222224,105.6888888888889,0.0,Overstock,Markdown / Clear,0.0,0.0,204.19259259259258,0.0,308.0
84251B,"GREETING CARD, STICKY GORDON",245,70.78,0.44634146341463415,41,183,60,19,5.975609756097561,41.829268292682926,8.365853658536585,121.90243902439023,0.0,Overstock,Markdown / Clear,0.0,0.0,81.68048780487806,0.0,183.0
84251C,"GREETING CARD, TWO SISTERS.",127,53.879999999999995,0.5624074074074074,27,114,67,4,4.703703703703703,32.925925925925924,6.5851851851851855,25.4,0.0,Overstock,Markdown / Clear,0.0,0.0,64.11444444444444,0.0,114.0
84251G,"GREETING CARD, OVERCROWDED POOL.",270,74.7,0.4043023255813953,43,289,152,16,6.27906976744186,43.95348837209302,8.790697674418604,109.25581395348837,24.0,Overstock,Markdown / Clear,0.0,0.0,107.14011627906974,0.05429864253393665,11.56
84270,ASSTD DESIGN BUBBLE GUM RING,17,3.57,0.21,2,340,139,5,8.5,59.5,11.9,54.4,0.0,Overstock,Markdown / Clear,0.0,0.0,71.39999999999999,0.0,340.0
84279B,CHERRY BLOSSOM DECORATIVE FLASK,192,774.7,4.5725,52,129,153,7,3.6923076923076925,25.846153846153847,5.1692307692307695,31.015384615384615,0.0,Overstock,Markdown / Clear,0.0,0.0,589.8525,0.0,129.0
84279P,CHERRY BLOSSOM  DECORATIVE FLASK,377,1565.71,4.868964401294498,103,355,101,16,3.6601941747572817,25.62135922330097,5.1242718446601945,63.6873786407767,19.0,Overstock,Markdown / Clear,0.0,0.0,1635.9720388349515,0.04157549234135667,17.75
84306,S/3 PINK SQUARE PLANTERS ROSES,10,88.22,8.954999999999998,8,329,109,5,1.25,8.75,1.75,8.0,0.0,Overstock,Markdown / Clear,0.0,0.0,2946.1949999999993,0.0,329.0
84313B,BLUE TV TRAY TABLE ,127,518.61,6.055000000000001,27,257,139,9,4.703703703703703,32.925925925925924,6.5851851851851855,48.91851851851851,0.0,Overstock,Markdown / Clear,0.0,0.0,1556.1350000000002,0.0,257.0
84313C,ORANGE TV TRAY TABLE ,504,1165.9099999999999,3.9102857142857146,35,400,170,20,14.4,100.8,20.16,308.16,0.0,Overstock,Markdown / Clear,0.0,0.0,1564.1142857142859,0.0,400.0
84341B,SMALL PINK MAGIC CHRISTMAS TREE,645,282.38,0.6371212121212121,33,455,50,15,19.545454545454547,136.8181818181818,27.363636363636363,320.54545454545456,0.0,Overstock,Markdown / Clear,0.0,0.0,289.8901515151515,0.0,455.0
84347,ROTATING SILVER ANGELS T-LIGHT HLDR,9461,26425.58,3.5757791286727456,141,406,116,12,67.09929078014184,469.6950354609929,93.9390070921986,899.1304964539007,619.0,Stockout Risk,Reorder Now,307.0,2213.4072806484296,0.0,1.1835564053537284,0.6548387096774193
84352,SILVER CHRISTMAS TREE BAUBLE STAND ,34,577.35,17.213095238095235,21,444,164,15,1.619047619047619,11.333333333333334,2.266666666666667,26.55238095238095,0.0,Overstock,Markdown / Clear,0.0,0.0,7642.614285714284,0.0,444.0
84356,POMPOM CURTAIN,424,2124.15,6.295333333333333,65,409,45,18,6.523076923076923,45.66153846153846,9.132307692307693,126.5476923076923,14.0,Overstock,Markdown / Clear,0.0,0.0,2486.6566666666663,0.03076923076923077,27.266666666666666
84358,FLOOR LAMP SHADE WOOD BASE,33,312.7,10.543076923076923,13,44,52,11,2.5384615384615383,17.769230769230766,3.5538461538461537,31.47692307692307,0.0,Overstock,Markdown / Clear,0.0,0.0,463.8953846153846,0.0,44.0
84360,TABLE LAMP WHITE SHADE WOOD BASE,78,434.12,6.554,20,160,87,4,3.9,27.3,5.460000000000001,21.060000000000002,2.0,Overstock,Markdown / Clear,0.0,0.0,1035.5320000000002,0.008064516129032258,53.333333333333336
84375,SET OF 20 KIDS COOKIE CUTTERS,4311,9383.150000000001,2.4715205718270576,239,136,120,7,18.03765690376569,126.26359832635983,25.252719665271968,151.5163179916318,112.5,Healthy,No Action,2.0,0.0,0.0,0.4377431906614786,1.198237885462555
84378,SET OF 3 HEART COOKIE CUTTERS,6332,8518.4,1.627801397584266,251,411,12,19,25.227091633466134,176.58964143426294,35.31792828685259,514.6326693227091,510.0,Stockout Risk,Reorder Now,134.0,830.1787127679756,0.0,1.2028301886792452,0.8043052837573386
84380,SET OF 3 BUTTERFLY COOKIE CUTTERS,5799,8153.5599999999995,1.6610462651727358,255,424,88,6,22.741176470588236,159.18823529411765,31.83764705882353,168.28470588235294,104.5,Overstock,Markdown / Clear,0.0,0.0,530.7042817226891,0.2037037037037037,4.018957345971564
84387A,BIRD ON BRANCH CANVAS SCREEN,11,21.45,1.95,1,471,124,19,11.0,77.0,15.4,224.4,0.0,Overstock,Markdown / Clear,0.0,0.0,918.4499999999999,0.0,471.0
84388,WISE MAN STAR SHAPE EGG PAN,24,13.139999999999999,1.02,6,44,117,11,4.0,28.0,5.6000000000000005,49.6,0.0,Overstock,Markdown / Clear,0.0,0.0,44.88,0.0,44.0
84402B,PURPLE DRESS JEWELLERY STAND,61,48.19,0.79,2,98,53,4,30.5,213.5,42.7,164.7,0.0,Overstock,Markdown / Clear,0.0,0.0,77.42,0.0,98.0
84406B,CREAM CUPID HEARTS COAT HANGER,2015,7653.17,4.41756657398826,166,87,184,20,12.13855421686747,84.96987951807229,16.99397590361446,259.76506024096386,21.0,Overstock,Markdown / Clear,0.0,0.0,291.5593938832252,0.07720588235294118,3.9545454545454546
84415A,PINK FLOCK SUEDE CUSHION COVER ,12,15.0,1.25,2,192,115,13,6.0,42.0,8.4,86.4,0.0,Overstock,Markdown / Clear,0.0,0.0,240.0,0.0,192.0
84415B,BLUE FLOCK CUSHION COVER ,8,20.0,2.9166666666666665,3,463,117,15,2.6666666666666665,18.666666666666664,3.733333333333333,43.733333333333334,0.0,Overstock,Markdown / Clear,0.0,0.0,1350.4166666666665,0.0,463.0
84422,PINK/BLUE DISC/MIRROR STRING,566,244.16999999999996,0.9914285714285713,14,31,3,10,40.42857142857143,283.0,56.6,460.88571428571436,0.0,Stockout Risk,Reorder Now,26.0,0.0,0.0,0.0,31.0
84429A,MEDIUM PINK BUDDHA HEAD ,54,182.50000000000003,3.9620000000000006,20,307,74,3,2.7,18.900000000000002,3.7800000000000007,11.880000000000003,2.0,Overstock,Markdown / Clear,0.0,0.0,1208.41,0.005235602094240838,102.33333333333333
84452,METAL RABBIT LADDER EASTER ,74,62.9,0.85,15,147,48,19,4.933333333333334,34.53333333333333,6.906666666666666,100.64,0.0,Overstock,Markdown / Clear,0.0,0.0,124.95,0.0,147.0
84457,SET/3 RABBITS FLOWER SKIPPPING ROPE,126,112.55999999999999,1.0125,24,115,6,14,5.25,36.75,7.3500000000000005,80.85,0.0,Overstock,Markdown / Clear,0.0,0.0,116.4375,0.0,115.0
84459A,PINK METAL CHICKEN HEART ,716,1058.18,2.2057534246575345,73,111,109,6,9.808219178082192,68.65753424657534,13.731506849315068,72.58082191780822,0.0,Overstock,Markdown / Clear,0.0,0.0,244.83863013698632,0.0,111.0
84459B,YELLOW METAL CHICKEN HEART ,721,1079.67,2.1516666666666664,57,160,121,15,12.649122807017545,88.54385964912281,17.70877192982456,207.44561403508774,0.0,Overstock,Markdown / Clear,0.0,0.0,344.26666666666665,0.0,160.0
84461,12 PINK HEN+CHICKS IN BASKET,41,104.55,2.55,14,50,10,11,2.9285714285714284,20.5,4.1000000000000005,36.31428571428572,0.0,Overstock,Markdown / Clear,0.0,0.0,127.49999999999999,0.0,50.0
84462,3 PINK HEN+CHICKS IN BASKET,12,15.0,1.25,6,353,91,9,2.0,14.0,2.8000000000000003,20.8,0.0,Overstock,Markdown / Clear,0.0,0.0,441.25,0.0,353.0
84465,15 PINK FLUFFY CHICKS IN BOX,10,29.5,2.95,7,39,181,7,1.4285714285714286,10.0,2.0,12.0,0.0,Overstock,Markdown / Clear,0.0,0.0,115.05000000000001,0.0,39.0
84466,TOP SECRET PEN SET,46,57.5,1.25,9,165,172,7,5.111111111111111,35.77777777777777,7.155555555555555,42.93333333333332,0.0,Overstock,Markdown / Clear,0.0,0.0,206.25,0.0,165.0
84497,BUTTONS AND STRIPES NOTEBOOK ,13,48.75,3.75,7,496,22,19,1.8571428571428572,13.0,2.6,37.885714285714286,0.0,Overstock,Markdown / Clear,0.0,0.0,1860.0,0.0,496.0
84499,BLACK FLOWER CANDLE PLATE,7,5.949999999999999,0.85,2,335,27,11,3.5,24.5,4.9,43.4,0.0,Overstock,Markdown / Clear,0.0,0.0,284.75,0.0,335.0
84507B,STRIPES DESIGN MONKEY DOLL,39,118.73,3.4107142857142856,21,466,110,8,1.8571428571428572,13.0,2.6,17.45714285714286,0.0,Overstock,Markdown / Clear,0.0,0.0,1589.392857142857,0.0,466.0
84507C,BLUE CIRCLES DESIGN MONKEY DOLL,66,175.73,2.7392307692307694,26,409,56,18,2.5384615384615383,17.769230769230766,3.5538461538461537,49.246153846153845,0.0,Overstock,Markdown / Clear,0.0,0.0,1120.3453846153848,0.0,409.0
84508A,CAMOUFLAGE DESIGN TEDDY,1631,3448.05,2.4110294117647055,34,179,25,4,47.970588235294116,335.7941176470588,67.15882352941176,259.0411764705882,0.0,Overstock,Markdown / Clear,0.0,0.0,431.5742647058823,0.0,179.0
84508B,STRIPES DESIGN TEDDY,56,142.79999999999998,2.55,26,368,152,12,2.1538461538461537,15.076923076923077,3.0153846153846153,28.861538461538462,0.0,Overstock,Markdown / Clear,0.0,0.0,938.4,0.0,368.0
84508C,BLUE CIRCLES DESIGN TEDDY,56,154.95,3.0359999999999996,25,62,53,18,2.24,15.680000000000001,3.1360000000000006,43.45600000000001,0.0,Overstock,Markdown / Clear,0.0,0.0,188.23199999999997,0.0,62.0
84509A,SET OF 4 ENGLISH ROSE PLACEMATS,896,3417.28,4.522631027253669,159,273,28,7,5.635220125786163,39.44654088050314,7.889308176100629,47.33584905660377,10.0,Overstock,Markdown / Clear,0.0,0.0,1189.451960167715,0.033112582781456956,24.818181818181817
84509B,SET OF 4 FAIRY CAKE PLACEMATS,217,806.04,3.854535519125683,61,149,96,17,3.557377049180328,24.901639344262296,4.980327868852459,65.45573770491804,9.0,Overstock,Markdown / Clear,0.0,0.0,539.6349726775957,0.036585365853658534,14.9
84509C,SET OF 4 POLKADOT PLACEMATS ,130,498.94,4.2028888888888885,45,79,163,15,2.888888888888889,20.22222222222222,4.044444444444444,47.37777777777778,2.0,Overstock,Markdown / Clear,0.0,0.0,323.6224444444444,0.00823045267489712,26.333333333333332
84509E,SET OF 4 CAROUSEL PLACEMATS ,91,183.45,3.5527272727272727,22,170,13,15,4.136363636363637,28.954545454545457,5.790909090909092,67.83636363636364,12.0,Overstock,Markdown / Clear,0.0,0.0,561.3309090909091,0.06521739130434782,13.076923076923077
84509G,SET OF 4 FAIRY CAKE PLACEMATS ,517,950.49,3.0777083333333333,48,486,77,15,10.770833333333334,75.39583333333334,15.07916666666667,176.64166666666668,11.0,Overstock,Markdown / Clear,0.0,0.0,1461.9114583333333,0.01950354609929078,40.5
84509a,SET OF 4 ENGLISH ROSE PLACEMATS,104,775.84,7.46,48,306,34,17,2.1666666666666665,15.166666666666666,3.033333333333333,39.86666666666666,0.0,Overstock,Markdown / Clear,0.0,0.0,2282.7599999999998,0.0,306.0
84509b,SET OF 4 FAIRY CAKE PLACEMATS,5,37.3,7.46,4,24,29,16,1.25,8.75,1.75,21.75,0.0,Overstock,Markdown / Clear,0.0,0.0,179.04,0.0,24.0
84509c,SET OF 4 POLKADOT PLACEMATS ,43,322.21999999999997,7.490476190476191,21,486,91,10,2.0476190476190474,14.333333333333332,2.8666666666666667,23.34285714285714,4.0,Overstock,Markdown / Clear,0.0,0.0,3610.409523809524,0.006920415224913495,97.2
84509g,SET OF 4 FAIRY CAKE PLACEMATS ,2,14.92,7.46,1,437,16,13,2.0,14.0,2.8000000000000003,28.8,0.0,Overstock,Markdown / Clear,0.0,0.0,3260.02,0.0,437.0
84510A,SET OF 4 ENGLISH ROSE COASTERS,1196,1630.32,1.7250694444444445,168,285,194,20,7.119047619047619,49.83333333333333,9.966666666666667,152.34761904761905,43.0,Overstock,Markdown / Clear,0.0,0.0,417.4668055555556,0.08958333333333333,6.4772727272727275
84510C,SET OF 4 POLKADOT COASTERS,132,211.32999999999998,1.7914333333333332,50,364,157,6,2.64,18.48,3.696,19.536,2.0,Overstock,Markdown / Clear,0.0,0.0,648.4988666666666,0.0038314176245210726,121.33333333333333
84510E,SET OF 4 GREEN CAROUSEL COASTERS,34,48.29,1.655625,16,149,92,12,2.125,14.875,2.975,28.475,3.0,Overstock,Markdown / Clear,0.0,0.0,241.72125,0.012396694214876033,37.25
84510a,SET OF 4 ENGLISH ROSE COASTERS,53,130.48,2.464,25,401,172,3,2.12,14.84,2.968,9.328,0.0,Overstock,Markdown / Clear,0.0,0.0,988.064,0.0,401.0
84510c,SET OF 4 POLKADOT COASTERS,40,98.69999999999999,2.4678947368421054,19,286,78,7,2.1052631578947367,14.736842105263158,2.947368421052632,17.684210526315788,3.0,Overstock,Markdown / Clear,0.0,0.0,698.4142105263159,0.00821917808219178,71.5
84510e,SET OF 4 GREEN CAROUSEL COASTERS,1,2.46,2.46,1,197,109,15,1.0,7.0,1.4000000000000001,16.4,0.0,Overstock,Markdown / Clear,0.0,0.0,484.62,0.0,197.0
84519A,TOMATO CHARLIE+LOLA COASTER SET,512,905.55,2.646904761904762,70,272,178,3,7.314285714285714,51.199999999999996,10.24,32.182857142857145,9.5,Overstock,Markdown / Clear,0.0,0.0,694.8125,0.02106430155210643,25.904761904761905
84519B,CARROT CHARLIE+LOLA COASTER SET,471,773.3,2.363571428571429,91,434,101,10,5.175824175824176,36.23076923076923,7.246153846153847,59.004395604395604,9.5,Overstock,Markdown / Clear,0.0,0.0,1003.3360714285716,0.017723880597014924,41.333333333333336
84520B,PACK 20 ENGLISH ROSE PAPER NAPKINS,554,508.37,1.1033695652173912,46,75,105,5,12.043478260869565,84.30434782608695,16.860869565217392,77.07826086956521,0.0,Overstock,Markdown / Clear,0.0,0.0,82.75271739130433,0.0,75.0
84522,PINK PARTY SUNGLASSES,20,36.76,1.8166666666666667,12,482,46,5,1.6666666666666667,11.666666666666668,2.3333333333333335,10.666666666666668,0.0,Overstock,Markdown / Clear,0.0,0.0,875.6333333333333,0.0,482.0
84527,FLAMES SUNGLASSES PINK LENSES,52,95.10000000000001,2.145,8,476,180,9,6.5,45.5,9.1,67.6,0.0,Overstock,Markdown / Clear,0.0,0.0,1021.02,0.0,476.0
84531A,PINK KNITTED EGG COSY,147,76.69,0.6785185185185185,18,490,63,6,8.166666666666666,57.166666666666664,11.433333333333334,60.43333333333334,0.0,Overstock,Markdown / Clear,0.0,0.0,332.47407407407405,0.0,490.0
84531B,BLUE KNITTED EGG COSY,155,85.61,0.7166666666666667,20,102,165,5,7.75,54.25,10.850000000000001,49.6,0.0,Overstock,Markdown / Clear,0.0,0.0,73.1,0.0,102.0
84534B,FAIRY CAKE NOTEBOOK A5 SIZE,53,50.72,1.2550000000000001,7,412,63,17,7.571428571428571,53.0,10.600000000000001,139.31428571428572,0.0,Overstock,Markdown / Clear,0.0,0.0,517.0600000000001,0.0,412.0
84534b,FAIRY CAKE NOTEBOOK A5 SIZE,2,3.32,1.66,2,118,86,10,1.0,7.0,1.4000000000000001,11.4,0.0,Overstock,Markdown / Clear,0.0,0.0,195.88,0.0,118.0
84535A,ENGLISH ROSE NOTEBOOK A6 SIZE,399,186.56,0.68625,16,168,6,5,24.9375,174.5625,34.9125,159.6,0.0,Overstock,Markdown / Clear,0.0,0.0,115.29,0.0,168.0
84535B,FAIRY CAKES NOTEBOOK A6 SIZE,1332,850.2,0.8988888888888888,117,348,21,9,11.384615384615385,79.6923076923077,15.938461538461539,118.4,29.5,Overstock,Markdown / Clear,0.0,0.0,286.2961111111111,0.07972972972972973,11.40983606557377
84536A,ENGLISH ROSE NOTEBOOK A7 SIZE,3138,1409.9,0.5392706270627062,202,175,80,20,15.534653465346535,108.74257425742574,21.74851485148515,332.4415841584158,107.0,Healthy,No Action,0.0,0.0,0.0,0.41796875,1.6203703703703705
84536B,FAIRY CAKES NOTEBOOK A7 SIZE,2102,888.14,0.5502099737532808,127,209,168,13,16.551181102362204,115.85826771653542,23.171653543307087,238.33700787401574,6.5,Overstock,Markdown / Clear,0.0,0.0,111.41751968503937,0.017195767195767195,27.866666666666667
84536a,ENGLISH ROSE NOTEBOOK A7 SIZE,14,11.060000000000002,0.79,4,390,73,13,3.5,24.5,4.9,50.4,0.0,Overstock,Markdown / Clear,0.0,0.0,308.1,0.0,390.0
84536b,FAIRY CAKES NOTEBOOK A7 SIZE,5,4.050000000000001,0.81,1,282,137,19,5.0,35.0,7.0,102.0,0.0,Overstock,Markdown / Clear,0.0,0.0,228.42000000000002,0.0,282.0
84539,KNITTED RABBIT DOLL ,26,42.9,1.65,2,99,184,8,13.0,91.0,18.2,122.2,0.0,Overstock,Markdown / Clear,0.0,0.0,163.35,0.0,99.0
84548,CROCHET BEAR RED/BLUE  KEYRING,22,36.3,1.65,4,419,134,10,5.5,38.5,7.7,62.7,0.0,Overstock,Markdown / Clear,0.0,0.0,691.3499999999999,0.0,419.0
84549,CROCHET WHITE RABBIT KEYRING ,38,69.38,2.5585714285714287,7,271,124,3,5.428571428571429,38.0,7.6000000000000005,23.885714285714286,0.0,Overstock,Markdown / Clear,0.0,0.0,693.3728571428571,0.0,271.0
84550,CROCHET LILAC/RED BEAR KEYRING,1,1.65,1.65,1,116,49,12,1.0,7.0,1.4000000000000001,13.4,0.0,Overstock,Markdown / Clear,0.0,0.0,191.39999999999998,0.0,116.0
84551,CROCHET DOG KEYRING,13,21.45,1.65,2,279,51,5,6.5,45.5,9.1,41.6,0.0,Overstock,Markdown / Clear,0.0,0.0,460.34999999999997,0.0,279.0
84558A,3D DOG PICTURE PLAYING CARDS,333,987.4100000000001,3.099950980392157,68,279,160,6,4.897058823529412,34.279411764705884,6.855882352941177,36.23823529411765,1.0,Overstock,Markdown / Clear,0.0,0.0,861.7863725490197,0.0022727272727272726,139.5
84558a,3D DOG PICTURE PLAYING CARDS,5,29.310000000000002,5.862,5,122,0,13,1.0,7.0,1.4000000000000001,14.4,1.0,Overstock,Markdown / Clear,0.0,0.0,709.302,0.008130081300813009,61.0
84559A,3D SHEET OF DOG STICKERS,397,375.61,1.1473076923076921,78,59,180,17,5.089743589743589,35.628205128205124,7.125641025641025,93.65128205128205,6.5,Overstock,Markdown / Clear,0.0,0.0,60.233653846153835,0.027083333333333334,7.866666666666666
84559B,3D SHEET OF CAT STICKERS,237,217.29,0.9856976744186046,43,292,187,3,5.511627906976744,38.58139534883721,7.716279069767443,24.251162790697673,0.0,Overstock,Markdown / Clear,0.0,0.0,287.8237209302325,0.0,292.0
84559a,3D SHEET OF DOG STICKERS,29,48.379999999999995,1.6675,16,120,161,11,1.8125,12.6875,2.5375,22.475,0.0,Overstock,Markdown / Clear,0.0,0.0,200.1,0.0,120.0
84559b,3D SHEET OF CAT STICKERS,23,38.33,1.665625,16,378,3,13,1.4375,10.0625,2.0125,20.7,0.0,Overstock,Markdown / Clear,0.0,0.0,629.6062499999999,0.0,378.0
84562A,PINK/WHITE RIBBED MELAMINE JUG,3,23.85,7.95,3,399,144,15,1.0,7.0,1.4000000000000001,16.4,0.0,Overstock,Markdown / Clear,0.0,0.0,3172.05,0.0,399.0
84563A,PINK & WHITE BREAKFAST TRAY,96,369.84000000000003,4.788275862068966,29,327,131,18,3.310344827586207,23.17241379310345,4.63448275862069,64.22068965517241,0.0,Overstock,Markdown / Clear,0.0,0.0,1565.766206896552,0.0,327.0
84563B,BLUE & WHITE BREAKFAST TRAY,94,346.3,4.137741935483871,31,240,170,6,3.032258064516129,21.225806451612904,4.245161290322581,22.438709677419357,0.0,Overstock,Markdown / Clear,0.0,0.0,993.058064516129,0.0,240.0
84568,GIRLS ALPHABET IRON ON PATCHES ,12442,2678.33,0.3811320754716981,106,327,3,3,117.37735849056604,821.6415094339623,164.32830188679247,516.4603773584906,125.0,Overstock,Markdown / Clear,0.0,0.0,76.98867924528301,0.3776435045317221,2.5952380952380953
84569A,PACK 3 IRON ON DOG PATCHES,294,355.84,1.2662499999999999,52,439,0,15,5.653846153846154,39.57692307692308,7.915384615384617,92.72307692307692,2.0,Overstock,Markdown / Clear,0.0,0.0,553.3512499999999,0.004545454545454545,146.33333333333334
84569B,PACK 3 FIRE ENGINE/CAR PATCHES,85,118.4,1.7569444444444444,18,143,70,3,4.722222222222222,33.05555555555556,6.611111111111112,20.77777777777778,0.0,Overstock,Markdown / Clear,0.0,0.0,251.24305555555554,0.0,143.0
84569C,PACK 4 FLOWER/BUTTERFLY PATCHES,1,1.25,1.25,1,441,177,7,1.0,7.0,1.4000000000000001,8.4,0.0,Overstock,Markdown / Clear,0.0,0.0,551.25,0.0,441.0
84569D,PACK 6 HEART/ICE-CREAM PATCHES,467,560.62,1.4478995433789954,73,250,188,7,6.397260273972603,44.78082191780822,8.956164383561644,53.73698630136986,1.0,Overstock,Markdown / Clear,0.0,0.0,360.52698630136985,0.002277904328018223,125.0
84575A,PINK DOG CANNISTER,14,39.3,3.95,4,197,34,16,3.5,24.5,4.9,60.9,0.0,Overstock,Markdown / Clear,0.0,0.0,778.1500000000001,0.0,197.0
84576,BLUE CAT BISCUIT BARREL PINK HEART,66,148.32,3.04,15,82,7,16,4.4,30.800000000000004,6.160000000000001,76.56,0.0,Overstock,Markdown / Clear,0.0,0.0,249.28,0.0,82.0
84580,MOUSE TOY WITH PINK T-SHIRT,389,1482.43,3.866283185840708,113,135,151,10,3.4424778761061945,24.09734513274336,4.819469026548672,39.24424778761062,16.0,Overstock,Markdown / Clear,0.0,0.0,460.08769911504424,0.05574912891986063,7.9411764705882355
84581,DOG TOY WITH PINK CROCHET SKIRT,187,709.71,3.847066666666666,75,210,35,6,2.493333333333333,17.453333333333333,3.490666666666667,18.450666666666667,6.0,Overstock,Markdown / Clear,0.0,0.0,784.8015999999999,0.024390243902439025,30.0
84584,PINK GINGHAM CAT WITH SCARF,144,314.51,2.398846153846154,26,81,177,9,5.538461538461538,38.76923076923077,7.753846153846154,57.6,0.0,Overstock,Markdown / Clear,0.0,0.0,194.30653846153845,0.0,81.0
84592,CROCHET ROSE PURSE WITH SUEDE BACK,76,241.24000000000004,3.5954545454545457,22,275,122,17,3.4545454545454546,24.181818181818183,4.836363636363637,63.56363636363636,0.0,Overstock,Markdown / Clear,0.0,0.0,988.7500000000001,0.0,275.0
84593,CROCHET ROSE DES CLOTHES HANGER,5,14.750000000000002,2.95,1,26,42,6,5.0,35.0,7.0,37.0,0.0,Overstock,Markdown / Clear,0.0,0.0,76.7,0.0,26.0
84595E,LARGE TORTILLA DESIGN RED BOWL,78,154.68,2.7563636363636363,22,174,26,11,3.5454545454545454,24.818181818181817,4.963636363636364,43.96363636363636,0.0,Overstock,Markdown / Clear,0.0,0.0,479.60727272727274,0.0,174.0
84596B,SMALL DOLLY MIX DESIGN ORANGE BOWL,5023,2547.42,0.6520685550082101,232,111,31,15,21.650862068965516,151.5560344827586,30.311206896551724,355.07413793103444,115.0,Stockout Risk,Reorder Now,34.0,74.98788382594417,0.0,0.8041958041958042,0.9568965517241379
84596E,SMALL LICORICE DES PINK BOWL,564,411.68,0.9903804347826086,46,489,77,16,12.26086956521739,85.82608695652173,17.16521739130435,213.3391304347826,0.0,Overstock,Markdown / Clear,0.0,0.0,484.2960326086956,0.0,489.0
84596F,SMALL MARSHMALLOWS PINK BOWL,3732,1943.62,0.6595567602040816,224,33,120,16,16.660714285714285,116.625,23.325000000000003,289.89642857142854,136.0,Stockout Risk,Reorder Now,126.0,89.6997193877551,0.0,0.8831168831168831,0.24087591240875914
84596G,SMALL CHOCOLATES PINK BOWL,1855,949.0799999999999,0.6340303030303029,165,474,145,12,11.242424242424242,78.69696969696969,15.739393939393938,150.64848484848486,17.5,Overstock,Markdown / Clear,0.0,0.0,289.4348333333333,0.028225806451612902,25.62162162162162
84596J,MIXED NUTS LIGHT GREEN BOWL,568,296.45,0.8414848484848485,55,248,155,18,10.327272727272728,72.2909090909091,14.45818181818182,200.34909090909093,0.0,Overstock,Markdown / Clear,0.0,0.0,208.68824242424242,0.0,248.0
84596L,BISCUITS SMALL BOWL LIGHT BLUE,1254,629.38,0.6976834862385322,109,105,156,7,11.504587155963304,80.53211009174312,16.106422018348624,96.63853211009175,0.0,Overstock,Markdown / Clear,0.0,0.0,73.25676605504587,0.0,105.0
84596b,SMALL DOLLY MIX DESIGN ORANGE BOWL,7,17.57,2.51,2,152,15,8,3.5,24.5,4.9,32.9,0.0,Overstock,Markdown / Clear,0.0,0.0,381.52,0.0,152.0
84596e,SMALL LICORICE DES PINK BOWL,10,25.099999999999998,2.51,4,202,98,4,2.5,17.5,3.5,13.5,0.0,Overstock,Markdown / Clear,0.0,0.0,507.02,0.0,202.0
84596f,SMALL MARSHMALLOWS PINK BOWL,16,39.36,2.46,10,405,46,15,1.6,11.200000000000001,2.24,26.240000000000002,0.0,Overstock,Markdown / Clear,0.0,0.0,996.3,0.0,405.0
84596g,SMALL CHOCOLATES PINK BOWL,3,7.38,2.46,1,81,186,15,3.0,21.0,4.2,49.2,0.0,Overstock,Markdown / Clear,0.0,0.0,199.26,0.0,81.0
84596l,BISCUITS SMALL BOWL LIGHT BLUE,1,2.46,2.46,1,238,30,20,1.0,7.0,1.4000000000000001,21.4,0.0,Overstock,Markdown / Clear,0.0,0.0,585.48,0.0,238.0
84597B,RETRO BROWN BALL ASHTRAY ,41,51.25,1.25,5,424,3,3,8.2,57.39999999999999,11.479999999999999,36.08,0.0,Overstock,Markdown / Clear,0.0,0.0,530.0,0.0,424.0
84597C,RETRO PINK BALL ASHTRAY ,46,57.5,1.25,13,265,164,10,3.5384615384615383,24.769230769230766,4.953846153846154,40.338461538461544,0.0,Overstock,Markdown / Clear,0.0,0.0,331.25,0.0,265.0
84598,BOYS ALPHABET IRON ON PATCHES,1975,546.04,0.38732142857142854,84,249,16,18,23.511904761904763,164.58333333333334,32.91666666666667,456.1309523809524,28.5,Overstock,Markdown / Clear,0.0,0.0,85.40437499999999,0.10714285714285714,8.440677966101696
84600,NEW BAROQUE JEWELLERY BOX ,53,446.89,9.514166666666666,24,98,38,4,2.2083333333333335,15.458333333333334,3.091666666666667,11.925,0.0,Overstock,Markdown / Clear,0.0,0.0,932.3883333333333,0.0,98.0
84609,TALL ROCOCO CANDLE HOLDER,93,770.59,9.465789473684211,19,168,47,10,4.894736842105263,34.26315789473684,6.852631578947369,55.8,4.0,Overstock,Markdown / Clear,0.0,0.0,1552.3894736842105,0.018518518518518517,33.6
84613A,PINK NEW BAROQUE FLOCK CANDLESTICK,6,27.9,4.65,3,157,173,8,2.0,14.0,2.8000000000000003,18.8,0.0,Overstock,Markdown / Clear,0.0,0.0,730.0500000000001,0.0,157.0
84613C,BLUE NEW BAROQUE FLOCK CANDLESTICK,1,4.65,4.65,1,490,175,18,1.0,7.0,1.4000000000000001,19.4,0.0,Overstock,Markdown / Clear,0.0,0.0,2278.5,0.0,490.0
84614A,PINK BAROQUE FLOCK CANDLE HOLDER,2,11.9,5.95,1,333,38,13,2.0,14.0,2.8000000000000003,28.8,0.0,Overstock,Markdown / Clear,0.0,0.0,1981.3500000000001,0.0,333.0
84616,SILVER ROCCOCO CHANDELIER,14,504.32,38.80625,8,395,131,19,1.75,12.25,2.45,35.7,0.0,Overstock,Markdown / Clear,0.0,0.0,15328.46875,0.0,395.0
84617,NEW BAROQUE BLACK BOXES,3,38.25,12.75,3,442,29,13,1.0,7.0,1.4000000000000001,14.4,0.0,Overstock,Markdown / Clear,0.0,0.0,5635.5,0.0,442.0
84620,BLUE GINGHAM ROSE CUSHION COVER,2,11.9,5.95,1,408,157,10,2.0,14.0,2.8000000000000003,22.8,0.0,Overstock,Markdown / Clear,0.0,0.0,2427.6,0.0,408.0
84625A,PINK NEW BAROQUECANDLESTICK CANDLE,478,605.48,2.5364912280701755,38,84,21,6,12.578947368421053,88.05263157894737,17.610526315789475,93.08421052631579,12.5,Overstock,Markdown / Clear,0.0,0.0,181.35912280701754,0.1179245283018868,6.222222222222222
84625C,BLUE NEW BAROQUE CANDLESTICK CANDLE,449,536.41,2.3483333333333336,30,32,65,13,14.966666666666667,104.76666666666667,20.953333333333333,215.51999999999998,0.0,Overstock,Markdown / Clear,0.0,0.0,75.14666666666668,0.0,32.0
84629,WHITE 3 FRAME BIRDS AND TREE ,20,150.0,10.616666666666667,9,232,107,10,2.2222222222222223,15.555555555555557,3.1111111111111116,25.333333333333332,0.0,Overstock,Markdown / Clear,0.0,0.0,2463.0666666666666,0.0,232.0
84631,FRUIT TREE AND BIRDS WALL PLAQUE,40,340.58,8.939499999999999,20,493,11,11,2.0,14.0,2.8000000000000003,24.8,0.0,Overstock,Markdown / Clear,0.0,0.0,4407.1735,0.0,493.0
84632,DECORATIVE HANGING SHELVING UNIT,6,359.70000000000005,59.95,5,261,35,4,1.2,8.4,1.6800000000000002,6.48,0.0,Overstock,Markdown / Clear,0.0,0.0,15646.95,0.0,261.0
84637,KITCHEN FLOWER POTS WALL PLAQUE,116,619.59,5.288880597014925,67,232,17,18,1.7313432835820894,12.119402985074625,2.423880597014925,33.58805970149254,0.0,Overstock,Markdown / Clear,0.0,0.0,1227.0202985074627,0.0,232.0
84638,SMALL KITCHEN FLOWER POTS PLAQUE,50,331.5,6.550666666666667,30,200,89,8,1.6666666666666667,11.666666666666668,2.3333333333333335,15.666666666666668,0.0,Overstock,Markdown / Clear,0.0,0.0,1310.1333333333334,0.0,200.0
84658,WHITE STITCHED CUSHION COVER,57,412.23,7.332857142857144,21,357,180,10,2.7142857142857144,19.0,3.8000000000000003,30.942857142857147,6.0,Overstock,Markdown / Clear,0.0,0.0,2573.8328571428574,0.011152416356877323,51.0
84659A,WHITE TRAVEL ALARM CLOCK,280,676.27,2.4940394088669953,58,192,198,16,4.827586206896552,33.79310344827586,6.758620689655172,84.0,0.0,Overstock,Markdown / Clear,0.0,0.0,478.8555665024631,0.0,192.0
84660A,WHITE STITCHED WALL CLOCK,843,783.45,1.6516666666666668,39,179,0,18,21.615384615384617,151.30769230769232,30.261538461538464,419.33846153846156,0.0,Overstock,Markdown / Clear,0.0,0.0,295.64833333333337,0.0,179.0
84660B,BLACK STITCHED WALL CLOCK,707,733.28,2.1668055555555554,36,183,126,14,19.63888888888889,137.47222222222223,27.494444444444447,302.4388888888889,0.0,Overstock,Markdown / Clear,0.0,0.0,396.5254166666666,0.0,183.0
84660C,PINK STITCHED WALL CLOCK,661,693.32,2.615128205128205,39,484,185,7,16.94871794871795,118.64102564102564,23.72820512820513,142.36923076923077,0.0,Overstock,Markdown / Clear,0.0,0.0,1265.7220512820513,0.0,484.0
84660a,WHITE STITCHED WALL CLOCK,4,29.84,7.46,2,207,89,20,2.0,14.0,2.8000000000000003,42.8,0.0,Overstock,Markdown / Clear,0.0,0.0,1544.22,0.0,207.0
84660b,BLACK STITCHED WALL CLOCK,2,15.08,7.54,2,414,86,11,1.0,7.0,1.4000000000000001,12.4,0.0,Overstock,Markdown / Clear,0.0,0.0,3121.56,0.0,414.0
84660c,PINK STITCHED WALL CLOCK,18,134.92,7.492,15,210,89,4,1.2,8.4,1.6800000000000002,6.48,0.0,Overstock,Markdown / Clear,0.0,0.0,1573.32,0.0,210.0
84661A,WHITE SQUARE TABLE CLOCK,104,167.79,2.9138235294117645,17,424,133,14,6.117647058823529,42.8235294117647,8.564705882352941,94.21176470588235,0.0,Overstock,Markdown / Clear,0.0,0.0,1235.461176470588,0.0,424.0
84661B,BLACK SQUARE TABLE CLOCK,115,300.24,3.3564,25,327,69,4,4.6,32.199999999999996,6.4399999999999995,24.839999999999996,24.5,Overstock,Markdown / Clear,0.0,0.0,1015.3109999999999,0.061712846347607056,12.823529411764707
84661C,PINK SQUARE TABLE CLOCK,71,104.84,3.2424999999999997,12,275,43,12,5.916666666666667,41.41666666666667,8.283333333333335,79.28333333333333,0.0,Overstock,Markdown / Clear,0.0,0.0,891.6874999999999,0.0,275.0
84661a,WHITE SQUARE TABLE CLOCK,1,4.96,4.96,1,202,199,3,1.0,7.0,1.4000000000000001,4.4,0.0,Overstock,Markdown / Clear,0.0,0.0,1001.92,0.0,202.0
84661b,BLACK SQUARE TABLE CLOCK,1,4.96,4.96,1,136,151,6,1.0,7.0,1.4000000000000001,7.4,0.0,Overstock,Markdown / Clear,0.0,0.0,674.56,0.0,136.0
84663A,GRASS HOPPER WOODEN WALL CLOCK ,272,374.12,3.09875,32,301,85,14,8.5,59.5,11.9,130.9,0.0,Overstock,Markdown / Clear,0.0,0.0,932.72375,0.0,301.0
84665,SQUARE CHERRY BLOSSOM CABINET,105,624.75,5.95,17,215,18,11,6.176470588235294,43.23529411764706,8.647058823529411,76.58823529411764,0.0,Overstock,Markdown / Clear,0.0,0.0,1279.25,0.0,215.0
84666,SQUARE CHERRY BLOSSOM CABINET,24,94.80000000000001,3.95,4,53,100,6,6.0,42.0,8.4,44.4,0.0,Overstock,Markdown / Clear,0.0,0.0,209.35000000000002,0.0,53.0
84673A,PINK FLY SWAT,92,63.72,0.6946666666666667,35,71,145,11,2.6285714285714286,18.4,3.6799999999999997,32.59428571428572,0.0,Overstock,Markdown / Clear,0.0,0.0,49.321333333333335,0.0,71.0
84673B,BLUE FLY SWAT,179,156.63,0.9309604519774012,59,131,94,8,3.0338983050847457,21.237288135593218,4.247457627118644,28.518644067796608,3.5,Overstock,Markdown / Clear,0.0,0.0,118.69745762711865,0.015486725663716814,29.11111111111111
84674,FLYING PIG WATERING CAN,193,466.95000000000005,3.288636363636364,44,271,100,3,4.386363636363637,30.704545454545457,6.1409090909090915,19.3,1.5,Overstock,Markdown / Clear,0.0,0.0,886.2875000000001,0.004032258064516129,108.4
84675,FROG KING WATERING CAN,9,26.55,2.95,2,101,29,12,4.5,31.5,6.300000000000001,60.3,0.0,Overstock,Markdown / Clear,0.0,0.0,297.95000000000005,0.0,101.0
84678,CLASSICAL ROSE SMALL VASE,142,247.04,2.813846153846154,13,251,169,16,10.923076923076923,76.46153846153847,15.292307692307695,190.06153846153848,0.0,Overstock,Markdown / Clear,0.0,0.0,706.2753846153846,0.0,251.0
84679,CLASSICAL ROSE TABLE LAMP,6,55.7,11.95,2,246,32,20,3.0,21.0,4.2,64.2,0.0,Overstock,Markdown / Clear,0.0,0.0,2939.7,0.0,246.0
84683,CLASSICAL ROSE CANDLESTAND,194,162.20000000000002,1.5285,10,252,11,8,19.4,135.79999999999998,27.159999999999997,182.35999999999999,0.0,Overstock,Markdown / Clear,0.0,0.0,385.182,0.0,252.0
84685,BEACH HUT KEY CABINET,34,177.33,5.8545,20,240,117,20,1.7,11.9,2.3800000000000003,36.38,0.0,Overstock,Markdown / Clear,0.0,0.0,1405.08,0.0,240.0
84686,BEACH HUT MIRROR,49,66.39,2.9525,8,455,93,18,6.125,42.875,8.575000000000001,118.825,0.0,Overstock,Markdown / Clear,0.0,0.0,1343.3875,0.0,455.0
84687,BEACH HUT SHELF W 3 DRAWERS,81,504.43,8.000000000000002,26,432,154,17,3.1153846153846154,21.807692307692307,4.361538461538461,57.32307692307692,0.0,Overstock,Markdown / Clear,0.0,0.0,3456.000000000001,0.0,432.0
84688,BEACH HUT DESIGN BLACKBOARD,41,203.07,6.131666666666667,12,441,166,18,3.4166666666666665,23.916666666666664,4.783333333333333,66.28333333333333,0.0,Overstock,Markdown / Clear,0.0,0.0,2704.065,0.0,441.0
84689,S/2 BEACH HUT TREASURE CHESTS,3,9.95,3.975,2,61,136,10,1.5,10.5,2.1,17.1,0.0,Overstock,Markdown / Clear,0.0,0.0,242.475,0.0,61.0
84691,PACK 20 DOLLY PEGS,242,174.5,0.7525,4,40,148,15,60.5,423.5,84.7,992.2,0.0,Overstock,Markdown / Clear,45.0,0.0,30.099999999999998,0.0,40.0
84692,BOX OF 24 COCKTAIL PARASOLS,7903,4327.38,0.6994761445118587,259,61,75,13,30.513513513513512,213.59459459459458,42.71891891891892,439.3945945945946,131.0,Stockout Risk,Reorder Now,113.0,91.63137493105349,0.0,0.9562043795620438,0.4621212121212121
84705C,PINK FLOCK PHOTO FRAME ,12,15.0,1.25,1,416,28,9,12.0,84.0,16.8,124.8,0.0,Overstock,Markdown / Clear,0.0,0.0,520.0,0.0,416.0
84706D,CHERRY BLOSSOM TABLE CLOCK ,8,29.599999999999998,3.6999999999999997,4,132,160,19,2.0,14.0,2.8000000000000003,40.8,0.0,Overstock,Markdown / Clear,0.0,0.0,488.4,0.0,132.0
84706F,RED PEONY TABLE CLOCK,16,47.2,2.95,10,124,189,20,1.6,11.200000000000001,2.24,34.24,0.0,Overstock,Markdown / Clear,0.0,0.0,365.8,0.0,124.0
84707A,SILVER JEWELLED MIRROR TRINKET TRAY,95,695.23,10.480263157894736,38,211,116,15,2.5,17.5,3.5,41.0,30.0,Overstock,Markdown / Clear,0.0,0.0,1896.9276315789473,0.09146341463414634,6.806451612903226
84707B,PINK JEWELLED MIRROR TRINKET TRAY,34,210.54999999999998,8.552941176470588,17,36,14,17,2.0,14.0,2.8000000000000003,36.8,15.0,Overstock,Markdown / Clear,0.0,0.0,179.61176470588234,0.29411764705882354,2.25
84708B,PINK JEWELLED PHOTO FRAME ,62,326.35,5.931052631578948,19,139,1,3,3.263157894736842,22.842105263157894,4.568421052631579,14.357894736842105,0.0,Overstock,Markdown / Clear,0.0,0.0,824.4163157894737,0.0,139.0
84709B,PINK OVAL JEWELLED MIRROR,20,119.0,5.95,11,412,179,18,1.8181818181818181,12.727272727272727,2.5454545454545454,35.27272727272727,0.0,Overstock,Markdown / Clear,0.0,0.0,2451.4,0.0,412.0
84711A,SILVER OVAL SHAPE TRINKET BOX,25,221.8,8.778125,16,444,116,7,1.5625,10.9375,2.1875,13.125,0.0,Overstock,Markdown / Clear,0.0,0.0,3897.4874999999997,0.0,444.0
84711B,PINK OVAL SHAPE TRINKET BOX,20,186.64,8.999230769230769,13,148,171,5,1.5384615384615385,10.76923076923077,2.153846153846154,9.846153846153847,0.0,Overstock,Markdown / Clear,0.0,0.0,1331.8861538461538,0.0,148.0
84712B,PINK JEWELLED PHOTO FRAME,30,231.56,7.6825,20,149,181,12,1.5,10.5,2.1,20.1,0.0,Overstock,Markdown / Clear,0.0,0.0,1144.6925,0.0,149.0
84715,SET OF 6 ICE CREAM SKITTLES,16,47.2,2.9500000000000006,3,79,17,7,5.333333333333333,37.33333333333333,7.466666666666666,44.8,0.0,Overstock,Markdown / Clear,0.0,0.0,233.05000000000004,0.0,79.0
84723,CHERRY BLOSSOM CANVAS ART PICTURE,41,97.95,3.9499999999999997,6,67,2,9,6.833333333333333,47.83333333333333,9.566666666666666,71.06666666666666,0.0,Overstock,Markdown / Clear,0.0,0.0,264.65,0.0,67.0
84725,FREESTYLE CANVAS ART PICTURE,41,39.65,1.2735294117647058,17,48,134,16,2.411764705882353,16.88235294117647,3.3764705882352946,41.96470588235294,0.0,Overstock,Markdown / Clear,0.0,0.0,61.12941176470588,0.0,48.0
84731,3 BIRDS CANVAS SCREEN,2,2.04,1.02,2,116,170,5,1.0,7.0,1.4000000000000001,6.4,0.0,Overstock,Markdown / Clear,0.0,0.0,118.32000000000001,0.0,116.0
84732B,CUTE BIRD CEATURE SCREEN,22,8.58,0.39,2,29,165,15,11.0,77.0,15.4,180.4,0.0,Overstock,Markdown / Clear,0.0,0.0,11.31,0.0,29.0
84732D,CUTE RABBIT CEATURE SCREEN ,11,4.29,0.39,2,261,164,15,5.5,38.5,7.7,90.2,0.0,Overstock,Markdown / Clear,0.0,0.0,101.79,0.0,261.0
84741C,CITRUS GARLAND FELT FLOWERS ,60,117.0,1.9499999999999997,13,333,185,12,4.615384615384615,32.30769230769231,6.461538461538462,61.84615384615384,0.0,Overstock,Markdown / Clear,0.0,0.0,649.3499999999999,0.0,333.0
84743C,ORANGE FELT VASE + FLOWERS,1,1.25,1.25,1,463,160,4,1.0,7.0,1.4000000000000001,5.4,0.0,Overstock,Markdown / Clear,0.0,0.0,578.75,0.0,463.0
84744,S/6 SEW ON CROCHET FLOWERS,110,140.02,1.39,18,251,107,8,6.111111111111111,42.77777777777777,8.555555555555555,57.44444444444444,0.0,Overstock,Markdown / Clear,0.0,0.0,348.89,0.0,251.0
84745A,PINK HANGING GINGHAM EASTER HEN,32,13.44,0.42000000000000004,5,296,186,10,6.4,44.800000000000004,8.96,72.96000000000001,0.0,Overstock,Markdown / Clear,0.0,0.0,124.32000000000001,0.0,296.0
84745B,BLUE HANGING GINGHAM EASTER HEN,32,13.44,0.42000000000000004,5,303,94,6,6.4,44.800000000000004,8.96,47.36000000000001,0.0,Overstock,Markdown / Clear,0.0,0.0,127.26,0.0,303.0
84746,PINK EASTER HENS+FLOWER,14,38.31,2.6033333333333335,9,222,121,14,1.5555555555555556,10.88888888888889,2.177777777777778,23.955555555555556,0.0,Overstock,Markdown / Clear,0.0,0.0,577.94,0.0,222.0
84748,FOLK FELT HANGING MULTICOL GARLAND,204,570.86,3.4360975609756097,41,266,10,17,4.975609756097561,34.829268292682926,6.965853658536585,91.55121951219512,0.0,Overstock,Markdown / Clear,0.0,0.0,914.0019512195122,0.0,266.0
84750A,PINK SMALL GLASS CAKE STAND,24,46.8,1.95,1,309,67,10,24.0,168.0,33.6,273.6,0.0,Overstock,Markdown / Clear,0.0,0.0,602.55,0.0,309.0
84750B,BLACK SMALL GLASS CAKE STAND,61,54.99,1.17,12,283,122,9,5.083333333333333,35.58333333333333,7.116666666666666,52.86666666666667,0.0,Overstock,Markdown / Clear,0.0,0.0,331.10999999999996,0.0,283.0
84751B,BLACK MEDIUM GLASS CAKE STAND,17,37.11,2.0585714285714287,7,462,195,16,2.4285714285714284,17.0,3.4000000000000004,42.25714285714285,0.0,Overstock,Markdown / Clear,0.0,0.0,951.0600000000001,0.0,462.0
84754,S/15 SILVER GLASS BAUBLES IN BAG,558,725.5200000000001,1.803095238095238,42,233,112,16,13.285714285714286,93.0,18.6,231.17142857142858,0.0,Overstock,Markdown / Clear,0.0,0.0,420.12119047619046,0.0,233.0
84755,COLOUR GLASS T-LIGHT HOLDER HANGING,16401,10487.050000000001,0.7270428507424475,248,219,97,15,66.13306451612904,462.9314516129033,92.58629032258067,1084.5822580645163,92.0,Overstock,Markdown / Clear,0.0,0.0,92.33444204429082,0.2902208201892745,2.3548387096774195
84760S,SMALL HANGING GLASS+ZINC LANTERN,43,62.349999999999994,1.45,8,452,92,3,5.375,37.625,7.525,23.65,0.0,Overstock,Markdown / Clear,0.0,0.0,655.4,0.0,452.0
84763,ZINC FINISH 15CM PLANTER POTS,601,748.34,1.43625,48,98,21,3,12.520833333333334,87.64583333333334,17.52916666666667,55.09166666666667,0.0,Overstock,Markdown / Clear,0.0,0.0,140.7525,0.0,98.0
84766,SILVER ROCOCO CANDLE STICK,146,340.7,3.6166666666666667,12,420,193,6,12.166666666666666,85.16666666666666,17.03333333333333,90.03333333333333,0.0,Overstock,Markdown / Clear,0.0,0.0,1519.0,0.0,420.0
84773,RED ROSE AND LACE C/COVER,3,8.850000000000001,2.95,1,463,171,12,3.0,21.0,4.2,40.2,0.0,Overstock,Markdown / Clear,0.0,0.0,1365.8500000000001,0.0,463.0
84789,ENCHANTED BIRD PLANT CAGE,186,640.72,4.121083333333333,40,362,126,5,4.65,32.550000000000004,6.510000000000002,29.76,0.0,Overstock,Markdown / Clear,0.0,0.0,1491.8321666666666,0.0,362.0
84792,ENCHANTED BIRD COATHANGER 5 HOOK,833,3974.32,5.474969696969698,165,363,133,11,5.048484848484849,35.33939393939394,7.067878787878789,62.60121212121213,14.5,Overstock,Markdown / Clear,0.0,0.0,1908.0269393939398,0.029175050301810865,23.419354838709676
84795B,SUNSET CHECK HAMMOCK,176,1390.64,9.107272727272727,44,192,169,5,4.0,28.0,5.6000000000000005,25.6,0.0,Overstock,Markdown / Clear,0.0,0.0,1748.5963636363635,0.0,192.0
84795C,OCEAN STRIPE HAMMOCK ,2,15.9,7.95,1,486,24,8,2.0,14.0,2.8000000000000003,18.8,0.0,Overstock,Markdown / Clear,0.0,0.0,3863.7000000000003,0.0,486.0
84795b,SUNSET CHECK HAMMOCK,16,266.78,16.66181818181818,11,88,184,8,1.4545454545454546,10.181818181818182,2.0363636363636366,13.672727272727274,0.0,Overstock,Markdown / Clear,0.0,0.0,1466.2399999999998,0.0,88.0
84796A,PINK HAWAIIAN PICNIC HAMPER FOR 2,61,568.13,9.495405405405405,37,435,84,14,1.6486486486486487,11.54054054054054,2.308108108108108,25.38918918918919,0.0,Overstock,Markdown / Clear,0.0,0.0,4130.501351351351,0.0,435.0
84796B,BLUE SAVANNAH PICNIC HAMPER FOR 2,256,2393.5899999999997,9.525595238095239,84,447,54,3,3.0476190476190474,21.333333333333332,4.266666666666667,13.409523809523808,0.0,Overstock,Markdown / Clear,0.0,0.0,4257.941071428571,0.0,447.0
84796a,PINK HAWAIIAN PICNIC HAMPER FOR 2,17,141.10999999999999,8.305,12,468,143,18,1.4166666666666667,9.916666666666668,1.9833333333333336,27.483333333333334,0.0,Overstock,Markdown / Clear,0.0,0.0,3886.74,0.0,468.0
84798A,PINK FOXGLOVE ARTIIFCIAL FLOWER,23,58.64999999999999,2.55,4,106,94,7,5.75,40.25,8.05,48.3,0.0,Overstock,Markdown / Clear,0.0,0.0,270.29999999999995,0.0,106.0
84798B,PURPLE FOXGLOVE ARTIIFCIAL FLOWER,11,28.05,2.55,3,120,141,11,3.6666666666666665,25.666666666666664,5.133333333333333,45.46666666666666,0.0,Overstock,Markdown / Clear,0.0,0.0,306.0,0.0,120.0
84799,SPRIG LAVENDER ARTIFICIAL FLOWER,224,160.48,1.001,10,27,166,12,22.4,156.79999999999998,31.36,300.15999999999997,0.0,Overstock,Markdown / Clear,4.0,0.0,27.026999999999997,0.0,27.0
84800L,LARGE WHITE/PINK ROSE ART FLOWER,360,639.36,1.9245454545454548,22,352,155,15,16.363636363636363,114.54545454545455,22.90909090909091,268.3636363636364,0.0,Overstock,Markdown / Clear,0.0,0.0,677.44,0.0,352.0
84800M,MEDIUM WHITE/PINK ROSE ART FLOWER,127,174.31,1.5372727272727273,11,219,178,17,11.545454545454545,80.81818181818181,16.163636363636364,212.4363636363636,0.0,Overstock,Markdown / Clear,0.0,0.0,336.6627272727273,0.0,219.0
84800S,SMALL WHITE/PINK ROSE ART FLOWER,107,120.07,1.2077777777777778,9,106,118,14,11.88888888888889,83.22222222222223,16.644444444444446,183.0888888888889,0.0,Overstock,Markdown / Clear,0.0,0.0,128.02444444444444,0.0,106.0
84801A,PINK HYDRANGEA ART FLOWER,46,96.60000000000001,2.1,5,62,176,7,9.2,64.39999999999999,12.879999999999999,77.27999999999999,0.0,Overstock,Markdown / Clear,0.0,0.0,130.20000000000002,0.0,62.0
84801B,WHITE HYDRANGEA ART FLOWER,22,46.2,2.1,3,404,8,7,7.333333333333333,51.33333333333333,10.266666666666666,61.599999999999994,0.0,Overstock,Markdown / Clear,0.0,0.0,848.4000000000001,0.0,404.0
84802A,WHITE ANEMONE ARTIFICIAL FLOWER,2,3.38,1.69,1,128,185,20,2.0,14.0,2.8000000000000003,42.8,0.0,Overstock,Markdown / Clear,0.0,0.0,216.32,0.0,128.0
84802B,PURPLE ANEMONE ARTIFICIAL FLOWER,4,6.76,1.69,1,454,172,14,4.0,28.0,5.6000000000000005,61.6,0.0,Overstock,Markdown / Clear,0.0,0.0,767.26,0.0,454.0
84803A,PINK ALLIUM  ARTIFICIAL FLOWER,3,5.07,1.69,1,427,149,5,3.0,21.0,4.2,19.2,0.0,Overstock,Markdown / Clear,0.0,0.0,721.63,0.0,427.0
84803B,WHITE ALLIUM  ARTIFICIAL FLOWER,17,28.729999999999997,1.6900000000000002,3,171,159,9,5.666666666666667,39.66666666666667,7.9333333333333345,58.93333333333334,0.0,Overstock,Markdown / Clear,0.0,0.0,288.99,0.0,171.0
84804A,CREAM DELPHINIUM ARTIFICIAL FLOWER,70,180.58,2.68,8,36,196,19,8.75,61.25,12.25,178.5,0.0,Overstock,Markdown / Clear,0.0,0.0,96.48,0.0,36.0
84804B,BLUE DELPHINIUM ARTIFICIAL FLOWER,99,188.37000000000003,2.23,6,152,196,20,16.5,115.5,23.1,353.1,0.0,Overstock,Markdown / Clear,0.0,0.0,338.96,0.0,152.0
84805A,CREAM CLIMBING HYDRANGA ART FLOWER,32,60.0,2.5,4,167,41,3,8.0,56.0,11.200000000000001,35.2,0.0,Overstock,Markdown / Clear,0.0,0.0,417.5,0.0,167.0
84805B,BLUE CLIMBING HYDRANGA ART FLOWER,38,52.5,2.0833333333333335,3,296,52,7,12.666666666666666,88.66666666666666,17.73333333333333,106.39999999999999,0.0,Overstock,Markdown / Clear,0.0,0.0,616.6666666666667,0.0,296.0
84806A,PINK CANDYSTUFT ARTIFICIAL FLOWER,137,96.88999999999999,1.2144444444444444,9,251,186,4,15.222222222222221,106.55555555555554,21.31111111111111,82.19999999999999,0.0,Overstock,Markdown / Clear,0.0,0.0,304.8255555555556,0.0,251.0
84806B,WHITE CANDYSTUFT ARTIFICIAL FLOWER,308,411.55999999999995,1.387,20,333,73,3,15.4,107.8,21.560000000000002,67.76,0.0,Overstock,Markdown / Clear,0.0,0.0,461.871,0.0,333.0
84809A,WHITE CHRYSANTHEMUMS ART FLOWER,55,115.5,2.1,7,434,38,9,7.857142857142857,55.0,11.0,81.71428571428571,0.0,Overstock,Markdown / Clear,0.0,0.0,911.4000000000001,0.0,434.0
84809B,PINK CHRYSANTHEMUMS ART FLOWER,18,37.8,2.1,1,385,121,13,18.0,126.0,25.200000000000003,259.2,0.0,Overstock,Markdown / Clear,0.0,0.0,808.5,0.0,385.0
84813,SET OF 4 DIAMOND NAPKIN RINGS,166,1393.79,11.232816091954023,29,247,14,13,5.724137931034483,40.06896551724138,8.013793103448277,82.42758620689656,29.0,Overstock,Markdown / Clear,0.0,0.0,2448.753908045977,0.11068702290076336,8.233333333333333
84816,DANISH ROSE BEDSIDE CABINET,13,519.35,39.95,10,158,198,20,1.3,9.1,1.82,27.82,0.0,Overstock,Markdown / Clear,0.0,0.0,6312.1,0.0,158.0
84817,DANISH ROSE DECORATIVE PLATE,951,710.64,1.622608695652174,46,455,156,19,20.67391304347826,144.71739130434784,28.94347826086957,421.7478260869566,0.0,Overstock,Markdown / Clear,0.0,0.0,738.2869565217392,0.0,455.0
84818,DANISH ROSE PHOTO FRAME,1423,1460.81,1.4098734177215189,79,418,122,4,18.0126582278481,126.08860759493669,25.21772151898734,97.26835443037973,0.0,Overstock,Markdown / Clear,0.0,0.0,589.3270886075949,0.0,418.0
84819,DANISH ROSE ROUND SEWING BOX,811,951.79,2.7529756097560973,41,230,110,9,19.78048780487805,138.46341463414635,27.69268292682927,205.7170731707317,110.5,Overstock,Markdown / Clear,0.0,0.0,328.98058536585364,0.32404692082111436,2.062780269058296
84820,DANISH ROSE TRINKET TRAYS,259,483.05,4.284074074074074,27,410,130,9,9.592592592592593,67.14814814814815,13.42962962962963,99.76296296296297,50.0,Overstock,Markdown / Clear,0.0,0.0,1542.2666666666669,0.09242144177449169,8.03921568627451
84821,DANISH ROSE DELUXE COASTER,935,407.15,0.6659999999999999,35,47,82,12,26.714285714285715,187.0,37.4,357.97142857142853,52.0,Healthy,No Action,42.0,0.0,0.0,0.4,0.8867924528301887
84823,DANISH ROSE FOLDING CHAIR,112,890.4,7.95,12,70,9,5,9.333333333333334,65.33333333333334,13.06666666666667,59.73333333333334,0.0,Overstock,Markdown / Clear,0.0,0.0,556.5,0.0,70.0
84824,DANISH ROSE UMBRELLA STAND,2,31.9,15.95,2,461,91,14,1.0,7.0,1.4000000000000001,15.4,0.0,Overstock,Markdown / Clear,0.0,0.0,7352.95,0.0,461.0
84826,ASSTD DESIGN 3D PAPER STICKERS,1162,389.38,0.5913888888888889,24,280,28,5,48.416666666666664,338.91666666666663,67.78333333333333,309.8666666666667,92.0,Overstock,Markdown / Clear,0.0,0.0,111.18111111111111,0.2977346278317152,3.010752688172043
84827,ASS DES PHONE SPONGE CRAFT STICKER,509,153.09,0.4318181818181818,11,280,34,13,46.27272727272727,323.90909090909093,64.7818181818182,666.3272727272727,71.0,Overstock,Markdown / Clear,0.0,0.0,90.25,0.2253968253968254,3.888888888888889
84828,JUNGLE POPSICLES ICE LOLLY HOLDERS,139,197.49,1.817608695652174,23,369,5,14,6.043478260869565,42.30434782608696,8.460869565217392,93.06956521739131,0.0,Overstock,Markdown / Clear,0.0,0.0,670.6976086956522,0.0,369.0
84828,JUNGLE POPSICLES ICE LOLLY MOULDS,960,1338.8700000000001,1.6027924836601308,102,371,139,6,9.411764705882353,65.88235294117648,13.176470588235297,69.64705882352942,17.666666666666668,Overstock,Markdown / Clear,0.0,0.0,566.3200108932461,0.034572733202870194,19.875
84832,ZINC WILLIE WINKIE  CANDLE STICK,2933,2712.7,1.088665650406504,164,27,110,18,17.884146341463413,125.1890243902439,25.03780487804878,346.95243902439023,122.5,Stockout Risk,Reorder Now,121.0,133.36154217479674,0.0,0.8876811594202898,0.21862348178137653
84836,ZINC METAL HEART DECORATION,5937,7418.07,1.3836806108897741,251,339,37,20,23.653386454183266,165.57370517928285,33.114741035856575,506.1824701195219,57.0,Overstock,Markdown / Clear,0.0,0.0,390.1979322709163,0.15119363395225463,5.844827586206897
84840,SWEETHEART CARRY-ALL BASKET,6,76.44,12.74,6,157,76,6,1.0,7.0,1.4000000000000001,7.4,0.0,Overstock,Markdown / Clear,0.0,0.0,2000.18,0.0,157.0
84842,HELLO SAILOR BATHROOM SET,14,52.5,3.75,9,57,92,8,1.5555555555555556,10.88888888888889,2.177777777777778,14.622222222222224,0.0,Overstock,Markdown / Clear,0.0,0.0,213.75,0.0,57.0
84843,WHITE SOAP RACK WITH 2 BOTTLES,172,969.8000000000001,6.562888888888889,45,130,146,17,3.8222222222222224,26.755555555555556,5.351111111111112,70.32888888888888,2.0,Overstock,Markdown / Clear,0.0,0.0,840.0497777777778,0.007220216606498195,43.333333333333336
84846A,SCENTED CANDLE IN DIGITALIS TIN,56,126.04,2.5869230769230773,13,499,66,3,4.3076923076923075,30.153846153846153,6.030769230769231,18.953846153846154,0.0,Overstock,Markdown / Clear,0.0,0.0,1290.8746153846155,0.0,499.0
84847,FLORAL BATHROOM SET,20,75.0,3.75,11,387,135,5,1.8181818181818181,12.727272727272727,2.5454545454545454,11.636363636363635,0.0,Overstock,Markdown / Clear,0.0,0.0,1451.25,0.0,387.0
84849A,HELLO SAILOR BLUE SOAP HOLDER,180,344.34000000000003,2.341458333333333,48,239,7,7,3.75,26.25,5.25,31.5,0.0,Overstock,Markdown / Clear,0.0,0.0,559.6085416666666,0.0,239.0
84849B,FAIRY SOAP SOAP HOLDER,266,478.83,2.041651515151515,55,356,121,19,4.836363636363636,33.85454545454545,6.7709090909090905,98.66181818181816,0.0,Overstock,Markdown / Clear,0.0,0.0,726.8279393939393,0.0,356.0
84849D,HOT BATHS SOAP HOLDER,494,859.0,1.8315053763440858,93,242,83,16,5.311827956989247,37.18279569892473,7.436559139784946,92.4258064516129,2.0,Overstock,Markdown / Clear,0.0,0.0,439.5612903225806,0.006134969325153374,80.66666666666667
84854,GIRLY PINK TOOL SET,5,24.75,4.95,1,155,174,11,5.0,35.0,7.0,62.0,0.0,Overstock,Markdown / Clear,0.0,0.0,767.25,0.0,155.0
84856L,LARGE TAHITI BEACH BAG,2,17.82,8.91,2,275,131,5,1.0,7.0,1.4000000000000001,6.4,0.0,Overstock,Markdown / Clear,0.0,0.0,2450.25,0.0,275.0
84856S,SMALL TAHITI BEACH BAG,4,18.6,4.65,1,379,178,15,4.0,28.0,5.6000000000000005,65.6,0.0,Overstock,Markdown / Clear,0.0,0.0,1762.3500000000001,0.0,379.0
84857B,BLUE MONTE CARLO HANDBAG,24,46.8,1.95,1,428,84,5,24.0,168.0,33.6,153.6,0.0,Overstock,Markdown / Clear,0.0,0.0,834.6,0.0,428.0
84857C,PINK MONTE CARLO HANDBAG,98,232.32999999999998,4.763,10,348,194,13,9.8,68.60000000000001,13.720000000000002,141.12,0.0,Overstock,Markdown / Clear,0.0,0.0,1657.524,0.0,348.0
84858C,PINK RIVIERA HANDBAG,186,261.68,5.33,6,469,44,4,31.0,217.0,43.400000000000006,167.4,0.0,Overstock,Markdown / Clear,0.0,0.0,2499.77,0.0,469.0
84859A,SILVER DISCO HANDBAG,129,272.99,2.5164705882352942,34,482,135,17,3.7941176470588234,26.558823529411764,5.311764705882354,69.81176470588235,0.0,Overstock,Markdown / Clear,0.0,0.0,1212.9388235294118,0.0,482.0
84859B,BLUE DISCO HANDBAG,31,64.81,2.346363636363636,11,453,86,15,2.8181818181818183,19.727272727272727,3.9454545454545453,46.21818181818182,0.0,Overstock,Markdown / Clear,0.0,0.0,1062.9027272727271,0.0,453.0
84859C,PINK DISCO HANDBAG,84,180.51999999999998,2.451904761904762,21,470,15,18,4.0,28.0,5.6000000000000005,77.6,0.0,Overstock,Markdown / Clear,0.0,0.0,1152.395238095238,0.0,470.0
84865,NEW BAROQUE BLACK PHOTO ALBUM,27,146.21,7.307857142857143,14,68,76,20,1.9285714285714286,13.5,2.7,41.27142857142857,0.0,Overstock,Markdown / Clear,0.0,0.0,496.93428571428575,0.0,68.0
84870B,BLUE GEISHA GIRL ,44,146.07999999999998,3.5269565217391308,23,311,194,9,1.9130434782608696,13.391304347826088,2.678260869565218,19.895652173913046,0.0,Overstock,Markdown / Clear,0.0,0.0,1096.8834782608697,0.0,311.0
84870C,GREEN GEISHA GIRL ,46,146.05,3.3095652173913046,23,401,8,15,2.0,14.0,2.8000000000000003,32.8,0.0,Overstock,Markdown / Clear,0.0,0.0,1327.135652173913,0.0,401.0
84872A,TEATIME FUNKY FLOWER BACKPACK FOR 2,40,450.08,11.523333333333332,21,343,59,6,1.9047619047619047,13.333333333333332,2.6666666666666665,14.095238095238093,0.0,Overstock,Markdown / Clear,0.0,0.0,3952.5033333333326,0.0,343.0
84872a,TEATIME FUNKY FLOWER BACKPACK FOR 2,26,282.15,10.866666666666665,12,97,77,11,2.1666666666666665,15.166666666666666,3.033333333333333,26.866666666666667,0.0,Overstock,Markdown / Clear,0.0,0.0,1054.0666666666666,0.0,97.0
84873A,FUNKY FLOWER PICNIC BAG FOR 4,2,33.9,16.95,2,124,76,12,1.0,7.0,1.4000000000000001,13.4,0.0,Overstock,Markdown / Clear,0.0,0.0,2101.7999999999997,0.0,124.0
84874B,BLUE TRAVEL FIRST AID KIT,41,67.50999999999999,1.6407692307692305,13,188,70,11,3.1538461538461537,22.076923076923077,4.415384615384616,39.10769230769231,0.0,Overstock,Markdown / Clear,0.0,0.0,308.46461538461534,0.0,188.0
84875B,GREEN SQUARE COMPACT MIRROR,131,203.51,2.5524999999999998,20,236,14,9,6.55,45.85,9.17,68.11999999999999,1.0,Overstock,Markdown / Clear,0.0,0.0,599.8375,0.00398406374501992,118.0
84875D,BLUE SQUARE COMPACT MIRROR,51,63.75,1.25,8,397,70,17,6.375,44.625,8.925,117.3,0.0,Overstock,Markdown / Clear,0.0,0.0,496.25,0.0,397.0
84876B,GREEN HEART COMPACT MIRROR,218,315.81,2.5121666666666664,30,138,101,10,7.266666666666667,50.86666666666667,10.173333333333334,82.84,0.0,Overstock,Markdown / Clear,0.0,0.0,346.679,0.0,138.0
84876D,BLUE HEART COMPACT MIRROR,128,217.5,3.543,15,209,168,13,8.533333333333333,59.733333333333334,11.946666666666667,122.88000000000001,0.0,Overstock,Markdown / Clear,0.0,0.0,740.4870000000001,0.0,209.0
84877A,PINK ROUND COMPACT MIRROR,40,58.16,2.27,4,274,21,7,10.0,70.0,14.0,84.0,0.0,Overstock,Markdown / Clear,0.0,0.0,621.98,0.0,274.0
84877B,GREEN ROUND COMPACT MIRROR,144,210.56,2.363888888888889,18,389,151,4,8.0,56.0,11.200000000000001,43.2,0.0,Overstock,Markdown / Clear,0.0,0.0,919.5527777777778,0.0,389.0
84877D,BLUE ROUND COMPACT MIRROR,96,150.93,2.2515625,16,285,112,12,6.0,42.0,8.4,80.4,0.0,Overstock,Markdown / Clear,0.0,0.0,641.6953125,0.0,285.0
84879,ASSORTED COLOUR BIRD ORNAMENT,36362,58927.62,1.7343544355644356,300,168,171,18,121.20666666666666,848.4466666666666,169.68933333333334,2351.409333333333,812.5,Stockout Risk,Reorder Now,814.0,1409.1629788961038,0.0,2.389705882352941,0.20651505838967424
84880,WHITE WIRE EGG HOLDER,312,2012.74,7.692285714285715,70,183,0,15,4.457142857142857,31.200000000000003,6.240000000000001,73.09714285714286,3.5,Overstock,Markdown / Clear,0.0,0.0,1380.765285714286,0.019021739130434784,40.666666666666664
84881,BLUE WIRE SPIRAL CANDLE HOLDER,12,82.57,7.411666666666666,6,159,9,10,2.0,14.0,2.8000000000000003,22.8,0.0,Overstock,Markdown / Clear,0.0,0.0,1178.455,0.0,159.0
84882,GREEN WIRE STANDING CANDLE HOLDER,38,157.34,4.3296875,16,366,109,11,2.375,16.625,3.325,29.45,0.0,Overstock,Markdown / Clear,0.0,0.0,1584.665625,0.0,366.0
84884A,ANT WHITE WIRE HEART SPIRAL,301,1201.91,4.794305555555556,72,277,199,13,4.180555555555555,29.263888888888886,5.852777777777778,60.2,6.5,Overstock,Markdown / Clear,0.0,0.0,1296.859652777778,0.013626834381551363,36.93333333333333
84884a,ANT WHITE WIRE HEART SPIRAL,38,317.71999999999997,8.33090909090909,22,393,183,13,1.7272727272727273,12.090909090909092,2.4181818181818184,24.87272727272727,4.0,Overstock,Markdown / Clear,0.0,0.0,3240.723636363636,0.006932409012131715,78.6
84898F,YELLOW FLOWERS FELT HANDBAG KIT,46,98.63,2.2561538461538464,13,288,112,18,3.5384615384615383,24.769230769230766,4.953846153846154,68.64615384615385,0.0,Overstock,Markdown / Clear,0.0,0.0,649.7723076923078,0.0,288.0
84905,PINK BUTTERFLY CUSHION COVER ,35,173.48,4.95888888888889,18,200,49,12,1.9444444444444444,13.61111111111111,2.7222222222222223,26.055555555555554,0.0,Overstock,Markdown / Clear,0.0,0.0,991.7777777777779,0.0,200.0
84906,PINK B'FLY C/COVER W BOBBLES,12,78.17,6.917142857142857,7,179,11,14,1.7142857142857142,12.0,2.4000000000000004,26.4,0.0,Overstock,Markdown / Clear,0.0,0.0,1238.1685714285713,0.0,179.0
84906,PINK BUTTERFLY CUSHION COVER,23,44.849999999999994,1.95,5,370,88,8,4.6,32.199999999999996,6.4399999999999995,43.239999999999995,0.0,Overstock,Markdown / Clear,0.0,0.0,721.5,0.0,370.0
84907,PINK YELLOW PATCH CUSHION COVER,29,180.93,6.1155,20,419,187,14,1.45,10.15,2.0300000000000002,22.330000000000002,0.0,Overstock,Markdown / Clear,0.0,0.0,2562.3945,0.0,419.0
84910A,PINK PAISLEY CUSHION COVER ,26,192.14,7.464117647058822,17,307,153,12,1.5294117647058822,10.705882352941176,2.1411764705882352,20.49411764705882,0.0,Overstock,Markdown / Clear,0.0,0.0,2291.4841176470586,0.0,307.0
84912A,PINK ROSE WASHBAG,156,560.62,3.5589942528735636,58,307,111,20,2.689655172413793,18.82758620689655,3.7655172413793103,57.55862068965517,0.0,Overstock,Markdown / Clear,0.0,0.0,1092.611235632184,0.0,307.0
84912B,GREEN ROSE WASHBAG,323,1132.85,3.435341530054645,122,399,77,20,2.6475409836065573,18.5327868852459,3.7065573770491804,56.657377049180326,11.0,Overstock,Markdown / Clear,0.0,0.0,1332.9125136612022,0.023060796645702306,33.25
84913A,SOFT PINK ROSE TOWEL ,273,952.83,3.4344886363636364,88,245,168,6,3.102272727272727,21.71590909090909,4.343181818181818,22.956818181818182,0.0,Overstock,Markdown / Clear,0.0,0.0,841.449715909091,0.0,245.0
84913B,MINT GREEN ROSE TOWEL,196,754.07,3.709761904761905,63,30,163,11,3.111111111111111,21.77777777777778,4.355555555555556,38.577777777777776,12.0,Overstock,Markdown / Clear,0.0,0.0,66.77571428571429,0.061855670103092786,2.3076923076923075
84915,HAND TOWEL PINK FLOWER AND DAISY,217,372.33,3.9475000000000002,20,29,120,9,10.85,75.95,15.190000000000001,112.83999999999999,2.0,Overstock,Markdown / Clear,0.0,0.0,106.58250000000001,0.013333333333333334,9.666666666666666
84916,HAND TOWEL PALE BLUE W FLOWERS,223,453.39,3.9643478260869567,23,290,22,20,9.695652173913043,67.8695652173913,13.57391304347826,207.48695652173913,0.0,Overstock,Markdown / Clear,0.0,0.0,1149.6608695652174,0.0,290.0
84917,WHITE HAND TOWEL WITH BUTTERFLY,184,466.3,4.224920634920634,21,292,170,10,8.761904761904763,61.33333333333334,12.26666666666667,99.88571428571429,0.0,Overstock,Markdown / Clear,0.0,0.0,1233.6768253968253,0.0,292.0
84919,BLUE CUSHION COVER WITH FLOWER,58,381.78000000000003,6.576153846153845,26,443,133,13,2.230769230769231,15.615384615384617,3.1230769230769235,32.12307692307692,0.0,Overstock,Markdown / Clear,0.0,0.0,2913.2361538461537,0.0,443.0
84920,PINK FLOWER FABRIC PONY,115,446.23,4.188536585365854,41,421,196,9,2.8048780487804876,19.634146341463413,3.926829268292683,29.17073170731707,2.0,Overstock,Markdown / Clear,0.0,0.0,1754.9968292682927,0.003236245954692557,140.33333333333334
84921,CREAM AND PINK FLOWERS PONY ,11,41.25,3.75,5,202,170,11,2.2,15.400000000000002,3.0800000000000005,27.280000000000005,0.0,Overstock,Markdown / Clear,0.0,0.0,757.5,0.0,202.0
84922,PINK BUTTERFLY WASHBAG,9,42.29,4.923333333333333,6,476,24,10,1.5,10.5,2.1,17.1,0.0,Overstock,Markdown / Clear,0.0,0.0,2343.5066666666667,0.0,476.0
84923,PINK BUTTERFLY HANDBAG W BOBBLES,162,671.62,4.143521126760564,71,172,17,5,2.2816901408450705,15.971830985915494,3.1943661971830988,14.60281690140845,9.5,Overstock,Markdown / Clear,0.0,0.0,673.3221830985916,0.05,16.38095238095238
84924A,WAKE UP COCKEREL CALENDAR SIGN ,81,348.59000000000003,4.957096774193548,31,334,189,19,2.6129032258064515,18.29032258064516,3.6580645161290324,53.30322580645161,2.0,Overstock,Markdown / Clear,0.0,0.0,1645.756129032258,0.003816793893129771,111.33333333333333
84924F,PSYCHEDELIC METAL SIGN CALENDAR,10,7.9,0.79,3,353,140,4,3.3333333333333335,23.333333333333336,4.666666666666667,18.0,0.0,Overstock,Markdown / Clear,0.0,0.0,278.87,0.0,353.0
84925D,LA PALMIERA WALL THERMOMETER,15,38.25,2.55,10,143,42,17,1.5,10.5,2.1,27.6,0.0,Overstock,Markdown / Clear,0.0,0.0,364.65,0.0,143.0
84925F,PSYCHEDELIC WALL THERMOMETER,79,109.93,1.9214285714285713,14,492,77,16,5.642857142857143,39.5,7.9,98.1857142857143,0.0,Overstock,Markdown / Clear,0.0,0.0,945.342857142857,0.0,492.0
84926A,WAKE UP COCKEREL TILE COASTER,604,210.51999999999998,0.6924242424242424,33,133,27,20,18.303030303030305,128.12121212121212,25.624242424242425,391.68484848484854,48.0,Overstock,Markdown / Clear,0.0,0.0,58.8560606060606,0.2981366459627329,2.7142857142857144
84926D,LA PALMIERA TILE COASTER,709,276.53,0.78984375,32,297,145,18,22.15625,155.09375,31.01875,429.83125,29.0,Overstock,Markdown / Clear,0.0,0.0,211.678125,0.0654627539503386,9.9
84926E,FLOWERS TILE COASTER,968,327.79999999999995,0.5863636363636363,33,433,58,6,29.333333333333332,205.33333333333331,41.06666666666666,217.06666666666666,0.0,Overstock,Markdown / Clear,0.0,0.0,253.89545454545453,0.0,433.0
84926F,PSYCHEDELIC TILE COASTER,430,195.22,1.2132692307692308,26,487,187,8,16.53846153846154,115.76923076923077,23.153846153846157,155.46153846153848,0.0,Overstock,Markdown / Clear,0.0,0.0,590.8621153846154,0.0,487.0
84927A,WAKE UP COCKEREL TILE HOOK,50,70.45,2.0805555555555557,18,232,62,8,2.7777777777777777,19.444444444444443,3.888888888888889,26.11111111111111,0.0,Overstock,Markdown / Clear,0.0,0.0,482.6888888888889,0.0,232.0
84927D,LA PALMIERA TILE HOOK,47,51.86,1.6538461538461537,13,191,184,13,3.6153846153846154,25.307692307692307,5.061538461538461,52.06153846153846,0.0,Overstock,Markdown / Clear,0.0,0.0,315.88461538461536,0.0,191.0
84927E,FLOWERS TILE HOOK,59,80.16,1.8923076923076925,13,307,91,19,4.538461538461538,31.769230769230766,6.3538461538461535,92.58461538461538,0.0,Overstock,Markdown / Clear,0.0,0.0,580.9384615384616,0.0,307.0
84927F,PSYCHEDELIC TILE HOOK,299,182.95,1.1374418604651164,43,454,178,5,6.953488372093023,48.674418604651166,9.734883720930235,44.50232558139535,10.0,Overstock,Markdown / Clear,0.0,0.0,505.0241860465117,0.01579778830963665,41.27272727272727
84929,ASSTD FRUIT+FLOWERS FRIDGE MAGNETS,2412,637.56,0.2903636363636364,55,193,55,15,43.85454545454545,306.98181818181814,61.39636363636363,719.2145454545454,0.0,Overstock,Markdown / Clear,0.0,0.0,56.04018181818182,0.0,193.0
84931A,PINK SCOTTIE DOG W FLOWER PATTERN,133,317.44,2.6365151515151513,44,132,154,5,3.022727272727273,21.15909090909091,4.231818181818182,19.345454545454547,0.0,Overstock,Markdown / Clear,0.0,0.0,348.02,0.0,132.0
84931B,BLUE SCOTTIE DOG W FLOWER PATTERN,177,424.08,2.510121951219512,41,395,159,18,4.317073170731708,30.219512195121954,6.043902439024391,83.75121951219514,0.0,Overstock,Markdown / Clear,0.0,0.0,991.4981707317072,0.0,395.0
84944,SET OF 6 KASHMIR FOLKART BAUBLES,710,1120.26,2.2298765432098766,54,424,110,17,13.148148148148149,92.03703703703704,18.40740740740741,241.92592592592595,0.0,Overstock,Markdown / Clear,0.0,0.0,945.4676543209877,0.0,424.0
84945,MULTI COLOUR SILVER T-LIGHT HOLDER,10545,8744.43,0.9355285190999476,182,141,136,13,57.93956043956044,405.5769230769231,81.11538461538463,834.3296703296703,420.0,Stockout Risk,Reorder Now,360.0,392.921978021978,0.0,1.5107913669064748,0.334916864608076
84946,ANTIQUE SILVER T-LIGHT GLASS,14664,19381.62,1.4923840759075908,202,51,67,20,72.5940594059406,508.1584158415842,101.63168316831684,1553.5128712871287,615.375,Stockout Risk,Reorder Now,666.0,918.3758507116337,0.0,5.171218487394958,0.08274183735550598
84946,ANTIQUE SILVER TEA GLASS ETCHED,4545,6461.76,1.6097916666666667,78,241,45,17,58.26923076923077,407.88461538461536,81.57692307692308,1072.153846153846,0.0,Overstock,Markdown / Clear,0.0,0.0,387.95979166666666,0.0,241.0
84947,ANTIQUE SILVER TEA GLASS ENGRAVED,8652,10229.77,1.481467412217412,198,138,66,7,43.696969696969695,305.8787878787879,61.17575757575758,367.05454545454546,324.0,Stockout Risk,Reorder Now,247.0,479.9954415584415,0.0,1.5804878048780489,0.4246153846153846
84949,SILVER HANGING T-LIGHT HOLDER,4789,7622.639999999999,1.9024074074074073,180,58,153,18,26.605555555555554,186.23888888888888,37.24777777777778,516.1477777777777,249.5,Stockout Risk,Reorder Now,229.0,474.65064814814815,0.0,1.1768867924528301,0.2315369261477046
84950,ASSORTED COLOUR T-LIGHT HOLDER,3619,2297.03,0.8137074829931974,98,287,135,18,36.92857142857143,258.5,51.7,716.4142857142858,57.0,Overstock,Markdown / Clear,0.0,0.0,187.1527210884354,0.1347517730496454,4.948275862068965
84951A,SET OF 4 PISTACHIO LOVEBIRD COASTER,475,553.01,1.834595238095238,70,252,5,19,6.785714285714286,47.5,9.5,138.42857142857142,3.0,Overstock,Markdown / Clear,0.0,0.0,456.81421428571423,0.011627906976744186,63.0
84951B,SET OF 4 BLACK LOVEBIRD COASTERS,451,554.78,1.8622222222222222,63,450,23,11,7.158730158730159,50.111111111111114,10.022222222222224,88.76825396825397,25.0,Overstock,Markdown / Clear,0.0,0.0,791.4444444444445,0.052742616033755275,17.307692307692307
84952A,CLEAR LOVE BIRD T-LIGHT HOLDER,92,264.46999999999997,3.455,22,37,175,5,4.181818181818182,29.272727272727273,5.854545454545455,26.763636363636362,0.0,Overstock,Markdown / Clear,0.0,0.0,127.83500000000001,0.0,37.0
84952B,BLACK LOVE BIRD T-LIGHT HOLDER,186,332.14,3.356060606060606,22,168,93,15,8.454545454545455,59.18181818181819,11.836363636363638,138.65454545454546,1.0,Overstock,Markdown / Clear,0.0,0.0,560.4621212121212,0.003816793893129771,84.0
84952C,MIRROR LOVE BIRD T-LIGHT HOLDER,144,255.0,4.208181818181818,11,416,172,5,13.090909090909092,91.63636363636364,18.327272727272728,83.78181818181818,0.0,Overstock,Markdown / Clear,0.0,0.0,1750.6036363636363,0.0,416.0
84963A,PINK PAINTED KASHMIRI CHAIR,4,171.8,42.95,1,168,12,9,4.0,28.0,5.6000000000000005,41.6,0.0,Overstock,Markdown / Clear,0.0,0.0,7215.6,0.0,168.0
84963B,BLUE PAINTED KASHMIRI CHAIR,3,149.85000000000002,49.95,1,145,196,8,3.0,21.0,4.2,28.2,0.0,Overstock,Markdown / Clear,0.0,0.0,7242.75,0.0,145.0
84968A,SET OF 16 VINTAGE ROSE CUTLERY,267,3139.2999999999997,14.809342105263157,76,411,24,11,3.513157894736842,24.592105263157894,4.9184210526315795,43.56315789473684,1.0,Overstock,Markdown / Clear,0.0,0.0,6071.8302631578945,0.0022935779816513763,205.5
84968B,SET OF 16 VINTAGE IVORY CUTLERY,2,25.5,12.75,2,321,147,14,1.0,7.0,1.4000000000000001,15.4,0.0,Overstock,Markdown / Clear,0.0,0.0,4092.75,0.0,321.0
84968C,SET OF 16 VINTAGE PISTACHIO CUTLERY,317,3585.9900000000002,15.793931623931625,78,379,117,17,4.064102564102564,28.44871794871795,5.68974358974359,74.77948717948718,0.0,Overstock,Markdown / Clear,0.0,0.0,5985.900085470086,0.0,379.0
84968D,SET OF 16 VINTAGE RED CUTLERY,157,1661.47,12.943875968992248,43,257,81,5,3.6511627906976742,25.55813953488372,5.111627906976744,23.367441860465114,2.0,Overstock,Markdown / Clear,0.0,0.0,3300.688372093023,0.0058997050147492625,85.66666666666667
84968E,SET OF 16 VINTAGE BLACK CUTLERY,132,1522.53,13.270555555555555,36,154,110,12,3.6666666666666665,25.666666666666664,5.133333333333333,49.13333333333333,2.0,Overstock,Markdown / Clear,0.0,0.0,2017.1244444444444,0.007547169811320755,51.333333333333336
84968F,SET OF 16 VINTAGE SKY BLUE CUTLERY,177,1905.6799999999998,13.189591836734692,49,170,81,3,3.6122448979591835,25.285714285714285,5.057142857142857,15.893877551020408,0.0,Overstock,Markdown / Clear,0.0,0.0,2242.2306122448977,0.0,170.0
84968a,SET OF 16 VINTAGE ROSE CUTLERY,5,125.32999999999998,25.136666666666667,3,255,65,15,1.6666666666666667,11.666666666666668,2.3333333333333335,27.333333333333332,0.0,Overstock,Markdown / Clear,0.0,0.0,6409.85,0.0,255.0
84968d,SET OF 16 VINTAGE RED CUTLERY,3,74.88,24.959999999999997,3,243,44,14,1.0,7.0,1.4000000000000001,15.4,0.0,Overstock,Markdown / Clear,0.0,0.0,6065.28,0.0,243.0
84968e,SET OF 16 VINTAGE BLACK CUTLERY,8,200.21,25.048333333333332,6,222,113,3,1.3333333333333333,9.333333333333332,1.8666666666666665,5.866666666666666,1.0,Overstock,Markdown / Clear,0.0,0.0,5535.681666666666,0.002976190476190476,111.0
84968f,SET OF 16 VINTAGE SKY BLUE CUTLERY,1,25.49,25.49,1,275,174,18,1.0,7.0,1.4000000000000001,19.4,0.0,Overstock,Markdown / Clear,0.0,0.0,7009.75,0.0,275.0
84969,BOX OF 6 ASSORTED COLOUR TEASPOONS,558,2389.52,4.6670802919708025,137,105,62,17,4.072992700729927,28.510948905109487,5.7021897810218976,74.94306569343065,15.0,Overstock,Markdown / Clear,0.0,0.0,420.0372262773722,0.08928571428571429,6.5625
84970L,SINGLE HEART ZINC T-LIGHT HOLDER,6064,6411.5199999999995,1.3010227652464494,228,169,75,18,26.596491228070175,186.17543859649123,37.23508771929825,515.9719298245614,140.5,Healthy,No Action,9.0,0.0,0.0,0.573469387755102,1.1943462897526502
84970S,HANGING HEART ZINC T-LIGHT HOLDER,8879,7650.3099999999995,1.1204344262295083,244,254,113,13,36.38934426229508,254.72540983606558,50.94508196721312,524.0065573770491,201.5,Healthy,No Action,0.0,0.0,0.0,0.5475543478260869,1.254320987654321
84970l,SINGLE HEART ZINC T-LIGHT HOLDER,201,418.98,2.0869444444444443,36,364,110,8,5.583333333333333,39.08333333333333,7.816666666666666,52.483333333333334,4.5,Overstock,Markdown / Clear,0.0,0.0,750.2565277777777,0.009473684210526316,66.18181818181819
84970s,HANGING HEART ZINC T-LIGHT HOLDER,238,496.49,2.085434782608696,46,41,182,13,5.173913043478261,36.21739130434783,7.243478260869566,74.50434782608696,5.5,Overstock,Markdown / Clear,0.0,0.0,74.0329347826087,0.024553571428571428,6.3076923076923075
84971S,SMALL HEART FLOWERS HOOK ,1761,1540.4499999999998,1.099589552238806,134,367,146,5,13.14179104477612,91.99253731343285,18.39850746268657,84.10746268656716,45.5,Overstock,Markdown / Clear,0.0,0.0,353.5180410447761,0.08852140077821012,7.89247311827957
84971l,LARGE HEART FLOWERS HOOK   ,2,4.92,2.46,1,304,34,17,2.0,14.0,2.8000000000000003,36.8,0.0,Overstock,Markdown / Clear,0.0,0.0,747.84,0.0,304.0
84974,S/2 ZINC HEART DESIGN PLANTERS,39,388.04999999999995,9.95,25,288,52,3,1.56,10.92,2.184,6.864,0.0,Overstock,Markdown / Clear,0.0,0.0,2865.6,0.0,288.0
84975,HEART SHAPED MIRROR,5,8.45,1.69,2,485,25,9,2.5,17.5,3.5,26.0,0.0,Overstock,Markdown / Clear,0.0,0.0,819.65,0.0,485.0
84976,RECTANGULAR SHAPED MIRROR,512,446.15000000000003,1.5072727272727273,33,277,13,3,15.515151515151516,108.60606060606061,21.721212121212123,68.26666666666667,8.5,Overstock,Markdown / Clear,0.0,0.0,404.70272727272726,0.029209621993127148,29.157894736842106
84977,WIRE FLOWER T-LIGHT HOLDER,1,1.25,1.25,1,48,117,19,1.0,7.0,1.4000000000000001,20.4,0.0,Overstock,Markdown / Clear,0.0,0.0,60.0,0.0,48.0
84978,HANGING HEART JAR T-LIGHT HOLDER,12493,16453.78,1.4706070649678604,264,232,44,11,47.321969696969695,331.2537878787879,66.25075757575758,586.7924242424242,222.0,Stockout Risk,Reorder Now,56.0,326.474768422865,0.0,0.8014440433212996,1.0403587443946187
84984A,GREEN PEONY CUSHION COVER,19,88.35,4.65,6,482,171,15,3.1666666666666665,22.166666666666664,4.433333333333333,51.93333333333333,0.0,Overstock,Markdown / Clear,0.0,0.0,2241.3,0.0,482.0
84984B,RED PEONY CUSHION COVER ,17,79.05,4.65,5,455,192,13,3.4,23.8,4.760000000000001,48.959999999999994,0.0,Overstock,Markdown / Clear,0.0,0.0,2115.75,0.0,455.0
84984D,ORIENTAL RED CUSHION COVER ,13,60.45,4.65,4,302,50,8,3.25,22.75,4.55,30.55,0.0,Overstock,Markdown / Clear,0.0,0.0,1404.3000000000002,0.0,302.0
84985A,SET OF 72 GREEN PAPER DOILIES,41,59.45,1.45,17,69,170,3,2.411764705882353,16.88235294117647,3.3764705882352946,10.611764705882353,0.0,Overstock,Markdown / Clear,0.0,0.0,100.05,0.0,69.0
84987,SET OF 36 TEATIME PAPER DOILIES,3051,4471.17,1.9566864261168386,194,114,118,9,15.72680412371134,110.08762886597938,22.017525773195878,163.55876288659792,27.5,Overstock,Markdown / Clear,0.0,0.0,169.25337585910654,0.11802575107296137,4.0
84988,SET OF 72 PINK HEART PAPER DOILIES,4311,6671.25,2.122021142066785,241,482,150,14,17.887966804979254,125.21576763485477,25.043153526970954,275.4746887966805,27.5,Overstock,Markdown / Clear,0.0,0.0,964.4586090693539,0.04344391785150079,16.912280701754387
84989A,75 GREEN FAIRY CAKE CASES,27,14.85,0.55,17,426,183,19,1.588235294117647,11.117647058823529,2.223529411764706,32.4,0.0,Overstock,Markdown / Clear,0.0,0.0,234.3,0.0,426.0
84989a,75 GREEN FAIRY CAKE CASES,42,87.51,2.086,25,107,18,6,1.68,11.76,2.352,12.432,0.0,Overstock,Markdown / Clear,0.0,0.0,223.202,0.0,107.0
84990,60 GOLD AND SILVER FAIRY CAKE CASES,2,1.1,0.55,2,63,81,5,1.0,7.0,1.4000000000000001,6.4,0.0,Overstock,Markdown / Clear,0.0,0.0,34.650000000000006,0.0,63.0
84991,60 TEATIME FAIRY CAKE CASES,18189,9169.97,0.6874626805778491,267,480,75,3,68.12359550561797,476.8651685393258,95.37303370786516,299.74382022471906,112.0,Overstock,Markdown / Clear,0.0,0.0,252.98626645264847,0.2014388489208633,4.247787610619469
84992,72 SWEETHEART FAIRY CAKE CASES,13319,6532.78,0.6772437664674507,247,297,182,20,53.92307692307692,377.46153846153845,75.49230769230769,1153.953846153846,191.5,Healthy,No Action,0.0,0.0,0.0,0.39895833333333336,1.542857142857143
84993A,75 GREEN PETIT FOUR CASES,343,159.69,0.5814705882352941,51,190,91,17,6.7254901960784315,47.07843137254902,9.415686274509804,123.74901960784314,29.0,Overstock,Markdown / Clear,0.0,0.0,93.61676470588235,0.10283687943262411,6.333333333333333
84993B,75 BLACK PETIT FOUR CASES,58,24.36,0.42,17,440,187,10,3.411764705882353,23.88235294117647,4.776470588235294,38.89411764705882,0.0,Overstock,Markdown / Clear,0.0,0.0,184.79999999999998,0.0,440.0
84993a,75 GREEN PETIT FOUR CASES,32,26.56,0.83,17,208,186,3,1.8823529411764706,13.176470588235293,2.635294117647059,8.28235294117647,0.0,Overstock,Markdown / Clear,0.0,0.0,172.64,0.0,208.0
84997A,CHILDRENS CUTLERY POLKADOT GREEN ,1728,6864.42,4.644357333333334,125,372,32,16,13.824,96.768,19.3536,240.5376,55.5,Overstock,Markdown / Clear,0.0,0.0,1469.939096,0.13703703703703704,6.584070796460177
84997A,GREEN 3 PIECE POLKADOT CUTLERY SET,845,3069.46,4.101944444444444,45,203,146,6,18.77777777777778,131.44444444444446,26.28888888888889,138.95555555555558,0.0,Overstock,Markdown / Clear,0.0,0.0,832.6947222222223,0.0,203.0
84997B,CHILDRENS CUTLERY RETROSPOT RED ,2634,10316.86,4.494692810457516,153,22,27,7,17.215686274509803,120.50980392156862,24.101960784313725,144.61176470588234,97.0,Stockout Risk,Reorder Now,99.0,435.98520261437903,0.0,1.94,0.22448979591836735
84997B,RED 3 PIECE RETROSPOT CUTLERY SET,1580,5729.11,4.1633869047619045,56,210,122,15,28.214285714285715,197.5,39.5,462.7142857142857,0.0,Overstock,Markdown / Clear,0.0,0.0,874.31125,0.0,210.0
84997C,BLUE 3 PIECE POLKADOT CUTLERY SET,1201,4346.27,3.9175462962962966,54,137,179,17,22.24074074074074,155.6851851851852,31.13703703703704,409.22962962962964,0.0,Overstock,Markdown / Clear,0.0,0.0,536.7038425925927,0.0,137.0
84997C,CHILDRENS CUTLERY POLKADOT BLUE,2582,10150.76,4.470661938534279,141,38,125,8,18.31205673758865,128.18439716312056,25.636879432624113,172.13333333333333,100.125,Healthy,No Action,88.0,0.0,0.0,0.6105182926829268,0.3757725587144623
84997D,CHILDRENS CUTLERY POLKADOT PINK,3666,14493.640000000001,4.4392751322751325,189,42,176,3,19.396825396825395,135.77777777777777,27.155555555555555,85.34603174603174,140.83333333333334,Healthy,No Action,126.0,0.0,0.0,0.6430745814307458,0.29612220916568743
84997D,PINK 3 PIECE POLKADOT CUTLERY SET,1437,5234.56,4.070618644067797,59,432,36,15,24.35593220338983,170.4915254237288,34.09830508474576,399.43728813559323,0.0,Overstock,Markdown / Clear,0.0,0.0,1758.5072542372882,0.0,432.0
84997a,CHILDRENS CUTLERY POLKADOT GREEN ,101,837.29,8.29,45,49,153,8,2.2444444444444445,15.711111111111112,3.1422222222222227,21.09777777777778,0.0,Overstock,Markdown / Clear,0.0,0.0,406.21,0.0,49.0
84997a,GREEN 3 PIECE POLKADOT CUTLERY SET,5,41.45,8.29,3,314,98,17,1.6666666666666667,11.666666666666668,2.3333333333333335,30.666666666666668,0.0,Overstock,Markdown / Clear,0.0,0.0,2603.06,0.0,314.0
84997b,CHILDRENS CUTLERY RETROSPOT RED ,273,2287.37,8.514074074074072,54,127,97,18,5.055555555555555,35.388888888888886,7.0777777777777775,98.07777777777778,8.0,Overstock,Markdown / Clear,0.0,0.0,1013.1748148148146,0.035555555555555556,14.11111111111111
84997b,RED 3 PIECE RETROSPOT CUTLERY SET,91,765.5500000000001,8.388181818181819,11,386,126,18,8.272727272727273,57.909090909090914,11.581818181818184,160.49090909090913,0.0,Overstock,Markdown / Clear,0.0,0.0,3237.838181818182,0.0,386.0
84997c,BLUE 3 PIECE POLKADOT CUTLERY SET,19,158.23000000000002,8.35,6,300,167,12,3.1666666666666665,22.166666666666664,4.433333333333333,42.43333333333333,0.0,Overstock,Markdown / Clear,0.0,0.0,2505.0,0.0,300.0
84997c,CHILDRENS CUTLERY POLKADOT BLUE,265,2216.21,8.462857142857143,56,147,79,11,4.732142857142857,33.125,6.625,58.67857142857142,10.5,Overstock,Markdown / Clear,0.0,0.0,1155.18,0.046255506607929514,12.782608695652174
84997d,CHILDRENS CUTLERY POLKADOT PINK,285,2372.33,8.366825396825396,63,248,37,11,4.523809523809524,31.666666666666664,6.333333333333333,56.095238095238095,9.0,Overstock,Markdown / Clear,0.0,0.0,1999.6712698412696,0.03146853146853147,24.8
84997d,PINK 3 PIECE POLKADOT CUTLERY SET,34,285.46,8.3575,8,130,76,19,4.25,29.75,5.95,86.7,0.0,Overstock,Markdown / Clear,0.0,0.0,1086.475,0.0,130.0
85006,SET 4 NURSERY DES ROUND BOXES,55,57.25,1.55,9,155,125,19,6.111111111111111,42.77777777777777,8.555555555555555,124.66666666666666,0.0,Overstock,Markdown / Clear,0.0,0.0,240.25,0.0,155.0
85008,SET OF 3 CONEY ISLAND OVAL BOXES,13,66.12,5.171250000000001,8,381,86,19,1.625,11.375,2.275,33.15,0.0,Overstock,Markdown / Clear,0.0,0.0,1970.2462500000001,0.0,381.0
85014A,BLACK/BLUE POLKADOT UMBRELLA,1163,6678.72,6.4542003853564545,173,205,53,14,6.722543352601156,47.05780346820809,9.411560693641619,103.5271676300578,30.5,Overstock,Markdown / Clear,0.0,0.0,1126.2579672447014,0.11776061776061776,6.507936507936508
85014B,RED RETROSPOT UMBRELLA,1910,10952.2,6.8388027210884355,196,163,149,15,9.744897959183673,68.21428571428571,13.642857142857142,159.81632653061223,36.0,Overstock,Markdown / Clear,0.0,0.0,868.5279455782313,0.11501597444089456,4.405405405405405
85014a,BLACK/BLUE POLKADOT UMBRELLA,18,225.32000000000002,12.5,13,91,15,14,1.3846153846153846,9.692307692307692,1.9384615384615385,21.323076923076922,1.0,Overstock,Markdown / Clear,0.0,0.0,1125.0,0.009345794392523364,45.5
85014b,RED RETROSPOT UMBRELLA,25,313.06,12.499,20,148,27,16,1.25,8.75,1.75,21.75,1.0,Overstock,Markdown / Clear,0.0,0.0,1837.353,0.005681818181818182,74.0
85015,SET OF 12  VINTAGE POSTCARD SET,2180,1718.54,1.3719345238095237,112,383,162,12,19.464285714285715,136.25,27.25,260.82142857142856,41.5,Overstock,Markdown / Clear,0.0,0.0,468.51563988095234,0.076007326007326,9.011764705882353
85016,SET OF 6 VINTAGE NOTELETS KIT,563,560.11,2.0322972972972972,37,280,187,4,15.216216216216216,106.51351351351352,21.302702702702703,82.16756756756757,0.0,Overstock,Markdown / Clear,0.0,0.0,569.0432432432432,0.0,280.0
85017A,ENVELOPE 50 ROMANTIC IMAGES,16,13.58,0.8471428571428571,7,22,172,6,2.2857142857142856,16.0,3.2,16.914285714285715,0.0,Overstock,Markdown / Clear,0.0,0.0,18.637142857142855,0.0,22.0
85017B,ENVELOPE 50 BLOSSOM IMAGES,1077,600.29,0.6792536231884058,115,468,45,9,9.365217391304348,65.55652173913043,13.111304347826087,97.39826086956523,0.0,Overstock,Markdown / Clear,0.0,0.0,317.8906956521739,0.0,468.0
85017C,ENVELOPE 50 CURIOUS IMAGES,49,26.17,0.592,10,407,71,17,4.9,34.300000000000004,6.860000000000001,90.16000000000001,0.0,Overstock,Markdown / Clear,0.0,0.0,240.944,0.0,407.0
85018D,YULETIDE IMAGES S/6 PAPER BOXES,12,30.599999999999998,2.55,5,123,182,17,2.4,16.8,3.3600000000000003,44.16,0.0,Overstock,Markdown / Clear,0.0,0.0,313.65,0.0,123.0
85019A,ROMANTIC IMAGES NOTEBOOK SET,414,564.35,2.03890625,32,243,84,8,12.9375,90.5625,18.1125,121.6125,26.0,Overstock,Markdown / Clear,0.0,0.0,442.44265625,0.07926829268292683,9.0
85019B,BLOSSOM  IMAGES NOTEBOOK SET,512,682.97,1.8623529411764705,34,339,25,5,15.058823529411764,105.41176470588235,21.08235294117647,96.37647058823529,0.0,Overstock,Markdown / Clear,0.0,0.0,631.3376470588236,0.0,339.0
85019C,CURIOUS  IMAGES NOTEBOOK SET,182,270.72,2.997272727272727,11,381,84,8,16.545454545454547,115.81818181818183,23.163636363636368,155.52727272727273,0.0,Overstock,Markdown / Clear,0.0,0.0,1141.9609090909091,0.0,381.0
85020,ROUND PINK HEART MIRROR,85,188.81,2.540714285714286,21,373,152,18,4.0476190476190474,28.333333333333332,5.666666666666667,78.52380952380953,12.0,Overstock,Markdown / Clear,0.0,0.0,917.1978571428572,0.022813688212927757,28.692307692307693
85023B,EAU DE NILE JEWELLED PHOTOFRAME,105,235.35000000000002,2.515384615384615,13,492,64,4,8.076923076923077,56.53846153846153,11.307692307692307,43.61538461538461,0.0,Overstock,Markdown / Clear,0.0,0.0,1237.5692307692304,0.0,492.0
85024B,EAU DE NILE JEWELLED PHOTOFRAME,193,289.65000000000003,1.633333333333333,12,29,133,9,16.083333333333332,112.58333333333333,22.516666666666666,167.26666666666665,0.0,Overstock,Markdown / Clear,0.0,0.0,47.36666666666666,0.0,29.0
85024C,PINK SMALL JEWELLED PHOTOFRAME,12,19.799999999999997,1.65,9,424,150,13,1.3333333333333333,9.333333333333332,1.8666666666666665,19.2,0.0,Overstock,Markdown / Clear,0.0,0.0,699.5999999999999,0.0,424.0
85025B,EAU DE NILE HEART SHAPE PHOTO FRAME,329,555.12,2.3297222222222222,36,403,114,9,9.13888888888889,63.97222222222223,12.794444444444446,95.04444444444445,4.0,Overstock,Markdown / Clear,0.0,0.0,929.5591666666667,0.007722007722007722,80.6
85025C,PINK HEART SHAPE PHOTO FRAME,321,520.91,2.0916216216216217,37,321,63,6,8.675675675675675,60.729729729729726,12.145945945945947,64.19999999999999,0.0,Overstock,Markdown / Clear,0.0,0.0,671.4105405405405,0.0,321.0
85026B,EAU DE NILE JEWELLED T-LIGHT HOLDER,79,70.27,0.9918181818181818,11,250,86,9,7.181818181818182,50.27272727272727,10.054545454545455,74.69090909090909,2.0,Overstock,Markdown / Clear,0.0,0.0,245.9709090909091,0.005934718100890208,83.33333333333333
85027L,FRENCH CHATEAU LARGE PLATTER ,70,160.5,3.075,16,238,170,6,4.375,30.625,6.125,32.375,0.0,Overstock,Markdown / Clear,0.0,0.0,731.85,0.0,238.0
85028L,FRENCH CHATEAU LARGE FRUIT BOWL ,10,19.5,1.95,4,430,106,14,2.5,17.5,3.5,38.5,0.0,Overstock,Markdown / Clear,0.0,0.0,838.5,0.0,430.0
85028S,FRENCH CHATEAU SMALL FRUITBOWL,24,51.599999999999994,1.9833333333333334,6,85,150,7,4.0,28.0,5.6000000000000005,33.6,0.0,Overstock,Markdown / Clear,0.0,0.0,168.58333333333334,0.0,85.0
85030,FRENCH CHATEAU OVAL PLATTER,15,29.25,1.95,5,444,95,7,3.0,21.0,4.2,25.2,0.0,Overstock,Markdown / Clear,0.0,0.0,865.8,0.0,444.0
85031A,ROMANTIC IMAGES SCRAP BOOK SET,16,45.9,3.892857142857143,7,131,157,5,2.2857142857142856,16.0,3.2,14.628571428571426,0.0,Overstock,Markdown / Clear,0.0,0.0,509.9642857142857,0.0,131.0
85031B,BLOSSOM IMAGES SCRAP BOOK SET,1,4.95,4.95,1,32,76,13,1.0,7.0,1.4000000000000001,14.4,0.0,Overstock,Markdown / Clear,0.0,0.0,158.4,0.0,32.0
85031C,CURIOUS IMAGES SCRAP BOOK SET,3,14.85,4.95,1,412,145,9,3.0,21.0,4.2,31.2,0.0,Overstock,Markdown / Clear,0.0,0.0,2039.4,0.0,412.0
85032A,ROMANTIC IMAGES GIFT WRAP SET,789,776.49,1.156340425531915,94,439,86,19,8.393617021276595,58.75531914893617,11.751063829787235,171.22978723404253,5.0,Overstock,Markdown / Clear,0.0,0.0,501.8517446808511,0.009505703422053232,73.16666666666667
85032B,BLOSSOM IMAGES GIFT WRAP SET,786,739.99,1.1037285223367697,97,105,148,11,8.103092783505154,56.72164948453608,11.344329896907217,100.4783505154639,43.0,Overstock,Markdown / Clear,0.0,0.0,68.43116838487973,0.16929133858267717,2.3863636363636362
85032C,CURIOUS IMAGES GIFT WRAP SET,683,718.54,1.2770103092783505,97,253,56,11,7.041237113402062,49.28865979381443,9.857731958762887,87.31134020618556,40.0,Overstock,Markdown / Clear,0.0,0.0,272.00319587628866,0.12903225806451613,6.170731707317073
85032D,YULETIDE IMAGES GIFT WRAP SET,687,561.34,1.1604656862745097,68,109,102,12,10.102941176470589,70.72058823529412,14.144117647058824,135.3794117647059,0.0,Overstock,Markdown / Clear,0.0,0.0,126.49075980392156,0.0,109.0
85034A,3 GARDENIA MORRIS BOXED CANDLES,498,911.4,3.635098039215686,51,333,150,15,9.764705882352942,68.3529411764706,13.670588235294119,160.14117647058828,0.0,Overstock,Markdown / Clear,0.0,0.0,1210.4876470588235,0.0,333.0
85034B,3 WHITE CHOC MORRIS BOXED CANDLES,945,1628.78,2.877140096618357,69,73,90,17,13.695652173913043,95.8695652173913,19.17391304347826,251.99999999999997,52.0,Healthy,No Action,0.0,0.0,0.0,0.3170731707317073,1.3773584905660377
85034C,3 ROSE MORRIS BOXED CANDLES,1129,1800.0,2.6736058897243105,76,31,44,7,14.855263157894736,103.98684210526315,20.79736842105263,124.78421052631577,53.5,Healthy,No Action,43.0,0.0,0.0,0.7039473684210527,0.5688073394495413
85034a,3 GARDENIA MORRIS BOXED CANDLES,3,24.869999999999997,8.29,3,228,171,5,1.0,7.0,1.4000000000000001,6.4,0.0,Overstock,Markdown / Clear,0.0,0.0,1890.12,0.0,228.0
85034b,3 WHITE CHOC MORRIS BOXED CANDLES,1,8.29,8.29,1,481,87,10,1.0,7.0,1.4000000000000001,11.4,0.0,Overstock,Markdown / Clear,0.0,0.0,3987.49,0.0,481.0
85035A,GARDENIA 3 WICK MORRIS BOXED CANDLE,276,782.3,4.132295081967213,61,33,114,12,4.524590163934426,31.67213114754098,6.334426229508196,60.629508196721304,0.0,Overstock,Markdown / Clear,0.0,0.0,136.36573770491802,0.0,33.0
85035B,CHOCOLATE 3 WICK MORRIS BOX CANDLE,619,1054.1,3.5423529411764707,51,140,46,15,12.137254901960784,84.96078431372548,16.992156862745098,199.05098039215687,0.0,Overstock,Markdown / Clear,0.0,0.0,495.9294117647059,0.0,140.0
85035C,ROSE 3 WICK MORRIS BOX CANDLE,1137,1760.66,2.9730365296803654,73,437,167,5,15.575342465753424,109.02739726027397,21.805479452054797,99.68219178082192,0.0,Overstock,Markdown / Clear,0.0,0.0,1299.2169634703196,0.0,437.0
85035a,GARDENIA 3 WICK MORRIS BOXED CANDLE,2,16.94,8.47,2,456,178,10,1.0,7.0,1.4000000000000001,11.4,0.0,Overstock,Markdown / Clear,0.0,0.0,3862.32,0.0,456.0
85035b,CHOCOLATE 3 WICK MORRIS BOX CANDLE,1,8.47,8.47,1,396,169,11,1.0,7.0,1.4000000000000001,12.4,0.0,Overstock,Markdown / Clear,0.0,0.0,3354.1200000000003,0.0,396.0
85035c,ROSE 3 WICK MORRIS BOX CANDLE,1,8.47,8.47,1,39,134,14,1.0,7.0,1.4000000000000001,15.4,0.0,Overstock,Markdown / Clear,0.0,0.0,330.33000000000004,0.0,39.0
85036A,GARDENIA 1 WICK MORRIS BOXED CANDLE,211,714.35,4.3168,50,94,49,13,4.22,29.54,5.908,60.768,0.0,Overstock,Markdown / Clear,0.0,0.0,405.7792,0.0,94.0
85036B,CHOCOLATE 1 WICK MORRIS BOX CANDLE,361,581.43,2.446041666666667,36,419,175,4,10.027777777777779,70.19444444444446,14.038888888888891,54.150000000000006,0.0,Overstock,Markdown / Clear,0.0,0.0,1024.8914583333335,0.0,419.0
85036C,ROSE 1 WICK MORRIS BOXED CANDLE,742,1066.8600000000001,2.84225,60,262,83,20,12.366666666666667,86.56666666666666,17.313333333333333,264.64666666666665,0.0,Overstock,Markdown / Clear,0.0,0.0,744.6695,0.0,262.0
85036a,GARDENIA 1 WICK MORRIS BOXED CANDLE,2,16.58,8.29,1,242,90,11,2.0,14.0,2.8000000000000003,24.8,0.0,Overstock,Markdown / Clear,0.0,0.0,2006.1799999999998,0.0,242.0
85036b,CHOCOLATE 1 WICK MORRIS BOX CANDLE,1,8.47,8.47,1,89,133,4,1.0,7.0,1.4000000000000001,5.4,0.0,Overstock,Markdown / Clear,0.0,0.0,753.83,0.0,89.0
85038,6 CHOCOLATE LOVE HEART T-LIGHTS,1061,2171.26,2.532864077669903,103,331,90,4,10.300970873786408,72.10679611650485,14.421359223300971,55.6252427184466,72.0,Overstock,Markdown / Clear,0.0,0.0,656.0117961165049,0.17061611374407584,4.534246575342466
85039A,SET/4 RED MINI ROSE CANDLE IN BOWL,704,1010.6199999999999,1.6231955922865013,121,230,136,5,5.818181818181818,40.72727272727273,8.145454545454546,37.23636363636364,17.5,Overstock,Markdown / Clear,0.0,0.0,344.9290633608815,0.047683923705722074,12.432432432432432
85039B,S/4 IVORY MINI ROSE CANDLE IN BOWL,806,1174.6299999999999,1.6232173913043477,115,120,108,18,7.008695652173913,49.060869565217395,9.81217391304348,135.96869565217392,21.0,Overstock,Markdown / Clear,0.0,0.0,160.69852173913043,0.09170305676855896,5.454545454545454
85039C,S/4 BLACK MINI ROSE CANDLE IN BOWL,305,265.77,1.5749137931034483,58,205,56,6,5.258620689655173,36.810344827586206,7.362068965517242,38.91379310344828,1.0,Overstock,Markdown / Clear,0.0,0.0,321.28241379310344,0.003816793893129771,102.5
85039a,SET/4 RED MINI ROSE CANDLE IN BOWL,40,131.81,3.2956,25,151,30,20,1.6,11.200000000000001,2.24,34.24,1.0,Overstock,Markdown / Clear,0.0,0.0,494.34,0.005494505494505495,75.5
85040A,S/4 PINK FLOWER CANDLES IN BOWL,888,1607.32,2.0308602150537634,124,130,20,20,7.161290322580645,50.12903225806451,10.025806451612903,153.2516129032258,9.0,Overstock,Markdown / Clear,0.0,0.0,245.73408602150536,0.059602649006622516,13.0
85040B,SET/4 BLUE FLOWER CANDLES IN BOWL,137,229.47,1.7034375,32,400,89,12,4.28125,29.96875,5.99375,57.36875,0.0,Overstock,Markdown / Clear,0.0,0.0,681.375,0.0,400.0
85040a,S/4 PINK FLOWER CANDLES IN BOWL,32,105.28,3.29,19,151,39,13,1.6842105263157894,11.789473684210526,2.357894736842105,24.252631578947366,0.0,Overstock,Markdown / Clear,0.0,0.0,496.79,0.0,151.0
85045,GREEN CHRISTMAS TREE STRING 20LIGHT,42,191.1,4.880000000000001,10,39,111,19,4.2,29.400000000000002,5.880000000000001,85.67999999999999,0.0,Overstock,Markdown / Clear,0.0,0.0,190.32000000000002,0.0,39.0
85047,WHITE BEADED GARLAND STRING 20LIGHT,3,19.049999999999997,6.35,2,413,44,18,1.5,10.5,2.1,29.1,0.0,Overstock,Markdown / Clear,0.0,0.0,2622.5499999999997,0.0,413.0
85048,15CM CHRISTMAS GLASS BALL 20 LIGHTS,1359,10910.61,9.260371474803513,103,43,76,15,13.194174757281553,92.35922330097087,18.471844660194176,216.38446601941746,107.0,Stockout Risk,Reorder Now,82.0,990.8597478039759,0.0,0.8916666666666667,0.39814814814814814
85049A,TRADITIONAL CHRISTMAS RIBBONS,3001,3842.36,1.5131483585858585,132,246,176,4,22.734848484848484,159.14393939393938,31.828787878787878,122.76818181818182,146.5,Healthy,No Action,0.0,0.0,0.0,0.3463356973995272,1.6677966101694914
85049B,LUSH GREENS RIBBONS,54,67.5,1.25,12,173,86,4,4.5,31.5,6.300000000000001,24.3,0.0,Overstock,Markdown / Clear,0.0,0.0,216.25,0.0,173.0
85049C,ROMANTIC PINKS RIBBONS ,1215,1515.69,1.3639808917197453,157,312,147,16,7.738853503184713,54.17197452229299,10.834394904458598,134.656050955414,24.0,Overstock,Markdown / Clear,0.0,0.0,392.82649681528665,0.05217391304347826,12.48
85049D,BRIGHT BLUES RIBBONS ,547,694.99,1.302831325301205,83,249,100,6,6.590361445783133,46.13253012048193,9.226506024096386,48.76867469879519,0.0,Overstock,Markdown / Clear,0.0,0.0,324.40500000000003,0.0,249.0
85049E,SCANDINAVIAN REDS RIBBONS,2860,3783.61,1.4833367697594502,194,488,116,19,14.742268041237113,103.19587628865979,20.63917525773196,300.7422680412371,57.0,Overstock,Markdown / Clear,0.0,0.0,639.318147766323,0.09421487603305785,8.413793103448276
85049F,BABY BOOM RIBBONS ,378,477.34000000000003,1.292013888888889,72,329,91,15,5.25,36.75,7.3500000000000005,86.1,0.0,Overstock,Markdown / Clear,0.0,0.0,425.07256944444447,0.0,329.0
85049G,CHOCOLATE BOX RIBBONS ,1608,1999.19,1.4269786324786324,156,378,144,6,10.307692307692308,72.15384615384616,14.430769230769233,76.27692307692308,39.5,Overstock,Markdown / Clear,0.0,0.0,483.0322670940171,0.07552581261950286,9.333333333333334
85049H,URBAN BLACK RIBBONS ,848,869.1,1.1067043010752688,124,424,27,5,6.838709677419355,47.87096774193549,9.574193548387099,43.767741935483876,29.0,Overstock,Markdown / Clear,0.0,0.0,437.1481989247312,0.06415929203539823,14.133333333333333
85049a,TRADITIONAL CHRISTMAS RIBBONS,244,812.84,3.299032258064516,31,221,168,14,7.870967741935484,55.096774193548384,11.019354838709678,121.21290322580644,23.5,Overstock,Markdown / Clear,0.0,0.0,651.5588709677419,0.06025641025641026,9.020408163265307
85049b,LUSH GREENS RIBBONS,2,4.92,2.46,2,57,193,10,1.0,7.0,1.4000000000000001,11.4,0.0,Overstock,Markdown / Clear,0.0,0.0,140.22,0.0,57.0
85049c,ROMANTIC PINKS RIBBONS ,1,2.46,2.46,1,449,24,4,1.0,7.0,1.4000000000000001,5.4,0.0,Overstock,Markdown / Clear,0.0,0.0,1104.54,0.0,449.0
85049d,BRIGHT BLUES RIBBONS ,2,4.92,2.46,2,279,57,8,1.0,7.0,1.4000000000000001,9.4,0.0,Overstock,Markdown / Clear,0.0,0.0,686.34,0.0,279.0
85049e,SCANDINAVIAN REDS RIBBONS,109,360.71,3.296,35,207,40,12,3.1142857142857143,21.8,4.36,41.73142857142857,8.0,Overstock,Markdown / Clear,0.0,0.0,655.904,0.03225806451612903,23.0
85049g,CHOCOLATE BOX RIBBONS ,113,276.42,2.4284313725490194,51,76,133,14,2.215686274509804,15.50980392156863,3.101960784313726,34.12156862745098,0.0,Overstock,Markdown / Clear,0.0,0.0,184.56078431372546,0.0,76.0
85053,FRENCH ENAMEL CANDLEHOLDER,1693,3649.4900000000002,2.636650877192982,190,448,74,12,8.910526315789474,62.373684210526314,12.474736842105264,119.40105263157893,111.5,Overstock,Markdown / Clear,0.0,0.0,887.2330201754385,0.21319311663479923,3.982222222222222
85054,FRENCH ENAMEL POT W LID,587,1430.63,3.5465949820788536,93,39,37,12,6.311827956989247,44.18279569892473,8.836559139784946,84.5784946236559,1.0,Overstock,Markdown / Clear,0.0,0.0,134.77060931899643,0.012987012987012988,19.5
85055,FRENCH ENAMEL UTENSIL HOLDER,45,183.71,5.176923076923076,13,292,133,5,3.4615384615384617,24.230769230769234,4.846153846153847,22.153846153846153,0.0,Overstock,Markdown / Clear,0.0,0.0,1511.6615384615384,0.0,292.0
85059,FRENCH ENAMEL WATER BASIN,411,1273.11,4.424570175438596,95,138,172,12,4.326315789473684,30.28421052631579,6.056842105263158,57.972631578947365,4.0,Overstock,Markdown / Clear,0.0,0.0,592.8924035087718,0.012861736334405145,27.6
85061W,WHITE JEWELLED HEART DECORATION,2146,1882.1499999999999,1.1133464566929132,127,90,74,11,16.89763779527559,118.28346456692913,23.656692913385825,209.5307086614173,55.0,Healthy,No Action,0.0,0.0,0.0,0.3333333333333333,1.6071428571428572
85062,PEARL CRYSTAL PUMPKIN T-LIGHT HLDR,1462,2429.5,1.7885887096774193,124,23,141,16,11.790322580645162,82.53225806451613,16.506451612903227,205.1516129032258,27.5,Healthy,No Action,21.0,0.0,0.0,0.16666666666666666,0.8070175438596491
85064,CREAM SWEETHEART LETTER RACK,215,976.25,6.743333333333333,18,240,65,4,11.944444444444445,83.61111111111111,16.722222222222225,64.5,0.0,Overstock,Markdown / Clear,0.0,0.0,1618.3999999999999,0.0,240.0
85066,CREAM SWEETHEART MINI CHEST,1784,22594.2,14.270843015214385,241,33,167,7,7.402489626556017,51.81742738589212,10.363485477178424,62.18091286307054,70.0,Healthy,No Action,47.0,0.0,0.0,0.3482587064676617,0.4647887323943662
85067,CREAM SWEETHEART WALL CABINET,7,126.65,18.727777777777778,3,22,2,10,2.3333333333333335,16.333333333333336,3.2666666666666675,26.6,0.0,Overstock,Markdown / Clear,0.0,0.0,412.0111111111111,0.0,22.0
85071A,BLUE CHARLIE+LOLA PERSONAL DOORSIGN,1041,583.23,0.9608974358974359,78,235,116,9,13.346153846153847,93.42307692307693,18.684615384615388,138.8,11.5,Overstock,Markdown / Clear,0.0,0.0,214.76057692307694,0.032670454545454544,18.8
85071B,RED CHARLIE+LOLA PERSONAL DOORSIGN,1290,684.62,0.9893333333333334,90,248,98,8,14.333333333333334,100.33333333333334,20.06666666666667,134.73333333333335,22.5,Overstock,Markdown / Clear,0.0,0.0,223.09466666666668,0.06484149855907781,10.553191489361701
85071C,"CHARLIE+LOLA""EXTREMELY BUSY"" SIGN",683,428.0,1.3035185185185185,81,355,151,13,8.432098765432098,59.02469135802468,11.804938271604938,121.42222222222222,8.5,Overstock,Markdown / Clear,0.0,0.0,451.6691666666667,0.016765285996055226,37.36842105263158
85071D,CHARLIE+LOLA MY ROOM DOOR SIGN,403,249.49,0.8971875,64,205,18,14,6.296875,44.078125,8.815625,96.971875,5.0,Overstock,Markdown / Clear,0.0,0.0,179.4375,0.022321428571428572,34.166666666666664
85078,SCANDINAVIAN 3 HEARTS NAPKIN RING,1932,696.8,0.984090909090909,88,74,145,20,21.954545454545453,153.6818181818182,30.736363636363638,469.8272727272727,0.0,Overstock,Markdown / Clear,0.0,0.0,72.82272727272726,0.0,74.0
85084,HOLLY TOP CHRISTMAS STOCKING,20,17.0,0.85,4,407,191,12,5.0,35.0,7.0,67.0,0.0,Overstock,Markdown / Clear,0.0,0.0,345.95,0.0,407.0
85086A,CANDY SPOT HEART DECORATION,146,122.08,0.834,35,395,115,16,4.171428571428572,29.200000000000003,5.840000000000001,72.58285714285715,0.0,Overstock,Markdown / Clear,0.0,0.0,329.43,0.0,395.0
85087,CANDY SPOT CUSHION COVER,339,1129.99,3.56125,88,273,124,5,3.852272727272727,26.96590909090909,5.3931818181818185,24.654545454545456,0.0,Overstock,Markdown / Clear,0.0,0.0,972.2212499999999,0.0,273.0
85088,CANDY SPOT HAND BAG,259,534.83,2.5020454545454545,44,43,87,20,5.886363636363637,41.20454545454545,8.24090909090909,125.96818181818182,0.0,Overstock,Markdown / Clear,0.0,0.0,107.58795454545454,0.0,43.0
85089,CANDY SPOT BUNNY,13,38.35,2.95,5,181,34,17,2.6,18.2,3.64,47.84,0.0,Overstock,Markdown / Clear,0.0,0.0,533.95,0.0,181.0
85092,CANDY SPOT TEA COSY,27,40.05,2.3,2,177,189,8,13.5,94.5,18.900000000000002,126.9,0.0,Overstock,Markdown / Clear,0.0,0.0,407.09999999999997,0.0,177.0
85093,CANDY SPOT EGG WARMER HARE,708,475.18,0.9582539682539682,63,101,0,12,11.238095238095237,78.66666666666666,15.733333333333333,150.59047619047615,0.0,Overstock,Markdown / Clear,0.0,0.0,96.78365079365079,0.0,101.0
85094,CANDY SPOT EGG WARMER RABBIT,640,242.13,0.6944227994227994,66,422,152,14,9.696969696969697,67.87878787878788,13.575757575757576,149.33333333333331,8.0,Overstock,Markdown / Clear,0.0,0.0,287.49103896103895,0.01391304347826087,46.888888888888886
85095,THREE CANVAS LUGGAGE TAGS,150,243.48999999999998,1.9697435897435895,39,178,172,9,3.8461538461538463,26.923076923076923,5.384615384615385,40.0,1.0,Overstock,Markdown / Clear,0.0,0.0,348.64461538461535,0.002849002849002849,89.0
85096,HILDA CANDY SPOT RABBIT,25,109.23,4.7175,16,207,176,19,1.5625,10.9375,2.1875,31.875,1.0,Overstock,Markdown / Clear,0.0,0.0,971.8050000000001,0.0026041666666666665,103.5
85099B,JUMBO BAG RED RETROSPOT,48371,94159.81,2.431742032028973,300,79,125,3,161.23666666666668,1128.6566666666668,225.73133333333337,709.4413333333334,750.5,Stockout Risk,Reorder Now,897.0,1825.0223950377442,0.0,3.6609756097560977,0.1051230871590153
85099C,JUMBO  BAG BAROQUE BLACK WHITE,13900,28047.74,2.498558906624851,285,422,88,20,48.771929824561404,341.4035087719298,68.28070175438596,1043.719298245614,291.5,Healthy,No Action,0.0,0.0,0.0,0.5704500978473581,1.4427350427350427
85099F,JUMBO BAG STRAWBERRY,17237,32495.59,2.3876937931661217,262,324,143,17,65.79007633587786,460.530534351145,92.106106870229,1210.5374045801525,237.5,Healthy,No Action,6.0,0.0,0.0,0.5074786324786325,1.3584905660377358
85099f,JUMBO BAG STRAWBERRY,46,232.06,5.05375,8,338,146,3,5.75,40.25,8.05,25.3,0.0,Overstock,Markdown / Clear,0.0,0.0,1708.1675,0.0,338.0
85103,SILVER T-LIGHT SETTING,143,924.29,7.678181818181818,22,385,150,7,6.5,45.5,9.1,54.6,0.0,Overstock,Markdown / Clear,0.0,0.0,2956.1,0.0,385.0
85104,SILVER GLASS T-LIGHT SET,201,525.75,3.378,15,230,24,17,13.4,93.8,18.76,246.56,14.0,Overstock,Markdown / Clear,0.0,0.0,729.648,0.054901960784313725,15.333333333333334
85106,CUT GLASS HEXAGON T-LIGHT HOLDER,649,1142.31,2.3705882352941177,17,425,15,5,38.1764705882353,267.2352941176471,53.44705882352942,244.32941176470592,2.0,Overstock,Markdown / Clear,0.0,0.0,1002.7588235294118,0.0045351473922902496,141.66666666666666
85107,CUT GLASS T-LIGHT HOLDER OCTAGON,249,541.39,2.5269230769230764,26,171,181,3,9.576923076923077,67.03846153846153,13.407692307692308,42.13846153846154,48.0,Overstock,Markdown / Clear,0.0,0.0,310.8115384615384,0.1359773371104816,3.489795918367347
85109,PINK BOUDOIR T-LIGHT HOLDER,12,10.2,0.85,1,128,72,10,12.0,84.0,16.8,136.8,0.0,Overstock,Markdown / Clear,0.0,0.0,108.8,0.0,128.0
85111,SILVER GLITTER FLOWER VOTIVE HOLDER,1409,437.59,0.5370833333333332,48,95,128,14,29.354166666666668,205.47916666666669,41.09583333333334,452.05416666666673,7.5,Overstock,Markdown / Clear,0.0,0.0,46.99479166666666,0.033482142857142856,11.176470588235293
85114A,BLACK ENCHANTED FOREST PLACEMAT,649,1105.21,2.0322115384615382,52,49,41,14,12.48076923076923,87.36538461538461,17.473076923076924,192.20384615384614,14.0,Overstock,Markdown / Clear,0.0,0.0,71.12740384615384,0.15384615384615385,3.2666666666666666
85114B,IVORY ENCHANTED FOREST PLACEMAT,477,902.49,2.1799999999999997,70,333,146,15,6.814285714285714,47.699999999999996,9.54,111.75428571428571,14.5,Overstock,Markdown / Clear,0.0,0.0,694.3299999999999,0.030208333333333334,21.483870967741936
85114C,RED ENCHANTED FOREST PLACEMAT,516,920.22,1.9493076923076922,65,136,161,3,7.938461538461539,55.56923076923077,11.113846153846154,34.92923076923077,16.0,Overstock,Markdown / Clear,0.0,0.0,233.91692307692307,0.053691275167785234,8.0
85114a,BLACK ENCHANTED FOREST PLACEMAT,49,161.7,3.3007692307692307,13,434,79,8,3.769230769230769,26.384615384615383,5.276923076923077,35.43076923076923,0.0,Overstock,Markdown / Clear,0.0,0.0,1432.533846153846,0.0,434.0
85114b,IVORY ENCHANTED FOREST PLACEMAT,36,118.86,3.295833333333333,12,375,103,10,3.0,21.0,4.2,34.2,0.0,Overstock,Markdown / Clear,0.0,0.0,1235.9374999999998,0.0,375.0
85114c,RED ENCHANTED FOREST PLACEMAT,162,534.66,3.297241379310345,29,211,182,6,5.586206896551724,39.10344827586207,7.820689655172415,41.337931034482764,7.0,Overstock,Markdown / Clear,0.0,0.0,672.6372413793104,0.017766497461928935,26.375
85115B,S/4 BLACK DISCO PARTITION PANEL,3,24.87,8.29,1,38,145,7,3.0,21.0,4.2,25.2,0.0,Overstock,Markdown / Clear,0.0,0.0,315.02,0.0,38.0
85116,BLACK CANDELABRA T-LIGHT HOLDER,941,1106.88,1.4436150234741782,71,451,33,9,13.253521126760564,92.77464788732395,18.55492957746479,137.83661971830986,0.0,Overstock,Markdown / Clear,0.0,0.0,651.0703755868544,0.0,451.0
85118,HEART T-LIGHT HOLDER,146,144.51999999999998,1.6585714285714286,7,192,88,6,20.857142857142858,146.0,29.200000000000003,154.34285714285716,0.0,Overstock,Markdown / Clear,0.0,0.0,318.4457142857143,0.0,192.0
85119,WATERING CAN SINGLE HOOK PISTACHIO,1,3.36,3.36,1,247,124,6,1.0,7.0,1.4000000000000001,7.4,0.0,Overstock,Markdown / Clear,0.0,0.0,829.92,0.0,247.0
85123A,CREAM HANGING HEART T-LIGHT HOLDER,61,178.51,3.8342857142857145,2,369,44,17,30.5,213.5,42.7,561.2,61.0,Overstock,Markdown / Clear,0.0,0.0,1180.96,0.1473429951690821,5.951612903225806
85123A,WHITE HANGING HEART T-LIGHT HOLDER,37580,104284.24,3.1291758632955786,304,202,133,7,123.61842105263158,865.328947368421,173.06578947368422,1038.3947368421052,656.5,Stockout Risk,Reorder Now,628.0,2054.3039542535475,0.0,1.9538690476190477,0.30722433460076043
85123a,WHITE HANGING HEART T-LIGHT HOLDER,292,1952.48,6.6448936170212765,47,132,20,11,6.212765957446808,43.48936170212766,8.697872340425532,77.03829787234042,14.5,Overstock,Markdown / Clear,0.0,0.0,780.775,0.09477124183006536,8.516129032258064
85124B,BLUE JUICY FRUIT PHOTO FRAME,93,264.06,3.160833333333333,36,202,121,4,2.5833333333333335,18.083333333333336,3.616666666666667,13.950000000000001,0.0,Overstock,Markdown / Clear,0.0,0.0,638.4883333333333,0.0,202.0
85124C,GREEN JUICY FRUIT PHOTO FRAME,94,261.89,2.9328125,32,165,69,9,2.9375,20.5625,4.1125,30.55,0.0,Overstock,Markdown / Clear,0.0,0.0,483.91406249999994,0.0,165.0
85125,SMALL ROUND CUT GLASS CANDLESTICK,161,760.39,5.416785714285715,28,338,95,19,5.75,40.25,8.05,117.3,0.0,Overstock,Markdown / Clear,0.0,0.0,1830.8735714285717,0.0,338.0
85126,LARGE ROUND CUTGLASS CANDLESTICK,2,27.14,13.57,1,135,104,18,2.0,14.0,2.8000000000000003,38.8,0.0,Overstock,Markdown / Clear,0.0,0.0,1831.95,0.0,135.0
85127,SMALL SQUARE CUT GLASS CANDLESTICK,187,1106.54,6.880639534883721,43,132,47,19,4.348837209302325,30.441860465116278,6.088372093023256,88.71627906976744,2.0,Overstock,Markdown / Clear,0.0,0.0,894.4831395348837,0.011111111111111112,44.0
85129B,BEADED CRYSTAL HEART GREEN SMALL,119,168.59,1.8958928571428573,28,270,38,4,4.25,29.75,5.95,22.95,1.0,Overstock,Markdown / Clear,0.0,0.0,509.9951785714286,0.003236245954692557,135.0
85129C,BEADED CRYSTAL HEART BLUE SMALL,80,107.31,1.7373333333333332,15,495,30,13,5.333333333333333,37.33333333333333,7.466666666666666,76.8,1.0,Overstock,Markdown / Clear,0.0,0.0,858.2426666666665,0.0019011406844106464,247.5
85129D,BEADED CRYSTAL HEART PINK SMALL,207,342.74,1.9396060606060606,55,270,9,4,3.7636363636363637,26.345454545454544,5.2690909090909095,20.323636363636364,11.5,Overstock,Markdown / Clear,0.0,0.0,501.3881666666667,0.04107142857142857,21.6
85130A,BEADED PEARL HEART WHITE LARGE,77,127.05000000000001,1.65,8,322,29,3,9.625,67.375,13.475000000000001,42.35,0.0,Overstock,Markdown / Clear,0.0,0.0,531.3,0.0,322.0
85130B,BEADED CRYSTAL HEART GREEN LARGE,834,760.43,1.4474074074074073,54,478,17,4,15.444444444444445,108.11111111111111,21.622222222222224,83.4,1.0,Overstock,Markdown / Clear,0.0,0.0,690.4133333333333,0.0020161290322580645,239.0
85130C,BEADED CRYSTAL HEART BLUE  LARGE,482,437.22,1.089268292682927,41,332,187,11,11.75609756097561,82.29268292682927,16.458536585365856,145.77560975609757,0.0,Overstock,Markdown / Clear,0.0,0.0,361.63707317073175,0.0,332.0
85130D,BEADED CRYSTAL HEART PINK LARGE,565,569.29,1.520181818181818,55,137,87,4,10.272727272727273,71.9090909090909,14.381818181818183,55.472727272727276,4.0,Overstock,Markdown / Clear,0.0,0.0,202.1841818181818,0.017777777777777778,27.4
85131A,BEADED PEARL HEART WHITE ON STICK,996,901.48,0.9239492753623189,92,320,124,17,10.826086956521738,75.78260869565217,15.156521739130435,199.2,0.0,Overstock,Markdown / Clear,0.0,0.0,295.66376811594205,0.0,320.0
85131B,BEADED CRYSTAL HEART GREEN ON STICK,623,521.11,0.8395999999999999,125,180,72,12,4.984,34.888,6.9776,66.7856,14.0,Overstock,Markdown / Clear,0.0,0.0,139.37359999999998,0.05533596837944664,12.0
85131C,BEADED CRYSTAL HEART BLUE ON STICK,193,178.85,0.8776744186046512,43,420,14,17,4.488372093023256,31.41860465116279,6.283720930232558,82.58604651162791,0.0,Overstock,Markdown / Clear,0.0,0.0,368.6232558139535,0.0,420.0
85131D,BEADED CRYSTAL HEART PINK ON STICK,850,725.26,0.8468939393939393,132,217,3,12,6.4393939393939394,45.07575757575758,9.015151515151516,86.2878787878788,9.0,Overstock,Markdown / Clear,0.0,0.0,176.15393939393937,0.04072398190045249,21.7
85132A,CHARLIE + LOLA BISCUITS TINS,545,1561.77,6.052333333333333,60,279,190,19,9.083333333333334,63.583333333333336,12.716666666666669,185.3,0.0,Overstock,Markdown / Clear,0.0,0.0,1688.601,0.0,279.0
85132B,CHARLIE AND LOLA TABLE TINS,529,1156.17,4.03991304347826,46,167,167,11,11.5,80.5,16.1,142.6,0.0,Overstock,Markdown / Clear,0.0,0.0,674.6654782608695,0.0,167.0
85132C,CHARLIE AND LOLA FIGURES TINS,1520,3562.32,4.170860606060606,110,259,8,20,13.818181818181818,96.72727272727273,19.345454545454547,295.70909090909095,0.0,Overstock,Markdown / Clear,0.0,0.0,1080.252896969697,0.0,259.0
85132a,CHARLIE + LOLA BISCUITS TINS,8,92.2,12.603333333333333,6,66,108,6,1.3333333333333333,9.333333333333332,1.8666666666666665,9.866666666666667,0.0,Overstock,Markdown / Clear,0.0,0.0,831.82,0.0,66.0
85132b,CHARLIE AND LOLA TABLE TINS,9,74.60999999999999,8.29,7,494,136,11,1.2857142857142858,9.0,1.8,15.942857142857145,0.0,Overstock,Markdown / Clear,0.0,0.0,4095.2599999999998,0.0,494.0
85132c,CHARLIE AND LOLA FIGURES TINS,3,24.869999999999997,8.29,3,418,153,18,1.0,7.0,1.4000000000000001,19.4,0.0,Overstock,Markdown / Clear,0.0,0.0,3465.22,0.0,418.0
85135A,YELLOW DRAGONFLY HELICOPTER,19,151.05,7.95,7,217,131,6,2.7142857142857144,19.0,3.8000000000000003,20.085714285714285,0.0,Overstock,Markdown / Clear,0.0,0.0,1725.15,0.0,217.0
85135B,BLUE DRAGONFLY HELICOPTER,65,524.5500000000001,8.028279569892472,31,66,15,18,2.096774193548387,14.677419354838708,2.935483870967742,40.67741935483871,0.0,Overstock,Markdown / Clear,0.0,0.0,529.8664516129031,0.0,66.0
85135C,RED DRAGONFLY HELICOPTER,106,856.38,8.032441742654509,47,97,142,3,2.25531914893617,15.787234042553191,3.157446808510638,9.923404255319149,6.0,Overstock,Markdown / Clear,0.0,0.0,730.9521985815603,0.025,13.857142857142858
85136A,YELLOW SHARK HELICOPTER,71,572.41,8.02124031007752,43,143,98,8,1.6511627906976745,11.558139534883722,2.3116279069767445,15.52093023255814,3.5,Overstock,Markdown / Clear,0.0,0.0,1118.963023255814,0.014462809917355372,31.77777777777778
85136B,BLUE SHARK HELICOPTER,2,15.9,7.95,2,94,120,12,1.0,7.0,1.4000000000000001,13.4,0.0,Overstock,Markdown / Clear,0.0,0.0,747.3000000000001,0.0,94.0
85136C,RED SHARK HELICOPTER,52,421.18,8.073095238095238,28,378,51,18,1.8571428571428572,13.0,2.6,36.02857142857143,3.5,Overstock,Markdown / Clear,0.0,0.0,3023.3741666666665,0.00813953488372093,84.0
85141,JARDIN ETCHED GLASS FRUITBOWL,120,619.94,6.482222222222223,27,156,68,6,4.444444444444445,31.111111111111114,6.222222222222223,32.88888888888889,0.0,Overstock,Markdown / Clear,0.0,0.0,1011.2266666666668,0.0,156.0
85144,JARDIN ETCHED GLASS BUTTER DISH,1,7.25,7.25,1,109,4,15,1.0,7.0,1.4000000000000001,16.4,0.0,Overstock,Markdown / Clear,0.0,0.0,790.25,0.0,109.0
85144,JARDIN ETCHED GLASS CHEESE DISH,219,575.45,4.429032258064517,31,419,19,18,7.064516129032258,49.45161290322581,9.890322580645162,137.05161290322582,0.0,Overstock,Markdown / Clear,0.0,0.0,1855.7645161290325,0.0,419.0
85145,JARDIN ETCHED GLASS LARGE BELL JAR,37,163.75,5.550000000000001,11,344,78,8,3.3636363636363638,23.545454545454547,4.70909090909091,31.61818181818182,0.0,Overstock,Markdown / Clear,0.0,0.0,1909.2000000000003,0.0,344.0
85146,JARDIN ETCHED GLASS SMALL BELL JAR,45,171.11,5.035,8,80,145,13,5.625,39.375,7.875,81.0,0.0,Overstock,Markdown / Clear,0.0,0.0,402.8,0.0,80.0
85150,LADIES & GENTLEMEN METAL SIGN,4037,9383.43,3.0428755639097744,190,157,110,5,21.24736842105263,148.7315789473684,29.746315789473684,135.98315789473685,63.0,Overstock,Markdown / Clear,0.0,0.0,286.0303030075188,0.23507462686567165,2.453125
85152,HAND OVER THE CHOCOLATE   SIGN ,8246,15928.730000000001,2.376611710398445,245,69,1,12,33.65714285714286,235.60000000000002,47.120000000000005,451.0057142857143,608.0,Stockout Risk,Reorder Now,586.0,1444.9799199222546,0.0,8.56338028169014,0.11330049261083744
85159A,"BLACK TEA,COFFEE,SUGAR JARS",453,783.35,1.9658536585365853,41,278,92,3,11.048780487804878,77.34146341463415,15.46829268292683,48.614634146341466,14.0,Overstock,Markdown / Clear,0.0,0.0,518.9853658536585,0.03773584905660377,18.533333333333335
85159B,"WHITE TEA,COFFEE,SUGAR JARS",622,1134.5,2.1107142857142858,56,480,12,13,11.107142857142858,77.75,15.55,159.94285714285715,0.0,Overstock,Markdown / Clear,0.0,0.0,1013.1428571428571,0.0,480.0
85160A,WHITE BIRD GARDEN DESIGN MUG,6,7.5,1.25,1,126,3,14,6.0,42.0,8.4,92.4,0.0,Overstock,Markdown / Clear,0.0,0.0,157.5,0.0,126.0
85160B,BLACK BIRD GARDEN DESIGN MUG,106,62.239999999999995,1.4275,16,132,169,16,6.625,46.375,9.275,115.275,0.0,Overstock,Markdown / Clear,0.0,0.0,188.43,0.0,132.0
85160a,WHITE BIRD GARDEN DESIGN MUG,1,16.13,16.13,1,369,108,10,1.0,7.0,1.4000000000000001,11.4,0.0,Overstock,Markdown / Clear,0.0,0.0,5951.969999999999,0.0,369.0
85161,ACRYLIC GEOMETRIC LAMP,35,568.65,18.125,18,273,73,13,1.9444444444444444,13.61111111111111,2.7222222222222223,28.0,0.0,Overstock,Markdown / Clear,0.0,0.0,4948.125,0.0,273.0
85163A,WHITE BAROQUE WALL CLOCK ,66,559.0,11.507931034482759,29,137,188,6,2.2758620689655173,15.931034482758621,3.1862068965517243,16.841379310344827,0.0,Overstock,Markdown / Clear,0.0,0.0,1576.586551724138,0.0,137.0
85163B,BLACK BAROQUE WALL CLOCK ,84,783.68,13.001851851851852,27,217,94,9,3.111111111111111,21.77777777777778,4.355555555555556,32.355555555555554,0.0,Overstock,Markdown / Clear,0.0,0.0,2821.401851851852,0.0,217.0
85167B,BLACK GRAND BAROQUE PHOTO FRAME,50,109.94,4.0275,8,356,104,12,6.25,43.75,8.75,83.75,0.0,Overstock,Markdown / Clear,0.0,0.0,1433.79,0.0,356.0
85168B,BLACK BAROQUE CARRIAGE CLOCK,51,432.78999999999996,8.50103448275862,29,384,7,6,1.7586206896551724,12.310344827586206,2.4620689655172416,13.013793103448275,0.0,Overstock,Markdown / Clear,0.0,0.0,3264.39724137931,0.0,384.0
85169A,IVORY LOVE BIRD CANDLE,812,813.02,1.3715920398009949,67,70,66,4,12.119402985074627,84.83582089552239,16.96716417910448,65.44477611940299,12.0,Overstock,Markdown / Clear,0.0,0.0,79.5523383084577,0.08759124087591241,5.384615384615385
85169B,BLACK LOVE BIRD CANDLE,329,356.06,1.5478231292517006,49,264,190,20,6.714285714285714,47.0,9.4,143.68571428571428,2.0,Overstock,Markdown / Clear,0.0,0.0,405.52965986394554,0.004395604395604396,88.0
85169C,EAU DE NIL LOVE BIRD CANDLE,429,452.86,1.246081081081081,37,422,109,16,11.594594594594595,81.16216216216216,16.232432432432432,201.74594594594595,2.5,Overstock,Markdown / Clear,0.0,0.0,522.7310135135135,0.004699248120300752,120.57142857142857
85169D,PINK LOVE BIRD CANDLE,351,356.08,1.3648809523809522,42,445,8,18,8.357142857142858,58.5,11.700000000000001,162.12857142857143,12.0,Overstock,Markdown / Clear,0.0,0.0,590.9934523809522,0.02643171806167401,34.23076923076923
85170A,SET/6 IVORY BIRD T-LIGHT CANDLES,1,2.1,2.1,1,54,116,13,1.0,7.0,1.4000000000000001,14.4,0.0,Overstock,Markdown / Clear,0.0,0.0,113.4,0.0,54.0
85170B,SET/6 BLACK BIRD T-LIGHT CANDLES,215,316.75,2.3625,36,321,10,12,5.972222222222222,41.80555555555556,8.361111111111112,80.02777777777779,0.0,Overstock,Markdown / Clear,0.0,0.0,758.3625,0.0,321.0
85170C,SET/6 EAU DE NIL BIRD T-LIGHTS,335,608.53,2.6843817204301077,62,429,98,19,5.403225806451613,37.82258064516129,7.564516129032258,110.2258064516129,2.0,Overstock,Markdown / Clear,0.0,0.0,1146.230994623656,0.003787878787878788,143.0
85170D,SET/6 PINK BIRD T-LIGHT CANDLES,451,796.99,2.7621031746031743,84,88,41,16,5.369047619047619,37.58333333333333,7.516666666666666,93.42142857142856,5.5,Overstock,Markdown / Clear,0.0,0.0,227.87351190476187,0.04230769230769231,13.538461538461538
85172,HYACINTH BULB T-LIGHT CANDLES,1314,569.68,0.7224390243902439,41,368,140,6,32.048780487804876,224.34146341463412,44.86829268292683,237.1609756097561,40.0,Overstock,Markdown / Clear,0.0,0.0,236.95999999999998,0.07858546168958742,8.975609756097562
85173,SET/6 FROG PRINCE T-LIGHT CANDLES,479,795.02,3.01,67,339,163,4,7.149253731343284,50.04477611940298,10.008955223880598,38.605970149253736,44.0,Overstock,Markdown / Clear,0.0,0.0,887.9499999999999,0.0874751491053678,7.533333333333333
85174,S/4 CACTI CANDLES,613,2927.08,6.983006289308176,106,440,119,9,5.783018867924528,40.4811320754717,8.09622641509434,60.14339622641509,7.5,Overstock,Markdown / Clear,0.0,0.0,3020.1502201257863,0.013392857142857142,51.76470588235294
85175,CACTI T-LIGHT CANDLES,5321,2278.9,0.9779089506172839,108,487,140,11,49.26851851851852,344.8796296296296,68.97592592592592,610.9296296296296,16.0,Overstock,Markdown / Clear,0.0,0.0,460.5951157407407,0.025477707006369428,28.647058823529413
85176,SEWING SUSAN 21 NEEDLE SET,918,880.4699999999999,1.19218487394958,119,68,11,18,7.714285714285714,54.0,10.8,149.65714285714287,27.0,Overstock,Markdown / Clear,0.0,0.0,48.87957983193278,0.3375,2.4285714285714284
85177,BASKET OF FLOWERS SEWING KIT,812,644.2099999999999,1.0259322033898306,59,424,36,18,13.76271186440678,96.33898305084746,19.267796610169494,266.99661016949153,6.5,Overstock,Markdown / Clear,0.0,0.0,428.3266949152543,0.014099783080260303,56.53333333333333
85178,VICTORIAN SEWING KIT,2518,2822.58,1.404574829931973,98,93,73,20,25.693877551020407,179.85714285714283,35.97142857142857,549.8489795918367,23.5,Overstock,Markdown / Clear,0.0,0.0,97.61795068027212,0.1407185628742515,3.795918367346939
85179A,GREEN BITTY LIGHT CHAIN,193,380.79,2.8245238095238094,42,211,72,13,4.595238095238095,32.166666666666664,6.433333333333334,66.17142857142856,27.5,Overstock,Markdown / Clear,0.0,0.0,518.300119047619,0.09683098591549295,7.4035087719298245
85179C,PINK BITTY LIGHT CHAIN,106,201.31,3.064722222222222,30,280,51,9,3.533333333333333,24.733333333333334,4.946666666666667,36.74666666666666,0.0,Overstock,Markdown / Clear,0.0,0.0,858.1222222222221,0.0,280.0
85179a,GREEN BITTY LIGHT CHAIN,1,2.46,2.46,1,375,198,11,1.0,7.0,1.4000000000000001,12.4,0.0,Overstock,Markdown / Clear,0.0,0.0,922.5,0.0,375.0
85180A,RED HEARTS LIGHT CHAIN ,503,1042.66,3.779752252252252,37,89,129,6,13.594594594594595,95.16216216216216,19.032432432432433,100.6,0.0,Overstock,Markdown / Clear,0.0,0.0,336.3979504504504,0.0,89.0
85180B,PINK HEARTS LIGHT CHAIN ,271,587.1999999999999,3.732151515151515,33,109,55,15,8.212121212121213,57.48484848484849,11.4969696969697,134.6787878787879,4.0,Overstock,Markdown / Clear,0.0,0.0,391.8759090909091,0.024242424242424242,21.8
85183A,CHARLIE & LOLA WASTEPAPER BIN BLUE,667,852.04,1.5606060606060606,66,279,59,6,10.106060606060606,70.74242424242424,14.148484848484848,74.78484848484848,0.0,Overstock,Markdown / Clear,0.0,0.0,435.4090909090909,0.0,279.0
85183B,CHARLIE & LOLA WASTEPAPER BIN FLORA,996,1323.37,1.9502747252747252,91,145,22,4,10.945054945054945,76.61538461538461,15.323076923076924,59.10329670329671,37.0,Overstock,Markdown / Clear,0.0,0.0,210.62967032967032,0.22023809523809523,3.8157894736842106
85184C,S/4 VALENTINE DECOUPAGE HEART BOX,1483,2440.09,3.130144444444445,60,250,102,11,24.716666666666665,173.01666666666665,34.60333333333333,306.4866666666667,0.0,Overstock,Markdown / Clear,0.0,0.0,782.5361111111112,0.0,250.0
85184C,SET 4 VALENTINE DECOUPAGE HEART BOX,169,545.75,3.843461538461539,52,314,39,14,3.25,22.75,4.55,50.05,6.0,Overstock,Markdown / Clear,0.0,0.0,1183.786153846154,0.01694915254237288,44.857142857142854
85184c,SET 4 VALENTINE DECOUPAGE HEART BOX,2,11.58,5.79,2,438,63,4,1.0,7.0,1.4000000000000001,5.4,0.0,Overstock,Markdown / Clear,0.0,0.0,2536.02,0.0,438.0
85185B,PINK HORSE SOCK PUPPET,255,776.4900000000001,3.3636170212765957,47,148,84,8,5.425531914893617,37.97872340425532,7.595744680851064,51.0,0.0,Overstock,Markdown / Clear,0.0,0.0,497.81531914893617,0.0,148.0
85185B,PINK HORSE SOCK PUPPET KIT,42,123.9,2.95,13,299,150,7,3.230769230769231,22.615384615384617,4.523076923076924,27.13846153846154,0.0,Overstock,Markdown / Clear,0.0,0.0,882.0500000000001,0.0,299.0
85185D,FROG SOCK PUPPET,15,44.25000000000001,2.95,8,332,156,7,1.875,13.125,2.625,15.75,0.0,Overstock,Markdown / Clear,0.0,0.0,979.4000000000001,0.0,332.0
85186A,EASTER BUNNY GARLAND OF FLOWERS,567,273.64,0.6565099999999999,50,119,178,7,11.34,79.38,15.876,95.256,0.0,Overstock,Markdown / Clear,0.0,0.0,78.12468999999999,0.0,119.0
85186C,BUNNY EGG GARLAND,528,269.17,0.6534183673469387,49,345,196,6,10.775510204081632,75.42857142857143,15.085714285714287,79.73877551020408,0.0,Overstock,Markdown / Clear,0.0,0.0,225.42933673469386,0.0,345.0
85187,S/12 MINI RABBIT EASTER,337,556.53,1.8681333333333334,50,316,88,11,6.74,47.18,9.436,83.576,0.0,Overstock,Markdown / Clear,0.0,0.0,590.3301333333334,0.0,316.0
85188A,GREEN METAL SWINGING BUNNY,319,278.17,0.9918181818181817,33,201,30,12,9.666666666666666,67.66666666666666,13.533333333333331,129.53333333333333,0.0,Overstock,Markdown / Clear,0.0,0.0,199.35545454545453,0.0,201.0
85188B,PINK METAL SWINGING BUNNY,78,68.69999999999999,1.009,10,193,177,18,7.8,54.6,10.920000000000002,151.32,0.0,Overstock,Markdown / Clear,0.0,0.0,194.73699999999997,0.0,193.0
85189,HANGING BUTTERFLY  EGG,9,7.6499999999999995,0.85,3,335,19,12,3.0,21.0,4.2,40.2,0.0,Overstock,Markdown / Clear,0.0,0.0,284.75,0.0,335.0
85194L,HANGING SPRING FLOWER EGG LARGE,947,822.89,1.0304081632653062,49,383,182,12,19.3265306122449,135.28571428571428,27.057142857142857,258.9755102040817,0.0,Overstock,Markdown / Clear,0.0,0.0,394.64632653061227,0.0,383.0
85194S,HANGING SPRING FLOWER EGG SMALL,1197,489.17,0.6141954022988506,58,207,129,12,20.637931034482758,144.4655172413793,28.893103448275863,276.5482758620689,0.0,Overstock,Markdown / Clear,0.0,0.0,127.13844827586207,0.0,207.0
85195,HANGING HEART BASKET,11,23.1,2.1,3,76,152,8,3.6666666666666665,25.666666666666664,5.133333333333333,34.46666666666667,0.0,Overstock,Markdown / Clear,0.0,0.0,159.6,0.0,76.0
85197,SET OF 12 MINI BUNNIES IN A BUCKET,34,71.4,2.1,16,50,12,19,2.125,14.875,2.975,43.35,0.0,Overstock,Markdown / Clear,0.0,0.0,105.0,0.0,50.0
85198,ASSORTED FARMYARD ANIMALS IN BUCKET,90,74.58,1.0675,8,103,121,7,11.25,78.75,15.75,94.5,0.0,Overstock,Markdown / Clear,0.0,0.0,109.95249999999999,0.0,103.0
85199L,LARGE HANGING IVORY & RED WOOD BIRD,977,663.4300000000001,0.8295783132530121,83,171,102,8,11.771084337349398,82.3975903614458,16.47951807228916,110.64819277108435,31.5,Overstock,Markdown / Clear,0.0,0.0,115.72617469879519,0.11496350364963503,5.2615384615384615
85199S,SMALL HANGING IVORY/RED WOOD BIRD,2660,1302.31,0.5892853903466149,147,492,105,17,18.095238095238095,126.66666666666666,25.333333333333332,332.9523809523809,191.0,Overstock,Markdown / Clear,0.0,0.0,177.37490249433108,0.3193979933110368,2.5625
85200,BUNNY EGG BOX,183,228.75,1.25,23,55,118,20,7.956521739130435,55.69565217391304,11.139130434782608,170.2695652173913,0.0,Overstock,Markdown / Clear,0.0,0.0,68.75,0.0,55.0
85202,HANGING WOOD AND FELT HEART,672,313.13,0.5690123456790124,81,232,69,6,8.296296296296296,58.07407407407407,11.614814814814814,61.392592592592585,0.0,Overstock,Markdown / Clear,0.0,0.0,132.01086419753088,0.0,232.0
85203,HANGING WOOD AND FELT BUTTERFLY ,895,408.99,0.5785,90,433,194,10,9.944444444444445,69.61111111111111,13.922222222222224,113.36666666666667,16.0,Overstock,Markdown / Clear,0.0,0.0,241.2345,0.025477707006369428,25.470588235294116
85204,HANGING WOOD AND FELT FLOWER,2050,325.36,0.3241860465116279,86,427,185,18,23.837209302325583,166.86046511627907,33.372093023255815,462.4418604651163,8.0,Overstock,Markdown / Clear,0.0,0.0,135.8339534883721,0.013050570962479609,47.44444444444444
85205B,PINK FELT EASTER RABBIT GARLAND,122,323.15,2.85125,24,383,98,5,5.083333333333333,35.58333333333333,7.116666666666666,32.53333333333333,0.0,Overstock,Markdown / Clear,0.0,0.0,1092.02875,0.0,383.0
85206A,CREAM FELT EASTER EGG BASKET,974,1568.9299999999998,1.7640680272108842,49,125,81,12,19.877551020408163,139.14285714285714,27.82857142857143,266.3591836734694,0.0,Overstock,Markdown / Clear,0.0,0.0,220.5085034013605,0.0,125.0
85206B,PINK FELT EASTER EGG BASKET,14,23.099999999999998,1.65,4,433,74,4,3.5,24.5,4.9,18.9,0.0,Overstock,Markdown / Clear,0.0,0.0,714.4499999999999,0.0,433.0
85208,SET/12 FUNKY FELT FLOWER PEG IN BAG,223,416.91,2.1048750000000003,40,361,117,6,5.575,39.025,7.805,41.255,1.0,Overstock,Markdown / Clear,0.0,0.0,757.7550000000001,0.0020876826722338203,180.5
85211,S/4 GROOVY CAT MAGNETS,149,175.16,1.8420833333333333,24,239,83,8,6.208333333333333,43.45833333333333,8.691666666666666,58.358333333333334,0.0,Overstock,Markdown / Clear,0.0,0.0,440.25791666666663,0.0,239.0
85212,MINI PAINTED GARDEN DECORATION ,2451,740.15,0.506764705882353,68,410,191,13,36.044117647058826,252.30882352941177,50.46176470588236,519.0352941176471,24.0,Overstock,Markdown / Clear,0.0,0.0,195.61117647058825,0.03986710963455149,16.4
85213,MINI  ZINC GARDEN DECORATIONS ,829,330.54999999999995,0.8355172413793104,29,182,68,16,28.586206896551722,200.10344827586206,40.02068965517242,497.4,0.0,Overstock,Markdown / Clear,0.0,0.0,152.06413793103448,0.0,182.0
85214,TUB 24 PINK FLOWER PEGS,164,271.03999999999996,1.6636170212765957,47,458,58,18,3.4893617021276597,24.425531914893618,4.885106382978724,67.6936170212766,0.0,Overstock,Markdown / Clear,0.0,0.0,761.9365957446809,0.0,458.0
85215,ASSORTED CHEESE FRIDGE MAGNETS,223,180.70999999999998,0.9811111111111112,18,239,187,4,12.38888888888889,86.72222222222223,17.344444444444445,66.9,0.0,Overstock,Markdown / Clear,0.0,0.0,234.48555555555558,0.0,239.0
85216,ASSORTED CAKES FRIDGE MAGNETS,55,35.75,0.65,8,289,125,19,6.875,48.125,9.625,140.25,0.0,Overstock,Markdown / Clear,0.0,0.0,187.85,0.0,289.0
85224,ASSORTED COLOUR SILK GLASSES CASE,3,6.300000000000001,2.1,1,139,110,11,3.0,21.0,4.2,37.2,0.0,Overstock,Markdown / Clear,0.0,0.0,291.90000000000003,0.0,139.0
85225,BLING KEY RING STAND,6,6.25,1.0833333333333333,3,413,61,19,2.0,14.0,2.8000000000000003,40.8,0.0,Overstock,Markdown / Clear,0.0,0.0,447.41666666666663,0.0,413.0
85227,SET OF 6 3D KIT CARDS FOR KIDS,1477,1359.3999999999999,1.0931742424242425,132,355,143,17,11.18939393939394,78.32575757575758,15.665151515151516,205.88484848484848,46.0,Overstock,Markdown / Clear,0.0,0.0,337.79084090909095,0.09218436873747494,7.553191489361702
85230A,OPIUM SCENTED VOTIVE CANDLE,840,203.27999999999997,0.2633333333333333,18,419,127,9,46.666666666666664,326.66666666666663,65.33333333333333,485.3333333333333,0.0,Overstock,Markdown / Clear,0.0,0.0,110.33666666666666,0.0,419.0
85230B,CINNAMON SCENTED VOTIVE CANDLE,1288,333.2,0.2762857142857143,35,201,104,5,36.8,257.59999999999997,51.519999999999996,235.51999999999998,24.0,Overstock,Markdown / Clear,0.0,0.0,48.902571428571434,0.0784313725490196,8.04
85230E,STRAWBRY SCENTED VOTIVE CANDLE,1101,267.45,0.26666666666666666,24,498,67,3,45.875,321.125,64.22500000000001,201.85000000000002,0.0,Overstock,Markdown / Clear,0.0,0.0,132.8,0.0,498.0
85230F,JASMINE VOTIVE CANDLE,338,90.33999999999999,0.27666666666666667,12,125,14,6,28.166666666666668,197.16666666666669,39.43333333333334,208.43333333333334,0.0,Overstock,Markdown / Clear,0.0,0.0,34.583333333333336,0.0,125.0
85230G,ORANGE VOTIVE CANDLE,1032,257.03999999999996,0.26999999999999996,24,236,182,20,43.0,301.0,60.2,920.2,0.0,Overstock,Markdown / Clear,0.0,0.0,63.71999999999999,0.0,236.0
85231B,CINAMMON SET OF 9 T-LIGHTS,868,777.5799999999999,1.0794444444444444,108,224,34,10,8.037037037037036,56.25925925925925,11.251851851851852,91.62222222222222,29.5,Overstock,Markdown / Clear,0.0,0.0,209.95194444444445,0.1138996138996139,7.344262295081967
85231G,ORANGE SCENTED SET/9 T-LIGHTS,594,501.27,0.9924242424242424,66,89,182,8,9.0,63.0,12.600000000000001,84.6,0.0,Overstock,Markdown / Clear,0.0,0.0,88.32575757575758,0.0,89.0
85231b,CINAMMON SET OF 9 T-LIGHTS,3,4.92,1.64,3,63,13,3,1.0,7.0,1.4000000000000001,4.4,0.0,Overstock,Markdown / Clear,0.0,0.0,103.32,0.0,63.0
85231g,ORANGE SCENTED SET/9 T-LIGHTS,6,9.78,1.63,6,348,176,10,1.0,7.0,1.4000000000000001,11.4,0.0,Overstock,Markdown / Clear,0.0,0.0,567.24,0.0,348.0
85232A,SET/3 POLKADOT STACKING TINS,78,389.55,5.551458333333334,24,320,101,3,3.25,22.75,4.55,14.3,0.0,Overstock,Markdown / Clear,0.0,0.0,1776.4666666666667,0.0,320.0
85232B,SET OF 3 BABUSHKA STACKING TINS,274,1356.3,4.95,9,247,99,13,30.444444444444443,213.1111111111111,42.62222222222222,438.4,0.0,Overstock,Markdown / Clear,0.0,0.0,1222.65,0.0,247.0
85232D,SET/3 DECOUPAGE STACKING TINS,193,992.52,5.852166666666666,60,203,6,17,3.216666666666667,22.516666666666666,4.503333333333333,59.18666666666667,4.0,Overstock,Markdown / Clear,0.0,0.0,1164.5811666666666,0.01904761904761905,40.6
90000A,RASPBERRY ANT COPPER FLOWER NECKLAC,13,77.91,6.0200000000000005,8,126,29,13,1.625,11.375,2.275,23.4,0.0,Overstock,Markdown / Clear,0.0,0.0,758.5200000000001,0.0,126.0
90000B,MIDNIGHT BLUE COPPER FLOWER NECKLAC,11,67.83,6.170000000000001,7,103,48,12,1.5714285714285714,11.0,2.2,21.057142857142857,0.0,Overstock,Markdown / Clear,0.0,0.0,635.5100000000001,0.0,103.0
90000D,COPPER/OLIVE GREEN FLOWER NECKLACE,21,129.85,6.1899999999999995,14,357,143,14,1.5,10.5,2.1,23.1,0.0,Overstock,Markdown / Clear,0.0,0.0,2209.83,0.0,357.0
90001A,ANTIQUE RASPBERRY FLOWER EARRINGS,5,20.950000000000003,4.175000000000001,4,269,110,3,1.25,8.75,1.75,5.5,0.0,Overstock,Markdown / Clear,0.0,0.0,1123.0750000000003,0.0,269.0
90001B,ANTIQUE MID BLUE FLOWER EARRINGS,5,21.15,4.216666666666667,3,382,178,9,1.6666666666666667,11.666666666666668,2.3333333333333335,17.333333333333332,0.0,Overstock,Markdown / Clear,0.0,0.0,1610.7666666666667,0.0,382.0
90001C,ANTIQUE OPAL WHITE FLOWER EARRINGS,5,21.130000000000003,4.226000000000001,5,460,71,19,1.0,7.0,1.4000000000000001,20.4,0.0,Overstock,Markdown / Clear,0.0,0.0,1943.9600000000005,0.0,460.0
90001D,ANTIQUE OLIVE GREEN FLOWER EARRINGS,7,29.73,4.246,5,40,79,12,1.4,9.799999999999999,1.96,18.759999999999998,0.0,Overstock,Markdown / Clear,0.0,0.0,169.84000000000003,0.0,40.0
90002D,FLOWER BURST SILVER RING CRYSTAL,13,48.71,3.7455555555555557,9,215,82,8,1.4444444444444444,10.11111111111111,2.022222222222222,13.577777777777778,0.0,Overstock,Markdown / Clear,0.0,0.0,805.2944444444445,0.0,215.0
90003B,ROSE COLOUR PAIR HEART HAIR SLIDES,15,56.31,3.7544444444444443,9,197,41,19,1.6666666666666667,11.666666666666668,2.3333333333333335,34.0,0.0,Overstock,Markdown / Clear,0.0,0.0,739.6255555555555,0.0,197.0
90003C,MIDNIGHT BLUE PAIR HEART HAIR SLIDE,32,119.84,3.744782608695652,23,436,16,20,1.391304347826087,9.73913043478261,1.947826086956522,29.77391304347826,3.5,Overstock,Markdown / Clear,0.0,0.0,1619.6184782608696,0.00772626931567329,96.88888888888889
90003D,CRYSTAL PAIR HEART HAIR SLIDES,30,112.26,3.73875,16,494,190,7,1.875,13.125,2.625,15.75,0.0,Overstock,Markdown / Clear,0.0,0.0,1846.9425,0.0,494.0
90003E,GREEN PAIR HEART HAIR SLIDES,23,86.11,3.7453846153846153,13,26,172,20,1.7692307692307692,12.384615384615383,2.476923076923077,37.861538461538466,3.0,Overstock,Markdown / Clear,0.0,0.0,86.14384615384616,0.01507537688442211,6.5
90005A,JADE GREEN ENAMEL HAIR COMB,14,28.02,2.04,8,89,6,19,1.75,12.25,2.45,35.7,0.0,Overstock,Markdown / Clear,0.0,0.0,181.56,0.0,89.0
90010A,MIDNIGHT BLUE GLASS/SILVER BRACELET,18,167.3,9.322,15,146,154,18,1.2,8.4,1.6800000000000002,23.279999999999998,1.0,Overstock,Markdown / Clear,0.0,0.0,1351.6899999999998,0.0033222591362126247,73.0
90010B,BLACK/WHITE GLASS/SILVER BRACELET,11,100.08999999999999,9.184285714285712,7,418,9,10,1.5714285714285714,11.0,2.2,17.914285714285715,0.0,Overstock,Markdown / Clear,0.0,0.0,3839.0314285714276,0.0,418.0
90010E,AMBER GLASS/SILVER BRACELET,25,227.89,9.098125,16,485,33,15,1.5625,10.9375,2.1875,25.625,0.0,Overstock,Markdown / Clear,0.0,0.0,4412.590625,0.0,485.0
90011A,MIDNIGHT BLUE CRYSTAL DROP EARRINGS,6,17.509999999999998,2.918333333333333,6,179,35,18,1.0,7.0,1.4000000000000001,19.4,0.0,Overstock,Markdown / Clear,0.0,0.0,522.3816666666667,0.0,179.0
90011B,BLACK CRYSTAL DROP EARRINGS,12,35.27,2.9314285714285715,7,267,152,13,1.7142857142857142,12.0,2.4000000000000004,24.685714285714283,0.0,Overstock,Markdown / Clear,0.0,0.0,782.6914285714286,0.0,267.0
90011C,GREEN CRYSTAL DROP EARRINGS,2,5.8,2.9,2,222,5,8,1.0,7.0,1.4000000000000001,9.4,0.0,Overstock,Markdown / Clear,0.0,0.0,643.8,0.0,222.0
90011D,PURPLE CRYSTAL DROP EARRINGS,3,8.76,2.92,3,167,151,5,1.0,7.0,1.4000000000000001,6.4,0.0,Overstock,Markdown / Clear,0.0,0.0,487.64,0.0,167.0
90011E,AMBER CRYSTAL DROP EARRINGS,3,8.76,2.92,3,491,145,3,1.0,7.0,1.4000000000000001,4.4,0.0,Overstock,Markdown / Clear,0.0,0.0,1433.72,0.0,491.0
90012A,MIDNIGHT BLUE DROP CRYSTAL NECKLACE,11,53.760000000000005,7.212000000000001,5,162,133,20,2.2,15.400000000000002,3.0800000000000005,47.08,0.0,Overstock,Markdown / Clear,0.0,0.0,1168.344,0.0,162.0
90012B,BLACK DROP CRYSTAL NECKLACE,13,45.35000000000001,5.283333333333333,3,451,28,7,4.333333333333333,30.333333333333332,6.066666666666666,36.4,0.0,Overstock,Markdown / Clear,0.0,0.0,2382.7833333333333,0.0,451.0
90013A,MIDNIGHT BLUE VINTAGE EARRINGS,52,195.32,3.7575,28,218,125,15,1.8571428571428572,13.0,2.6,30.45714285714286,3.0,Overstock,Markdown / Clear,0.0,0.0,807.8625,0.00872093023255814,54.5
90013B,BLACK VINTAGE EARRINGS,36,149.41,4.157931034482759,29,424,152,12,1.2413793103448276,8.689655172413794,1.7379310344827588,16.634482758620692,4.0,Overstock,Markdown / Clear,0.0,0.0,1746.331034482759,0.006932409012131715,84.8
90013C,GREEN VINTAGE EARRINGS ,39,158.08,4.105769230769231,26,445,182,7,1.5,10.5,2.1,12.6,2.0,Overstock,Markdown / Clear,0.0,0.0,1818.8557692307693,0.0031847133757961785,148.33333333333334
90013D,PURPLE VINTAGE EARRINGS,6,25.17,4.180000000000001,3,173,80,16,2.0,14.0,2.8000000000000003,34.8,0.0,Overstock,Markdown / Clear,0.0,0.0,723.1400000000001,0.0,173.0
90014A,SILVER M.O.P. ORBIT NECKLACE,11,54.800000000000004,6.675,6,395,173,19,1.8333333333333333,12.833333333333332,2.5666666666666664,37.39999999999999,0.0,Overstock,Markdown / Clear,0.0,0.0,2636.625,0.0,395.0
90014A,SILVER/MOP ORBIT NECKLACE,16,162.79,10.189333333333334,15,403,151,3,1.0666666666666667,7.466666666666667,1.4933333333333334,4.693333333333333,0.0,Overstock,Markdown / Clear,0.0,0.0,4106.301333333334,0.0,403.0
90014B,GOLD M PEARL  ORBIT NECKLACE,15,152.84,10.226153846153846,13,161,74,4,1.1538461538461537,8.076923076923077,1.6153846153846154,6.23076923076923,0.0,Overstock,Markdown / Clear,0.0,0.0,1646.4107692307691,0.0,161.0
90014B,GOLD M.O.P. ORBIT NECKLACE,2,5.9,2.95,2,332,25,9,1.0,7.0,1.4000000000000001,10.4,0.0,Overstock,Markdown / Clear,0.0,0.0,979.4000000000001,0.0,332.0
90014C,SILVER AND BLACK ORBIT NECKLACE,2,13.350000000000001,6.675000000000001,2,184,126,12,1.0,7.0,1.4000000000000001,13.4,0.0,Overstock,Markdown / Clear,0.0,0.0,1228.2,0.0,184.0
90014C,SILVER/BLACK ORBIT NECKLACE,3,29.849999999999998,9.95,2,333,114,9,1.5,10.5,2.1,15.6,0.0,Overstock,Markdown / Clear,0.0,0.0,3313.35,0.0,333.0
90016A,SILVER/M.O.P PENDANT ORBIT NECKLACE,17,105.71000000000001,7.815714285714286,7,40,125,18,2.4285714285714284,17.0,3.4000000000000004,47.11428571428571,0.0,Overstock,Markdown / Clear,0.0,0.0,312.62857142857143,0.0,40.0
90016B,GOLD/M.O.P PENDANT ORBIT NECKLACE,22,184.66,8.395000000000001,18,101,27,7,1.2222222222222223,8.555555555555557,1.7111111111111115,10.26666666666667,0.0,Overstock,Markdown / Clear,0.0,0.0,847.8950000000001,0.0,101.0
90016C,SILVER/BLACK PENDANT ORBIT NECKLACE,3,24.96,8.32,3,88,130,14,1.0,7.0,1.4000000000000001,15.4,0.0,Overstock,Markdown / Clear,0.0,0.0,732.1600000000001,0.0,88.0
90018A,SILVER M.O.P ORBIT DROP EARRINGS,46,193.33,4.192058823529412,34,150,74,19,1.3529411764705883,9.470588235294118,1.8941176470588237,27.6,2.5,Overstock,Markdown / Clear,0.0,0.0,618.3286764705883,0.011111111111111112,42.857142857142854
90018B,GOLD M.O.P ORBIT DROP EARRINGS,22,92.28,4.19,17,106,165,18,1.2941176470588236,9.058823529411764,1.811764705882353,25.10588235294118,1.0,Overstock,Markdown / Clear,0.0,0.0,439.95000000000005,0.003676470588235294,53.0
90018C,SILVER BLACK ORBIT DROP EARRINGS,12,50.400000000000006,4.183333333333334,9,237,188,18,1.3333333333333333,9.333333333333332,1.8666666666666665,25.866666666666667,0.0,Overstock,Markdown / Clear,0.0,0.0,991.45,0.0,237.0
90019A,SILVER M.O.P ORBIT BRACELET,38,197.09,5.24,25,440,77,17,1.52,10.64,2.128,27.968,1.0,Overstock,Markdown / Clear,0.0,0.0,2300.36,0.0019305019305019305,220.0
90019B,GOLD M.O.P ORBIT BRACELET,18,96.52000000000001,5.362222222222223,18,491,178,14,1.0,7.0,1.4000000000000001,15.4,1.0,Overstock,Markdown / Clear,0.0,0.0,2627.488888888889,0.0014925373134328358,245.5
90019C,SILVER BLACK ORBIT BRACELET,13,68.73,5.298,10,324,89,12,1.3,9.1,1.82,17.42,3.0,Overstock,Markdown / Clear,0.0,0.0,1700.658,0.007246376811594203,81.0
90020,FILIGREE DIAMANTE CHAIN,1,12.48,12.48,1,422,175,4,1.0,7.0,1.4000000000000001,5.4,0.0,Overstock,Markdown / Clear,0.0,0.0,5266.56,0.0,422.0
90021,LASER CUT MULTI STRAND NECKLACE,1,11.95,11.95,1,390,20,9,1.0,7.0,1.4000000000000001,10.4,0.0,Overstock,Markdown / Clear,0.0,0.0,4660.5,0.0,390.0
90022,EDWARDIAN DROP EARRINGS JET BLACK,24,90.2,3.761578947368421,19,364,53,15,1.263157894736842,8.842105263157894,1.768421052631579,20.715789473684207,4.0,Overstock,Markdown / Clear,0.0,0.0,1354.1684210526316,0.009569377990430622,72.8
90023,FILIGREE DIAMANTE EARRINGS,13,55.02,4.224444444444445,9,360,183,5,1.4444444444444444,10.11111111111111,2.022222222222222,9.244444444444444,0.0,Overstock,Markdown / Clear,0.0,0.0,1520.8000000000002,0.0,360.0
90024B,NEW BAROQUE B'FLY NECKLACE RED,8,67.28,8.38,6,403,102,17,1.3333333333333333,9.333333333333332,1.8666666666666665,24.53333333333333,0.0,Overstock,Markdown / Clear,0.0,0.0,3377.1400000000003,0.0,403.0
90024C,NEW BAROQUE B'FLY NECKLACE GREEN,4,33.81,8.436666666666667,3,415,58,3,1.3333333333333333,9.333333333333332,1.8666666666666665,5.866666666666666,0.0,Overstock,Markdown / Clear,0.0,0.0,3501.216666666667,0.0,415.0
90024D,NEW BAROQUE B'FLY NECKLACE PINK,2,16.82,8.41,2,464,71,5,1.0,7.0,1.4000000000000001,6.4,0.0,Overstock,Markdown / Clear,0.0,0.0,3902.2400000000002,0.0,464.0
90024E,NEW BAROQUE B'FLY NECKLACE MONTANA,2,16.810000000000002,8.405000000000001,2,444,178,12,1.0,7.0,1.4000000000000001,13.4,0.0,Overstock,Markdown / Clear,0.0,0.0,3731.8200000000006,0.0,444.0
90024F,NEW BAROQUE B'FLY NECKLACE CRYSTAL,5,42.13,8.4075,4,180,19,17,1.25,8.75,1.75,23.0,0.0,Overstock,Markdown / Clear,0.0,0.0,1513.3500000000001,0.0,180.0
90025A,BAROQUE BUTTERFLY EARRINGS BLACK,2,7.5,3.75,2,197,111,8,1.0,7.0,1.4000000000000001,9.4,0.0,Overstock,Markdown / Clear,0.0,0.0,738.75,0.0,197.0
90025B,BAROQUE BUTTERFLY EARRINGS RED,1,3.73,3.73,1,136,58,17,1.0,7.0,1.4000000000000001,18.4,0.0,Overstock,Markdown / Clear,0.0,0.0,507.28,0.0,136.0
90025D,BAROQUE BUTTERFLY EARRINGS PINK,3,11.19,3.73,3,215,70,9,1.0,7.0,1.4000000000000001,10.4,0.0,Overstock,Markdown / Clear,0.0,0.0,801.95,0.0,215.0
90025E,BAROQUE BUTTERFLY EARRINGS MONTANA,1,3.73,3.73,1,402,136,7,1.0,7.0,1.4000000000000001,8.4,0.0,Overstock,Markdown / Clear,0.0,0.0,1499.46,0.0,402.0
90025F,BAROQUE BUTTERFLY EARRINGS CRYSTAL,4,14.96,3.74,4,346,108,6,1.0,7.0,1.4000000000000001,7.4,0.0,Overstock,Markdown / Clear,0.0,0.0,1294.04,0.0,346.0
90026A,GLASS BEAD HOOP NECKLACE BLACK,2,17.0,8.5,1,105,128,20,2.0,14.0,2.8000000000000003,42.8,0.0,Overstock,Markdown / Clear,0.0,0.0,892.5,0.0,105.0
90026B,GLASS BEAD HOOP NECKLACE MONTANA,3,25.32,8.44,3,308,156,5,1.0,7.0,1.4000000000000001,6.4,0.0,Overstock,Markdown / Clear,0.0,0.0,2599.52,0.0,308.0
90026C,GLASS BEAD HOOP NECKLACE GREEN,4,33.82,8.44,3,100,190,19,1.3333333333333333,9.333333333333332,1.8666666666666665,27.2,0.0,Overstock,Markdown / Clear,0.0,0.0,844.0,0.0,100.0
90026D,GLASS BEAD HOOP NECKLACE AMETHYST,3,25.5,8.5,3,171,199,20,1.0,7.0,1.4000000000000001,21.4,0.0,Overstock,Markdown / Clear,0.0,0.0,1453.5,0.0,171.0
90027A,GLASS BEAD HOOP EARRINGS BLACK,6,17.66,2.936666666666667,3,80,55,20,2.0,14.0,2.8000000000000003,42.8,0.0,Overstock,Markdown / Clear,0.0,0.0,234.93333333333337,0.0,80.0
90027B,GLASS BEAD HOOP EARRINGS MONTANA,3,8.76,2.92,3,80,195,4,1.0,7.0,1.4000000000000001,5.4,0.0,Overstock,Markdown / Clear,0.0,0.0,233.6,0.0,80.0
90027C,GLASS BEAD HOOP EARRINGS GREEN,5,14.5,2.9,5,373,34,15,1.0,7.0,1.4000000000000001,16.4,0.0,Overstock,Markdown / Clear,0.0,0.0,1081.7,0.0,373.0
90027D,GLASS BEAD HOOP EARRINGS AMETHYST,9,28.4,3.2583333333333333,6,47,122,17,1.5,10.5,2.1,27.6,0.0,Overstock,Markdown / Clear,0.0,0.0,153.14166666666665,0.0,47.0
90028,NEW BAROQUE LARGE NECKLACE BLK/WHIT,16,134.16,8.381428571428572,14,461,130,7,1.1428571428571428,8.0,1.6,9.6,0.0,Overstock,Markdown / Clear,0.0,0.0,3863.8385714285714,0.0,461.0
90029,NEW BAROQUE SMALL NECKLACE BLACK,5,42.14,8.41,4,62,103,5,1.25,8.75,1.75,8.0,0.0,Overstock,Markdown / Clear,0.0,0.0,521.42,0.0,62.0
90030A,SPOTTED WHITE NATURAL SEED NECKLACE,72,72.0,1.0,6,188,6,7,12.0,84.0,16.8,100.8,0.0,Overstock,Markdown / Clear,0.0,0.0,188.0,0.0,188.0
90030B,RED KUKUI COCONUT SEED NECKLACE,122,190.73000000000002,3.3426086956521743,23,442,26,7,5.304347826086956,37.130434782608695,7.42608695652174,44.55652173913043,7.0,Overstock,Markdown / Clear,0.0,0.0,1454.0347826086959,0.014925373134328358,55.25
90030C,BROWN KUKUI COCONUT SEED NECKLACE,77,91.7,2.47,10,105,0,7,7.7,53.9,10.780000000000001,64.68,0.0,Overstock,Markdown / Clear,0.0,0.0,259.35,0.0,105.0
90031,BILI NUT AND WOOD NECKLACE,50,59.89,2.412857142857143,7,196,198,5,7.142857142857143,50.0,10.0,45.714285714285715,0.0,Overstock,Markdown / Clear,0.0,0.0,472.92,0.0,196.0
90032,IVORY SHELL HEART NECKLACE,21,103.13,5.855,8,36,171,5,2.625,18.375,3.6750000000000003,16.8,0.0,Overstock,Markdown / Clear,0.0,0.0,210.78000000000003,0.0,36.0
90033,IVORY SHELL HEART EARRINGS,10,25.07,2.502222222222222,9,117,86,20,1.1111111111111112,7.777777777777779,1.5555555555555558,23.77777777777778,0.0,Overstock,Markdown / Clear,0.0,0.0,292.76,0.0,117.0
90034,WHITE SILVER NECKLACE SHELL GLASS,2,20.17,10.085,2,473,40,6,1.0,7.0,1.4000000000000001,7.4,0.0,Overstock,Markdown / Clear,0.0,0.0,4770.205000000001,0.0,473.0
90035A,"PEARL & SHELL 42""NECKL. GREEN",5,53.62,10.706666666666665,3,217,122,3,1.6666666666666667,11.666666666666668,2.3333333333333335,7.333333333333334,0.0,Overstock,Markdown / Clear,0.0,0.0,2323.3466666666664,0.0,217.0
90035C,"PEARL & SHELL 42""NECKL. IVORY",2,21.5,10.75,1,117,74,18,2.0,14.0,2.8000000000000003,38.8,0.0,Overstock,Markdown / Clear,0.0,0.0,1257.75,0.0,117.0
90036A,FLOWER GARLAND NECKLACE RED,6,47.7,7.95,4,84,41,10,1.5,10.5,2.1,17.1,0.0,Overstock,Markdown / Clear,0.0,0.0,667.8000000000001,0.0,84.0
90036B,"FLOWER GLASS GARLAND NECKL.36""GREEN",4,31.8,7.95,2,349,116,19,2.0,14.0,2.8000000000000003,40.8,0.0,Overstock,Markdown / Clear,0.0,0.0,2774.55,0.0,349.0
90036C,"FLOWER GLASS GARLAND NECKL.36""BLUE",9,71.4,7.92,5,360,160,10,1.8,12.6,2.52,20.52,0.0,Overstock,Markdown / Clear,0.0,0.0,2851.2,0.0,360.0
90036D,"FLOWER GLASS GARLAND NECKL.36""BLACK",12,95.35000000000001,7.94,5,24,177,9,2.4,16.8,3.3600000000000003,24.959999999999997,0.0,Overstock,Markdown / Clear,0.0,0.0,190.56,0.0,24.0
90036E,"FLOWER GLASS GARLD NECKL36""AMETHYST",14,110.95,7.922727272727273,11,21,62,10,1.2727272727272727,8.909090909090908,1.7818181818181817,14.509090909090908,0.0,Overstock,Markdown / Clear,0.0,0.0,166.37727272727273,0.0,21.0
90036F,"FLOWER GLASS GARLD NECKL36""TURQUOIS",8,64.08,8.046000000000001,5,41,164,14,1.6,11.200000000000001,2.24,24.64,0.0,Overstock,Markdown / Clear,0.0,0.0,329.886,0.0,41.0
90037A,TINY CRYSTAL BRACELET RED,1,2.48,2.48,1,131,186,18,1.0,7.0,1.4000000000000001,19.4,0.0,Overstock,Markdown / Clear,0.0,0.0,324.88,0.0,131.0
90037B,TINY CRYSTAL BRACELET GREEN,10,25.28,2.506,5,76,126,14,2.0,14.0,2.8000000000000003,30.8,0.0,Overstock,Markdown / Clear,0.0,0.0,190.456,0.0,76.0
90037C,TINY CRYSTAL BRACELET BLUE,5,12.52,2.504,5,85,175,12,1.0,7.0,1.4000000000000001,13.4,0.0,Overstock,Markdown / Clear,0.0,0.0,212.84,0.0,85.0
90038A,GLASS AND PAINTED BEADS BRACELET TO,15,56.15,3.7399999999999998,10,349,132,9,1.5,10.5,2.1,15.6,0.0,Overstock,Markdown / Clear,0.0,0.0,1305.26,0.0,349.0
90038B,GLASS AND PAINTED BEADS BRACELET OL,13,48.77,3.7525,8,117,47,14,1.625,11.375,2.275,25.025,0.0,Overstock,Markdown / Clear,0.0,0.0,439.0425,0.0,117.0
90038C,GLASS AND BEADS BRACELET IVORY,9,33.69,3.735,4,163,2,7,2.25,15.75,3.1500000000000004,18.9,0.0,Overstock,Markdown / Clear,0.0,0.0,608.805,0.0,163.0
90039A,FIRE POLISHED GLASS BRACELET RED,8,29.96,3.736666666666667,3,387,115,18,2.6666666666666665,18.666666666666664,3.733333333333333,51.733333333333334,0.0,Overstock,Markdown / Clear,0.0,0.0,1446.0900000000001,0.0,387.0
90039B,FIRE POLISHED GLASS BRACELET MONTAN,11,41.31,3.76,6,454,174,11,1.8333333333333333,12.833333333333332,2.5666666666666664,22.73333333333333,0.0,Overstock,Markdown / Clear,0.0,0.0,1707.04,0.0,454.0
90039C,FIRE POLISHED GLASS BRACELET BLACK,6,22.48,3.7466666666666666,6,144,189,9,1.0,7.0,1.4000000000000001,10.4,1.0,Overstock,Markdown / Clear,0.0,0.0,535.7733333333333,0.0029940119760479044,72.0
90039D,FIRE POLISHED GLASS BRACELET GREEN,21,78.69,3.743333333333333,9,186,98,16,2.3333333333333335,16.333333333333336,3.2666666666666675,40.6,1.0,Overstock,Markdown / Clear,0.0,0.0,692.5166666666667,0.0035087719298245615,93.0
90040A,MURANO STYLE GLASS BRACELET RED,14,54.29,3.908,5,105,115,13,2.8,19.599999999999998,3.92,40.32,0.0,Overstock,Markdown / Clear,0.0,0.0,410.34,0.0,105.0
90040B,MURANO STYLE GLASS BRACELET BLACK,18,66.7,3.724,10,95,13,9,1.8,12.6,2.52,18.72,0.0,Overstock,Markdown / Clear,0.0,0.0,353.78000000000003,0.0,95.0
90040C,MURANO STYLE GLASS BRACELET GOLD,15,54.42,3.6689999999999996,10,363,190,12,1.5,10.5,2.1,20.1,0.0,Overstock,Markdown / Clear,0.0,0.0,1331.8469999999998,0.0,363.0
90041,PEARL AND CHERRY QUARTZ BRACLET,5,18.27,3.6925,4,443,111,11,1.25,8.75,1.75,15.5,0.0,Overstock,Markdown / Clear,0.0,0.0,1635.7775,0.0,443.0
90042A,FRESHWATER PEARL BRACELET GOLD,3,7.6499999999999995,2.55,2,313,60,6,1.5,10.5,2.1,11.1,0.0,Overstock,Markdown / Clear,0.0,0.0,798.15,0.0,313.0
90042C,FRESHWATER PEARL BRACELET IVORY,5,12.7,2.54,5,463,158,18,1.0,7.0,1.4000000000000001,19.4,0.0,Overstock,Markdown / Clear,0.0,0.0,1176.02,0.0,463.0
90043,COPPER AND BRASS BAG CHARM,4,24.810000000000002,7.455,2,78,94,12,2.0,14.0,2.8000000000000003,26.8,0.0,Overstock,Markdown / Clear,0.0,0.0,581.49,0.0,78.0
90046,WHITE WITH METAL BAG CHARM,3,14.85,4.95,1,157,16,19,3.0,21.0,4.2,61.2,0.0,Overstock,Markdown / Clear,0.0,0.0,777.15,0.0,157.0
90048,GREEN WITH METAL BAG CHARM,3,14.85,4.95,1,118,123,11,3.0,21.0,4.2,37.2,0.0,Overstock,Markdown / Clear,0.0,0.0,584.1,0.0,118.0
90049,IVORY GOLD METAL BAG CHARM,5,34.77,8.290000000000001,3,211,23,15,1.6666666666666667,11.666666666666668,2.3333333333333335,27.333333333333332,0.0,Overstock,Markdown / Clear,0.0,0.0,1749.1900000000003,0.0,211.0
90050,CRACKED GLAZE NECKLACE IVORY,8,55.72,6.98,4,262,115,3,2.0,14.0,2.8000000000000003,8.8,0.0,Overstock,Markdown / Clear,0.0,0.0,1828.7600000000002,0.0,262.0
90051,CRACKED GLAZE NECKLACE RED,10,70.16,7.0442857142857145,7,338,150,4,1.4285714285714286,10.0,2.0,7.714285714285714,0.0,Overstock,Markdown / Clear,0.0,0.0,2380.9685714285715,0.0,338.0
90052,CRACKED GLAZE NECKLACE BROWN,2,14.14,7.07,2,68,81,15,1.0,7.0,1.4000000000000001,16.4,0.0,Overstock,Markdown / Clear,0.0,0.0,480.76,0.0,68.0
90053,CRACKED GLAZE EARRINGS IVORY,4,9.99,2.4975,4,467,49,11,1.0,7.0,1.4000000000000001,12.4,0.0,Overstock,Markdown / Clear,0.0,0.0,1166.3325,0.0,467.0
90054,CRACKED GLAZE EARRINGS RED,9,22.58,2.5088888888888885,9,51,78,9,1.0,7.0,1.4000000000000001,10.4,2.0,Overstock,Markdown / Clear,0.0,0.0,122.93555555555554,0.015384615384615385,17.0
90055,CRACKED GLAZE EARRINGS BROWN,5,12.53,2.506,5,410,78,18,1.0,7.0,1.4000000000000001,19.4,0.0,Overstock,Markdown / Clear,0.0,0.0,1027.4599999999998,0.0,410.0
90056,CHUNKY CRACKED GLAZE NECKLACE IVORY,4,43.510000000000005,10.877500000000001,4,296,69,9,1.0,7.0,1.4000000000000001,10.4,2.0,Overstock,Markdown / Clear,0.0,0.0,3197.9850000000006,0.00546448087431694,98.66666666666667
90057,DIAMANTE RING ASSORTED IN BOX.,1008,1311.3600000000001,1.3688888888888888,18,39,26,8,56.0,392.0,78.4,526.4,0.0,Stockout Risk,Reorder Now,39.0,0.0,0.0,0.0,39.0
90058A,CRYSTAL STUD EARRINGS CLEAR DISPLAY,324,123.12,0.38,7,173,14,20,46.285714285714285,324.0,64.8,990.5142857142856,0.0,Overstock,Markdown / Clear,0.0,0.0,65.74,0.0,173.0
90058B,CRYSTAL STUD EARRINGS ASSORTED COL ,612,232.56,0.38,15,402,49,13,40.8,285.59999999999997,57.12,587.52,0.0,Overstock,Markdown / Clear,0.0,0.0,152.76,0.0,402.0
90059A,DIAMANTE HAIR GRIP PACK/2 CRYSTAL,45,74.53,1.6592307692307693,26,87,35,14,1.7307692307692308,12.115384615384617,2.4230769230769234,26.653846153846157,1.0,Overstock,Markdown / Clear,0.0,0.0,142.69384615384615,0.008130081300813009,43.5
90059B,DIAMANTE HAIR GRIP PACK/2 BLACK DIA,16,26.52,1.6588888888888889,9,385,7,12,1.7777777777777777,12.444444444444443,2.488888888888889,23.822222222222223,1.0,Overstock,Markdown / Clear,0.0,0.0,637.0133333333333,0.002544529262086514,192.5
90059C,DIAMANTE HAIR GRIP PACK/2 MONTANA,15,24.79,1.654,10,391,78,15,1.5,10.5,2.1,24.6,1.0,Overstock,Markdown / Clear,0.0,0.0,645.06,0.002127659574468085,195.5
90059D,DIAMANTE HAIR GRIP PACK/2 PERIDOT,25,41.449999999999996,1.6605263157894736,19,233,130,14,1.3157894736842106,9.210526315789474,1.842105263157895,20.263157894736842,2.0,Overstock,Markdown / Clear,0.0,0.0,383.5815789473684,0.005494505494505495,77.66666666666667
90059E,DIAMANTE HAIR GRIP PACK/2 RUBY,25,41.37,1.6557142857142857,14,162,189,12,1.7857142857142858,12.5,2.5,23.92857142857143,3.0,Overstock,Markdown / Clear,0.0,0.0,263.25857142857143,0.008522727272727272,40.5
90059F,DIAMANTE HAIR GRIP PACK/2 LT ROSE,21,34.69,1.6528571428571428,14,395,46,20,1.5,10.5,2.1,32.1,0.0,Overstock,Markdown / Clear,0.0,0.0,652.8785714285714,0.0,395.0
90060B,FIRE POLISHED GLASS NECKL GOLD,1,5.95,5.95,1,251,104,6,1.0,7.0,1.4000000000000001,7.4,0.0,Overstock,Markdown / Clear,0.0,0.0,1493.45,0.0,251.0
90060D,FIRE POLISHED GLASS NECKL BRONZE,3,17.85,5.95,3,232,97,7,1.0,7.0,1.4000000000000001,8.4,0.0,Overstock,Markdown / Clear,0.0,0.0,1380.4,0.0,232.0
90060F,FIRE POLISHED GLASS NECKL GREEN,6,35.160000000000004,5.86,6,98,95,7,1.0,7.0,1.4000000000000001,8.4,0.0,Overstock,Markdown / Clear,0.0,0.0,574.2800000000001,0.0,98.0
90062,CARNIVAL BRACELET,44,558.03,12.669,20,233,188,14,2.2,15.400000000000002,3.0800000000000005,33.88,0.0,Overstock,Markdown / Clear,0.0,0.0,2951.877,0.0,233.0
90063A,WHITE VINT ART DECO CRYSTAL NECKLAC,12,102.0,8.5,8,135,159,5,1.5,10.5,2.1,9.6,0.0,Overstock,Markdown / Clear,0.0,0.0,1147.5,0.0,135.0
90063B,BLACK VINT ART DEC CRYSTAL NECKLACE,9,76.32,8.47,6,111,115,10,1.5,10.5,2.1,17.1,0.0,Overstock,Markdown / Clear,0.0,0.0,940.1700000000001,0.0,111.0
90064A,WHITE VINTAGE CRYSTAL EARRINGS,10,38.7,3.9500000000000006,6,289,12,4,1.6666666666666667,11.666666666666668,2.3333333333333335,9.0,0.0,Overstock,Markdown / Clear,0.0,0.0,1141.5500000000002,0.0,289.0
90064B,BLACK VINTAGE  CRYSTAL EARRINGS,12,45.0,3.75,7,430,0,20,1.7142857142857142,12.0,2.4000000000000004,36.68571428571428,0.0,Overstock,Markdown / Clear,0.0,0.0,1612.5,0.0,430.0
90065A,WHITE VINTAGE CRYSTAL BRACELET,7,47.25,6.75,4,400,33,11,1.75,12.25,2.45,21.7,0.0,Overstock,Markdown / Clear,0.0,0.0,2700.0,0.0,400.0
90065B,BLACK VINT ART DEC CRYSTAL BRACELET,2,13.5,6.75,2,187,189,15,1.0,7.0,1.4000000000000001,16.4,0.0,Overstock,Markdown / Clear,0.0,0.0,1262.25,0.0,187.0
90067A,PINK VINTAGE VICTORIAN EARRINGS,14,41.150000000000006,2.9285714285714284,7,77,78,9,2.0,14.0,2.8000000000000003,20.8,0.0,Overstock,Markdown / Clear,0.0,0.0,225.49999999999997,0.0,77.0
90067B,BROWN VINTAGE VICTORIAN EARRINGS,2,5.8,2.9,2,303,77,12,1.0,7.0,1.4000000000000001,13.4,0.0,Overstock,Markdown / Clear,0.0,0.0,878.6999999999999,0.0,303.0
90068,"RUBY GLASS NECKLACE 42""",1,7.5,7.5,1,45,120,11,1.0,7.0,1.4000000000000001,12.4,0.0,Overstock,Markdown / Clear,0.0,0.0,337.5,0.0,45.0
90069,RUBY GLASS CLUSTER NECKLACE,2,15.0,7.5,1,388,92,17,2.0,14.0,2.8000000000000003,36.8,0.0,Overstock,Markdown / Clear,0.0,0.0,2910.0,0.0,388.0
90070,RUBY GLASS CLUSTER BRACELET,20,122.64000000000001,6.165384615384616,13,466,97,7,1.5384615384615385,10.76923076923077,2.153846153846154,12.923076923076923,0.0,Overstock,Markdown / Clear,0.0,0.0,2873.069230769231,0.0,466.0
90071,RUBY GLASS CLUSTER EARRINGS,44,54.62,1.238125,32,85,81,14,1.375,9.625,1.925,21.175,1.0,Overstock,Markdown / Clear,0.0,0.0,104.0025,0.005988023952095809,42.5
90072,RUBY DROP CHANDELIER EARRINGS,21,83.42,4.083571428571429,14,428,198,3,1.5,10.5,2.1,6.6,0.0,Overstock,Markdown / Clear,0.0,0.0,1747.7685714285717,0.0,428.0
90073,VINTAGE ENAMEL & CRYSTAL EARRINGS,27,134.70000000000002,5.008333333333334,18,267,158,14,1.5,10.5,2.1,23.1,2.0,Overstock,Markdown / Clear,0.0,0.0,1327.2083333333335,0.004694835680751174,89.0
90074,BLACK DIAMOND CLUSTER NECKLACE,4,37.239999999999995,9.43,3,273,191,8,1.3333333333333333,9.333333333333332,1.8666666666666665,12.533333333333333,0.0,Overstock,Markdown / Clear,0.0,0.0,2574.39,0.0,273.0
90075,MONTANA DIAMOND CLUSTER NECKLACE,4,37.66,9.363333333333333,3,406,152,18,1.3333333333333333,9.333333333333332,1.8666666666666665,25.866666666666667,0.0,Overstock,Markdown / Clear,0.0,0.0,3801.5133333333333,0.0,406.0
90076,MONTANA DIAMOND CLUSTER EARRINGS,9,24.12,2.8425,4,475,37,5,2.25,15.75,3.1500000000000004,14.4,0.0,Overstock,Markdown / Clear,0.0,0.0,1350.1875,0.0,475.0
90077,BLACK DIAMOND CLUSTER EARRINGS,3,8.82,2.94,3,63,13,12,1.0,7.0,1.4000000000000001,13.4,0.0,Overstock,Markdown / Clear,0.0,0.0,185.22,0.0,63.0
90078,PINK/WHITE GLASS DEMI CHOKER,2,15.0,7.5,1,116,135,20,2.0,14.0,2.8000000000000003,42.8,0.0,Overstock,Markdown / Clear,0.0,0.0,870.0,0.0,116.0
90079,VINTAGE ENAMEL & CRYSTAL NECKLACE,10,49.760000000000005,4.9925,4,61,90,15,2.5,17.5,3.5,41.0,0.0,Overstock,Markdown / Clear,0.0,0.0,304.54249999999996,0.0,61.0
90081A,LILY BROOCH AMETHYST COLOUR,15,74.25,4.95,8,246,53,20,1.875,13.125,2.625,40.125,2.0,Overstock,Markdown / Clear,0.0,0.0,1207.8,0.006666666666666667,82.0
90081B,LILY BROOCH WHITE/SILVER COLOUR,1,4.95,4.95,1,281,129,5,1.0,7.0,1.4000000000000001,6.4,0.0,Overstock,Markdown / Clear,0.0,0.0,1390.95,0.0,281.0
90081C,LILY BROOCH OLIVE COLOUR,20,99.60000000000001,4.99,15,186,100,5,1.3333333333333333,9.333333333333332,1.8666666666666665,8.533333333333333,1.0,Overstock,Markdown / Clear,0.0,0.0,923.1500000000001,0.003484320557491289,93.0
90082A,DIAMANTE BOW BROOCH GREEN COLOUR,30,193.2,6.491176470588235,17,455,88,14,1.7647058823529411,12.352941176470587,2.4705882352941178,27.17647058823529,4.0,Overstock,Markdown / Clear,0.0,0.0,2927.5205882352943,0.007352941176470588,91.0
90082B,DIAMANTE BOW BROOCH RED COLOUR,25,158.75,6.35,10,298,55,9,2.5,17.5,3.5,26.0,1.0,Overstock,Markdown / Clear,0.0,0.0,1885.9499999999998,0.002824858757062147,149.0
90082D,DIAMANTE BOW BROOCH BLACK COLOUR,9,58.03,6.438,5,108,93,10,1.8,12.6,2.52,20.52,0.0,Overstock,Markdown / Clear,0.0,0.0,695.304,0.0,108.0
90083,CRYSTAL CZECH CROSS PHONE CHARM,25,23.47,1.4699999999999998,9,398,92,11,2.7777777777777777,19.444444444444443,3.888888888888889,34.44444444444444,0.0,Overstock,Markdown / Clear,0.0,0.0,585.06,0.0,398.0
90084,PINK CRYSTAL GUITAR PHONE CHARM,1,0.85,0.85,1,197,83,16,1.0,7.0,1.4000000000000001,17.4,0.0,Overstock,Markdown / Clear,0.0,0.0,167.45,0.0,197.0
90085,CRYSTAL STILETTO PHONE CHARM,34,36.76,1.48,10,446,84,7,3.4,23.8,4.760000000000001,28.560000000000002,0.0,Overstock,Markdown / Clear,0.0,0.0,660.08,0.0,446.0
90086,CRYSTAL FROG PHONE CHARM,102,77.78999999999999,1.4955555555555553,27,422,188,18,3.7777777777777777,26.444444444444443,5.288888888888889,73.28888888888889,32.0,Overstock,Markdown / Clear,0.0,0.0,583.2666666666665,0.05237315875613748,12.787878787878787
90087,CRYSTAL SEA HORSE PHONE CHARM,107,61.459999999999994,1.48125,24,216,21,14,4.458333333333333,31.208333333333332,6.241666666666667,68.65833333333333,72.0,Overstock,Markdown / Clear,0.0,0.0,213.29999999999998,0.3025210084033613,2.958904109589041
90089,PINK CRYSTAL SKULL PHONE CHARM,20,13.94,1.3166666666666667,9,326,34,6,2.2222222222222223,15.555555555555557,3.1111111111111116,16.444444444444446,13.0,Overstock,Markdown / Clear,0.0,0.0,412.1166666666667,0.036011080332409975,23.285714285714285
90092,BLUE CRYSTAL BOOT PHONE CHARM,1,1.66,1.66,1,286,15,10,1.0,7.0,1.4000000000000001,11.4,0.0,Overstock,Markdown / Clear,0.0,0.0,474.76,0.0,286.0
90093,CLEAR CRYSTAL STAR PHONE CHARM,52,28.57,1.2999999999999998,9,287,49,9,5.777777777777778,40.44444444444444,8.088888888888889,60.08888888888889,32.0,Overstock,Markdown / Clear,0.0,0.0,331.49999999999994,0.09495548961424333,8.696969696969697
90094,NECKLACE+BRACELET SET FRUIT SALAD ,14,35.699999999999996,2.55,13,93,121,17,1.0769230769230769,7.538461538461538,1.5076923076923077,19.815384615384616,1.0,Overstock,Markdown / Clear,0.0,0.0,234.6,0.004651162790697674,46.5
90096,NECKLACE+BRACELET SET BLUE BLOSSOM,45,112.21,2.4815384615384612,26,27,127,8,1.7307692307692308,12.115384615384617,2.4230769230769234,16.26923076923077,0.0,Overstock,Markdown / Clear,0.0,0.0,67.00153846153846,0.0,27.0
90098,NECKLACE+BRACELET PINK BUTTERFLY,29,73.95,2.55,10,427,112,7,2.9,20.3,4.0600000000000005,24.36,0.0,Overstock,Markdown / Clear,0.0,0.0,1088.85,0.0,427.0
90099,NECKLACE+BRACELET SET BLUE HIBISCUS,27,76.38,2.8846666666666665,15,495,170,16,1.8,12.6,2.52,31.32,1.5,Overstock,Markdown / Clear,0.0,0.0,1423.5829999999999,0.0022522522522522522,198.0
90100,NECKLACE+BRACELET SET PINK DAISY,1,2.55,2.55,1,316,16,15,1.0,7.0,1.4000000000000001,16.4,0.0,Overstock,Markdown / Clear,0.0,0.0,805.8,0.0,316.0
90101,WHITE FRANGIPANI NECKLACE,39,98.07000000000001,2.510588235294118,17,183,79,12,2.2941176470588234,16.058823529411764,3.211764705882353,30.741176470588233,1.0,Overstock,Markdown / Clear,0.0,0.0,456.9270588235294,0.0038022813688212928,91.5
90102,WHITE FRANGIPANI HAIR CLIP,10,8.5,0.85,1,104,185,20,10.0,70.0,14.0,214.0,0.0,Overstock,Markdown / Clear,0.0,0.0,88.39999999999999,0.0,104.0
90103,PURPLE FRANGIPANI NECKLACE,29,72.66,2.501333333333333,15,91,129,6,1.9333333333333333,13.533333333333333,2.706666666666667,14.306666666666667,0.0,Overstock,Markdown / Clear,0.0,0.0,227.62133333333333,0.0,91.0
90104,PURPLE FRANGIPANI HAIRCLIP,28,23.16,0.8291666666666666,12,74,131,10,2.3333333333333335,16.333333333333336,3.2666666666666675,26.6,0.0,Overstock,Markdown / Clear,0.0,0.0,61.35833333333333,0.0,74.0
90108,BLUE BLOSSOM HAIR CLIP,70,81.96000000000001,1.755,12,412,84,13,5.833333333333333,40.83333333333333,8.166666666666666,84.0,0.0,Overstock,Markdown / Clear,0.0,0.0,723.06,0.0,412.0
90112,PINK DOLLY HAIR CLIPS,2,2.1,1.05,1,66,166,19,2.0,14.0,2.8000000000000003,40.8,0.0,Overstock,Markdown / Clear,0.0,0.0,69.3,0.0,66.0
90114,SUMMER DAISIES BAG CHARM,167,417.96,2.479485294117647,68,418,93,20,2.4558823529411766,17.191176470588236,3.4382352941176473,52.55588235294118,5.0,Overstock,Markdown / Clear,0.0,0.0,1024.0274264705881,0.009765625,69.66666666666667
90115,SUMMER BUTTERFLIES BAG CHARM,54,134.53,2.4846428571428567,28,451,133,13,1.9285714285714286,13.5,2.7,27.771428571428572,0.0,Overstock,Markdown / Clear,0.0,0.0,1120.5739285714283,0.0,451.0
90116,FRUIT SALAD BAG CHARM,64,145.52,2.4084615384615384,39,257,80,18,1.641025641025641,11.487179487179487,2.2974358974358977,31.835897435897433,7.0,Overstock,Markdown / Clear,0.0,0.0,602.1153846153846,0.020710059171597635,32.125
90118,PINK DAISY BAG CHARM,30,74.64,2.473333333333333,18,123,68,14,1.6666666666666667,11.666666666666668,2.3333333333333335,25.666666666666668,0.0,Overstock,Markdown / Clear,0.0,0.0,304.21999999999997,0.0,123.0
90119,METALIC LEAVES BAG CHARMS,83,205.06,2.4684848484848483,33,229,68,15,2.515151515151515,17.606060606060606,3.5212121212121215,41.24848484848485,0.0,Overstock,Markdown / Clear,0.0,0.0,565.2830303030303,0.0,229.0
90120A,PINK MURANO TWIST BRACELET,7,29.73,4.243333333333333,3,61,147,18,2.3333333333333335,16.333333333333336,3.2666666666666675,45.266666666666666,0.0,Overstock,Markdown / Clear,0.0,0.0,258.8433333333333,0.0,61.0
90120B,BLUE MURANO TWIST BRACELET,39,164.12,4.201333333333333,15,335,191,3,2.6,18.2,3.64,11.440000000000001,2.0,Overstock,Markdown / Clear,0.0,0.0,1399.044,0.003795066413662239,111.66666666666667
90120C,GREEN MURANO TWIST BRACELET,51,215.20000000000002,4.204761904761905,21,487,15,18,2.4285714285714284,17.0,3.4000000000000004,47.11428571428571,3.0,Overstock,Markdown / Clear,0.0,0.0,2035.104761904762,0.005964214711729622,121.75
90120D,WHITE MURANO TWIST BRACELET,10,41.79,4.208,5,473,50,17,2.0,14.0,2.8000000000000003,36.8,0.0,Overstock,Markdown / Clear,0.0,0.0,1990.384,0.0,473.0
90122A,PINK CRYSTAL+GLASS BRACELET,21,104.53,4.9871428571428575,14,287,104,8,1.5,10.5,2.1,14.1,0.0,Overstock,Markdown / Clear,0.0,0.0,1431.3100000000002,0.0,287.0
90122B,JADE CRYSTAL+GLASS BRACELET,6,29.93,4.988333333333333,6,405,164,14,1.0,7.0,1.4000000000000001,15.4,0.0,Overstock,Markdown / Clear,0.0,0.0,2020.275,0.0,405.0
90122C,TURQUOISE CRYSTAL+GLASS BRACELET,24,119.23,4.986363636363636,11,282,196,10,2.1818181818181817,15.272727272727272,3.0545454545454547,24.87272727272727,0.0,Overstock,Markdown / Clear,0.0,0.0,1406.1545454545455,0.0,282.0
90123A,PINK HEART OF GLASS BRACELET,15,89.12,5.93375,8,355,169,9,1.875,13.125,2.625,19.5,0.0,Overstock,Markdown / Clear,0.0,0.0,2106.48125,0.0,355.0
90123B,TURQUOISE HEART OF GLASS BRACELET,9,53.42,5.924,5,406,184,4,1.8,12.6,2.52,9.72,0.0,Overstock,Markdown / Clear,0.0,0.0,2405.1440000000002,0.0,406.0
90123C,GREEN HEART OF GLASS BRACELET,14,83.29,5.948333333333333,6,384,65,14,2.3333333333333335,16.333333333333336,3.2666666666666675,35.93333333333334,0.0,Overstock,Markdown / Clear,0.0,0.0,2284.16,0.0,384.0
90123D,WHITE HEART OF GLASS BRACELET,6,35.31,5.872,5,278,8,16,1.2,8.4,1.6800000000000002,20.88,0.0,Overstock,Markdown / Clear,0.0,0.0,1632.416,0.0,278.0
90124A,PINK MURANO TWIST NECKLACE,8,79.66,9.959999999999999,6,302,106,18,1.3333333333333333,9.333333333333332,1.8666666666666665,25.866666666666667,0.0,Overstock,Markdown / Clear,0.0,0.0,3007.9199999999996,0.0,302.0
90124B,BLUE MURANO TWIST NECKLACE,12,119.89,9.998000000000001,10,133,99,13,1.2,8.4,1.6800000000000002,17.28,0.0,Overstock,Markdown / Clear,0.0,0.0,1329.7340000000002,0.0,133.0
90124C,GREEN MURANO TWIST NECKLACE,11,109.53999999999999,9.96125,8,382,85,11,1.375,9.625,1.925,17.05,0.0,Overstock,Markdown / Clear,0.0,0.0,3805.1974999999998,0.0,382.0
90125A,PINK BERTIE GLASS BEAD BAG CHARM,115,106.24,1.5399999999999998,10,59,63,12,11.5,80.5,16.1,154.1,0.0,Overstock,Markdown / Clear,0.0,0.0,90.85999999999999,0.0,59.0
90125B,AQUA BERTIE GLASS BEAD BAG CHARM,30,48.06,2.0741666666666667,12,436,21,19,2.5,17.5,3.5,51.0,0.0,Overstock,Markdown / Clear,0.0,0.0,904.3366666666667,0.0,436.0
90125C,TURQUOISE BERTIE GLASS BEAD CHARM,77,69.85,1.4533333333333331,6,239,161,14,12.833333333333334,89.83333333333334,17.96666666666667,197.63333333333335,0.0,Overstock,Markdown / Clear,0.0,0.0,347.34666666666664,0.0,239.0
90125D,PURPLE BERTIE GLASS BEAD BAG CHARM,95,110.03,2.0896875,16,148,182,8,5.9375,41.5625,8.3125,55.8125,0.0,Overstock,Markdown / Clear,0.0,0.0,309.27375,0.0,148.0
90125E,AMBER BERTIE GLASS BEAD BAG CHARM,11,21.05,1.9419999999999997,10,27,156,13,1.1,7.700000000000001,1.5400000000000003,15.840000000000002,0.0,Overstock,Markdown / Clear,0.0,0.0,52.43399999999999,0.0,27.0
90126A,PINK BERTIE MOBILE PHONE CHARM,1,3.36,3.36,1,120,165,11,1.0,7.0,1.4000000000000001,12.4,0.0,Overstock,Markdown / Clear,0.0,0.0,403.2,0.0,120.0
90126C,AMBER BERTIE MOBILE PHONE CHARM,2,6.58,3.29,1,435,109,8,2.0,14.0,2.8000000000000003,18.8,0.0,Overstock,Markdown / Clear,0.0,0.0,1431.15,0.0,435.0
90127A,PINK BEADS+HAND PHONE CHARM,2,4.92,2.46,1,399,96,18,2.0,14.0,2.8000000000000003,38.8,0.0,Overstock,Markdown / Clear,0.0,0.0,981.54,0.0,399.0
90128A,PINK LEAVES AND BEADS PHONE CHARM,3,7.43,2.485,2,195,17,18,1.5,10.5,2.1,29.1,0.0,Overstock,Markdown / Clear,0.0,0.0,484.575,0.0,195.0
90128B,BLUE LEAVES AND BEADS PHONE CHARM,2,3.76,1.88,2,126,70,8,1.0,7.0,1.4000000000000001,9.4,0.0,Overstock,Markdown / Clear,0.0,0.0,236.88,0.0,126.0
90128C,GREEN LEAVES AND BEADS PHONE CHARM,2,4.97,2.485,2,120,192,7,1.0,7.0,1.4000000000000001,8.4,0.0,Overstock,Markdown / Clear,0.0,0.0,298.2,0.0,120.0
90128D,PURPLE LEAVES AND BEADS PHONE CHAR,2,4.97,2.485,2,279,126,6,1.0,7.0,1.4000000000000001,7.4,0.0,Overstock,Markdown / Clear,0.0,0.0,693.3149999999999,0.0,279.0
90129A,PINK GLASS TASSLE BAG CHARM ,45,82.98,1.8208333333333333,18,497,96,4,2.5,17.5,3.5,13.5,0.0,Overstock,Markdown / Clear,0.0,0.0,904.9541666666667,0.0,497.0
90129B,TURQUOISE GLASS TASSLE BAG CHARM ,57,121.38000000000001,1.986842105263158,19,473,0,8,3.0,21.0,4.2,28.2,1.0,Overstock,Markdown / Clear,0.0,0.0,937.7894736842105,0.002109704641350211,236.5
90129C,GREEN GLASS TASSLE BAG CHARM,35,79.76,2.130625,16,385,131,11,2.1875,15.3125,3.0625,27.125,1.0,Overstock,Markdown / Clear,0.0,0.0,818.1600000000001,0.0019342359767891683,192.5
90129D,AMBER GLASS TASSLE BAG CHARM,14,33.440000000000005,2.0157142857142856,7,265,3,19,2.0,14.0,2.8000000000000003,40.8,0.0,Overstock,Markdown / Clear,0.0,0.0,534.1642857142857,0.0,265.0
90129E,PURPLE GLASS TASSLE BAG CHARM,42,77.03999999999999,1.7328571428571427,14,294,124,16,3.0,21.0,4.2,52.2,0.0,Overstock,Markdown / Clear,0.0,0.0,509.4599999999999,0.0,294.0
90129F,RED GLASS TASSLE BAG CHARM,40,88.03,2.1325,16,51,81,9,2.5,17.5,3.5,26.0,1.0,Overstock,Markdown / Clear,0.0,0.0,106.62499999999999,0.007518796992481203,25.5
90130A,WHITE STONE/CRYSTAL EARRINGS,6,17.5,2.915,5,156,26,3,1.2,8.4,1.6800000000000002,5.279999999999999,0.0,Overstock,Markdown / Clear,0.0,0.0,454.74,0.0,156.0
90130B,TURQ STONE/CRYSTAL EARRINGS,39,113.97,2.9183870967741936,31,31,170,17,1.2580645161290323,8.806451612903226,1.7612903225806453,23.148387096774194,2.0,Overstock,Markdown / Clear,0.0,0.0,84.63322580645162,0.009900990099009901,10.333333333333334
90130C,GREEN STONE/CRYSTAL EARRINGS,14,40.95,2.9223076923076925,13,414,58,20,1.0769230769230769,7.538461538461538,1.5076923076923077,23.046153846153842,1.0,Overstock,Markdown / Clear,0.0,0.0,1206.913076923077,0.0021141649048625794,207.0
90130D,RED STONE/CRYSTAL EARRINGS,3,8.7,2.9,3,321,31,5,1.0,7.0,1.4000000000000001,6.4,0.0,Overstock,Markdown / Clear,0.0,0.0,930.9,0.0,321.0
90131,PINK/AMETHYST/GOLD NECKLACE,5,34.870000000000005,7.01,2,394,160,20,2.5,17.5,3.5,53.5,0.0,Overstock,Markdown / Clear,0.0,0.0,2761.94,0.0,394.0
90132,LIGHT TOPAZ TEAL/AQUA COL NECKLACE,3,15.16,5.053333333333334,3,35,27,4,1.0,7.0,1.4000000000000001,5.4,0.0,Overstock,Markdown / Clear,0.0,0.0,176.86666666666667,0.0,35.0
90133,TEAL/FUSCHIA COL BEAD NECKLACE,19,94.43,4.979230769230769,13,148,105,12,1.4615384615384615,10.23076923076923,2.046153846153846,19.584615384615383,0.0,Overstock,Markdown / Clear,0.0,0.0,736.9261538461539,0.0,148.0
90134,OLD ROSE COMBO BEAD NECKLACE,54,157.5,2.909473684210526,38,82,104,13,1.4210526315789473,9.947368421052632,1.9894736842105265,20.46315789473684,2.0,Overstock,Markdown / Clear,0.0,0.0,232.7578947368421,0.0106951871657754,27.333333333333332
90135,ORANGE/WHT/FUSCHIA STONES NECKLACE,8,39.660000000000004,4.965,2,128,182,5,4.0,28.0,5.6000000000000005,25.6,0.0,Overstock,Markdown / Clear,0.0,0.0,635.52,0.0,128.0
90135A,ORANGE/FUSCHIA STONES NECKLACE,1,4.98,4.98,1,394,187,9,1.0,7.0,1.4000000000000001,10.4,0.0,Overstock,Markdown / Clear,0.0,0.0,1962.1200000000001,0.0,394.0
90136,PALE PINK/AMETHYST STONE NECKLACE,3,29.849999999999998,9.95,2,40,69,10,1.5,10.5,2.1,17.1,0.0,Overstock,Markdown / Clear,0.0,0.0,398.0,0.0,40.0
90137,PINK COMBO MINI CRYSTALS NECKLACE,3,16.310000000000002,5.436666666666667,3,177,61,20,1.0,7.0,1.4000000000000001,21.4,0.0,Overstock,Markdown / Clear,0.0,0.0,962.2900000000002,0.0,177.0
90138,WHITE/PINK MINI CRYSTALS NECKLACE,10,52.42,5.367142857142857,7,288,33,15,1.4285714285714286,10.0,2.0,23.42857142857143,1.0,Overstock,Markdown / Clear,0.0,0.0,1540.3700000000001,0.003105590062111801,144.0
90140,PINK SWEETIE NECKLACE,2,15.120000000000001,7.5600000000000005,2,181,86,15,1.0,7.0,1.4000000000000001,16.4,0.0,Overstock,Markdown / Clear,0.0,0.0,1368.3600000000001,0.0,181.0
90141A,GREEN PENDANT TRIPLE SHELL NECKLACE,12,63.11,5.321,10,279,113,14,1.2,8.4,1.6800000000000002,18.48,1.0,Overstock,Markdown / Clear,0.0,0.0,1479.2379999999998,0.002544529262086514,139.5
90141B,IVORY PENDANT TRIPLE SHELL NECKLACE,9,44.86,5.0120000000000005,5,431,105,19,1.8,12.6,2.52,36.720000000000006,1.0,Overstock,Markdown / Clear,0.0,0.0,2155.1600000000003,0.00186219739292365,215.5
90141C,TURQ PENDANT TRIPLE SHELL NECKLACE,10,52.31,5.287142857142858,7,121,55,14,1.4285714285714286,10.0,2.0,22.0,0.0,Overstock,Markdown / Clear,0.0,0.0,639.7442857142859,0.0,121.0
90141D,ROSE PENDANT TRIPLE SHELL NECKLACE,4,20.36,5.23,2,242,112,15,2.0,14.0,2.8000000000000003,32.8,0.0,Overstock,Markdown / Clear,0.0,0.0,1265.66,0.0,242.0
90141E,ORANGE PENDANT TRIPLE SHELL NECKLAC,5,24.75,4.95,2,78,12,14,2.5,17.5,3.5,38.5,0.0,Overstock,Markdown / Clear,0.0,0.0,386.1,0.0,78.0
90142A,GREEN PENDANT SHELL NECKLACE,1,5.09,5.09,1,266,183,16,1.0,7.0,1.4000000000000001,17.4,0.0,Overstock,Markdown / Clear,0.0,0.0,1353.94,0.0,266.0
90142D,MOP PENDANT SHELL NECKLACE,10,49.64,4.985,4,147,17,9,2.5,17.5,3.5,26.0,0.0,Overstock,Markdown / Clear,0.0,0.0,732.7950000000001,0.0,147.0
90143,SILVER BRACELET W PASTEL FLOWER,32,244.68,7.686315789473684,19,302,181,15,1.6842105263157894,11.789473684210526,2.357894736842105,27.621052631578948,1.0,Overstock,Markdown / Clear,0.0,0.0,2313.581052631579,0.002066115702479339,151.0
90144,SILVER DROP EARRINGS WITH FLOWER,18,67.36,3.7399999999999998,14,344,112,8,1.2857142857142858,9.0,1.8,12.085714285714287,0.0,Overstock,Markdown / Clear,0.0,0.0,1286.56,0.0,344.0
90145,SILVER HOOP EARRINGS WITH FLOWER,28,168.0,6.027777777777778,18,44,170,6,1.5555555555555556,10.88888888888889,2.177777777777778,11.511111111111113,1.5,Overstock,Markdown / Clear,0.0,0.0,256.18055555555554,0.0069767441860465115,17.6
90146,FINE SILVER NECKLACE W PASTEL FLOWE,17,95.35000000000001,7.192857142857143,7,150,38,11,2.4285714285714284,17.0,3.4000000000000004,30.114285714285714,0.0,Overstock,Markdown / Clear,0.0,0.0,1078.9285714285716,0.0,150.0
90147,CHUNKY SILVER NECKLACE PASTEL FLOWE,32,324.01,10.19391304347826,23,372,188,18,1.391304347826087,9.73913043478261,1.947826086956522,26.991304347826084,0.0,Overstock,Markdown / Clear,0.0,0.0,3792.1356521739126,0.0,372.0
90148,LONG SILVER NECKLACE PASTEL FLOWER,8,101.73,12.705,6,215,169,6,1.3333333333333333,9.333333333333332,1.8666666666666665,9.866666666666667,0.0,Overstock,Markdown / Clear,0.0,0.0,2731.575,0.0,215.0
90149,SILVER FLOWR PINK SHELL NECKLACE,53,342.76000000000005,7.303333333333334,3,300,78,8,17.666666666666668,123.66666666666667,24.733333333333334,166.06666666666666,0.0,Overstock,Markdown / Clear,0.0,0.0,2191.0,0.0,300.0
90151,SILVER/NATURAL SHELL NECKLACE,8,68.0,8.5,4,423,145,10,2.0,14.0,2.8000000000000003,22.8,0.0,Overstock,Markdown / Clear,0.0,0.0,3595.5,0.0,423.0
90152A,SILVER/NAT SHELL NECKLACE W PENDANT,5,28.76,5.752000000000001,5,437,150,18,1.0,7.0,1.4000000000000001,19.4,0.0,Overstock,Markdown / Clear,0.0,0.0,2513.6240000000003,0.0,437.0
90152B,BLUE/GREEN SHELL NECKLACE W PENDANT,2,11.46,5.73,2,173,181,7,1.0,7.0,1.4000000000000001,8.4,0.0,Overstock,Markdown / Clear,0.0,0.0,991.2900000000001,0.0,173.0
90152C,BLUE/NAT SHELL NECKLACE W PENDANT,1,5.95,5.95,1,401,29,12,1.0,7.0,1.4000000000000001,13.4,0.0,Overstock,Markdown / Clear,0.0,0.0,2385.9500000000003,0.0,401.0
90154,LAZER CUT NECKLACE W PASTEL BEADS,57,421.75,8.61,5,152,97,15,11.4,79.8,15.96,186.96,0.0,Overstock,Markdown / Clear,0.0,0.0,1308.7199999999998,0.0,152.0
90155,RESIN NECKLACE W PASTEL BEADS,9,67.62,7.517142857142857,7,246,57,16,1.2857142857142858,9.0,1.8,22.371428571428574,0.0,Overstock,Markdown / Clear,0.0,0.0,1849.2171428571428,0.0,246.0
90156,RESIN BRACELET W PASTEL BEADS,4,19.8,4.95,3,208,195,9,1.3333333333333333,9.333333333333332,1.8666666666666665,13.866666666666667,0.0,Overstock,Markdown / Clear,0.0,0.0,1029.6000000000001,0.0,208.0
90157,RIVIERA NECKLACE,10,49.59,4.968000000000001,5,495,66,8,2.0,14.0,2.8000000000000003,18.8,0.0,Overstock,Markdown / Clear,0.0,0.0,2459.1600000000003,0.0,495.0
90158,ST TROPEZ NECKLACE,45,224.12,4.988593750000001,32,496,70,9,1.40625,9.84375,1.96875,14.625,2.0,Overstock,Markdown / Clear,0.0,0.0,2464.3653125,0.003527336860670194,165.33333333333334
90159,COTE D'AZURE NECKLACE,6,29.790000000000003,4.968000000000001,5,284,145,7,1.2,8.4,1.6800000000000002,10.08,0.0,Overstock,Markdown / Clear,0.0,0.0,1410.9120000000003,0.0,284.0
90160A,PURPLE BOUDICCA LARGE BRACELET,38,264.94,6.982,15,391,105,20,2.533333333333333,17.733333333333334,3.546666666666667,54.21333333333333,1.0,Overstock,Markdown / Clear,0.0,0.0,2722.98,0.002012072434607646,195.5
90160B,RED BOUDICCA LARGE BRACELET,30,209.73,7.0025,12,453,6,14,2.5,17.5,3.5,38.5,0.0,Overstock,Markdown / Clear,0.0,0.0,3172.1325,0.0,453.0
90160C,TURQ+RED BOUDICCA LARGE BRACELET,54,377.04,7.003076923076923,26,153,39,8,2.076923076923077,14.53846153846154,2.907692307692308,19.523076923076925,1.0,Overstock,Markdown / Clear,0.0,0.0,1064.4676923076925,0.0051813471502590676,76.5
90160D,PINK BOUDICCA LARGE BRACELET,38,264.7,6.97,12,230,69,3,3.1666666666666665,22.166666666666664,4.433333333333333,13.933333333333334,0.0,Overstock,Markdown / Clear,0.0,0.0,1603.1,0.0,230.0
90161A,ANT COPPER RED BOUDICCA BRACELET,24,119.91,4.9985,20,79,192,6,1.2,8.4,1.6800000000000002,8.879999999999999,3.0,Overstock,Markdown / Clear,0.0,0.0,379.88599999999997,0.011029411764705883,19.75
90161B,ANT COPPER TURQ BOUDICCA BRACELET,76,377.88,4.985285714285714,35,447,67,14,2.1714285714285713,15.2,3.04,33.44,5.0,Overstock,Markdown / Clear,0.0,0.0,2203.496285714286,0.009708737864077669,74.5
90161C,ANT COPPER LIME BOUDICCA BRACELET,83,412.74,4.986702127659575,47,396,48,17,1.7659574468085106,12.361702127659575,2.472340425531915,32.4936170212766,4.0,Overstock,Markdown / Clear,0.0,0.0,1954.7872340425533,0.008988764044943821,79.2
90161D,ANT COPPER PINK BOUDICCA BRACELET,64,318.89,4.996612903225807,31,414,51,5,2.064516129032258,14.451612903225806,2.8903225806451616,13.212903225806452,9.0,Overstock,Markdown / Clear,0.0,0.0,2023.6282258064518,0.019313304721030045,41.4
90162A,ANT SILVER TURQUOISE BOUDICCA RING,6,17.700000000000003,2.95,1,469,113,10,6.0,42.0,8.4,68.4,0.0,Overstock,Markdown / Clear,0.0,0.0,1383.5500000000002,0.0,469.0
90162B,ANT SILVER LIME GREEN BOUDICCA RING,27,79.65,2.95,10,450,106,13,2.7,18.900000000000002,3.7800000000000007,38.88,0.0,Overstock,Markdown / Clear,0.0,0.0,1327.5,0.0,450.0
90162C,ANT SILVER FUSCHIA BOUDICCA RING,14,41.300000000000004,2.95,7,383,28,18,2.0,14.0,2.8000000000000003,38.8,0.0,Overstock,Markdown / Clear,0.0,0.0,1129.8500000000001,0.0,383.0
90162D,ANT SILVER PURPLE BOUDICCA RING,10,29.500000000000004,2.95,5,383,148,11,2.0,14.0,2.8000000000000003,24.8,0.0,Overstock,Markdown / Clear,0.0,0.0,1129.8500000000001,0.0,383.0
90163A,PINK ROSEBUD & PEARL NECKLACE,12,90.32,7.537777777777778,9,476,77,5,1.3333333333333333,9.333333333333332,1.8666666666666665,8.533333333333333,0.0,Overstock,Markdown / Clear,0.0,0.0,3587.9822222222224,0.0,476.0
90163B,WHITE ROSEBUD & PEARL NECKLACE,7,52.72,7.516,5,232,8,7,1.4,9.799999999999999,1.96,11.759999999999998,0.0,Overstock,Markdown / Clear,0.0,0.0,1743.712,0.0,232.0
90164A,PINK ROSEBUD PEARL BRACELET,27,130.67,6.333571428571429,14,235,174,16,1.9285714285714286,13.5,2.7,33.55714285714286,0.0,Overstock,Markdown / Clear,0.0,0.0,1488.3892857142857,0.0,235.0
90164B,WHITE  ROSEBUD PEARL BRACELET,38,140.98,5.290666666666667,15,245,75,17,2.533333333333333,17.733333333333334,3.546666666666667,46.61333333333333,0.0,Overstock,Markdown / Clear,0.0,0.0,1296.2133333333334,0.0,245.0
90165A,PINK ROSEBUD PEARL EARRINGS,16,39.98,2.4971428571428573,14,489,41,8,1.1428571428571428,8.0,1.6,10.742857142857142,0.0,Overstock,Markdown / Clear,0.0,0.0,1221.1028571428571,0.0,489.0
90165B,WHITE ROSEBUD  PEARL EARRINGS,19,47.43,2.493888888888889,18,150,178,6,1.0555555555555556,7.388888888888889,1.4777777777777779,7.811111111111112,0.0,Overstock,Markdown / Clear,0.0,0.0,374.0833333333333,0.0,150.0
90166,PINK & WHITE ROSEBUD RING,21,88.04,4.176,15,95,183,10,1.4,9.799999999999999,1.96,15.96,1.0,Overstock,Markdown / Clear,0.0,0.0,392.54400000000004,0.0035842293906810036,47.5
90167,BEADED LOVE HEART JEWELLERY SET,10,8.5,0.85,1,495,178,7,10.0,70.0,14.0,84.0,0.0,Overstock,Markdown / Clear,0.0,0.0,420.75,0.0,495.0
90168,2 DAISIES HAIR COMB,18,52.56,2.9091666666666662,12,305,197,15,1.5,10.5,2.1,24.6,3.0,Overstock,Markdown / Clear,0.0,0.0,878.5683333333332,0.005964214711729622,76.25
90169,DAISY HAIR COMB,19,47.84,2.4989999999999997,10,493,127,18,1.9,13.299999999999999,2.66,36.86,1.0,Overstock,Markdown / Clear,0.0,0.0,1229.5079999999998,0.001610305958132045,246.5
90170,DAISY HAIR BAND,85,140.32999999999998,1.6525806451612903,31,296,19,3,2.7419354838709675,19.193548387096772,3.8387096774193545,12.064516129032256,5.0,Overstock,Markdown / Clear,0.0,0.0,480.90096774193546,0.015822784810126583,49.333333333333336
90173,PAIR BUTTERFLY HAIR CLIPS,32,120.34,3.7640000000000002,15,175,154,15,2.1333333333333333,14.933333333333334,2.986666666666667,34.986666666666665,0.0,Overstock,Markdown / Clear,0.0,0.0,658.7,0.0,175.0
90174,BUTTERFLY HAIR BAND,38,95.42,2.4961904761904763,21,267,165,13,1.8095238095238095,12.666666666666666,2.533333333333333,26.057142857142857,4.0,Overstock,Markdown / Clear,0.0,0.0,656.4980952380953,0.009237875288683603,53.4
90175A,WHITE GLASS CHUNKY CHARM BRACELET,27,245.63,9.115714285714287,21,237,71,10,1.2857142857142858,9.0,1.8,14.657142857142858,5.0,Overstock,Markdown / Clear,0.0,0.0,2114.8457142857146,0.016181229773462782,39.5
90175B,PINK GLASS CHUNKY CHARM BRACELET,10,91.68,9.17,9,209,64,10,1.1111111111111112,7.777777777777779,1.5555555555555558,12.666666666666666,0.0,Overstock,Markdown / Clear,0.0,0.0,1916.53,0.0,209.0
90175C,BLUE GLASS CHUNKY CHARM BRACELET,9,80.55,8.95,6,436,181,16,1.5,10.5,2.1,26.1,0.0,Overstock,Markdown / Clear,0.0,0.0,3902.2,0.0,436.0
90175D,TIGRIS EYE CHUNKY CHARM BRACELET,23,210.04,9.1395,20,488,112,15,1.15,8.049999999999999,1.6099999999999999,18.86,2.0,Overstock,Markdown / Clear,0.0,0.0,4441.797,0.0033277870216306157,162.66666666666666
90176A,CLASSIC DIAMANTE NECKLACE JET,3,22.48,7.49,2,182,23,5,1.5,10.5,2.1,9.6,0.0,Overstock,Markdown / Clear,0.0,0.0,1363.18,0.0,182.0
90176B,DIAMANTE NECKLACE BLACK ,4,30.12,7.54,3,199,127,6,1.3333333333333333,9.333333333333332,1.8666666666666665,9.866666666666667,0.0,Overstock,Markdown / Clear,0.0,0.0,1500.46,0.0,199.0
90176C,DIAMANTE NECKLACE,3,23.32,7.91,2,53,174,17,1.5,10.5,2.1,27.6,0.0,Overstock,Markdown / Clear,0.0,0.0,419.23,0.0,53.0
90176D,DIAMANTE NECKLACE PURPLE,7,52.5,7.5,4,60,198,17,1.75,12.25,2.45,32.2,0.0,Overstock,Markdown / Clear,0.0,0.0,450.0,0.0,60.0
90176E,DIAMANTE NECKLACE GREEN,4,29.98,7.493333333333333,3,326,82,15,1.3333333333333333,9.333333333333332,1.8666666666666665,21.866666666666667,0.0,Overstock,Markdown / Clear,0.0,0.0,2442.826666666667,0.0,326.0
90177A,CLASSIC DIAMANTE EARRINGS JET,14,40.900000000000006,2.9055555555555554,9,450,62,11,1.5555555555555556,10.88888888888889,2.177777777777778,19.288888888888888,0.0,Overstock,Markdown / Clear,0.0,0.0,1307.5,0.0,450.0
90177B,DROP DIAMANTE EARRINGS BLACK DIAMON,14,41.010000000000005,2.9175,6,357,184,12,2.3333333333333335,16.333333333333336,3.2666666666666675,31.266666666666666,0.0,Overstock,Markdown / Clear,0.0,0.0,1041.5475,0.0,357.0
90177C,DROP DIAMANTE EARRINGS CRYSTAL,26,76.23,2.9235714285714285,14,333,182,14,1.8571428571428572,13.0,2.6,28.6,1.0,Overstock,Markdown / Clear,0.0,0.0,970.6257142857143,0.001937984496124031,166.5
90177D,DROP DIAMANTE EARRINGS PURPLE,25,73.53,2.933076923076923,13,94,59,16,1.9230769230769231,13.461538461538462,2.6923076923076925,33.46153846153846,0.0,Overstock,Markdown / Clear,0.0,0.0,275.70923076923077,0.0,94.0
90177E,DROP DIAMANTE EARRINGS GREEN,14,41.080000000000005,2.9255555555555555,9,460,98,3,1.5555555555555556,10.88888888888889,2.177777777777778,6.844444444444445,0.0,Overstock,Markdown / Clear,0.0,0.0,1345.7555555555555,0.0,460.0
90178A,AMBER CHUNKY GLASS+BEAD NECKLACE,8,95.25,11.90625,8,298,61,16,1.0,7.0,1.4000000000000001,17.4,0.0,Overstock,Markdown / Clear,0.0,0.0,3548.0625,0.0,298.0
90178B,PURPLE CHUNKY GLASS+BEAD NECKLACE,1,11.95,11.95,1,195,29,16,1.0,7.0,1.4000000000000001,17.4,0.0,Overstock,Markdown / Clear,0.0,0.0,2330.25,0.0,195.0
90179A,AMBER FINE BEAD NECKLACE W TASSEL,6,35.31,5.872,5,403,21,10,1.2,8.4,1.6800000000000002,13.68,0.0,Overstock,Markdown / Clear,0.0,0.0,2366.416,0.0,403.0
90179B,PURPLE FINE BEAD NECKLACE W TASSEL,3,17.59,5.863333333333333,3,169,125,18,1.0,7.0,1.4000000000000001,19.4,0.0,Overstock,Markdown / Clear,0.0,0.0,990.9033333333333,0.0,169.0
90179C,BLACK FINE BEAD NECKLACE W TASSEL,6,35.44,5.906666666666666,6,292,156,16,1.0,7.0,1.4000000000000001,17.4,0.0,Overstock,Markdown / Clear,0.0,0.0,1724.7466666666664,0.0,292.0
90180A,BLACK+WHITE NECKLACE W TASSEL,17,127.24,9.182222222222222,9,344,168,3,1.8888888888888888,13.222222222222221,2.6444444444444444,8.31111111111111,1.0,Overstock,Markdown / Clear,0.0,0.0,3149.5022222222224,0.001949317738791423,172.0
90180B,PURPLE AMETHYST NECKLACE W TASSEL,5,49.81,9.962,5,127,41,18,1.0,7.0,1.4000000000000001,19.4,0.0,Overstock,Markdown / Clear,0.0,0.0,1265.174,0.0,127.0
90181A,AMBER GLASS/SHELL/PEARL NECKLACE,7,64.04,9.14857142857143,7,158,97,20,1.0,7.0,1.4000000000000001,21.4,0.0,Overstock,Markdown / Clear,0.0,0.0,1445.4742857142858,0.0,158.0
90181B,AMETHYST GLASS/SHELL/PEARL NECKLACE,15,137.63,9.177142857142858,14,369,192,9,1.0714285714285714,7.5,1.5,11.142857142857142,2.0,Overstock,Markdown / Clear,0.0,0.0,3368.011428571429,0.0035587188612099642,123.0
90181C,BLACK GLASS/SHELL/PEARL NECKLACE,1,9.15,9.15,1,290,30,17,1.0,7.0,1.4000000000000001,18.4,0.0,Overstock,Markdown / Clear,0.0,0.0,2653.5,0.0,290.0
90182A,AMBER 3 BEAD DROP EARRINGS,8,23.2,2.9,7,366,157,19,1.1428571428571428,8.0,1.6,23.314285714285713,0.0,Overstock,Markdown / Clear,0.0,0.0,1061.3999999999999,0.0,366.0
90182B,AMETHYST 3 BEAD DROP EARRINGS,5,14.5,2.9,5,438,111,15,1.0,7.0,1.4000000000000001,16.4,0.0,Overstock,Markdown / Clear,0.0,0.0,1270.2,0.0,438.0
90182C,BLACK 3 BEAD DROP EARRINGS,14,40.96,2.9122222222222223,9,308,145,11,1.5555555555555556,10.88888888888889,2.177777777777778,19.288888888888888,0.0,Overstock,Markdown / Clear,0.0,0.0,896.9644444444444,0.0,308.0
90183A,AMBER DROP EARRINGS W LONG BEADS,40,117.24000000000001,2.921136363636364,22,231,121,17,1.8181818181818181,12.727272727272727,2.5454545454545454,33.45454545454545,4.0,Overstock,Markdown / Clear,0.0,0.0,663.0979545454546,0.0113314447592068,46.2
90183B,AMETHYST DROP EARRINGS W LONG BEADS,21,61.08,2.9105882352941173,17,400,16,5,1.2352941176470589,8.647058823529413,1.7294117647058826,7.905882352941177,1.0,Overstock,Markdown / Clear,0.0,0.0,1161.3247058823529,0.002398081534772182,200.0
90183C,BLACK DROP EARRINGS W LONG BEADS,9,26.15,2.9055555555555554,9,291,37,3,1.0,7.0,1.4000000000000001,4.4,0.0,Overstock,Markdown / Clear,0.0,0.0,845.5166666666667,0.0,291.0
90183c,BLACK DROP EARRINGS W LONG BEADS,1,2.9,2.9,1,437,141,18,1.0,7.0,1.4000000000000001,19.4,0.0,Overstock,Markdown / Clear,0.0,0.0,1267.3,0.0,437.0
90184A,AMBER CHUNKY BEAD BRACELET W STRAP,13,117.73,9.1225,8,85,109,10,1.625,11.375,2.275,18.525,0.0,Overstock,Markdown / Clear,0.0,0.0,775.4125,0.0,85.0
90184B,AMETHYST CHUNKY BEAD BRACELET W STR,33,297.94,9.0495,20,443,183,15,1.65,11.549999999999999,2.31,27.06,2.0,Overstock,Markdown / Clear,0.0,0.0,3990.8295,0.003189792663476874,147.66666666666666
90184C,BLACK CHUNKY BEAD BRACELET W STRAP,21,190.51999999999998,9.101176470588236,17,267,21,10,1.2352941176470589,8.647058823529413,1.7294117647058826,14.082352941176472,1.0,Overstock,Markdown / Clear,0.0,0.0,2420.9129411764707,0.0034602076124567475,133.5
90184c,BLACK CHUNKY BEAD BRACELET W STRAP,1,9.15,9.15,1,175,194,19,1.0,7.0,1.4000000000000001,20.4,0.0,Overstock,Markdown / Clear,0.0,0.0,1601.25,0.0,175.0
90185A,AMBER DIAMANTE EXPANDABLE RING,31,131.03,4.202307692307692,13,66,55,16,2.3846153846153846,16.692307692307693,3.338461538461539,41.49230769230769,0.0,Overstock,Markdown / Clear,0.0,0.0,277.3523076923077,0.0,66.0
90185B,AMETHYST DIAMANTE EXPANDABLE RING,23,97.02,4.193636363636364,11,442,118,9,2.090909090909091,14.636363636363637,2.9272727272727277,21.745454545454542,1.0,Overstock,Markdown / Clear,0.0,0.0,1849.3936363636367,0.0017825311942959,221.0
90185C,BLACK DIAMANTE EXPANDABLE RING,26,110.09,4.2090000000000005,10,473,146,17,2.6,18.2,3.64,47.84,0.0,Overstock,Markdown / Clear,0.0,0.0,1990.8570000000002,0.0,473.0
90185D,CRYSTAL DIAMANTE EXPANDABLE RING,35,148.63,4.237222222222222,9,220,56,18,3.888888888888889,27.22222222222222,5.444444444444445,75.44444444444444,0.0,Overstock,Markdown / Clear,0.0,0.0,932.1888888888889,0.0,220.0
90186A,AMETHYST HOOP EARRING FLORAL LEAF,11,32.16,2.9233333333333333,9,167,171,8,1.2222222222222223,8.555555555555557,1.7111111111111115,11.48888888888889,1.0,Overstock,Markdown / Clear,0.0,0.0,485.2733333333333,0.0029498525073746312,83.5
90186B,CRYSTAL HOOP EARRING FLORAL LEAF,22,64.58,2.9325,14,143,34,3,1.5714285714285714,11.0,2.2,6.914285714285715,0.0,Overstock,Markdown / Clear,0.0,0.0,419.3475,0.0,143.0
90187A,BLUE DROP EARRINGS W BEAD CLUSTER,1,3.32,3.32,1,20,113,14,1.0,7.0,1.4000000000000001,15.4,0.0,Overstock,Markdown / Clear,0.0,0.0,66.39999999999999,0.0,20.0
90187B,GREEN DROP EARRINGS W BEAD CLUSTER,12,40.03,3.3325,8,475,124,20,1.5,10.5,2.1,32.1,3.0,Overstock,Markdown / Clear,0.0,0.0,1572.94,0.005,118.75
90188,DROP EARRINGS W FLOWER & LEAF,9,22.58,2.5171428571428573,7,266,128,18,1.2857142857142858,9.0,1.8,24.942857142857147,3.0,Overstock,Markdown / Clear,0.0,0.0,662.0085714285715,0.007594936708860759,66.5
90189A,SILVER 2 STRAND NECKLACE-LEAF CHARM,2,15.0,7.5,2,362,51,14,1.0,7.0,1.4000000000000001,15.4,0.0,Overstock,Markdown / Clear,0.0,0.0,2715.0,0.0,362.0
90190A,SILVER/CRYSTAL DROP EARRINGS W LEAF,16,46.760000000000005,2.9122222222222223,9,147,84,15,1.7777777777777777,12.444444444444443,2.488888888888889,29.15555555555555,0.0,Overstock,Markdown / Clear,0.0,0.0,428.0966666666667,0.0,147.0
90190B,GOLD/AMBER DROP EARRINGS W LEAF,13,38.18,2.924285714285714,7,210,197,10,1.8571428571428572,13.0,2.6,21.171428571428574,0.0,Overstock,Markdown / Clear,0.0,0.0,614.0999999999999,0.0,210.0
90190C,SILVER/AMETHYST DROP EARRINGS LEAF,20,58.43,2.92,19,86,164,3,1.0526315789473684,7.368421052631579,1.473684210526316,4.631578947368421,1.0,Overstock,Markdown / Clear,0.0,0.0,248.2,0.00398406374501992,43.0
90191,SILVER LARIAT 40CM,26,163.82,9.729000000000001,10,23,64,9,2.6,18.2,3.64,27.040000000000003,0.0,Overstock,Markdown / Clear,0.0,0.0,223.76700000000002,0.0,23.0
90192,JADE DROP EARRINGS W FILIGREE,42,209.1,4.991666666666667,24,461,178,17,1.75,12.25,2.45,32.2,3.0,Overstock,Markdown / Clear,0.0,0.0,2286.1833333333334,0.0046875,115.25
90194,SILVER LARIAT BLACK STONE EARRINGS,16,67.87,4.236666666666667,9,428,128,15,1.7777777777777777,12.444444444444443,2.488888888888889,29.15555555555555,0.0,Overstock,Markdown / Clear,0.0,0.0,1813.2933333333335,0.0,428.0
90195A,PURPLE GEMSTONE BRACELET,19,122.84,7.359999999999999,9,322,20,15,2.111111111111111,14.777777777777779,2.9555555555555557,34.62222222222222,6.0,Overstock,Markdown / Clear,0.0,0.0,2325.7599999999998,0.01749271137026239,46.0
90195B,BLACK GEMSTONE BRACELET,4,29.98,7.495,4,313,180,11,1.0,7.0,1.4000000000000001,12.4,0.0,Overstock,Markdown / Clear,0.0,0.0,2345.935,0.0,313.0
90196A,PURPLE GEMSTONE NECKLACE 45CM,8,102.0,12.75,5,162,15,17,1.6,11.200000000000001,2.24,29.440000000000005,1.0,Overstock,Markdown / Clear,0.0,0.0,2052.75,0.0056179775280898875,81.0
90196B,BLACK GEMSTONE NECKLACE 45CM,5,63.480000000000004,12.696000000000002,5,210,122,6,1.0,7.0,1.4000000000000001,7.4,0.0,Overstock,Markdown / Clear,0.0,0.0,2666.1600000000003,0.0,210.0
90197B,BLACK GLASS BRACELET W HEART CHARMS,35,174.73000000000002,4.9952000000000005,25,40,60,15,1.4,9.799999999999999,1.96,22.96,0.0,Overstock,Markdown / Clear,0.0,0.0,199.80800000000002,0.0,40.0
90198A,VINTAGE ROSE BEAD BRACELET RASPBERR,75,315.73,4.1939743589743586,39,246,53,14,1.9230769230769231,13.461538461538462,2.6923076923076925,29.615384615384617,9.0,Overstock,Markdown / Clear,0.0,0.0,993.971923076923,0.03,24.6
90198B,VINTAGE ROSE BEAD BRACELET BLACK,36,152.4,4.214705882352941,17,332,167,7,2.1176470588235294,14.823529411764707,2.9647058823529413,17.788235294117648,2.0,Overstock,Markdown / Clear,0.0,0.0,1390.8529411764707,0.004,110.66666666666667
90199A,5 STRAND GLASS NECKLACE BLACK,11,69.63,6.3133333333333335,6,136,25,9,1.8333333333333333,12.833333333333332,2.5666666666666664,19.066666666666666,0.0,Overstock,Markdown / Clear,0.0,0.0,858.6133333333333,0.0,136.0
90199B,5 STRAND GLASS NECKLACE AMETHYST,9,56.59,6.28,8,456,79,10,1.125,7.875,1.5750000000000002,12.825,2.0,Overstock,Markdown / Clear,0.0,0.0,2851.12,0.0037313432835820895,152.0
90199C,5 STRAND GLASS NECKLACE CRYSTAL,19,120.28999999999999,6.316666666666666,9,321,64,7,2.111111111111111,14.777777777777779,2.9555555555555557,17.733333333333334,1.0,Overstock,Markdown / Clear,0.0,0.0,2021.3333333333333,0.0025906735751295338,160.5
90199D,5 STRAND GLASS NECKLACE AMBER,6,37.620000000000005,6.2700000000000005,6,161,99,11,1.0,7.0,1.4000000000000001,12.4,0.0,Overstock,Markdown / Clear,0.0,0.0,1009.47,0.0,161.0
90200A,PURPLE SWEETHEART BRACELET,78,328.44,4.194318181818182,44,479,73,16,1.7727272727272727,12.409090909090908,2.481818181818182,30.845454545454544,12.5,Overstock,Markdown / Clear,0.0,0.0,1956.649431818182,0.022603978300180832,35.48148148148148
90200B,BLACK SWEETHEART BRACELET,93,392.83,4.203913043478261,46,420,191,14,2.0217391304347827,14.152173913043478,2.830434782608696,31.13478260869565,5.5,Overstock,Markdown / Clear,0.0,0.0,1742.5219565217392,0.008986928104575163,64.61538461538461
90200C,BLUE SWEETHEART BRACELET,50,211.43,4.217063492063493,21,58,170,6,2.380952380952381,16.666666666666668,3.333333333333334,17.61904761904762,0.0,Overstock,Markdown / Clear,0.0,0.0,244.58968253968257,0.0,58.0
90200D,PINK SWEETHEART BRACELET,175,725.32,4.186640211640212,63,412,16,10,2.7777777777777777,19.444444444444443,3.888888888888889,31.666666666666668,11.5,Overstock,Markdown / Clear,0.0,0.0,1676.7494047619048,0.026806526806526808,32.96
90200E,GREEN SWEETHEART BRACELET,103,423.41,4.187073170731708,41,374,120,19,2.5121951219512195,17.585365853658537,3.5170731707317078,51.24878048780488,7.5,Overstock,Markdown / Clear,0.0,0.0,1534.5623170731708,0.015151515151515152,44.0
90201A,PURPLE ENAMEL FLOWER RING,69,202.51000000000002,2.9225925925925926,27,271,186,10,2.5555555555555554,17.888888888888886,3.5777777777777775,29.133333333333333,0.0,Overstock,Markdown / Clear,0.0,0.0,792.0225925925926,0.0,271.0
90201B,BLACK ENAMEL FLOWER RING,86,252.90000000000003,2.933636363636364,22,352,22,3,3.909090909090909,27.363636363636363,5.472727272727273,17.2,1.0,Overstock,Markdown / Clear,0.0,0.0,1029.7063636363637,0.0026666666666666666,176.0
90201C,RED ENAMEL FLOWER RING,63,185.42000000000002,2.9326315789473685,19,226,134,4,3.3157894736842106,23.210526315789473,4.6421052631578945,17.905263157894737,2.0,Overstock,Markdown / Clear,0.0,0.0,656.9094736842105,0.00554016620498615,75.33333333333333
90201D,GREEN ENAMEL FLOWER RING,77,225.84,2.921,30,229,171,6,2.566666666666667,17.96666666666667,3.5933333333333337,18.993333333333336,1.0,Overstock,Markdown / Clear,0.0,0.0,665.9879999999999,0.0024937655860349127,114.5
90202A,PURPLE ENAMEL FLOWER HAIR TIE,22,64.28,2.9130769230769227,13,134,180,3,1.6923076923076923,11.846153846153847,2.3692307692307693,7.446153846153846,0.0,Overstock,Markdown / Clear,0.0,0.0,390.35230769230765,0.0,134.0
90202B,WHITE ENAMEL FLOWER HAIR TIE,17,49.65,2.91,10,244,70,9,1.7,11.9,2.3800000000000003,17.68,0.0,Overstock,Markdown / Clear,0.0,0.0,710.0400000000001,0.0,244.0
90202C,GREEN ENAMEL FLOWER HAIR TIE,20,58.71,2.930769230769231,13,153,107,3,1.5384615384615385,10.76923076923077,2.153846153846154,6.76923076923077,2.0,Overstock,Markdown / Clear,0.0,0.0,442.54615384615386,0.007662835249042145,51.0
90202D,PINK ENAMEL FLOWER HAIR TIE,22,64.46000000000001,2.9145454545454546,11,270,78,11,2.0,14.0,2.8000000000000003,24.8,0.0,Overstock,Markdown / Clear,0.0,0.0,786.9272727272727,0.0,270.0
90204,PAIR OF ENAMEL BUTTERFLY HAIRCLIP,29,96.86,3.338235294117647,17,238,161,5,1.7058823529411764,11.941176470588236,2.388235294117647,10.91764705882353,2.0,Overstock,Markdown / Clear,0.0,0.0,787.8235294117648,0.005,79.33333333333333
90205A,LARGE MINT DIAMANTE HAIRSLIDE,31,51.51,1.6624999999999999,16,426,45,14,1.9375,13.5625,2.7125000000000004,29.8375,0.0,Overstock,Markdown / Clear,0.0,0.0,708.2249999999999,0.0,426.0
90205C,LARGE CRYSTAL DIAMANTE HAIRSLIDE,29,48.209999999999994,1.6553333333333333,15,462,195,17,1.9333333333333333,13.533333333333333,2.706666666666667,35.57333333333334,0.0,Overstock,Markdown / Clear,0.0,0.0,764.764,0.0,462.0
90206A,GOLD DIAMANTE STAR BROOCH,12,59.800000000000004,4.9825,8,110,77,18,1.5,10.5,2.1,29.1,0.0,Overstock,Markdown / Clear,0.0,0.0,548.075,0.0,110.0
90206C,CRYSTAL DIAMANTE STAR BROOCH,45,224.73000000000002,4.992413793103449,29,373,15,12,1.5517241379310345,10.862068965517242,2.1724137931034484,20.79310344827586,4.5,Overstock,Markdown / Clear,0.0,0.0,1839.7044827586208,0.011568123393316195,67.81818181818181
90208,PAIR OF PINK FLOWER CLUSTER SLIDE,53,132.7,2.4985714285714287,35,395,70,8,1.5142857142857142,10.6,2.12,14.234285714285715,8.0,Overstock,Markdown / Clear,0.0,0.0,966.9471428571429,0.017167381974248927,43.888888888888886
90209A,PURPLE ENAMEL+GLASS HAIR COMB,84,163.8,2.0125,4,65,95,19,21.0,147.0,29.400000000000002,428.4,0.0,Overstock,Markdown / Clear,0.0,0.0,130.8125,0.0,65.0
90209B,GREEN ENAMEL+GLASS HAIR COMB,184,355.64,2.072391304347826,46,57,146,19,4.0,28.0,5.6000000000000005,81.6,0.0,Overstock,Markdown / Clear,0.0,0.0,118.12630434782609,0.0,57.0
90209C,PINK ENAMEL+GLASS HAIR COMB,263,480.5,2.063833333333333,30,161,1,20,8.766666666666667,61.366666666666674,12.273333333333335,187.60666666666668,0.0,Overstock,Markdown / Clear,0.0,0.0,332.27716666666663,0.0,161.0
90210A,GREY ACRYLIC FACETED BANGLE,34,57.55,2.5444444444444443,9,119,9,13,3.7777777777777777,26.444444444444443,5.288888888888889,54.4,0.0,Overstock,Markdown / Clear,0.0,0.0,302.7888888888889,0.0,119.0
90210B,CLEAR ACRYLIC FACETED BANGLE,41,61.56,2.1514285714285717,7,347,177,9,5.857142857142857,41.0,8.200000000000001,60.91428571428571,10.0,Overstock,Markdown / Clear,0.0,0.0,725.0314285714287,0.01904761904761905,31.545454545454547
90210C,RED   ACRYLIC FACETED BANGLE,99,130.51000000000002,2.2344444444444442,9,209,124,12,11.0,77.0,15.4,147.4,22.0,Overstock,Markdown / Clear,0.0,0.0,417.84111111111105,0.0658682634730539,9.08695652173913
90210D,PURPLE ACRYLIC FACETED BANGLE,107,132.05,1.6500000000000001,7,54,80,9,15.285714285714286,107.0,21.400000000000002,158.9714285714286,0.0,Overstock,Markdown / Clear,0.0,0.0,89.10000000000001,0.0,54.0
90211A,DIAMOND LAS VEGAS NECKLACE 45CM,12,70.97,5.91375,8,166,139,7,1.5,10.5,2.1,12.6,1.0,Overstock,Markdown / Clear,0.0,0.0,975.7687500000001,0.0032679738562091504,83.0
90211B,JET BLACK LAS VEGAS NECKLACE 45CM,9,53.260000000000005,5.903333333333333,6,49,69,14,1.5,10.5,2.1,23.1,0.0,Overstock,Markdown / Clear,0.0,0.0,289.2633333333333,0.0,49.0
90212B,JET BLACK LAS VEGAS BRACELET ROUND,10,37.62,3.765,8,353,149,18,1.25,8.75,1.75,24.25,0.0,Overstock,Markdown / Clear,0.0,0.0,1329.045,0.0,353.0
90212C,PURPLE LAS VEGAS BRACELET ROUND,7,26.25,3.75,3,103,31,20,2.3333333333333335,16.333333333333336,3.2666666666666675,49.93333333333334,0.0,Overstock,Markdown / Clear,0.0,0.0,386.25,0.0,103.0
90214A,"LETTER ""A"" BLING KEY RING",130,111.66,0.8940816326530612,49,388,104,5,2.6530612244897958,18.57142857142857,3.714285714285714,16.979591836734695,13.0,Overstock,Markdown / Clear,0.0,0.0,335.28061224489795,0.02636916835699797,27.714285714285715
90214B,"LETTER ""B"" BLING KEY RING",37,24.77,0.8280952380952381,21,300,83,17,1.7619047619047619,12.333333333333332,2.466666666666667,32.41904761904762,12.0,Overstock,Markdown / Clear,0.0,0.0,238.49142857142857,0.03125,23.076923076923077
90214C,"LETTER ""C"" BLING KEY RING",91,72.77,0.845,28,443,128,7,3.25,22.75,4.55,27.3,13.5,Overstock,Markdown / Clear,0.0,0.0,362.9275,0.0236013986013986,30.551724137931036
90214D,"LETTER ""D"" BLING KEY RING",68,49.9,0.8661290322580645,31,363,181,15,2.193548387096774,15.354838709677418,3.0709677419354837,35.97419354838709,24.0,Overstock,Markdown / Clear,0.0,0.0,293.6177419354839,0.044036697247706424,14.52
90214E,"LETTER ""E"" BLING KEY RING",72,53.199999999999996,0.8722222222222222,27,289,57,14,2.6666666666666665,18.666666666666664,3.733333333333333,41.06666666666666,25.0,Overstock,Markdown / Clear,0.0,0.0,230.26666666666668,0.07204610951008646,11.115384615384615
90214F,"LETTER ""F"" BLING KEY RING",27,15.429999999999998,0.7606666666666667,15,173,197,7,1.8,12.6,2.52,15.12,13.0,Overstock,Markdown / Clear,0.0,0.0,121.70666666666668,0.03504043126684636,12.357142857142858
90214G,"LETTER ""G"" BLING KEY RING",60,40.199999999999996,0.8569230769230768,26,121,145,8,2.3076923076923075,16.153846153846153,3.230769230769231,21.69230769230769,25.0,Overstock,Markdown / Clear,0.0,0.0,82.26461538461537,0.09363295880149813,4.653846153846154
90214H,"LETTER ""H"" BLING KEY RING",48,36.76,0.8420000000000001,25,234,133,9,1.92,13.44,2.688,19.968,13.0,Overstock,Markdown / Clear,0.0,0.0,186.08200000000002,0.035326086956521736,16.714285714285715
90214I,"LETTER ""I"" BLING KEY RING",38,29.62,0.7838461538461539,13,169,44,12,2.923076923076923,20.46153846153846,4.092307692307692,39.169230769230765,13.0,Overstock,Markdown / Clear,0.0,0.0,122.28,0.06074766355140187,12.071428571428571
90214J,"LETTER ""J"" BLING KEY RING",71,57.21,0.8585714285714285,35,451,96,18,2.0285714285714285,14.2,2.84,39.35428571428571,13.0,Overstock,Markdown / Clear,0.0,0.0,376.0542857142857,0.023722627737226276,32.214285714285715
90214K,"LETTER ""K"" BLING KEY RING",78,60.7,0.9070588235294118,34,102,22,10,2.2941176470588234,16.058823529411764,3.211764705882353,26.152941176470584,26.0,Overstock,Markdown / Clear,0.0,0.0,68.9364705882353,0.208,3.7777777777777777
90214L,"LETTER ""L"" BLING KEY RING",94,65.03999999999999,0.8388888888888889,36,129,22,11,2.611111111111111,18.27777777777778,3.655555555555556,32.37777777777778,36.0,Overstock,Markdown / Clear,0.0,0.0,78.01666666666667,0.23684210526315788,3.4864864864864864
90214M,"LETTER ""M"" BLING KEY RING",60,49.82,0.8776923076923077,26,454,153,6,2.3076923076923075,16.153846153846153,3.230769230769231,17.076923076923077,12.0,Overstock,Markdown / Clear,0.0,0.0,387.94,0.019736842105263157,34.92307692307692
90214N,"LETTER ""N"" BLING KEY RING",41,29.23,0.8539130434782609,23,406,134,10,1.7826086956521738,12.478260869565217,2.4956521739130437,20.321739130434782,8.5,Overstock,Markdown / Clear,0.0,0.0,339.4304347826087,0.015711645101663587,42.73684210526316
90214O,"LETTER ""O"" BLING KEY RING",16,6.819999999999999,0.726,5,445,78,9,3.2,22.400000000000002,4.48,33.28,13.0,Overstock,Markdown / Clear,0.0,0.0,313.632,0.02480916030534351,31.785714285714285
90214P,"LETTER ""P"" BLING KEY RING",39,20.23,0.8473333333333333,15,294,43,17,2.6,18.2,3.64,47.84,25.0,Overstock,Markdown / Clear,0.0,0.0,227.93266666666665,0.07396449704142012,11.307692307692308
90214R,"LETTER ""R"" BLING KEY RING",41,28.009999999999998,0.8241666666666666,24,220,26,5,1.7083333333333333,11.958333333333332,2.3916666666666666,10.933333333333334,13.0,Overstock,Markdown / Clear,0.0,0.0,170.6025,0.05263157894736842,15.714285714285714
90214S,"LETTER ""S"" BLING KEY RING",94,71.0,0.8267567567567567,37,303,25,19,2.5405405405405403,17.783783783783782,3.556756756756757,51.82702702702702,25.0,Overstock,Markdown / Clear,0.0,0.0,229.83837837837837,0.07598784194528875,11.653846153846153
90214T,"LETTER ""T"" BLING KEY RING",24,13.459999999999999,0.7827272727272727,11,487,96,13,2.1818181818181817,15.272727272727272,3.0545454545454547,31.418181818181814,0.0,Overstock,Markdown / Clear,0.0,0.0,381.1881818181818,0.0,487.0
90214U,"LETTER ""U"" BLING KEY RING",12,3.4799999999999995,0.29,1,192,35,11,12.0,84.0,16.8,148.8,0.0,Overstock,Markdown / Clear,0.0,0.0,55.67999999999999,0.0,192.0
90214V,"LETTER ""V"" BLING KEY RING",26,15.979999999999999,0.8542857142857142,14,346,108,7,1.8571428571428572,13.0,2.6,15.6,12.0,Overstock,Markdown / Clear,0.0,0.0,285.33142857142855,0.026373626373626374,26.615384615384617
90214W,"LETTER ""W"" BLING KEY RING",16,6.819999999999999,0.726,5,225,54,12,3.2,22.400000000000002,4.48,42.88000000000001,0.0,Overstock,Markdown / Clear,0.0,0.0,163.35,0.0,225.0
90214Y,"LETTER ""Y"" BLING KEY RING",66,22.839999999999996,0.7525,8,82,191,17,8.25,57.75,11.55,151.8,60.0,Healthy,No Action,0.0,0.0,0.0,0.21897810218978103,1.3442622950819672
90214Z,"LETTER ""Z"" BLING KEY RING",22,11.84,0.7819999999999999,10,92,184,16,2.2,15.400000000000002,3.0800000000000005,38.28,12.0,Overstock,Markdown / Clear,0.0,0.0,62.559999999999995,0.04332129963898917,7.076923076923077
AMAZONFEE,AMAZON FEE,2,13761.09,6880.545,2,270,68,6,1.0,7.0,1.4000000000000001,7.4,0.0,Overstock,Markdown / Clear,0.0,0.0,1857747.15,0.0,270.0
B,Adjust bad debt,1,11062.06,11062.06,1,143,60,4,1.0,7.0,1.4000000000000001,5.4,0.0,Overstock,Markdown / Clear,0.0,0.0,1581874.5799999998,0.0,143.0
BANK CHARGES,Bank Charges,12,165.001,14.318227272727272,11,394,129,14,1.0909090909090908,7.636363636363636,1.5272727272727273,16.799999999999997,1.0,Overstock,Markdown / Clear,0.0,0.0,5627.0633181818175,0.0019083969465648854,197.0
C2,CARRIAGE,142,7051.0,49.99038461538461,104,140,54,3,1.3653846153846154,9.557692307692308,1.9115384615384619,6.0076923076923086,3.5,Overstock,Markdown / Clear,0.0,0.0,6823.6875,0.017948717948717947,31.11111111111111
DCGS0003,BOXED GLASS ASHTRAY,4,9.94,2.485,4,294,121,7,1.0,7.0,1.4000000000000001,8.4,0.0,Overstock,Markdown / Clear,0.0,0.0,730.5899999999999,0.0,294.0
DCGS0004,HAYNES CAMPER SHOULDER BAG,1,16.63,16.63,1,450,96,8,1.0,7.0,1.4000000000000001,9.4,0.0,Overstock,Markdown / Clear,0.0,0.0,7483.5,0.0,450.0
DCGS0069,OOH LA LA DOGS COLLAR,1,15.79,15.79,1,417,79,13,1.0,7.0,1.4000000000000001,14.4,0.0,Overstock,Markdown / Clear,0.0,0.0,6584.429999999999,0.0,417.0
DCGS0070,CAMOUFLAGE DOG COLLAR,1,12.72,12.72,1,139,86,10,1.0,7.0,1.4000000000000001,11.4,0.0,Overstock,Markdown / Clear,0.0,0.0,1768.0800000000002,0.0,139.0
DCGS0076,SUNJAR LED NIGHT NIGHT LIGHT,3,48.39,16.13,2,441,37,9,1.5,10.5,2.1,15.6,0.0,Overstock,Markdown / Clear,0.0,0.0,7113.33,0.0,441.0
DCGSSBOY,BOYS PARTY BAG,47,150.54999999999998,3.1045454545454545,11,456,118,6,4.2727272727272725,29.909090909090907,5.9818181818181815,31.618181818181814,0.0,Overstock,Markdown / Clear,0.0,0.0,1415.6727272727273,0.0,456.0
DCGSSGIRL,GIRLS PARTY BAG,47,144.43,3.1199999999999997,12,336,77,8,3.9166666666666665,27.416666666666664,5.483333333333333,36.81666666666666,0.0,Overstock,Markdown / Clear,0.0,0.0,1048.32,0.0,336.0
DOT,DOTCOM POSTAGE,706,206248.77,354.4267114888905,227,183,156,18,3.1101321585903086,21.77092511013216,4.354185022026432,60.33656387665199,13.0,Overstock,Markdown / Clear,0.0,0.0,60252.540953111384,0.03823529411764706,13.071428571428571
M,Manual,6984,77750.27,211.65151380670613,169,443,153,17,41.32544378698225,289.27810650887574,57.85562130177515,760.3881656804734,410.0,Healthy,No Action,25.0,0.0,0.0,0.6867671691792295,1.0778588807785887
PADS,PADS TO MATCH ALL CUSHIONS,3,0.003,0.001,3,484,34,16,1.0,7.0,1.4000000000000001,17.4,0.0,Overstock,Markdown / Clear,0.0,0.0,0.484,0.0,484.0
POST,POSTAGE,3151,78119.88,29.764874814882084,275,305,78,14,11.458181818181819,80.20727272727274,16.04145454545455,176.45600000000002,96.0,Overstock,Markdown / Clear,0.0,0.0,6220.858836310355,0.25,3.1443298969072164
S,SAMPLES,2,63.05,31.525,2,284,66,14,1.0,7.0,1.4000000000000001,15.4,0.0,Overstock,Markdown / Clear,0.0,0.0,8953.1,0.0,284.0
gift_0001_10,Dotcomgiftshop Gift Voucher £10.00,9,74.97,8.33,7,339,86,18,1.2857142857142858,9.0,1.8,24.942857142857147,0.0,Overstock,Markdown / Clear,0.0,0.0,2823.87,0.0,339.0
gift_0001_20,Dotcomgiftshop Gift Voucher £20.00,10,167.05,16.708888888888893,9,180,156,17,1.1111111111111112,7.777777777777779,1.5555555555555558,20.444444444444446,0.0,Overstock,Markdown / Clear,0.0,0.0,3007.600000000001,0.0,180.0
gift_0001_30,Dotcomgiftshop Gift Voucher £30.00,7,175.53,25.075714285714287,7,395,33,15,1.0,7.0,1.4000000000000001,16.4,0.0,Overstock,Markdown / Clear,0.0,0.0,9904.907142857144,0.0,395.0
gift_0001_40,Dotcomgiftshop Gift Voucher £40.00,3,100.69999999999999,33.56666666666666,3,327,96,13,1.0,7.0,1.4000000000000001,14.4,0.0,Overstock,Markdown / Clear,0.0,0.0,10976.3,0.0,327.0
gift_0001_50,Dotcomgiftshop Gift Voucher £50.00,4,167.56,41.89,4,108,168,19,1.0,7.0,1.4000000000000001,20.4,0.0,Overstock,Markdown / Clear,0.0,0.0,4524.12,0.0,108.0
m,Manual,1,2.55,2.55,1,161,168,17,1.0,7.0,1.4000000000000001,18.4,0.0,Overstock,Markdown / Clear,0.0,0.0,410.54999999999995,0.0,161.0
